"Applicant","Edu_Parent1","Edu_Parent2","Sex","White","Asian","HSGPA","SAT_ACT","College","Admitted","Enrolled","College_GPA","Admit_Tree_Pred","Admit_Tree_Prob","Enrolled_Factor","Enroll_Tree_Pred","Enroll_Tree_Prob"
1,4,4,"M","0","1",4.08,1460,"Business & Economics","1","0",NA,1,0.896933560477002,"0","0",0.123106060606061
3,7,7,"M","1","0",4.25,1340,"Arts & Letters","1","0",NA,1,0.73936170212766,"0","0",0.173497267759563
7,6,6,"F","1","0",4.26,1430,"Math & Science","1","1",3.956,1,0.896933560477002,"1","0",0.123106060606061
8,7,6,"F","1","0",4.32,1240,"Math & Science","1","0",NA,1,0.590909090909091,"0","0",0.00160901045856798
10,6,6,"M","0","1",3.75,1510,"Arts & Letters","1","0",NA,1,0.764705882352941,"0","0",0.173497267759563
14,6,6,"M","0","0",3.88,1340,"Business & Economics","1","0",NA,0,0.378048780487805,"0","0",0.00160901045856798
16,7,7,"M","1","0",3.62,1460,"Business & Economics","1","0",NA,1,0.880952380952381,"0","0",0.123106060606061
18,7,7,"M","1","0",4.12,1460,"Math & Science","1","0",NA,1,0.896933560477002,"0","0",0.123106060606061
21,7,6,"M","1","0",4.25,1560,"Business & Economics","1","0",NA,1,0.896933560477002,"0","0",0.123106060606061
23,3,3,"M","0","0",3.67,1430,"Math & Science","1","0",NA,0,0.384615384615385,"0","0",0.00160901045856798
24,6,6,"M","1","0",3.52,1450,"Math & Science","1","0",NA,1,1,"0","0",0.123106060606061
27,6,7,"F","0","1",4.05,1360,"Arts & Letters","1","0",NA,1,0.896933560477002,"0","0",0.123106060606061
29,7,6,"M","1","0",3.95,1340,"Math & Science","1","1",3.361,1,0.73936170212766,"1","0",0.173497267759563
30,7,6,"F","0","1",3.96,1340,"Math & Science","1","0",NA,1,0.73936170212766,"0","0",0.173497267759563
33,6,6,"F","1","0",3.43,1220,"Business & Economics","1","0",NA,0,0.05676072418855,"0","0",0.00160901045856798
38,6,6,"F","0","0",4.32,1300,"Arts & Letters","1","0",NA,1,0.73936170212766,"0","0",0.173497267759563
40,6,5,"M","0","0",3.55,1400,"Math & Science","1","0",NA,0,0.227272727272727,"0","0",0.00160901045856798
41,6,4,"F","1","0",4.27,1150,"Arts & Letters","1","0",NA,0,0.308370044052863,"0","0",0.00160901045856798
42,6,6,"F","1","0",4.33,1440,"Math & Science","1","0",NA,1,0.896933560477002,"0","0",0.123106060606061
43,7,7,"M","1","0",4,1250,"Arts & Letters","1","0",NA,0,0.245187436676798,"0","0",0.00160901045856798
46,6,6,"F","1","0",3.75,1250,"Math & Science","1","0",NA,0,0.05676072418855,"0","0",0.00160901045856798
48,7,6,"M","1","0",4.14,1360,"Business & Economics","1","0",NA,1,0.896933560477002,"0","0",0.123106060606061
51,7,6,"F","1","0",4.14,1270,"Business & Economics","1","0",NA,1,0.73936170212766,"0","0",0.173497267759563
52,6,6,"F","0","1",4.17,1380,"Math & Science","1","0",NA,1,0.896933560477002,"0","0",0.123106060606061
54,6,4,"F","0","0",3.69,1190,"Arts & Letters","1","0",NA,0,0.05676072418855,"0","0",0.00160901045856798
55,7,7,"F","0","0",4.29,1400,"Math & Science","1","0",NA,1,0.896933560477002,"0","0",0.123106060606061
56,6,6,"M","1","0",4.15,1510,"Business & Economics","1","0",NA,1,0.896933560477002,"0","0",0.123106060606061
59,7,7,"M","0","1",4.09,1450,"Math & Science","1","0",NA,1,0.896933560477002,"0","0",0.123106060606061
60,6,7,"M","0","0",4.29,1550,"Math & Science","1","0",NA,1,0.896933560477002,"0","0",0.123106060606061
66,6,7,"F","0","0",4.04,1270,"Math & Science","1","1",3.025,1,0.73936170212766,"1","0",0.173497267759563
69,7,7,"F","1","0",4.33,1440,"Math & Science","1","0",NA,1,0.896933560477002,"0","0",0.123106060606061
70,6,6,"F","1","0",4.08,1200,"Business & Economics","1","0",NA,1,0.717948717948718,"0","0",0.00160901045856798
71,7,7,"F","1","0",3.56,1280,"Arts & Letters","1","1",2.564,1,0.855172413793103,"1","1",1
72,6,6,"M","1","0",4.33,1410,"Math & Science","1","0",NA,1,0.896933560477002,"0","0",0.123106060606061
73,7,6,"M","1","0",4.15,1390,"Math & Science","1","1",3.825,1,0.896933560477002,"1","0",0.123106060606061
75,7,7,"F","1","0",3.86,1350,"Arts & Letters","1","0",NA,1,0.896933560477002,"0","0",0.123106060606061
76,6,7,"M","0","0",3.67,1170,"Business & Economics","1","0",NA,0,0.05676072418855,"0","0",0.00160901045856798
78,4,4,"M","0","0",4,1330,"Business & Economics","1","1",3.525,1,0.73936170212766,"1","0",0.173497267759563
80,7,6,"F","1","0",4.09,1150,"Math & Science","1","1",3.595,1,0.854901960784314,"1","1",1
82,6,6,"F","1","0",3.83,1250,"Arts & Letters","1","0",NA,0,0.245187436676798,"0","0",0.00160901045856798
83,6,6,"F","1","0",4.05,1300,"Arts & Letters","1","0",NA,1,0.73936170212766,"0","0",0.173497267759563
86,7,7,"F","0","0",3.36,1130,"Arts & Letters","1","1",3.058,1,0.855172413793103,"1","1",1
88,7,6,"M","1","0",3.77,1310,"Business & Economics","1","0",NA,1,0.631578947368421,"0","0",0.00160901045856798
90,7,7,"M","1","0",4,1190,"Business & Economics","1","0",NA,0,0.245187436676798,"0","0",0.00160901045856798
91,6,6,"M","0","0",4.14,1310,"Math & Science","1","0",NA,1,0.73936170212766,"0","0",0.173497267759563
93,1,1,"M","0","0",3.58,1300,"Math & Science","1","0",NA,1,0.916666666666667,"0","0",0
95,7,6,"M","0","0",3.75,1240,"Business & Economics","1","1",3.344,1,0.855172413793103,"1","1",1
97,7,6,"F","1","0",3.95,1250,"Business & Economics","1","0",NA,0,0.245187436676798,"0","0",0.00160901045856798
100,6,6,"F","0","0",4.23,1340,"Math & Science","1","0",NA,1,0.73936170212766,"0","0",0.173497267759563
101,6,6,"F","1","0",4.33,1450,"Arts & Letters","1","0",NA,1,0.896933560477002,"0","0",0.123106060606061
103,6,7,"F","1","0",3.82,1270,"Math & Science","1","1",3.106,1,0.903225806451613,"1","1",1
104,6,7,"F","1","0",4.04,1270,"Arts & Letters","1","0",NA,1,0.73936170212766,"0","0",0.173497267759563
106,6,6,"M","0","1",3.75,1340,"Math & Science","1","0",NA,0,0.336,"0","0",0.00160901045856798
110,6,6,"M","1","0",4.25,1270,"Business & Economics","1","0",NA,1,0.73936170212766,"0","0",0.173497267759563
112,6,6,"M","1","0",4.32,1500,"Math & Science","1","1",3.426,1,0.896933560477002,"1","0",0.123106060606061
114,6,6,"M","0","1",4.33,1380,"Math & Science","1","0",NA,1,0.896933560477002,"0","0",0.123106060606061
117,7,6,"F","1","0",3.92,1320,"Math & Science","1","1",3.396,1,0.73936170212766,"1","0",0.173497267759563
119,6,6,"F","1","0",3.83,1240,"Arts & Letters","1","1",3.926,1,0.854901960784314,"1","1",1
121,7,7,"M","1","0",4,1410,"Business & Economics","1","0",NA,1,0.896933560477002,"0","0",0.123106060606061
128,6,5,"F","0","0",4.17,1460,"Math & Science","1","0",NA,1,0.896933560477002,"0","0",0.123106060606061
131,7,4,"F","0","0",3.89,1250,"Math & Science","1","1",3.357,1,0.854901960784314,"1","1",1
136,6,7,"F","0","0",3.87,1170,"Arts & Letters","1","1",2.733,1,0.854901960784314,"1","1",1
137,1,1,"M","0","0",4.2,980,"Business & Economics","1","0",NA,1,0.793939393939394,"0","0",0.173497267759563
141,7,6,"M","1","0",3.82,1440,"Math & Science","1","1",1.847,1,0.896933560477002,"1","0",0.123106060606061
144,7,7,"M","1","0",3.92,1200,"Arts & Letters","1","0",NA,0,0.245187436676798,"0","0",0.00160901045856798
147,2,3,"M","0","0",3.73,1190,"Math & Science","1","0",NA,0,0.05676072418855,"0","0",0.00160901045856798
148,7,7,"M","1","0",3.96,1120,"Math & Science","1","1",3.471,1,0.854901960784314,"1","1",1
149,7,7,"F","1","0",4.21,1360,"Math & Science","1","1",3.123,1,0.896933560477002,"1","0",0.123106060606061
158,6,6,"M","1","0",4.25,1350,"Business & Economics","1","0",NA,1,0.896933560477002,"0","0",0.123106060606061
160,7,7,"F","1","0",4.04,1450,"Arts & Letters","1","0",NA,1,0.896933560477002,"0","0",0.123106060606061
163,5,6,"F","0","1",3.85,1120,"Math & Science","1","0",NA,0,0.245187436676798,"0","0",0.00160901045856798
164,7,7,"M","1","0",3.95,1430,"Business & Economics","1","0",NA,1,0.896933560477002,"0","0",0.123106060606061
166,7,7,"F","1","0",3.59,950,"Arts & Letters","1","1",2.255,1,0.855172413793103,"1","1",1
168,6,6,"M","1","0",4.23,1400,"Arts & Letters","1","0",NA,1,0.896933560477002,"0","0",0.123106060606061
171,6,6,"F","1","0",3.4,1000,"Business & Economics","1","1",2.919,1,0.855172413793103,"1","1",1
172,7,6,"F","1","0",4.27,1140,"Arts & Letters","1","1",3.386,1,0.854901960784314,"1","1",1
176,3,7,"M","0","0",3.71,1360,"Math & Science","1","0",NA,1,0.769230769230769,"0","0",0.173497267759563
177,7,7,"F","1","0",4.11,1300,"Arts & Letters","1","0",NA,1,0.73936170212766,"0","0",0.173497267759563
178,6,6,"M","0","1",4,1250,"Arts & Letters","1","1",3.296,1,0.854901960784314,"1","1",1
179,3,3,"F","0","0",3.61,1050,"Business & Economics","1","1",2.88,1,0.855172413793103,"1","1",1
184,7,7,"M","1","0",4.08,1280,"Math & Science","1","0",NA,1,0.73936170212766,"0","0",0.173497267759563
187,4,6,"M","1","0",3.5,1530,"Arts & Letters","1","0",NA,0,0.156017830609212,"0","0",0.00160901045856798
188,7,6,"M","0","0",3.95,1400,"Business & Economics","1","0",NA,1,0.896933560477002,"0","0",0.123106060606061
189,6,6,"M","1","0",3.67,1190,"Arts & Letters","1","0",NA,0,0.05676072418855,"0","0",0.00160901045856798
190,6,6,"F","0","0",4.09,1190,"Arts & Letters","1","0",NA,1,0.695652173913043,"0","0",0.00160901045856798
191,2,1,"F","0","0",3.44,960,"Business & Economics","1","0",NA,0,0.05676072418855,"0","0",0.00160901045856798
193,7,7,"M","1","0",3.9,1240,"Arts & Letters","1","0",NA,0,0.245187436676798,"0","0",0.00160901045856798
194,7,7,"F","1","0",4,1390,"Math & Science","1","0",NA,1,0.896933560477002,"0","0",0.123106060606061
197,7,7,"F","1","0",4.12,1290,"Arts & Letters","1","0",NA,1,0.73936170212766,"0","0",0.173497267759563
206,7,7,"M","1","0",4.27,1550,"Math & Science","1","0",NA,1,0.896933560477002,"0","0",0.123106060606061
208,6,5,"M","1","0",3.64,1350,"Business & Economics","1","0",NA,0,0.26978417266187,"0","0",0.00160901045856798
217,4,3,"M","0","0",4.33,1320,"Math & Science","1","1",3.935,1,0.73936170212766,"1","0",0.173497267759563
221,6,7,"M","1","0",3.73,1040,"Business & Economics","1","0",NA,0,0.05676072418855,"0","0",0.00160901045856798
222,6,6,"M","1","0",3.74,1260,"Business & Economics","1","1",2.81,1,0.855172413793103,"1","1",1
224,5,3,"M","0","0",4.25,1310,"Math & Science","1","1",2.498,1,0.73936170212766,"1","0",0.173497267759563
225,3,7,"M","0","0",3.58,1300,"Arts & Letters","1","0",NA,0,0.26978417266187,"0","0",0.00160901045856798
226,7,6,"F","1","0",3.45,1440,"Business & Economics","1","0",NA,0,0.156017830609212,"0","0",0.00160901045856798
228,7,4,"F","1","0",4.3,1500,"Arts & Letters","1","0",NA,1,0.896933560477002,"0","0",0.123106060606061
233,7,7,"M","1","0",4.04,1140,"Business & Economics","1","1",2.932,1,0.854901960784314,"1","1",1
235,6,4,"F","1","0",4,1320,"Math & Science","1","0",NA,1,0.73936170212766,"0","0",0.173497267759563
237,6,6,"F","1","0",3.95,1230,"Arts & Letters","1","0",NA,0,0.245187436676798,"0","0",0.00160901045856798
238,7,6,"F","1","0",3.8,1210,"Arts & Letters","1","1",3.128,1,0.854901960784314,"1","1",1
239,4,6,"F","1","0",4.2,1140,"Business & Economics","1","1",3.641,1,0.854901960784314,"1","1",1
240,4,4,"F","1","0",3.95,1340,"Arts & Letters","1","1",3.58,1,0.73936170212766,"1","0",0.173497267759563
243,6,4,"F","0","0",4,1170,"Arts & Letters","1","0",NA,0,0.245187436676798,"0","0",0.00160901045856798
245,6,6,"F","1","0",3.72,1210,"Math & Science","1","1",2.287,1,0.855172413793103,"1","1",1
247,6,6,"F","0","0",4.04,1310,"Math & Science","1","0",NA,1,0.73936170212766,"0","0",0.173497267759563
248,6,6,"F","1","0",3.91,1480,"Business & Economics","1","0",NA,1,0.896933560477002,"0","0",0.123106060606061
249,6,6,"F","1","0",4.1,1450,"Business & Economics","1","0",NA,1,0.896933560477002,"0","0",0.123106060606061
250,7,4,"F","0","0",3.58,1200,"Arts & Letters","1","1",3.08,1,0.855172413793103,"1","1",1
252,6,6,"M","0","1",3.45,1320,"Math & Science","1","1",2.27,1,0.855172413793103,"1","1",1
258,7,6,"F","1","0",4.17,1360,"Business & Economics","1","1",2.986,1,0.896933560477002,"1","0",0.123106060606061
259,6,6,"F","1","0",3.64,1420,"Math & Science","1","0",NA,0,0.384615384615385,"0","0",0.00160901045856798
260,7,7,"M","1","0",4,1460,"Math & Science","1","0",NA,1,0.896933560477002,"0","0",0.123106060606061
262,6,6,"F","1","0",4.05,1230,"Math & Science","1","1",3.602,1,0.854901960784314,"1","1",1
263,6,6,"F","1","0",4,1210,"Arts & Letters","1","1",3.176,1,0.854901960784314,"1","1",1
264,6,5,"M","1","0",3.85,1160,"Business & Economics","1","0",NA,0,0.245187436676798,"0","0",0.00160901045856798
265,7,6,"F","1","0",4.33,1430,"Business & Economics","1","1",3.472,1,0.896933560477002,"1","0",0.123106060606061
271,7,6,"M","1","0",4.36,1480,"Business & Economics","1","0",NA,1,0.896933560477002,"0","0",0.123106060606061
276,7,6,"F","1","0",3.86,1330,"Business & Economics","1","1",3.599,1,0.903225806451613,"1","1",1
277,3,5,"M","0","1",3.77,1170,"Business & Economics","1","1",2.671,1,0.855172413793103,"1","1",1
278,6,6,"F","0","1",4.32,1390,"Math & Science","1","0",NA,1,0.896933560477002,"0","0",0.123106060606061
279,3,6,"M","1","0",3.77,950,"Business & Economics","1","0",NA,0,0.05676072418855,"0","0",0.00160901045856798
282,6,6,"F","1","0",3.88,1310,"Business & Economics","1","1",3.468,1,0.903225806451613,"1","1",1
285,7,7,"F","0","0",3.96,1240,"Arts & Letters","1","1",2.988,1,0.854901960784314,"1","1",1
286,6,6,"M","1","0",4.3,1520,"Math & Science","1","0",NA,1,0.896933560477002,"0","0",0.123106060606061
287,6,6,"M","0","1",3.55,1230,"Business & Economics","1","1",2.859,1,0.855172413793103,"1","1",1
288,7,7,"M","0","0",3.32,1230,"Business & Economics","1","1",2.58,1,0.855172413793103,"1","1",1
290,6,6,"F","0","0",4.17,1190,"Math & Science","1","0",NA,1,0.695652173913043,"0","0",0.00160901045856798
291,7,6,"F","1","0",3.91,1350,"Business & Economics","1","0",NA,1,0.896933560477002,"0","0",0.123106060606061
292,4,4,"M","0","1",3.5,1270,"Business & Economics","1","0",NA,0,0.156017830609212,"0","0",0.00160901045856798
293,3,6,"F","0","1",3.75,1370,"Arts & Letters","1","1",3.467,1,0.855172413793103,"1","1",1
295,4,6,"M","1","0",4.36,1390,"Arts & Letters","1","0",NA,1,0.896933560477002,"0","0",0.123106060606061
297,7,6,"F","1","0",4.28,1550,"Business & Economics","1","0",NA,1,0.896933560477002,"0","0",0.123106060606061
303,6,7,"F","0","1",4.4,1340,"Arts & Letters","1","0",NA,1,0.73936170212766,"0","0",0.173497267759563
305,6,6,"F","0","0",4.09,1290,"Business & Economics","1","0",NA,1,0.73936170212766,"0","0",0.173497267759563
306,7,7,"M","1","0",4.25,1350,"Math & Science","1","0",NA,1,0.896933560477002,"0","0",0.123106060606061
308,6,6,"F","0","0",4.13,1200,"Arts & Letters","1","0",NA,1,0.695652173913043,"0","0",0.00160901045856798
312,6,7,"F","0","0",4.23,1310,"Math & Science","1","0",NA,1,0.73936170212766,"0","0",0.173497267759563
320,1,1,"M","0","1",3.83,1140,"Math & Science","1","0",NA,1,0.793939393939394,"0","0",0.173497267759563
324,3,4,"F","0","0",3.96,980,"Arts & Letters","1","0",NA,0,0.245187436676798,"0","0",0.00160901045856798
326,1,1,"M","0","0",3.57,1020,"Business & Economics","1","0",NA,0,0.05676072418855,"0","0",0.00160901045856798
327,5,6,"M","1","0",4.25,1350,"Math & Science","1","1",3.159,1,0.896933560477002,"1","0",0.123106060606061
335,6,6,"F","1","0",3.85,1280,"Math & Science","1","0",NA,0,0.378048780487805,"0","0",0.00160901045856798
337,5,3,"M","1","0",4.14,1210,"Math & Science","1","0",NA,1,0.695652173913043,"0","0",0.00160901045856798
345,3,7,"M","1","0",4.35,1310,"Business & Economics","1","0",NA,1,0.73936170212766,"0","0",0.173497267759563
346,5,5,"M","0","0",4,1430,"Math & Science","1","0",NA,1,0.896933560477002,"0","0",0.123106060606061
347,1,1,"M","0","0",3.73,1160,"Math & Science","1","1",3.133,1,0.855172413793103,"1","1",1
350,6,6,"M","1","0",3.86,1250,"Arts & Letters","1","1",3.503,1,0.854901960784314,"1","1",1
356,1,1,"F","0","0",4,940,"Math & Science","1","0",NA,0,0.320754716981132,"0","0",0.00160901045856798
357,2,2,"F","0","1",3.68,1030,"Math & Science","1","1",2.479,1,0.855172413793103,"1","1",1
359,2,2,"F","0","1",4.29,1190,"Math & Science","1","0",NA,1,0.793939393939394,"0","0",0.173497267759563
364,3,3,"F","0","0",4.2,1070,"Math & Science","1","0",NA,0,0.308370044052863,"0","0",0.00160901045856798
367,3,3,"F","0","0",3.54,1020,"Arts & Letters","1","1",3.395,1,0.855172413793103,"1","1",1
369,7,6,"F","0","0",3.64,1340,"Arts & Letters","1","0",NA,0,0.26978417266187,"0","0",0.00160901045856798
371,7,6,"F","1","0",4.08,1430,"Business & Economics","1","0",NA,1,0.896933560477002,"0","0",0.123106060606061
372,7,6,"M","1","0",3.94,1260,"Business & Economics","1","1",3.1,1,0.73936170212766,"1","0",0.173497267759563
376,6,6,"F","1","0",3.9,1300,"Math & Science","1","1",3.205,1,0.73936170212766,"1","0",0.173497267759563
378,7,7,"M","1","0",4.33,1470,"Math & Science","1","0",NA,1,0.896933560477002,"0","0",0.123106060606061
380,6,3,"M","1","0",3.8,1320,"Math & Science","1","1",3.09,1,0.903225806451613,"1","1",1
383,6,6,"F","1","0",4.08,1320,"Business & Economics","1","0",NA,1,0.73936170212766,"0","0",0.173497267759563
388,3,3,"M","0","0",3.79,1130,"Math & Science","1","0",NA,0,0.245187436676798,"0","0",0.00160901045856798
393,3,5,"F","0","0",3.91,1230,"Math & Science","1","1",2.918,1,0.854901960784314,"1","1",1
395,6,4,"M","1","0",4.06,1540,"Arts & Letters","1","0",NA,1,0.896933560477002,"0","0",0.123106060606061
399,1,1,"F","0","0",3.89,1120,"Math & Science","1","0",NA,1,0.793939393939394,"0","0",0.173497267759563
400,1,7,"M","0","0",3.92,1310,"Business & Economics","1","0",NA,1,0.73936170212766,"0","0",0.173497267759563
401,6,6,"M","0","0",4,1170,"Math & Science","1","0",NA,0,0.245187436676798,"0","0",0.00160901045856798
407,7,7,"F","1","0",4.25,1400,"Math & Science","1","1",3.639,1,0.896933560477002,"1","0",0.123106060606061
408,3,3,"F","1","0",3.64,1290,"Math & Science","1","1",3.431,1,0.855172413793103,"1","1",1
417,6,7,"M","1","0",3.85,1340,"Math & Science","1","0",NA,0,0.378048780487805,"0","0",0.00160901045856798
420,6,6,"F","1","0",4.21,1190,"Math & Science","1","0",NA,1,0.695652173913043,"0","0",0.00160901045856798
422,7,6,"F","0","0",3.95,1230,"Business & Economics","1","1",3.465,1,0.854901960784314,"1","1",1
423,7,7,"M","1","0",4.1,1170,"Business & Economics","1","0",NA,1,0.717948717948718,"0","0",0.00160901045856798
427,6,6,"F","0","1",3.95,1170,"Business & Economics","1","1",2.496,1,0.854901960784314,"1","1",1
428,3,3,"F","1","0",4.11,1280,"Business & Economics","1","1",3.5,1,0.73936170212766,"1","0",0.173497267759563
429,6,4,"M","1","0",4.23,1260,"Arts & Letters","1","1",3.351,1,0.73936170212766,"1","0",0.173497267759563
432,4,6,"F","1","0",4.09,1130,"Arts & Letters","1","1",3.699,1,0.854901960784314,"1","1",1
435,6,7,"M","1","0",4.2,1430,"Math & Science","1","1",3.631,1,0.896933560477002,"1","0",0.123106060606061
440,7,7,"F","1","0",4.27,1260,"Arts & Letters","1","1",4,1,0.73936170212766,"1","0",0.173497267759563
442,7,6,"M","1","0",3.25,1120,"Math & Science","1","1",2.83,1,0.855172413793103,"1","1",1
448,7,6,"F","0","0",3.9,1290,"Math & Science","1","1",2.953,1,0.73936170212766,"1","0",0.173497267759563
450,6,4,"F","1","0",3.78,1260,"Math & Science","1","1",3.678,1,0.855172413793103,"1","1",1
451,6,6,"M","1","0",4.27,1550,"Math & Science","1","0",NA,1,0.896933560477002,"0","0",0.123106060606061
454,7,7,"F","1","0",4.05,1310,"Arts & Letters","1","1",3.878,1,0.73936170212766,"1","0",0.173497267759563
457,3,6,"F","1","0",3.88,1140,"Arts & Letters","1","1",3.374,1,0.854901960784314,"1","1",1
462,7,7,"M","1","0",3.32,1220,"Math & Science","1","1",2.992,1,0.855172413793103,"1","1",1
466,6,7,"F","1","0",4.2,1430,"Math & Science","1","0",NA,1,0.896933560477002,"0","0",0.123106060606061
473,6,4,"F","0","0",4.35,1460,"Math & Science","1","0",NA,1,0.896933560477002,"0","0",0.123106060606061
474,4,7,"F","0","0",4.36,1360,"Math & Science","1","0",NA,1,0.896933560477002,"0","0",0.123106060606061
476,7,6,"M","1","0",3.55,1260,"Math & Science","1","0",NA,0,0.05676072418855,"0","0",0.00160901045856798
477,7,7,"M","1","0",3.9,1360,"Business & Economics","1","0",NA,1,0.896933560477002,"0","0",0.123106060606061
478,7,6,"F","1","0",4.2,1440,"Arts & Letters","1","0",NA,1,0.896933560477002,"0","0",0.123106060606061
479,6,6,"F","0","0",3.88,1150,"Math & Science","1","0",NA,0,0.245187436676798,"0","0",0.00160901045856798
482,6,6,"F","1","0",3.7,1270,"Business & Economics","1","0",NA,1,0.631578947368421,"0","0",0.00160901045856798
483,3,6,"M","0","0",3.35,1340,"Business & Economics","1","0",NA,0,0.156017830609212,"0","0",0.00160901045856798
484,7,6,"F","1","0",4.25,1290,"Business & Economics","1","0",NA,1,0.73936170212766,"0","0",0.173497267759563
485,7,7,"F","1","0",4.12,1300,"Math & Science","1","0",NA,1,0.73936170212766,"0","0",0.173497267759563
488,6,6,"F","1","0",4.15,1170,"Business & Economics","1","0",NA,1,0.717948717948718,"0","0",0.00160901045856798
490,3,6,"F","1","0",3.59,1180,"Arts & Letters","1","1",2.854,1,0.855172413793103,"1","1",1
492,3,7,"F","1","0",3.86,1110,"Math & Science","1","1",0.757,1,0.854901960784314,"1","1",1
494,7,7,"M","1","0",3.95,1410,"Business & Economics","1","0",NA,1,0.896933560477002,"0","0",0.123106060606061
495,4,6,"F","1","0",4.33,1540,"Math & Science","1","1",3.245,1,0.896933560477002,"1","0",0.123106060606061
496,4,6,"M","1","0",4.3,1280,"Math & Science","1","1",3.182,1,0.73936170212766,"1","0",0.173497267759563
501,4,4,"M","1","0",4,1260,"Math & Science","1","1",2.926,1,0.73936170212766,"1","0",0.173497267759563
502,7,7,"M","0","1",4.17,1290,"Math & Science","1","0",NA,1,0.73936170212766,"0","0",0.173497267759563
503,3,4,"F","0","0",4.25,1520,"Math & Science","1","0",NA,1,0.896933560477002,"0","0",0.123106060606061
504,6,6,"F","1","0",3.75,1190,"Business & Economics","1","1",2.691,1,0.855172413793103,"1","1",1
508,6,1,"M","0","0",3.71,930,"Business & Economics","1","1",3.024,1,0.855172413793103,"1","1",1
509,7,4,"M","1","0",4.09,1560,"Math & Science","1","0",NA,1,0.896933560477002,"0","0",0.123106060606061
510,7,6,"M","1","0",4.4,1600,"Math & Science","1","0",NA,1,0.896933560477002,"0","0",0.123106060606061
512,7,6,"M","1","0",3.79,1370,"Business & Economics","1","1",3.376,1,0.896933560477002,"1","0",0.123106060606061
516,6,7,"F","1","0",3.97,1170,"Business & Economics","1","0",NA,0,0.245187436676798,"0","0",0.00160901045856798
517,4,3,"M","0","0",3.24,1140,"Math & Science","1","0",NA,0,0.05676072418855,"0","0",0.00160901045856798
519,4,6,"F","1","0",3.9,1460,"Math & Science","1","0",NA,1,0.896933560477002,"0","0",0.123106060606061
520,4,4,"M","1","0",4.27,1310,"Math & Science","1","0",NA,1,0.73936170212766,"0","0",0.173497267759563
524,4,5,"F","0","1",4.14,1250,"Business & Economics","1","1",3.474,1,0.854901960784314,"1","1",1
525,6,4,"F","1","0",3.73,1420,"Math & Science","1","1",3.813,1,0.855172413793103,"1","1",1
531,6,6,"F","1","0",4.33,1460,"Arts & Letters","1","0",NA,1,0.896933560477002,"0","0",0.123106060606061
532,4,7,"F","1","0",4.07,1380,"Math & Science","1","0",NA,1,0.896933560477002,"0","0",0.123106060606061
537,1,1,"F","0","1",4.42,1170,"Math & Science","1","0",NA,1,0.793939393939394,"0","0",0.173497267759563
538,7,6,"F","1","0",3.85,1280,"Business & Economics","1","1",2.094,1,0.903225806451613,"1","1",1
540,7,6,"M","1","0",4.17,1300,"Math & Science","1","0",NA,1,0.73936170212766,"0","0",0.173497267759563
547,5,6,"F","0","1",4,1100,"Arts & Letters","1","0",NA,0,0.245187436676798,"0","0",0.00160901045856798
555,6,6,"F","1","0",4.04,1320,"Arts & Letters","1","0",NA,1,0.73936170212766,"0","0",0.173497267759563
556,6,4,"F","0","0",3.62,1180,"Math & Science","1","1",3.23,1,0.855172413793103,"1","1",1
557,7,6,"F","0","0",4.22,1200,"Arts & Letters","1","0",NA,1,0.590909090909091,"0","0",0.00160901045856798
559,4,7,"F","1","0",3.91,1190,"Arts & Letters","1","1",2.686,1,0.854901960784314,"1","1",1
560,6,5,"M","1","0",3.73,1300,"Math & Science","1","0",NA,0,0.336,"0","0",0.00160901045856798
562,7,6,"F","1","0",3.5,1210,"Business & Economics","1","0",NA,0,0.05676072418855,"0","0",0.00160901045856798
565,6,4,"F","1","0",4.35,1210,"Math & Science","1","1",3.83,1,0.854901960784314,"1","1",1
566,2,3,"F","0","0",4,1350,"Business & Economics","1","0",NA,1,0.896933560477002,"0","0",0.123106060606061
567,5,6,"F","0","0",3.95,1110,"Arts & Letters","1","1",3.036,1,0.854901960784314,"1","1",1
573,3,3,"F","0","0",3.83,1440,"Business & Economics","1","1",3.823,1,0.896933560477002,"1","0",0.123106060606061
575,7,6,"F","0","1",4.08,1340,"Math & Science","1","0",NA,1,0.73936170212766,"0","0",0.173497267759563
577,3,7,"F","1","0",4,1320,"Business & Economics","1","1",3.028,1,0.73936170212766,"1","0",0.173497267759563
580,6,4,"M","1","0",3.76,1260,"Arts & Letters","1","0",NA,0,0.05676072418855,"0","0",0.00160901045856798
581,7,7,"M","1","0",3.95,1270,"Business & Economics","1","1",3.066,1,0.73936170212766,"1","0",0.173497267759563
582,4,5,"M","1","0",3.84,1440,"Math & Science","1","1",3.306,1,0.896933560477002,"1","0",0.123106060606061
584,7,7,"M","1","0",3.64,1230,"Arts & Letters","1","1",3.347,1,0.855172413793103,"1","1",1
585,7,7,"F","1","0",3.95,1480,"Math & Science","1","0",NA,1,0.896933560477002,"0","0",0.123106060606061
587,7,6,"F","1","0",4.27,1120,"Math & Science","1","0",NA,0,0.308370044052863,"0","0",0.00160901045856798
588,7,6,"M","1","0",4.21,1190,"Math & Science","1","1",3.704,1,0.854901960784314,"1","1",1
591,7,6,"F","1","0",4.23,1160,"Math & Science","1","0",NA,1,0.590909090909091,"0","0",0.00160901045856798
593,4,5,"F","0","0",3.95,1240,"Math & Science","1","0",NA,0,0.245187436676798,"0","0",0.00160901045856798
594,4,7,"M","1","0",4.14,1350,"Arts & Letters","1","0",NA,1,0.896933560477002,"0","0",0.123106060606061
599,6,6,"F","1","0",3.95,1250,"Business & Economics","1","1",3.136,1,0.854901960784314,"1","1",1
604,5,5,"F","1","0",3.85,1500,"Math & Science","1","1",2.704,1,0.896933560477002,"1","0",0.123106060606061
606,7,7,"F","1","0",3.48,1390,"Business & Economics","1","0",NA,0,0.156017830609212,"0","0",0.00160901045856798
607,7,7,"M","0","1",3.88,1130,"Arts & Letters","1","0",NA,0,0.245187436676798,"0","0",0.00160901045856798
608,6,6,"M","0","0",3.29,1280,"Math & Science","1","1",2.979,1,0.855172413793103,"1","1",1
610,7,7,"M","1","0",3.73,1520,"Arts & Letters","1","0",NA,1,0.764705882352941,"0","0",0.173497267759563
613,7,7,"F","1","0",3.73,1300,"Math & Science","1","1",2.818,1,0.855172413793103,"1","1",1
614,6,5,"F","1","0",4,1260,"Business & Economics","1","0",NA,1,0.73936170212766,"0","0",0.173497267759563
616,7,7,"F","0","0",3.96,1310,"Arts & Letters","1","0",NA,1,0.73936170212766,"0","0",0.173497267759563
617,6,7,"F","1","0",4.12,1290,"Math & Science","1","1",2.929,1,0.73936170212766,"1","0",0.173497267759563
621,4,6,"F","0","0",3.58,1100,"Arts & Letters","1","0",NA,0,0.05676072418855,"0","0",0.00160901045856798
622,7,6,"F","1","0",4.17,1170,"Math & Science","1","1",3.302,1,0.854901960784314,"1","1",1
625,1,1,"F","0","0",4.4,1110,"Math & Science","1","0",NA,1,0.793939393939394,"0","0",0.173497267759563
626,2,2,"M","0","0",4,950,"Arts & Letters","1","1",3.381,1,0.854901960784314,"1","1",1
629,7,7,"F","1","0",4.33,1290,"Math & Science","1","1",3.47,1,0.73936170212766,"1","0",0.173497267759563
631,4,7,"M","1","0",4.05,1100,"Business & Economics","1","1",3.078,1,0.854901960784314,"1","1",1
635,7,6,"M","1","0",4,1400,"Business & Economics","1","0",NA,1,0.896933560477002,"0","0",0.123106060606061
636,4,7,"M","1","0",4.05,1410,"Business & Economics","1","1",3.325,1,0.896933560477002,"1","0",0.123106060606061
639,4,6,"F","0","0",3.64,1070,"Math & Science","1","1",3.336,1,0.855172413793103,"1","1",1
641,7,4,"M","1","0",3.77,1370,"Math & Science","1","1",2.787,1,0.855172413793103,"1","1",1
642,6,6,"M","0","1",3.85,1190,"Math & Science","1","0",NA,0,0.245187436676798,"0","0",0.00160901045856798
644,3,2,"M","0","0",3.73,1090,"Business & Economics","1","0",NA,0,0.05676072418855,"0","0",0.00160901045856798
645,4,4,"F","1","0",3.75,1190,"Math & Science","1","1",3.028,1,0.855172413793103,"1","1",1
648,6,6,"M","1","0",4.27,1540,"Business & Economics","1","1",3.764,1,0.896933560477002,"1","0",0.123106060606061
653,6,6,"F","1","0",4.12,1190,"Arts & Letters","1","0",NA,1,0.695652173913043,"0","0",0.00160901045856798
654,6,6,"M","1","0",3.62,1280,"Arts & Letters","1","1",3.362,1,0.855172413793103,"1","1",1
660,7,6,"F","0","0",4.15,1300,"Math & Science","1","0",NA,1,0.73936170212766,"0","0",0.173497267759563
664,3,3,"F","0","1",4.18,1270,"Math & Science","1","0",NA,1,0.73936170212766,"0","0",0.173497267759563
665,6,6,"F","0","1",4.17,1410,"Math & Science","1","0",NA,1,0.896933560477002,"0","0",0.123106060606061
667,7,7,"F","0","0",4.32,1410,"Arts & Letters","1","0",NA,1,0.896933560477002,"0","0",0.123106060606061
668,6,6,"F","1","0",4.12,1280,"Business & Economics","1","0",NA,1,0.73936170212766,"0","0",0.173497267759563
669,4,6,"F","0","1",4.04,1330,"Arts & Letters","1","0",NA,1,0.73936170212766,"0","0",0.173497267759563
671,6,3,"M","1","0",3.72,1350,"Business & Economics","1","0",NA,1,0.631578947368421,"0","0",0.00160901045856798
673,2,2,"F","0","1",4.23,1190,"Math & Science","1","0",NA,1,0.793939393939394,"0","0",0.173497267759563
675,6,4,"F","0","1",4.17,1380,"Math & Science","1","0",NA,1,0.896933560477002,"0","0",0.123106060606061
680,2,1,"M","0","0",3.86,1090,"Arts & Letters","1","0",NA,1,0.793939393939394,"0","0",0.173497267759563
683,2,2,"M","1","0",4.15,1550,"Math & Science","1","0",NA,1,0.896933560477002,"0","0",0.123106060606061
685,3,3,"M","0","0",3.92,1200,"Math & Science","1","0",NA,0,0.245187436676798,"0","0",0.00160901045856798
688,2,5,"F","0","0",4.07,1230,"Math & Science","1","1",3.078,1,0.854901960784314,"1","1",1
689,6,6,"M","0","1",3.22,1210,"Math & Science","1","0",NA,0,0.05676072418855,"0","0",0.00160901045856798
690,6,6,"F","0","1",4.08,1100,"Math & Science","1","0",NA,0,0.308370044052863,"0","0",0.00160901045856798
694,7,6,"F","1","0",3.84,1230,"Math & Science","1","0",NA,0,0.245187436676798,"0","0",0.00160901045856798
697,7,7,"F","0","0",4.27,1450,"Math & Science","1","0",NA,1,0.896933560477002,"0","0",0.123106060606061
701,7,7,"F","1","0",3.75,910,"Math & Science","1","1",2.876,1,0.855172413793103,"1","1",1
704,1,1,"F","0","0",4.27,1230,"Arts & Letters","1","0",NA,1,0.793939393939394,"0","0",0.173497267759563
706,1,1,"F","0","0",3.91,990,"Math & Science","1","0",NA,1,0.793939393939394,"0","0",0.173497267759563
708,4,3,"F","0","1",4.12,1390,"Math & Science","1","0",NA,1,0.896933560477002,"0","0",0.123106060606061
710,5,4,"F","0","0",3.36,1280,"Math & Science","1","1",1.981,1,0.855172413793103,"1","1",1
713,6,6,"M","1","0",4.09,1210,"Business & Economics","1","0",NA,1,0.717948717948718,"0","0",0.00160901045856798
715,6,5,"M","1","0",3.9,1200,"Business & Economics","1","1",3.575,1,0.854901960784314,"1","1",1
722,7,6,"F","1","0",3.86,1250,"Business & Economics","1","0",NA,0,0.245187436676798,"0","0",0.00160901045856798
724,7,6,"F","1","0",3.64,1310,"Math & Science","1","1",2.292,1,0.855172413793103,"1","1",1
726,7,6,"M","1","0",4.18,1470,"Business & Economics","1","0",NA,1,0.896933560477002,"0","0",0.123106060606061
732,6,6,"F","1","0",3.95,1120,"Math & Science","1","1",3.013,1,0.854901960784314,"1","1",1
735,7,6,"F","1","0",3.45,1250,"Business & Economics","1","1",2.876,1,0.855172413793103,"1","1",1
737,5,7,"M","1","0",3.45,1080,"Business & Economics","1","0",NA,0,0.05676072418855,"0","0",0.00160901045856798
738,6,7,"F","1","0",3.62,1270,"Math & Science","1","0",NA,0,0.26978417266187,"0","0",0.00160901045856798
739,7,7,"F","1","0",3.73,1110,"Arts & Letters","1","0",NA,0,0.05676072418855,"0","0",0.00160901045856798
742,7,6,"M","1","0",4.4,1290,"Math & Science","1","0",NA,1,0.73936170212766,"0","0",0.173497267759563
743,4,4,"F","1","0",4.15,1160,"Math & Science","1","0",NA,0,0.1,"0","0",0.00160901045856798
745,5,7,"M","1","0",3.6,1390,"Arts & Letters","1","1",3.817,1,0.855172413793103,"1","1",1
748,7,6,"M","1","0",4.1,1460,"Business & Economics","1","0",NA,1,0.896933560477002,"0","0",0.123106060606061
750,6,6,"M","0","0",3.58,1330,"Arts & Letters","1","0",NA,0,0.26978417266187,"0","0",0.00160901045856798
751,7,6,"M","0","1",4.14,1420,"Business & Economics","1","0",NA,1,0.896933560477002,"0","0",0.123106060606061
756,6,6,"M","1","0",4.17,1150,"Math & Science","1","0",NA,0,0.308370044052863,"0","0",0.00160901045856798
759,4,4,"M","1","0",4.22,1390,"Math & Science","1","0",NA,1,0.896933560477002,"0","0",0.123106060606061
760,7,6,"F","1","0",4.07,1230,"Math & Science","1","0",NA,1,0.590909090909091,"0","0",0.00160901045856798
761,7,7,"M","1","0",2.82,1380,"Arts & Letters","1","1",2.719,1,0.84,"1","1",1
772,2,2,"F","0","1",3.41,1260,"Math & Science","1","1",3.276,1,0.855172413793103,"1","1",1
775,7,7,"F","0","1",4.04,1300,"Business & Economics","1","1",2.966,1,0.73936170212766,"1","0",0.173497267759563
781,6,7,"F","1","0",4.17,1390,"Math & Science","1","0",NA,1,0.896933560477002,"0","0",0.123106060606061
782,7,7,"F","1","0",3.96,1160,"Math & Science","1","1",3.146,1,0.854901960784314,"1","1",1
784,6,6,"F","1","0",4.17,1430,"Arts & Letters","1","1",3.932,1,0.896933560477002,"1","0",0.123106060606061
787,4,4,"F","1","0",4.29,1150,"Arts & Letters","1","0",NA,0,0.308370044052863,"0","0",0.00160901045856798
790,6,6,"M","1","0",4.21,1280,"Business & Economics","1","0",NA,1,0.73936170212766,"0","0",0.173497267759563
791,3,7,"F","1","0",3.47,1480,"Math & Science","1","0",NA,0,0.156017830609212,"0","0",0.00160901045856798
792,7,7,"F","1","0",4.27,1290,"Business & Economics","1","1",3.937,1,0.73936170212766,"1","0",0.173497267759563
794,6,6,"M","1","0",3.5,1240,"Arts & Letters","1","1",3.331,1,0.855172413793103,"1","1",1
795,6,6,"F","1","0",4.15,1410,"Math & Science","1","0",NA,1,0.896933560477002,"0","0",0.123106060606061
800,2,4,"F","1","0",3.96,1170,"Math & Science","1","1",2.938,1,0.854901960784314,"1","1",1
803,7,7,"M","0","0",4.17,1300,"Math & Science","1","0",NA,1,0.73936170212766,"0","0",0.173497267759563
810,7,6,"F","1","0",4,1130,"Math & Science","1","1",3.249,1,0.854901960784314,"1","1",1
818,7,3,"M","1","0",4.25,1400,"Business & Economics","1","0",NA,1,0.896933560477002,"0","0",0.123106060606061
823,5,3,"F","1","0",4.17,1080,"Arts & Letters","1","1",3.478,1,0.854901960784314,"1","1",1
826,6,4,"F","0","0",3.71,1370,"Math & Science","1","0",NA,0,0.336,"0","0",0.00160901045856798
833,7,6,"F","1","0",4.27,1560,"Arts & Letters","1","0",NA,1,0.896933560477002,"0","0",0.123106060606061
837,3,3,"F","1","0",4.2,1150,"Business & Economics","1","1",3.373,1,0.854901960784314,"1","1",1
847,6,6,"M","1","0",3.75,1300,"Business & Economics","1","1",2.98,1,0.855172413793103,"1","1",1
848,6,6,"M","1","0",4.4,1410,"Business & Economics","1","0",NA,1,0.896933560477002,"0","0",0.123106060606061
850,6,6,"M","1","0",3.75,1430,"Business & Economics","1","0",NA,1,0.880952380952381,"0","0",0.123106060606061
854,7,6,"F","1","0",4.05,1200,"Math & Science","1","1",3.069,1,0.854901960784314,"1","1",1
856,4,6,"F","1","0",3.33,1070,"Arts & Letters","1","0",NA,0,0.05676072418855,"0","0",0.00160901045856798
857,6,6,"F","1","0",4.33,1500,"Business & Economics","1","0",NA,1,0.896933560477002,"0","0",0.123106060606061
861,7,6,"M","1","0",4.36,1540,"Math & Science","1","0",NA,1,0.896933560477002,"0","0",0.123106060606061
862,6,5,"M","1","0",4.24,1270,"Math & Science","1","1",3.748,1,0.73936170212766,"1","0",0.173497267759563
865,7,7,"M","0","0",3.29,1370,"Business & Economics","1","0",NA,0,0.156017830609212,"0","0",0.00160901045856798
866,6,6,"M","1","0",4.25,1560,"Math & Science","1","0",NA,1,0.896933560477002,"0","0",0.123106060606061
871,2,2,"M","0","0",3.95,1230,"Math & Science","1","0",NA,1,0.793939393939394,"0","0",0.173497267759563
874,7,6,"M","1","0",3.91,1280,"Business & Economics","1","1",3.264,1,0.73936170212766,"1","0",0.173497267759563
876,7,6,"F","1","0",3.65,1130,"Arts & Letters","1","0",NA,0,0.05676072418855,"0","0",0.00160901045856798
878,6,6,"F","1","0",4,1100,"Business & Economics","1","0",NA,0,0.245187436676798,"0","0",0.00160901045856798
880,7,7,"F","1","0",4,1390,"Math & Science","1","0",NA,1,0.896933560477002,"0","0",0.123106060606061
883,7,6,"F","1","0",3.96,1310,"Arts & Letters","1","0",NA,1,0.73936170212766,"0","0",0.173497267759563
890,6,6,"F","0","0",4.4,990,"Math & Science","1","0",NA,0,0.308370044052863,"0","0",0.00160901045856798
895,7,7,"M","1","0",3.79,1500,"Math & Science","1","0",NA,1,0.896933560477002,"0","0",0.123106060606061
896,6,7,"M","1","0",4,1320,"Arts & Letters","1","1",2.881,1,0.73936170212766,"1","0",0.173497267759563
899,7,6,"F","1","0",4.15,1320,"Arts & Letters","1","0",NA,1,0.73936170212766,"0","0",0.173497267759563
900,2,2,"F","0","0",4.09,960,"Math & Science","1","0",NA,1,0.793939393939394,"0","0",0.173497267759563
903,7,7,"F","1","0",3.95,1490,"Business & Economics","1","0",NA,1,0.896933560477002,"0","0",0.123106060606061
904,6,6,"M","1","0",3.9,1230,"Math & Science","1","1",3.547,1,0.854901960784314,"1","1",1
906,6,7,"F","1","0",4.25,1510,"Math & Science","1","0",NA,1,0.896933560477002,"0","0",0.123106060606061
907,6,5,"M","1","0",3.36,1300,"Arts & Letters","1","1",2.886,1,0.855172413793103,"1","1",1
908,6,6,"F","1","0",4.17,1310,"Business & Economics","1","1",3.537,1,0.73936170212766,"1","0",0.173497267759563
909,6,6,"M","1","0",3.8,1370,"Business & Economics","1","0",NA,1,0.896933560477002,"0","0",0.123106060606061
910,7,7,"M","1","0",3.84,1240,"Business & Economics","1","1",2.825,1,0.854901960784314,"1","1",1
912,6,6,"F","1","0",3.52,1130,"Arts & Letters","1","1",3.511,1,0.855172413793103,"1","1",1
913,4,4,"F","1","0",4.19,1230,"Business & Economics","1","0",NA,1,0.717948717948718,"0","0",0.00160901045856798
914,6,4,"F","1","0",3.91,1270,"Math & Science","1","0",NA,1,0.73936170212766,"0","0",0.173497267759563
916,3,3,"M","1","0",4.05,1480,"Math & Science","1","1",2.674,1,0.896933560477002,"1","0",0.123106060606061
920,4,6,"F","1","0",4.12,1400,"Arts & Letters","1","1",3.298,1,0.896933560477002,"1","0",0.123106060606061
922,6,6,"M","1","0",4,1220,"Arts & Letters","1","1",3.618,1,0.854901960784314,"1","1",1
925,5,5,"M","0","0",3.95,1110,"Business & Economics","1","1",3.046,1,0.854901960784314,"1","1",1
927,6,7,"F","1","0",3.88,1190,"Arts & Letters","1","1",3.479,1,0.854901960784314,"1","1",1
928,6,6,"F","1","0",3.92,1170,"Math & Science","1","1",2.862,1,0.854901960784314,"1","1",1
934,6,6,"M","1","0",4.18,1310,"Business & Economics","1","0",NA,1,0.73936170212766,"0","0",0.173497267759563
940,6,6,"M","1","0",4.18,1540,"Math & Science","1","0",NA,1,0.896933560477002,"0","0",0.123106060606061
942,4,6,"M","1","0",4.4,1340,"Math & Science","1","0",NA,1,0.73936170212766,"0","0",0.173497267759563
943,7,6,"F","1","0",4.3,1300,"Math & Science","1","0",NA,1,0.73936170212766,"0","0",0.173497267759563
947,7,6,"F","1","0",4,1100,"Arts & Letters","1","0",NA,0,0.245187436676798,"0","0",0.00160901045856798
948,6,5,"M","1","0",3.9,1330,"Business & Economics","1","1",3.576,1,0.73936170212766,"1","0",0.173497267759563
953,4,4,"F","1","0",4,1230,"Business & Economics","1","0",NA,0,0.245187436676798,"0","0",0.00160901045856798
954,6,7,"F","0","0",4.27,1190,"Arts & Letters","1","0",NA,1,0.695652173913043,"0","0",0.00160901045856798
960,6,6,"F","1","0",3.86,1170,"Arts & Letters","1","1",3.664,1,0.854901960784314,"1","1",1
966,7,6,"M","0","1",4.08,1320,"Business & Economics","1","0",NA,1,0.73936170212766,"0","0",0.173497267759563
968,6,7,"F","1","0",4.13,1300,"Math & Science","1","1",3.483,1,0.73936170212766,"1","0",0.173497267759563
977,7,5,"F","1","0",4,1110,"Arts & Letters","1","0",NA,0,0.245187436676798,"0","0",0.00160901045856798
979,6,7,"F","1","0",4,1550,"Math & Science","1","0",NA,1,0.896933560477002,"0","0",0.123106060606061
980,7,6,"M","0","1",4.04,1360,"Business & Economics","1","0",NA,1,0.896933560477002,"0","0",0.123106060606061
981,7,6,"F","1","0",3.29,1470,"Arts & Letters","1","0",NA,0,0.156017830609212,"0","0",0.00160901045856798
984,6,7,"M","0","0",4.27,1210,"Math & Science","1","0",NA,1,0.695652173913043,"0","0",0.00160901045856798
988,5,6,"F","1","0",4.12,1350,"Math & Science","1","0",NA,1,0.896933560477002,"0","0",0.123106060606061
993,6,4,"M","0","1",4.05,1210,"Math & Science","1","0",NA,1,0.695652173913043,"0","0",0.00160901045856798
996,4,4,"F","0","1",4,1080,"Math & Science","1","0",NA,0,0.245187436676798,"0","0",0.00160901045856798
1000,7,6,"M","1","0",4.12,1070,"Business & Economics","1","0",NA,0,0.308370044052863,"0","0",0.00160901045856798
1001,7,6,"M","1","0",4.09,1390,"Math & Science","1","1",3.244,1,0.896933560477002,"1","0",0.123106060606061
1002,6,6,"M","0","0",3.8,1440,"Math & Science","1","0",NA,1,0.896933560477002,"0","0",0.123106060606061
1009,7,6,"F","1","0",4.33,1140,"Math & Science","1","0",NA,0,0.308370044052863,"0","0",0.00160901045856798
1010,2,2,"M","0","0",4,1270,"Math & Science","1","0",NA,1,0.73936170212766,"0","0",0.173497267759563
1012,7,6,"M","1","0",4.26,1360,"Math & Science","1","0",NA,1,0.896933560477002,"0","0",0.123106060606061
1014,6,5,"F","1","0",4.2,1330,"Arts & Letters","1","0",NA,1,0.73936170212766,"0","0",0.173497267759563
1015,6,7,"F","0","0",3.92,1280,"Arts & Letters","1","0",NA,1,0.73936170212766,"0","0",0.173497267759563
1016,7,7,"F","1","0",3.69,1360,"Arts & Letters","1","0",NA,0,0.336,"0","0",0.00160901045856798
1019,5,6,"F","1","0",3.81,1340,"Math & Science","1","1",2.884,1,0.903225806451613,"1","1",1
1023,6,5,"F","1","0",3.73,1210,"Business & Economics","1","1",2.701,1,0.855172413793103,"1","1",1
1025,6,6,"F","1","0",3.95,1350,"Arts & Letters","1","0",NA,1,0.896933560477002,"0","0",0.123106060606061
1029,3,4,"F","0","0",4.13,1170,"Arts & Letters","1","0",NA,0,0.1,"0","0",0.00160901045856798
1031,6,7,"F","0","0",4.19,1320,"Business & Economics","1","0",NA,1,0.73936170212766,"0","0",0.173497267759563
1032,6,6,"M","1","0",4.3,1550,"Arts & Letters","1","0",NA,1,0.896933560477002,"0","0",0.123106060606061
1034,6,7,"M","1","0",4.33,1440,"Business & Economics","1","0",NA,1,0.896933560477002,"0","0",0.123106060606061
1038,7,7,"M","1","0",4.04,1390,"Math & Science","1","1",3.392,1,0.896933560477002,"1","0",0.123106060606061
1046,6,7,"F","1","0",3.79,1230,"Math & Science","1","1",3.521,1,0.854901960784314,"1","1",1
1050,6,7,"F","1","0",3.96,1420,"Arts & Letters","1","0",NA,1,0.896933560477002,"0","0",0.123106060606061
1051,3,6,"F","1","0",4.04,1380,"Arts & Letters","1","1",3.812,1,0.896933560477002,"1","0",0.123106060606061
1060,5,3,"M","0","0",3.95,1220,"Math & Science","1","0",NA,0,0.245187436676798,"0","0",0.00160901045856798
1061,6,7,"F","1","0",3.38,1110,"Arts & Letters","1","1",3.193,1,0.855172413793103,"1","1",1
1063,6,7,"F","1","0",3.23,1280,"Arts & Letters","1","0",NA,0,0.156017830609212,"0","0",0.00160901045856798
1065,4,3,"F","0","0",3.64,1270,"Arts & Letters","1","0",NA,0,0.26978417266187,"0","0",0.00160901045856798
1068,6,5,"F","1","0",4.19,1390,"Business & Economics","1","1",3.391,1,0.896933560477002,"1","0",0.123106060606061
1075,3,4,"F","1","0",4.17,1260,"Business & Economics","1","0",NA,1,0.73936170212766,"0","0",0.173497267759563
1077,7,7,"M","1","0",3.45,1140,"Business & Economics","1","0",NA,0,0.05676072418855,"0","0",0.00160901045856798
1080,3,6,"M","1","0",4.12,1430,"Business & Economics","1","1",3.477,1,0.896933560477002,"1","0",0.123106060606061
1082,6,4,"F","1","0",4.19,1270,"Arts & Letters","1","1",3.86,1,0.73936170212766,"1","0",0.173497267759563
1084,7,7,"F","1","0",4.4,1180,"Math & Science","1","0",NA,1,0.590909090909091,"0","0",0.00160901045856798
1086,6,6,"M","0","0",4.17,1410,"Math & Science","1","0",NA,1,0.896933560477002,"0","0",0.123106060606061
1087,3,3,"M","1","0",3.44,1220,"Business & Economics","1","0",NA,0,0.05676072418855,"0","0",0.00160901045856798
1089,7,6,"F","1","0",4.18,1240,"Arts & Letters","1","1",3.634,1,0.854901960784314,"1","1",1
1091,6,7,"M","0","1",3.77,1310,"Math & Science","1","0",NA,0,0.336,"0","0",0.00160901045856798
1094,4,4,"M","0","0",3.5,1320,"Arts & Letters","1","0",NA,0,0.156017830609212,"0","0",0.00160901045856798
1108,6,4,"M","1","0",3.36,1340,"Business & Economics","1","0",NA,0,0.156017830609212,"0","0",0.00160901045856798
1109,7,7,"M","1","0",4.03,1270,"Arts & Letters","1","0",NA,1,0.73936170212766,"0","0",0.173497267759563
1116,6,6,"M","1","0",3.64,1520,"Business & Economics","1","0",NA,1,0.880952380952381,"0","0",0.123106060606061
1119,6,3,"F","1","0",4.32,1550,"Math & Science","1","0",NA,1,0.896933560477002,"0","0",0.123106060606061
1120,3,3,"F","0","1",3.77,1100,"Math & Science","1","0",NA,0,0.05676072418855,"0","0",0.00160901045856798
1124,3,5,"F","0","0",4.22,1270,"Math & Science","1","0",NA,1,0.73936170212766,"0","0",0.173497267759563
1125,7,7,"F","1","0",3.76,1390,"Arts & Letters","1","0",NA,0,0.336,"0","0",0.00160901045856798
1128,6,6,"F","1","0",3.89,1480,"Arts & Letters","1","0",NA,1,0.896933560477002,"0","0",0.123106060606061
1130,6,7,"F","1","0",4.05,1290,"Business & Economics","1","0",NA,1,0.73936170212766,"0","0",0.173497267759563
1131,3,4,"F","1","0",3.6,1290,"Arts & Letters","1","0",NA,0,0.26978417266187,"0","0",0.00160901045856798
1133,4,5,"F","1","0",3.93,1320,"Business & Economics","1","0",NA,1,0.73936170212766,"0","0",0.173497267759563
1134,6,7,"M","1","0",3.58,1190,"Business & Economics","1","1",2.507,1,0.855172413793103,"1","1",1
1138,7,7,"F","1","0",4.05,1350,"Arts & Letters","1","0",NA,1,0.896933560477002,"0","0",0.123106060606061
1141,6,4,"M","1","0",4.17,1330,"Arts & Letters","1","0",NA,1,0.73936170212766,"0","0",0.173497267759563
1142,5,7,"F","0","1",4.35,1240,"Business & Economics","1","0",NA,1,0.717948717948718,"0","0",0.00160901045856798
1143,6,3,"M","1","0",3.84,1150,"Arts & Letters","1","0",NA,0,0.245187436676798,"0","0",0.00160901045856798
1144,6,6,"M","1","0",4.13,1480,"Math & Science","1","0",NA,1,0.896933560477002,"0","0",0.123106060606061
1147,7,7,"F","0","1",3.77,1320,"Arts & Letters","1","0",NA,0,0.336,"0","0",0.00160901045856798
1151,7,7,"F","1","0",4.14,1260,"Arts & Letters","1","1",3.486,1,0.73936170212766,"1","0",0.173497267759563
1153,1,1,"F","0","0",4.05,1110,"Math & Science","1","0",NA,1,0.793939393939394,"0","0",0.173497267759563
1154,7,7,"F","1","0",3.45,1210,"Arts & Letters","1","0",NA,0,0.05676072418855,"0","0",0.00160901045856798
1155,7,6,"M","1","0",4.05,1410,"Business & Economics","1","0",NA,1,0.896933560477002,"0","0",0.123106060606061
1157,7,6,"F","1","0",4.14,1380,"Math & Science","1","0",NA,1,0.896933560477002,"0","0",0.123106060606061
1159,6,6,"F","1","0",4.35,1440,"Math & Science","1","0",NA,1,0.896933560477002,"0","0",0.123106060606061
1161,7,6,"F","1","0",4.2,1440,"Math & Science","1","0",NA,1,0.896933560477002,"0","0",0.123106060606061
1163,6,4,"F","1","0",4,1100,"Business & Economics","1","1",3.099,1,0.854901960784314,"1","1",1
1164,6,7,"M","1","0",4,1190,"Math & Science","1","0",NA,0,0.245187436676798,"0","0",0.00160901045856798
1168,3,4,"F","1","0",4.21,1100,"Math & Science","1","0",NA,0,0.308370044052863,"0","0",0.00160901045856798
1174,5,4,"F","1","0",4.17,1520,"Math & Science","1","1",3.929,1,0.896933560477002,"1","0",0.123106060606061
1176,6,6,"F","0","0",3.79,1150,"Business & Economics","1","0",NA,0,0.245187436676798,"0","0",0.00160901045856798
1179,4,6,"M","0","0",3,1290,"Business & Economics","1","0",NA,0,0.156017830609212,"0","0",0
1180,6,6,"M","1","0",4.25,1420,"Arts & Letters","1","1",3.408,1,0.896933560477002,"1","0",0.123106060606061
1186,6,6,"M","0","1",3.59,1000,"Arts & Letters","1","1",2.287,1,0.855172413793103,"1","1",1
1188,4,5,"F","1","0",3.92,1300,"Business & Economics","1","0",NA,1,0.73936170212766,"0","0",0.173497267759563
1189,4,3,"M","0","0",3.89,1240,"Arts & Letters","1","0",NA,0,0.245187436676798,"0","0",0.00160901045856798
1193,7,7,"F","1","0",3.81,1290,"Arts & Letters","1","1",3.29,1,0.903225806451613,"1","1",1
1194,3,6,"F","1","0",3.54,1010,"Arts & Letters","1","0",NA,0,0.05676072418855,"0","0",0.00160901045856798
1197,7,7,"M","1","0",4.04,1220,"Math & Science","1","0",NA,1,0.590909090909091,"0","0",0.00160901045856798
1201,7,6,"F","1","0",4.29,1280,"Math & Science","1","1",3.791,1,0.73936170212766,"1","0",0.173497267759563
1202,7,6,"M","1","0",4.4,1380,"Math & Science","1","0",NA,1,0.896933560477002,"0","0",0.123106060606061
1204,6,6,"F","0","1",4.27,1500,"Business & Economics","1","0",NA,1,0.896933560477002,"0","0",0.123106060606061
1206,7,6,"F","0","1",3.88,1550,"Business & Economics","1","0",NA,1,0.896933560477002,"0","0",0.123106060606061
1216,7,6,"F","1","0",4.36,1550,"Arts & Letters","1","0",NA,1,0.896933560477002,"0","0",0.123106060606061
1217,6,6,"M","1","0",3.91,1380,"Arts & Letters","1","1",3.221,1,0.896933560477002,"1","0",0.123106060606061
1219,7,7,"F","1","0",4.36,1530,"Math & Science","1","0",NA,1,0.896933560477002,"0","0",0.123106060606061
1225,7,7,"M","1","0",4.15,1330,"Math & Science","1","1",3.099,1,0.73936170212766,"1","0",0.173497267759563
1226,6,7,"F","1","0",4.1,1210,"Math & Science","1","1",2.96,1,0.854901960784314,"1","1",1
1229,6,6,"F","1","0",4,1190,"Arts & Letters","1","1",3.007,1,0.854901960784314,"1","1",1
1231,6,6,"M","0","0",4.25,1190,"Business & Economics","1","0",NA,1,0.717948717948718,"0","0",0.00160901045856798
1234,7,6,"M","1","0",3.83,1470,"Business & Economics","1","0",NA,1,0.896933560477002,"0","0",0.123106060606061
1235,7,5,"M","0","0",3.58,1380,"Arts & Letters","1","0",NA,0,0.26978417266187,"0","0",0.00160901045856798
1238,4,4,"F","1","0",3.95,1260,"Arts & Letters","1","1",1.742,1,0.73936170212766,"1","0",0.173497267759563
1242,7,6,"F","1","0",3.7,1320,"Math & Science","1","0",NA,0,0.336,"0","0",0.00160901045856798
1245,1,3,"M","0","0",4.04,950,"Arts & Letters","1","0",NA,0,0.393939393939394,"0","0",0.00160901045856798
1251,6,6,"F","1","0",3.59,1230,"Arts & Letters","1","0",NA,0,0.05676072418855,"0","0",0.00160901045856798
1258,6,4,"F","1","0",3.91,1390,"Math & Science","1","0",NA,1,0.896933560477002,"0","0",0.123106060606061
1260,3,3,"M","1","0",4.04,1420,"Math & Science","1","0",NA,1,0.896933560477002,"0","0",0.123106060606061
1261,6,7,"M","0","0",4.05,1350,"Arts & Letters","1","0",NA,1,0.896933560477002,"0","0",0.123106060606061
1263,6,6,"F","1","0",3.95,1430,"Math & Science","1","1",3.769,1,0.896933560477002,"1","0",0.123106060606061
1266,7,5,"M","1","0",4.09,1200,"Math & Science","1","0",NA,1,0.590909090909091,"0","0",0.00160901045856798
1267,7,5,"M","1","0",3.38,1130,"Business & Economics","1","0",NA,0,0.05676072418855,"0","0",0.00160901045856798
1268,4,6,"F","1","0",4.27,1300,"Arts & Letters","1","0",NA,1,0.73936170212766,"0","0",0.173497267759563
1270,2,2,"M","0","0",3.5,1080,"Business & Economics","1","0",NA,0,0.05676072418855,"0","0",0.00160901045856798
1272,2,3,"F","0","0",3.67,870,"Arts & Letters","1","0",NA,0,0.05676072418855,"0","0",0.00160901045856798
1273,7,6,"M","1","0",3.82,1470,"Math & Science","1","0",NA,1,0.896933560477002,"0","0",0.123106060606061
1275,4,4,"M","0","1",4.18,1300,"Math & Science","1","0",NA,1,0.73936170212766,"0","0",0.173497267759563
1276,1,1,"F","0","1",4.08,1010,"Math & Science","1","0",NA,1,0.793939393939394,"0","0",0.173497267759563
1288,1,1,"M","0","0",3.72,1060,"Math & Science","1","0",NA,0,0.05676072418855,"0","0",0.00160901045856798
1290,6,6,"M","1","0",3.8,1220,"Arts & Letters","1","0",NA,0,0.245187436676798,"0","0",0.00160901045856798
1294,4,4,"F","0","1",3.7,890,"Arts & Letters","1","1",2.878,1,0.855172413793103,"1","1",1
1300,7,7,"F","1","0",3.58,1250,"Arts & Letters","1","1",3.299,1,0.855172413793103,"1","1",1
1303,6,6,"F","1","0",3.84,1190,"Arts & Letters","1","0",NA,0,0.245187436676798,"0","0",0.00160901045856798
1308,1,1,"F","0","1",4.19,1250,"Math & Science","1","0",NA,1,0.793939393939394,"0","0",0.173497267759563
1310,1,1,"F","0","0",4.21,1250,"Math & Science","1","0",NA,1,0.793939393939394,"0","0",0.173497267759563
1313,6,7,"F","1","0",4.26,1280,"Math & Science","1","0",NA,1,0.73936170212766,"0","0",0.173497267759563
1318,6,6,"M","0","1",3.85,1340,"Business & Economics","1","0",NA,0,0.378048780487805,"0","0",0.00160901045856798
1321,1,1,"F","0","0",4.23,1000,"Math & Science","1","0",NA,1,0.793939393939394,"0","0",0.173497267759563
1322,6,6,"F","1","0",3.79,1200,"Arts & Letters","1","1",3.587,1,0.854901960784314,"1","1",1
1329,1,5,"M","0","0",3.54,1000,"Arts & Letters","1","0",NA,0,0.05676072418855,"0","0",0.00160901045856798
1330,2,2,"M","0","1",4.32,1380,"Arts & Letters","1","0",NA,1,0.896933560477002,"0","0",0.123106060606061
1331,1,2,"F","0","1",4.33,1200,"Math & Science","1","0",NA,1,0.793939393939394,"0","0",0.173497267759563
1336,7,6,"F","1","0",4.21,1330,"Business & Economics","1","0",NA,1,0.73936170212766,"0","0",0.173497267759563
1339,1,2,"M","0","0",3.3,1140,"Business & Economics","1","1",2.535,1,0.855172413793103,"1","1",1
1340,1,1,"F","0","0",4.14,1250,"Math & Science","1","0",NA,1,0.793939393939394,"0","0",0.173497267759563
1343,3,2,"F","0","0",4,1210,"Arts & Letters","1","0",NA,0,0.245187436676798,"0","0",0.00160901045856798
1345,2,2,"M","0","0",3.79,1080,"Math & Science","1","0",NA,1,0.793939393939394,"0","0",0.173497267759563
1347,3,4,"F","0","1",4.28,1150,"Math & Science","1","0",NA,0,0.308370044052863,"0","0",0.00160901045856798
1352,1,1,"M","0","0",3.65,1030,"Business & Economics","1","0",NA,0,0.05676072418855,"0","0",0.00160901045856798
1355,6,6,"F","1","0",4.27,1510,"Arts & Letters","1","0",NA,1,0.896933560477002,"0","0",0.123106060606061
1356,2,2,"F","0","0",3.8,960,"Arts & Letters","1","0",NA,1,0.793939393939394,"0","0",0.173497267759563
1357,1,3,"F","0","0",3.9,1160,"Math & Science","1","0",NA,0,0.393939393939394,"0","0",0.00160901045856798
1360,5,5,"M","1","0",3.74,1090,"Math & Science","1","1",2.446,1,0.855172413793103,"1","1",1
1366,1,1,"M","0","0",3.35,1100,"Business & Economics","1","0",NA,0,0.05676072418855,"0","0",0.00160901045856798
1372,6,6,"F","0","1",3.74,1140,"Math & Science","1","1",2.283,1,0.855172413793103,"1","1",1
1376,7,7,"F","1","0",4.07,1210,"Math & Science","1","0",NA,1,0.590909090909091,"0","0",0.00160901045856798
1381,3,3,"F","1","0",3.52,1080,"Arts & Letters","1","1",2.777,1,0.855172413793103,"1","1",1
1382,7,3,"F","0","1",3.8,1120,"Math & Science","1","1",1.35,1,0.854901960784314,"1","1",1
1383,6,4,"M","0","0",3.86,1170,"Arts & Letters","1","1",2.909,1,0.854901960784314,"1","1",1
1384,4,4,"F","1","0",3.79,1060,"Business & Economics","1","1",2.03,1,0.854901960784314,"1","1",1
1385,7,7,"F","1","0",4.18,1320,"Math & Science","1","0",NA,1,0.73936170212766,"0","0",0.173497267759563
1387,7,6,"F","1","0",4.26,1250,"Math & Science","1","0",NA,1,0.590909090909091,"0","0",0.00160901045856798
1391,7,7,"F","0","0",4.4,1140,"Math & Science","1","0",NA,0,0.308370044052863,"0","0",0.00160901045856798
1392,6,7,"F","1","0",4.08,1440,"Arts & Letters","1","0",NA,1,0.896933560477002,"0","0",0.123106060606061
1393,3,7,"F","1","0",4.1,1430,"Arts & Letters","1","0",NA,1,0.896933560477002,"0","0",0.123106060606061
1395,6,6,"F","1","0",3.91,1020,"Math & Science","1","0",NA,0,0.245187436676798,"0","0",0.00160901045856798
1397,7,7,"M","1","0",4.04,1550,"Math & Science","1","1",2.987,1,0.896933560477002,"1","0",0.123106060606061
1398,6,6,"F","1","0",4.36,1360,"Math & Science","1","0",NA,1,0.896933560477002,"0","0",0.123106060606061
1399,6,6,"M","1","0",3.5,1280,"Business & Economics","1","1",3.048,1,0.855172413793103,"1","1",1
1400,6,4,"M","1","0",3.64,1310,"Business & Economics","1","1",3.153,1,0.855172413793103,"1","1",1
1403,4,7,"F","1","0",4.24,1460,"Arts & Letters","1","1",3.174,1,0.896933560477002,"1","0",0.123106060606061
1407,7,7,"F","1","0",4.05,1370,"Math & Science","1","0",NA,1,0.896933560477002,"0","0",0.123106060606061
1409,6,6,"M","0","0",3.78,1420,"Business & Economics","1","1",2.889,1,0.855172413793103,"1","1",1
1410,5,4,"F","0","0",3.6,1270,"Arts & Letters","1","0",NA,0,0.26978417266187,"0","0",0.00160901045856798
1413,4,6,"F","1","0",3.3,1040,"Business & Economics","1","1",2.888,1,0.855172413793103,"1","1",1
1416,6,4,"M","1","0",3.83,1480,"Math & Science","1","0",NA,1,0.896933560477002,"0","0",0.123106060606061
1417,7,6,"M","1","0",4.21,1280,"Math & Science","1","0",NA,1,0.73936170212766,"0","0",0.173497267759563
1418,6,6,"F","1","0",3.71,1150,"Arts & Letters","1","1",3.258,1,0.855172413793103,"1","1",1
1427,7,6,"F","1","0",3.82,1360,"Math & Science","1","1",3.338,1,0.896933560477002,"1","0",0.123106060606061
1429,6,6,"M","1","0",3.88,1290,"Math & Science","1","1",3.57,1,0.903225806451613,"1","1",1
1432,6,6,"F","1","0",3.95,1420,"Math & Science","1","0",NA,1,0.896933560477002,"0","0",0.123106060606061
1436,6,4,"F","1","0",4.17,1300,"Arts & Letters","1","1",3.465,1,0.73936170212766,"1","0",0.173497267759563
1437,6,6,"F","1","0",3.89,1300,"Arts & Letters","1","0",NA,0,0.378048780487805,"0","0",0.00160901045856798
1438,6,6,"M","1","0",3.08,1190,"Arts & Letters","1","1",3.51,1,0.84,"1","1",1
1439,4,6,"M","1","0",3.75,1240,"Arts & Letters","1","0",NA,0,0.05676072418855,"0","0",0.00160901045856798
1441,7,7,"F","1","0",4.25,1340,"Arts & Letters","1","0",NA,1,0.73936170212766,"0","0",0.173497267759563
1446,6,5,"F","0","0",4.33,1230,"Math & Science","1","1",3.231,1,0.854901960784314,"1","1",1
1449,6,5,"M","1","0",4.14,1320,"Math & Science","1","0",NA,1,0.73936170212766,"0","0",0.173497267759563
1450,7,7,"M","1","0",3.32,1260,"Arts & Letters","1","1",2.569,1,0.855172413793103,"1","1",1
1456,6,4,"M","1","0",4.14,1520,"Math & Science","1","1",3.347,1,0.896933560477002,"1","0",0.123106060606061
1457,7,6,"F","1","0",4.27,1450,"Math & Science","1","0",NA,1,0.896933560477002,"0","0",0.123106060606061
1461,4,4,"M","0","0",3.35,1140,"Business & Economics","1","1",1.815,1,0.855172413793103,"1","1",1
1464,7,6,"F","1","0",4.36,1530,"Math & Science","1","0",NA,1,0.896933560477002,"0","0",0.123106060606061
1467,6,6,"M","1","0",4.26,1310,"Math & Science","1","1",3.325,1,0.73936170212766,"1","0",0.173497267759563
1471,6,6,"M","0","1",3.95,1240,"Business & Economics","1","0",NA,0,0.245187436676798,"0","0",0.00160901045856798
1474,6,6,"M","1","0",3.95,1420,"Business & Economics","1","0",NA,1,0.896933560477002,"0","0",0.123106060606061
1482,7,6,"M","1","0",3.79,1340,"Arts & Letters","1","1",3.604,1,0.903225806451613,"1","1",1
1486,6,6,"F","1","0",4.2,1280,"Arts & Letters","1","1",3.542,1,0.73936170212766,"1","0",0.173497267759563
1487,6,4,"M","1","0",4.05,1360,"Math & Science","1","1",3.449,1,0.896933560477002,"1","0",0.123106060606061
1490,7,6,"M","1","0",3.61,1110,"Math & Science","1","1",2.373,1,0.855172413793103,"1","1",1
1491,7,7,"F","1","0",4.42,1330,"Business & Economics","1","1",3.959,1,0.73936170212766,"1","0",0.173497267759563
1494,6,6,"F","1","0",4.32,1060,"Math & Science","1","1",3.426,1,0.854901960784314,"1","1",1
1495,4,4,"M","1","0",3.88,1260,"Business & Economics","1","1",2.947,1,0.903225806451613,"1","1",1
1497,3,7,"M","1","0",3.76,1170,"Math & Science","1","1",3.378,1,0.855172413793103,"1","1",1
1499,6,7,"M","1","0",4,1360,"Arts & Letters","1","0",NA,1,0.896933560477002,"0","0",0.123106060606061
1501,6,5,"F","0","0",3.77,1320,"Math & Science","1","0",NA,0,0.336,"0","0",0.00160901045856798
1509,7,7,"F","1","0",4.05,1480,"Math & Science","1","0",NA,1,0.896933560477002,"0","0",0.123106060606061
1511,7,6,"M","1","0",4,1360,"Math & Science","1","0",NA,1,0.896933560477002,"0","0",0.123106060606061
1513,6,4,"M","1","0",3.73,1330,"Math & Science","1","1",2.967,1,0.855172413793103,"1","1",1
1517,7,7,"F","1","0",3.9,1310,"Math & Science","1","1",2.869,1,0.73936170212766,"1","0",0.173497267759563
1518,6,6,"M","0","0",3.5,1130,"Business & Economics","1","1",3.029,1,0.855172413793103,"1","1",1
1522,7,7,"M","1","0",3.4,1350,"Arts & Letters","1","1",2.544,1,0.855172413793103,"1","1",1
1524,7,7,"M","1","0",3.94,1440,"Arts & Letters","1","0",NA,1,0.896933560477002,"0","0",0.123106060606061
1526,2,2,"F","0","0",3.7,940,"Math & Science","1","0",NA,0,0.05676072418855,"0","0",0.00160901045856798
1527,6,6,"M","1","0",3.76,1110,"Math & Science","1","1",3.169,1,0.855172413793103,"1","1",1
1530,6,7,"F","1","0",3.95,1290,"Business & Economics","1","0",NA,1,0.73936170212766,"0","0",0.173497267759563
1531,6,6,"F","1","0",4.14,1460,"Math & Science","1","1",3.261,1,0.896933560477002,"1","0",0.123106060606061
1532,5,7,"M","1","0",4.05,1160,"Arts & Letters","1","0",NA,0,0.1,"0","0",0.00160901045856798
1537,4,7,"F","0","0",4.05,1310,"Business & Economics","1","1",3.204,1,0.73936170212766,"1","0",0.173497267759563
1542,6,6,"F","0","1",3.76,1030,"Business & Economics","1","1",2.576,1,0.855172413793103,"1","1",1
1543,3,3,"F","0","1",4.15,1280,"Math & Science","1","0",NA,1,0.73936170212766,"0","0",0.173497267759563
1545,4,4,"F","1","0",3.73,1200,"Arts & Letters","1","0",NA,0,0.05676072418855,"0","0",0.00160901045856798
1546,7,6,"F","1","0",3.74,1130,"Business & Economics","1","1",2.789,1,0.855172413793103,"1","1",1
1554,4,6,"F","1","0",3.73,1410,"Business & Economics","1","1",3.172,1,0.855172413793103,"1","1",1
1555,6,6,"F","1","0",4.1,1210,"Arts & Letters","1","0",NA,1,0.695652173913043,"0","0",0.00160901045856798
1556,6,7,"F","1","0",4.04,1290,"Business & Economics","1","0",NA,1,0.73936170212766,"0","0",0.173497267759563
1559,6,4,"F","1","0",4.08,1400,"Business & Economics","1","0",NA,1,0.896933560477002,"0","0",0.123106060606061
1563,7,7,"F","1","0",4,1350,"Math & Science","1","0",NA,1,0.896933560477002,"0","0",0.123106060606061
1564,6,7,"M","1","0",4.1,1440,"Math & Science","1","1",3.785,1,0.896933560477002,"1","0",0.123106060606061
1565,6,7,"M","1","0",3.91,1340,"Math & Science","1","0",NA,1,0.73936170212766,"0","0",0.173497267759563
1567,3,6,"M","1","0",4.23,1430,"Business & Economics","1","0",NA,1,0.896933560477002,"0","0",0.123106060606061
1569,2,2,"F","0","1",4.36,1420,"Math & Science","1","0",NA,1,0.896933560477002,"0","0",0.123106060606061
1572,6,6,"M","1","0",3.45,1210,"Arts & Letters","1","0",NA,0,0.05676072418855,"0","0",0.00160901045856798
1573,7,5,"M","1","0",3.68,1240,"Math & Science","1","1",2.051,1,0.855172413793103,"1","1",1
1574,6,4,"F","0","0",3.94,1310,"Math & Science","1","1",2.38,1,0.73936170212766,"1","0",0.173497267759563
1583,6,6,"M","0","0",3.95,1280,"Math & Science","1","0",NA,1,0.73936170212766,"0","0",0.173497267759563
1590,5,5,"M","1","0",3.9,1390,"Math & Science","1","1",3.165,1,0.896933560477002,"1","0",0.123106060606061
1592,6,6,"F","1","0",3.22,1180,"Arts & Letters","1","0",NA,0,0.05676072418855,"0","0",0.00160901045856798
1593,6,6,"F","0","1",3.9,1240,"Math & Science","1","0",NA,0,0.245187436676798,"0","0",0.00160901045856798
1594,1,2,"F","0","0",4.3,1080,"Business & Economics","1","0",NA,1,0.793939393939394,"0","0",0.173497267759563
1606,3,6,"F","1","0",4,1550,"Business & Economics","1","1",3.272,1,0.896933560477002,"1","0",0.123106060606061
1612,4,7,"M","1","0",4.3,1510,"Math & Science","1","0",NA,1,0.896933560477002,"0","0",0.123106060606061
1613,6,6,"F","1","0",4.14,1460,"Arts & Letters","1","0",NA,1,0.896933560477002,"0","0",0.123106060606061
1615,6,3,"F","0","0",4.08,1370,"Arts & Letters","1","1",3.332,1,0.896933560477002,"1","0",0.123106060606061
1617,3,6,"M","0","0",3.91,1430,"Business & Economics","1","0",NA,1,0.896933560477002,"0","0",0.123106060606061
1618,7,6,"F","1","0",3.8,1170,"Business & Economics","1","0",NA,0,0.245187436676798,"0","0",0.00160901045856798
1624,1,1,"M","0","1",3.77,1100,"Arts & Letters","1","1",2.928,1,0.855172413793103,"1","1",1
1626,4,4,"M","1","0",3.9,1200,"Math & Science","1","1",3.519,1,0.854901960784314,"1","1",1
1628,6,4,"F","0","1",4.09,1400,"Math & Science","1","0",NA,1,0.896933560477002,"0","0",0.123106060606061
1631,4,4,"F","1","0",4,1150,"Math & Science","1","0",NA,0,0.245187436676798,"0","0",0.00160901045856798
1632,6,6,"F","1","0",3.86,1150,"Business & Economics","1","0",NA,0,0.245187436676798,"0","0",0.00160901045856798
1633,6,7,"F","0","0",4.36,1400,"Arts & Letters","1","0",NA,1,0.896933560477002,"0","0",0.123106060606061
1634,6,6,"F","1","0",3.54,1110,"Arts & Letters","1","1",2.744,1,0.855172413793103,"1","1",1
1640,7,6,"M","1","0",3.92,1130,"Business & Economics","1","1",3.61,1,0.854901960784314,"1","1",1
1642,2,2,"M","0","1",3.85,1120,"Business & Economics","1","0",NA,1,0.793939393939394,"0","0",0.173497267759563
1643,6,4,"F","1","0",4.12,1370,"Math & Science","1","1",3.878,1,0.896933560477002,"1","0",0.123106060606061
1645,6,5,"F","0","0",4.36,1200,"Math & Science","1","1",3.277,1,0.854901960784314,"1","1",1
1646,4,3,"M","0","0",3.55,1160,"Arts & Letters","1","1",2.725,1,0.855172413793103,"1","1",1
1647,3,3,"F","1","0",4.32,1280,"Math & Science","1","0",NA,1,0.73936170212766,"0","0",0.173497267759563
1648,4,6,"F","1","0",4.33,1260,"Arts & Letters","1","1",3.471,1,0.73936170212766,"1","0",0.173497267759563
1649,7,5,"F","1","0",4.32,1210,"Math & Science","1","0",NA,1,0.590909090909091,"0","0",0.00160901045856798
1653,5,6,"M","0","0",4.15,1520,"Math & Science","1","0",NA,1,0.896933560477002,"0","0",0.123106060606061
1658,5,5,"M","1","0",4.27,1440,"Arts & Letters","1","0",NA,1,0.896933560477002,"0","0",0.123106060606061
1659,6,6,"F","0","1",4.29,1360,"Business & Economics","1","0",NA,1,0.896933560477002,"0","0",0.123106060606061
1661,6,6,"F","0","0",4.3,1360,"Math & Science","1","0",NA,1,0.896933560477002,"0","0",0.123106060606061
1663,6,6,"M","0","1",3.93,1300,"Business & Economics","1","1",3.248,1,0.73936170212766,"1","0",0.173497267759563
1671,3,3,"M","0","0",4.23,1280,"Arts & Letters","1","0",NA,1,0.73936170212766,"0","0",0.173497267759563
1672,6,7,"F","0","0",4.36,1400,"Math & Science","1","0",NA,1,0.896933560477002,"0","0",0.123106060606061
1674,4,7,"F","1","0",4.22,1400,"Arts & Letters","1","0",NA,1,0.896933560477002,"0","0",0.123106060606061
1675,6,7,"F","0","0",3.68,1370,"Arts & Letters","1","0",NA,0,0.26978417266187,"0","0",0.00160901045856798
1676,6,7,"F","1","0",3.77,1140,"Arts & Letters","1","1",3.517,1,0.855172413793103,"1","1",1
1677,7,6,"F","1","0",4.18,1540,"Math & Science","1","0",NA,1,0.896933560477002,"0","0",0.123106060606061
1679,7,6,"M","1","0",4.4,1450,"Math & Science","1","0",NA,1,0.896933560477002,"0","0",0.123106060606061
1681,3,3,"F","0","1",3.66,1230,"Business & Economics","1","1",3.21,1,0.855172413793103,"1","1",1
1684,7,6,"M","0","0",4.22,1430,"Math & Science","1","0",NA,1,0.896933560477002,"0","0",0.123106060606061
1686,6,6,"M","1","0",3.95,1350,"Business & Economics","1","0",NA,1,0.896933560477002,"0","0",0.123106060606061
1687,7,6,"M","0","1",3.73,1440,"Math & Science","1","0",NA,0,0.384615384615385,"0","0",0.00160901045856798
1689,6,6,"M","0","0",3.91,1240,"Math & Science","1","0",NA,0,0.245187436676798,"0","0",0.00160901045856798
1692,3,3,"M","1","0",3.95,1450,"Math & Science","1","0",NA,1,0.896933560477002,"0","0",0.123106060606061
1693,6,7,"M","1","0",3.82,1540,"Math & Science","1","0",NA,1,0.896933560477002,"0","0",0.123106060606061
1694,7,7,"M","0","0",4.1,1300,"Business & Economics","1","0",NA,1,0.73936170212766,"0","0",0.173497267759563
1698,2,2,"M","0","1",3.45,1220,"Arts & Letters","1","1",3.021,1,0.855172413793103,"1","1",1
1700,7,7,"M","1","0",3.36,1510,"Math & Science","1","1",2.397,1,0.855172413793103,"1","1",1
1702,4,4,"F","1","0",4.14,1180,"Math & Science","1","1",3.088,1,0.854901960784314,"1","1",1
1703,6,6,"F","1","0",4.14,1280,"Math & Science","1","1",3.761,1,0.73936170212766,"1","0",0.173497267759563
1710,4,6,"F","1","0",4,1360,"Arts & Letters","1","0",NA,1,0.896933560477002,"0","0",0.123106060606061
1714,4,4,"F","1","0",3.29,1290,"Math & Science","1","1",2.773,1,0.855172413793103,"1","1",1
1716,6,6,"F","1","0",3.86,970,"Business & Economics","1","1",2.953,1,0.854901960784314,"1","1",1
1720,5,5,"M","1","0",4,1270,"Business & Economics","1","1",3.263,1,0.73936170212766,"1","0",0.173497267759563
1721,7,7,"F","0","0",4.2,1380,"Arts & Letters","1","1",3.265,1,0.896933560477002,"1","0",0.123106060606061
1725,4,4,"F","1","0",4,1250,"Arts & Letters","1","1",3.725,1,0.854901960784314,"1","1",1
1726,6,4,"M","1","0",3.7,1310,"Business & Economics","1","1",2.674,1,0.855172413793103,"1","1",1
1728,3,7,"M","1","0",4.11,1210,"Math & Science","1","0",NA,1,0.695652173913043,"0","0",0.00160901045856798
1730,4,5,"F","0","0",3.52,1410,"Arts & Letters","1","1",3.465,1,0.855172413793103,"1","1",1
1731,6,4,"F","1","0",4.04,1210,"Arts & Letters","1","0",NA,1,0.695652173913043,"0","0",0.00160901045856798
1735,7,6,"M","1","0",3.55,1450,"Business & Economics","1","0",NA,1,0.880952380952381,"0","0",0.123106060606061
1737,6,6,"F","1","0",3.96,1300,"Business & Economics","1","1",3.16,1,0.73936170212766,"1","0",0.173497267759563
1738,6,4,"F","0","0",4.1,1170,"Math & Science","1","1",2.559,1,0.854901960784314,"1","1",1
1743,7,7,"F","1","0",4.14,1170,"Math & Science","1","1",3.541,1,0.854901960784314,"1","1",1
1747,6,4,"F","1","0",4.25,1430,"Math & Science","1","1",3.386,1,0.896933560477002,"1","0",0.123106060606061
1749,7,3,"M","0","0",3.23,1120,"Business & Economics","1","0",NA,0,0.05676072418855,"0","0",0.00160901045856798
1751,6,6,"F","1","0",4.27,1340,"Arts & Letters","1","0",NA,1,0.73936170212766,"0","0",0.173497267759563
1754,3,2,"F","0","0",3.55,1210,"Math & Science","1","1",3.001,1,0.855172413793103,"1","1",1
1759,1,1,"F","0","0",4.06,750,"Math & Science","1","0",NA,0,0.320754716981132,"0","0",0.00160901045856798
1761,7,3,"F","1","0",3.96,1200,"Math & Science","1","0",NA,0,0.245187436676798,"0","0",0.00160901045856798
1763,4,5,"F","1","0",4.32,1320,"Arts & Letters","1","0",NA,1,0.73936170212766,"0","0",0.173497267759563
1764,6,6,"M","1","0",3.88,1330,"Math & Science","1","0",NA,0,0.378048780487805,"0","0",0.00160901045856798
1766,4,7,"F","1","0",4.09,1280,"Arts & Letters","1","0",NA,1,0.73936170212766,"0","0",0.173497267759563
1767,7,6,"M","1","0",4.27,1480,"Business & Economics","1","0",NA,1,0.896933560477002,"0","0",0.123106060606061
1768,7,6,"M","1","0",4.2,1410,"Business & Economics","1","0",NA,1,0.896933560477002,"0","0",0.123106060606061
1774,6,6,"F","1","0",3.68,1330,"Arts & Letters","1","1",3.468,1,0.855172413793103,"1","1",1
1783,4,5,"M","1","0",3.75,1270,"Math & Science","1","1",3.295,1,0.855172413793103,"1","1",1
1784,1,1,"M","0","0",4,870,"Arts & Letters","1","0",NA,0,0.320754716981132,"0","0",0.00160901045856798
1788,7,7,"F","1","0",4.08,1450,"Arts & Letters","1","0",NA,1,0.896933560477002,"0","0",0.123106060606061
1790,3,3,"F","1","0",3.64,1530,"Math & Science","1","1",2.578,1,0.855172413793103,"1","1",1
1791,7,7,"F","1","0",3.93,1170,"Math & Science","1","0",NA,0,0.245187436676798,"0","0",0.00160901045856798
1795,5,5,"F","1","0",4,1210,"Business & Economics","1","0",NA,0,0.245187436676798,"0","0",0.00160901045856798
1797,7,6,"M","0","0",3.65,1310,"Arts & Letters","1","1",2.984,1,0.855172413793103,"1","1",1
1798,6,7,"M","1","0",4.33,1420,"Arts & Letters","1","0",NA,1,0.896933560477002,"0","0",0.123106060606061
1800,4,4,"F","0","0",3.75,1190,"Math & Science","1","1",3.035,1,0.855172413793103,"1","1",1
1806,7,7,"F","1","0",3.71,1290,"Math & Science","1","1",3.429,1,0.855172413793103,"1","1",1
1808,6,6,"F","0","0",4.35,1460,"Arts & Letters","1","0",NA,1,0.896933560477002,"0","0",0.123106060606061
1812,6,6,"F","1","0",3.27,1370,"Business & Economics","1","1",3.187,1,0.855172413793103,"1","1",1
1813,7,7,"F","1","0",4.08,1240,"Math & Science","1","1",3.658,1,0.854901960784314,"1","1",1
1815,7,4,"F","1","0",4.3,1550,"Business & Economics","1","1",3.224,1,0.896933560477002,"1","0",0.123106060606061
1819,4,6,"F","0","0",3.63,1290,"Arts & Letters","1","0",NA,0,0.26978417266187,"0","0",0.00160901045856798
1821,6,7,"M","0","1",4.09,1340,"Math & Science","1","0",NA,1,0.73936170212766,"0","0",0.173497267759563
1826,6,6,"F","1","0",4.1,1300,"Arts & Letters","1","1",3.817,1,0.73936170212766,"1","0",0.173497267759563
1828,1,1,"F","0","1",3.74,1080,"Business & Economics","1","0",NA,0,0.05676072418855,"0","0",0.00160901045856798
1835,1,1,"F","0","1",3.43,1030,"Math & Science","1","0",NA,0,0.05676072418855,"0","0",0.00160901045856798
1840,6,7,"M","0","0",3.91,1330,"Math & Science","1","0",NA,1,0.73936170212766,"0","0",0.173497267759563
1841,6,7,"F","1","0",3.9,1200,"Business & Economics","1","1",3.456,1,0.854901960784314,"1","1",1
1853,1,3,"F","0","0",4,970,"Math & Science","1","0",NA,0,0.393939393939394,"0","0",0.00160901045856798
1856,1,2,"M","0","0",3.38,1140,"Business & Economics","1","1",2.883,1,0.855172413793103,"1","1",1
1857,1,3,"F","0","0",3.9,810,"Math & Science","1","0",NA,0,0.320754716981132,"0","0",0.00160901045856798
1858,4,4,"M","0","0",2.95,1200,"Math & Science","1","0",NA,0,0.05676072418855,"0","0",0
1862,7,7,"M","1","0",3.95,1530,"Arts & Letters","1","0",NA,1,0.896933560477002,"0","0",0.123106060606061
1878,6,6,"F","1","0",3.77,1460,"Math & Science","1","0",NA,1,0.764705882352941,"0","0",0.173497267759563
1880,6,7,"F","1","0",4.21,1420,"Math & Science","1","0",NA,1,0.896933560477002,"0","0",0.123106060606061
1892,7,5,"M","1","0",4.1,1400,"Business & Economics","1","0",NA,1,0.896933560477002,"0","0",0.123106060606061
1893,7,6,"F","0","0",4.12,1240,"Math & Science","1","0",NA,1,0.590909090909091,"0","0",0.00160901045856798
1895,7,7,"M","1","0",4.36,1380,"Arts & Letters","1","0",NA,1,0.896933560477002,"0","0",0.123106060606061
1896,7,7,"F","1","0",4.08,1360,"Arts & Letters","1","0",NA,1,0.896933560477002,"0","0",0.123106060606061
1898,7,7,"F","0","1",4.32,1240,"Math & Science","1","0",NA,1,0.590909090909091,"0","0",0.00160901045856798
1899,6,6,"M","1","0",3.08,1100,"Business & Economics","1","1",2.524,0,0.24,"1","1",1
1905,1,3,"M","0","0",3.87,1100,"Business & Economics","1","0",NA,0,0.393939393939394,"0","0",0.00160901045856798
1907,7,7,"F","1","0",4.19,1290,"Math & Science","1","0",NA,1,0.73936170212766,"0","0",0.173497267759563
1908,7,6,"F","1","0",4.18,1420,"Business & Economics","1","0",NA,1,0.896933560477002,"0","0",0.123106060606061
1909,6,3,"F","0","0",4,1470,"Arts & Letters","1","0",NA,1,0.896933560477002,"0","0",0.123106060606061
1915,4,6,"M","0","0",4,1180,"Business & Economics","1","0",NA,0,0.245187436676798,"0","0",0.00160901045856798
1920,1,1,"M","0","0",4,1310,"Math & Science","1","0",NA,1,0.73936170212766,"0","0",0.173497267759563
1921,2,3,"F","0","0",3.62,1180,"Math & Science","1","0",NA,0,0.05676072418855,"0","0",0.00160901045856798
1926,4,5,"M","0","0",4.14,1310,"Arts & Letters","1","1",3.799,1,0.73936170212766,"1","0",0.173497267759563
1930,6,7,"F","1","0",4.27,1250,"Math & Science","1","0",NA,1,0.666666666666667,"0","0",0.00160901045856798
1931,7,7,"M","1","0",3.92,1440,"Math & Science","1","1",3.895,1,0.896933560477002,"1","0",0.123106060606061
1932,7,5,"M","0","0",3.95,1490,"Business & Economics","1","0",NA,1,0.896933560477002,"0","0",0.123106060606061
1935,1,1,"F","0","0",4.12,1110,"Math & Science","1","0",NA,1,0.793939393939394,"0","0",0.173497267759563
1936,5,5,"F","0","1",4,1260,"Math & Science","1","0",NA,1,0.73936170212766,"0","0",0.173497267759563
1941,6,6,"M","0","0",4.22,1330,"Business & Economics","1","1",3.94,1,0.73936170212766,"1","0",0.173497267759563
1943,6,6,"M","1","0",3.83,1400,"Math & Science","1","0",NA,1,0.896933560477002,"0","0",0.123106060606061
1944,6,6,"M","1","0",3.67,1560,"Math & Science","1","0",NA,1,0.764705882352941,"0","0",0.173497267759563
1945,7,6,"M","1","0",4.15,1310,"Arts & Letters","1","0",NA,1,0.73936170212766,"0","0",0.173497267759563
1946,4,5,"F","1","0",3.56,1360,"Business & Economics","1","1",3.344,1,0.855172413793103,"1","1",1
1947,6,6,"F","1","0",3.36,1300,"Arts & Letters","1","0",NA,0,0.156017830609212,"0","0",0.00160901045856798
1956,4,4,"F","1","0",3.9,1100,"Arts & Letters","1","1",2.857,1,0.854901960784314,"1","1",1
1959,7,6,"M","1","0",3.86,1370,"Math & Science","1","1",3.434,1,0.896933560477002,"1","0",0.123106060606061
1960,6,6,"F","1","0",4.29,1340,"Math & Science","1","1",3.936,1,0.73936170212766,"1","0",0.173497267759563
1963,7,6,"F","1","0",4.08,1290,"Math & Science","1","0",NA,1,0.73936170212766,"0","0",0.173497267759563
1972,1,1,"M","0","0",3.54,1040,"Math & Science","1","1",2.336,1,0.855172413793103,"1","1",1
1978,6,6,"M","1","0",3.55,1430,"Math & Science","1","1",1.94,1,0.855172413793103,"1","1",1
1979,3,3,"M","0","1",4.27,1420,"Math & Science","1","0",NA,1,0.896933560477002,"0","0",0.123106060606061
1983,2,1,"M","0","0",4.12,1170,"Arts & Letters","1","0",NA,1,0.793939393939394,"0","0",0.173497267759563
1987,5,7,"M","1","0",4.22,1310,"Arts & Letters","1","0",NA,1,0.73936170212766,"0","0",0.173497267759563
1988,7,7,"F","1","0",4.35,1360,"Math & Science","1","0",NA,1,0.896933560477002,"0","0",0.123106060606061
1990,7,7,"F","1","0",3.4,1210,"Business & Economics","1","0",NA,0,0.05676072418855,"0","0",0.00160901045856798
1992,4,6,"F","1","0",4,1210,"Math & Science","1","1",3.375,1,0.854901960784314,"1","1",1
1995,7,6,"M","0","0",4.17,1340,"Arts & Letters","1","0",NA,1,0.73936170212766,"0","0",0.173497267759563
1998,6,6,"M","1","0",4.4,1470,"Arts & Letters","1","0",NA,1,0.896933560477002,"0","0",0.123106060606061
1999,6,6,"F","1","0",4.26,1440,"Math & Science","1","0",NA,1,0.896933560477002,"0","0",0.123106060606061
2000,4,6,"F","1","0",3.81,1220,"Math & Science","1","0",NA,0,0.245187436676798,"0","0",0.00160901045856798
2005,5,6,"F","1","0",4.3,1470,"Arts & Letters","1","0",NA,1,0.896933560477002,"0","0",0.123106060606061
2008,2,2,"F","0","0",3.5,1180,"Arts & Letters","1","0",NA,0,0.05676072418855,"0","0",0.00160901045856798
2009,1,1,"F","0","0",4.05,1180,"Arts & Letters","1","0",NA,1,0.793939393939394,"0","0",0.173497267759563
2011,7,6,"F","1","0",4.25,1440,"Math & Science","1","0",NA,1,0.896933560477002,"0","0",0.123106060606061
2013,6,7,"F","1","0",4.19,1470,"Arts & Letters","1","0",NA,1,0.896933560477002,"0","0",0.123106060606061
2015,4,6,"F","0","0",4.1,1290,"Math & Science","1","0",NA,1,0.73936170212766,"0","0",0.173497267759563
2016,6,6,"F","1","0",3.77,1130,"Arts & Letters","1","1",3.29,1,0.855172413793103,"1","1",1
2017,7,6,"F","1","0",3.95,1270,"Arts & Letters","1","0",NA,1,0.73936170212766,"0","0",0.173497267759563
2018,6,6,"M","1","0",4.4,1550,"Math & Science","1","0",NA,1,0.896933560477002,"0","0",0.123106060606061
2019,4,6,"F","1","0",4.19,1440,"Math & Science","1","0",NA,1,0.896933560477002,"0","0",0.123106060606061
2021,6,6,"F","1","0",3.5,1260,"Arts & Letters","1","1",3.106,1,0.855172413793103,"1","1",1
2023,6,4,"M","1","0",4.31,1430,"Math & Science","1","0",NA,1,0.896933560477002,"0","0",0.123106060606061
2024,7,7,"M","1","0",4.2,1500,"Business & Economics","1","1",3.636,1,0.896933560477002,"1","0",0.123106060606061
2028,2,3,"M","0","0",3.13,1440,"Math & Science","1","0",NA,0,0.156017830609212,"0","0",0.00160901045856798
2030,4,4,"M","1","0",3.32,1480,"Business & Economics","1","1",3.072,1,0.855172413793103,"1","1",1
2033,4,6,"F","1","0",3.53,1310,"Arts & Letters","1","0",NA,0,0.26978417266187,"0","0",0.00160901045856798
2036,6,7,"F","1","0",4.4,1360,"Math & Science","1","0",NA,1,0.896933560477002,"0","0",0.123106060606061
2038,7,7,"F","1","0",4,1530,"Business & Economics","1","0",NA,1,0.896933560477002,"0","0",0.123106060606061
2039,6,6,"F","1","0",4.27,1420,"Math & Science","1","0",NA,1,0.896933560477002,"0","0",0.123106060606061
2044,7,7,"F","1","0",3.96,1190,"Math & Science","1","1",3.629,1,0.854901960784314,"1","1",1
2045,7,7,"M","1","0",3.35,1310,"Business & Economics","1","0",NA,0,0.156017830609212,"0","0",0.00160901045856798
2055,7,7,"F","0","0",3.83,1410,"Math & Science","1","0",NA,1,0.896933560477002,"0","0",0.123106060606061
2057,6,6,"F","0","0",3.69,1250,"Arts & Letters","1","0",NA,0,0.05676072418855,"0","0",0.00160901045856798
2061,6,5,"F","1","0",3.82,1320,"Math & Science","1","1",3.832,1,0.903225806451613,"1","1",1
2063,5,4,"F","0","0",3.3,1100,"Arts & Letters","1","1",2.462,1,0.855172413793103,"1","1",1
2067,6,4,"F","1","0",3.6,1190,"Arts & Letters","1","1",2.013,1,0.855172413793103,"1","1",1
2072,4,7,"F","1","0",4.27,1130,"Arts & Letters","1","0",NA,0,0.308370044052863,"0","0",0.00160901045856798
2073,6,3,"F","0","0",4.06,1100,"Math & Science","1","0",NA,0,0.308370044052863,"0","0",0.00160901045856798
2077,6,7,"M","1","0",3.82,1290,"Business & Economics","1","0",NA,0,0.378048780487805,"0","0",0.00160901045856798
2079,6,6,"F","1","0",4.25,1350,"Arts & Letters","1","0",NA,1,0.896933560477002,"0","0",0.123106060606061
2081,6,6,"F","1","0",4.4,1520,"Business & Economics","1","0",NA,1,0.896933560477002,"0","0",0.123106060606061
2082,7,7,"F","1","0",4.25,1350,"Math & Science","1","0",NA,1,0.896933560477002,"0","0",0.123106060606061
2083,7,7,"F","0","0",3.48,1500,"Math & Science","1","0",NA,0,0.156017830609212,"0","0",0.00160901045856798
2084,6,6,"M","1","0",4.25,1380,"Math & Science","1","1",3.313,1,0.896933560477002,"1","0",0.123106060606061
2085,7,7,"F","1","0",4.19,1530,"Math & Science","1","0",NA,1,0.896933560477002,"0","0",0.123106060606061
2088,6,7,"M","1","0",3.67,1270,"Business & Economics","1","1",2.079,1,0.855172413793103,"1","1",1
2089,7,6,"F","1","0",3.93,1170,"Math & Science","1","0",NA,0,0.245187436676798,"0","0",0.00160901045856798
2091,1,1,"F","0","0",3.35,910,"Arts & Letters","1","0",NA,0,0.05676072418855,"0","0",0.00160901045856798
2094,6,6,"F","1","0",4.31,1460,"Math & Science","1","0",NA,1,0.896933560477002,"0","0",0.123106060606061
2096,6,4,"F","1","0",3.79,1260,"Business & Economics","1","1",3.225,1,0.903225806451613,"1","1",1
2097,6,6,"F","1","0",4.2,1120,"Math & Science","1","1",3,1,0.854901960784314,"1","1",1
2101,6,6,"M","1","0",3.85,1480,"Math & Science","1","0",NA,1,0.896933560477002,"0","0",0.123106060606061
2106,7,7,"M","0","1",4.15,1340,"Math & Science","1","1",3.318,1,0.73936170212766,"1","0",0.173497267759563
2107,4,7,"F","1","0",4.12,1290,"Arts & Letters","1","0",NA,1,0.73936170212766,"0","0",0.173497267759563
2108,6,6,"M","1","0",3.96,1400,"Arts & Letters","1","0",NA,1,0.896933560477002,"0","0",0.123106060606061
2109,6,3,"F","1","0",3.9,1180,"Business & Economics","1","0",NA,0,0.245187436676798,"0","0",0.00160901045856798
2110,3,4,"M","0","0",3.73,1320,"Arts & Letters","1","0",NA,1,0.769230769230769,"0","0",0.173497267759563
2116,6,6,"M","1","0",3.85,1360,"Business & Economics","1","1",2.855,1,0.896933560477002,"1","0",0.123106060606061
2117,7,7,"M","0","0",4.24,1430,"Math & Science","1","0",NA,1,0.896933560477002,"0","0",0.123106060606061
2121,7,6,"M","1","0",3.8,1260,"Business & Economics","1","1",3.081,1,0.903225806451613,"1","1",1
2123,7,7,"F","1","0",4.04,1510,"Business & Economics","1","1",3.772,1,0.896933560477002,"1","0",0.123106060606061
2124,7,6,"F","1","0",4.15,1360,"Arts & Letters","1","0",NA,1,0.896933560477002,"0","0",0.123106060606061
2125,7,7,"F","1","0",4.15,1430,"Arts & Letters","1","0",NA,1,0.896933560477002,"0","0",0.123106060606061
2127,6,7,"F","1","0",4.26,1170,"Business & Economics","1","1",3.535,1,0.854901960784314,"1","1",1
2130,6,7,"F","1","0",3.95,1390,"Math & Science","1","0",NA,1,0.896933560477002,"0","0",0.123106060606061
2131,7,7,"M","0","0",4.04,1430,"Math & Science","1","0",NA,1,0.896933560477002,"0","0",0.123106060606061
2134,7,5,"F","1","0",3.64,1140,"Arts & Letters","1","0",NA,0,0.05676072418855,"0","0",0.00160901045856798
2135,7,6,"F","0","0",3.78,1290,"Arts & Letters","1","1",3.689,1,0.855172413793103,"1","1",1
2137,7,6,"F","1","0",4.27,1480,"Arts & Letters","1","0",NA,1,0.896933560477002,"0","0",0.123106060606061
2145,7,7,"F","1","0",4.14,1250,"Math & Science","1","0",NA,1,0.590909090909091,"0","0",0.00160901045856798
2146,6,7,"M","1","0",4.33,1260,"Arts & Letters","1","0",NA,1,0.73936170212766,"0","0",0.173497267759563
2148,5,7,"M","0","0",3.32,1210,"Arts & Letters","1","0",NA,0,0.05676072418855,"0","0",0.00160901045856798
2150,6,7,"F","1","0",3.77,1270,"Math & Science","1","0",NA,0,0.336,"0","0",0.00160901045856798
2151,6,4,"F","0","0",4.25,1230,"Math & Science","1","1",2.195,1,0.854901960784314,"1","1",1
2154,7,6,"F","1","0",4.3,1430,"Math & Science","1","0",NA,1,0.896933560477002,"0","0",0.123106060606061
2156,3,6,"F","1","0",4.12,1100,"Business & Economics","1","1",3.309,1,0.854901960784314,"1","1",1
2157,6,7,"F","1","0",4.14,1130,"Arts & Letters","1","0",NA,0,0.308370044052863,"0","0",0.00160901045856798
2158,6,6,"F","1","0",3.64,1120,"Arts & Letters","1","0",NA,0,0.05676072418855,"0","0",0.00160901045856798
2164,1,1,"F","0","1",4.32,1320,"Math & Science","1","0",NA,1,0.73936170212766,"0","0",0.173497267759563
2165,7,6,"M","1","0",3.67,1450,"Math & Science","1","0",NA,0,0.384615384615385,"0","0",0.00160901045856798
2166,7,6,"F","0","1",3.93,1350,"Math & Science","1","0",NA,1,0.896933560477002,"0","0",0.123106060606061
2167,1,1,"F","0","0",3.55,1060,"Arts & Letters","1","0",NA,0,0.05676072418855,"0","0",0.00160901045856798
2169,7,7,"F","1","0",3.96,1400,"Math & Science","1","0",NA,1,0.896933560477002,"0","0",0.123106060606061
2170,7,7,"F","1","0",4.14,1190,"Math & Science","1","1",3.321,1,0.854901960784314,"1","1",1
2171,7,6,"M","0","0",3.96,1470,"Math & Science","1","0",NA,1,0.896933560477002,"0","0",0.123106060606061
2195,3,5,"M","0","0",3.55,1170,"Arts & Letters","1","0",NA,0,0.05676072418855,"0","0",0.00160901045856798
2199,3,3,"F","0","1",3.88,1060,"Math & Science","1","0",NA,0,0.245187436676798,"0","0",0.00160901045856798
2200,3,4,"F","1","0",3.95,1130,"Arts & Letters","1","0",NA,0,0.245187436676798,"0","0",0.00160901045856798
2209,6,6,"F","1","0",3.59,1180,"Arts & Letters","1","0",NA,0,0.05676072418855,"0","0",0.00160901045856798
2212,6,6,"M","0","0",4.15,1270,"Arts & Letters","1","0",NA,1,0.73936170212766,"0","0",0.173497267759563
2215,5,6,"F","1","0",4.21,1400,"Arts & Letters","1","1",3.67,1,0.896933560477002,"1","0",0.123106060606061
2217,7,5,"F","1","0",4.4,1410,"Math & Science","1","0",NA,1,0.896933560477002,"0","0",0.123106060606061
2218,5,6,"F","1","0",4.32,1280,"Math & Science","1","0",NA,1,0.73936170212766,"0","0",0.173497267759563
2224,4,4,"F","1","0",4.36,1370,"Math & Science","1","0",NA,1,0.896933560477002,"0","0",0.123106060606061
2227,6,4,"F","1","0",4.05,1420,"Arts & Letters","1","0",NA,1,0.896933560477002,"0","0",0.123106060606061
2233,7,7,"F","0","1",4.17,1480,"Business & Economics","1","0",NA,1,0.896933560477002,"0","0",0.123106060606061
2234,4,6,"M","1","0",3.68,1160,"Business & Economics","1","0",NA,0,0.05676072418855,"0","0",0.00160901045856798
2236,7,6,"M","1","0",3.18,1150,"Business & Economics","1","1",2.789,1,0.84,"1","1",1
2237,6,4,"M","1","0",3.95,1200,"Arts & Letters","1","1",3.32,1,0.854901960784314,"1","1",1
2240,6,6,"F","1","0",3.79,1300,"Math & Science","1","0",NA,0,0.378048780487805,"0","0",0.00160901045856798
2252,7,7,"F","1","0",4.08,1260,"Math & Science","1","1",3.836,1,0.73936170212766,"1","0",0.173497267759563
2253,7,7,"F","1","0",3.85,1410,"Arts & Letters","1","1",3.204,1,0.896933560477002,"1","0",0.123106060606061
2255,5,6,"M","0","1",4.05,1250,"Arts & Letters","1","0",NA,1,0.666666666666667,"0","0",0.00160901045856798
2256,6,4,"M","0","1",3.73,1400,"Math & Science","1","0",NA,0,0.384615384615385,"0","0",0.00160901045856798
2258,4,7,"M","1","0",4.15,1410,"Business & Economics","1","0",NA,1,0.896933560477002,"0","0",0.123106060606061
2260,6,7,"M","1","0",3.8,1500,"Business & Economics","1","1",3.352,1,0.896933560477002,"1","0",0.123106060606061
2263,7,7,"M","1","0",4.08,1430,"Math & Science","1","0",NA,1,0.896933560477002,"0","0",0.123106060606061
2267,6,6,"F","1","0",4.33,1360,"Math & Science","1","0",NA,1,0.896933560477002,"0","0",0.123106060606061
2269,6,6,"M","1","0",4.14,1490,"Math & Science","1","1",3.683,1,0.896933560477002,"1","0",0.123106060606061
2272,7,6,"M","1","0",3.85,1430,"Business & Economics","1","0",NA,1,0.896933560477002,"0","0",0.123106060606061
2277,3,4,"F","1","0",4.03,1130,"Math & Science","1","1",3.539,1,0.854901960784314,"1","1",1
2280,6,4,"F","1","0",4,1210,"Business & Economics","1","0",NA,0,0.245187436676798,"0","0",0.00160901045856798
2281,7,6,"F","0","1",4.17,1410,"Math & Science","1","0",NA,1,0.896933560477002,"0","0",0.123106060606061
2285,7,6,"M","1","0",3.75,1330,"Business & Economics","1","0",NA,1,0.631578947368421,"0","0",0.00160901045856798
2287,7,6,"M","0","1",3.67,1460,"Business & Economics","1","0",NA,1,0.880952380952381,"0","0",0.123106060606061
2288,7,7,"M","1","0",3.57,1230,"Arts & Letters","1","0",NA,0,0.05676072418855,"0","0",0.00160901045856798
2290,1,1,"F","0","0",4.3,1340,"Business & Economics","1","1",3.283,1,0.73936170212766,"1","0",0.173497267759563
2291,6,6,"F","1","0",3.77,1320,"Arts & Letters","1","0",NA,0,0.336,"0","0",0.00160901045856798
2298,6,6,"F","1","0",3.48,1160,"Arts & Letters","1","1",2.776,1,0.855172413793103,"1","1",1
2299,6,7,"M","1","0",3.33,1390,"Business & Economics","1","0",NA,0,0.156017830609212,"0","0",0.00160901045856798
2300,7,6,"F","0","0",4.32,1350,"Math & Science","1","0",NA,1,0.896933560477002,"0","0",0.123106060606061
2301,6,6,"F","1","0",3.96,1420,"Arts & Letters","1","1",3.905,1,0.896933560477002,"1","0",0.123106060606061
2302,7,6,"F","1","0",4.08,1200,"Arts & Letters","1","0",NA,1,0.590909090909091,"0","0",0.00160901045856798
2303,4,4,"F","1","0",3.54,1200,"Math & Science","1","1",2.624,1,0.855172413793103,"1","1",1
2308,4,6,"F","1","0",4.25,900,"Business & Economics","1","0",NA,0,0.308370044052863,"0","0",0.00160901045856798
2309,7,7,"M","1","0",4.1,1290,"Business & Economics","1","0",NA,1,0.73936170212766,"0","0",0.173497267759563
2312,7,7,"F","0","0",4.29,1490,"Math & Science","1","0",NA,1,0.896933560477002,"0","0",0.123106060606061
2316,6,7,"F","1","0",4,1230,"Business & Economics","1","0",NA,0,0.245187436676798,"0","0",0.00160901045856798
2317,7,7,"F","1","0",4.12,1290,"Math & Science","1","0",NA,1,0.73936170212766,"0","0",0.173497267759563
2320,6,6,"F","1","0",4,1320,"Arts & Letters","1","0",NA,1,0.73936170212766,"0","0",0.173497267759563
2322,6,6,"F","1","0",3.55,1310,"Math & Science","1","1",3.11,1,0.855172413793103,"1","1",1
2324,6,6,"F","1","0",4,950,"Arts & Letters","1","0",NA,0,0.245187436676798,"0","0",0.00160901045856798
2329,6,6,"M","1","0",3.1,1210,"Business & Economics","1","1",2.879,1,0.84,"1","1",1
2333,3,3,"F","0","0",3.65,1260,"Arts & Letters","1","0",NA,0,0.05676072418855,"0","0",0.00160901045856798
2345,6,6,"F","1","0",3.77,1350,"Arts & Letters","1","0",NA,0,0.336,"0","0",0.00160901045856798
2349,6,6,"F","1","0",4.18,1400,"Math & Science","1","0",NA,1,0.896933560477002,"0","0",0.123106060606061
2352,6,4,"F","1","0",4.36,1270,"Math & Science","1","1",3.57,1,0.73936170212766,"1","0",0.173497267759563
2358,2,3,"F","0","0",3.46,1170,"Arts & Letters","1","0",NA,0,0.05676072418855,"0","0",0.00160901045856798
2362,6,7,"F","0","0",3.71,1270,"Business & Economics","1","0",NA,1,0.631578947368421,"0","0",0.00160901045856798
2363,7,5,"F","1","0",3.96,1100,"Arts & Letters","1","0",NA,0,0.245187436676798,"0","0",0.00160901045856798
2367,6,6,"M","1","0",3.81,1330,"Business & Economics","1","1",3.326,1,0.903225806451613,"1","1",1
2370,6,6,"M","1","0",4.27,1560,"Math & Science","1","0",NA,1,0.896933560477002,"0","0",0.123106060606061
2371,6,4,"M","1","0",3.79,1350,"Math & Science","1","1",3.354,1,0.896933560477002,"1","0",0.123106060606061
2373,3,3,"F","1","0",4.33,1330,"Arts & Letters","1","0",NA,1,0.73936170212766,"0","0",0.173497267759563
2374,6,4,"F","0","1",3.75,1250,"Business & Economics","1","0",NA,0,0.05676072418855,"0","0",0.00160901045856798
2379,7,2,"F","0","1",4.17,1250,"Math & Science","1","0",NA,1,0.590909090909091,"0","0",0.00160901045856798
2380,3,4,"M","0","0",4.1,1260,"Business & Economics","1","0",NA,1,0.73936170212766,"0","0",0.173497267759563
2382,5,6,"M","1","0",4.18,1180,"Arts & Letters","1","0",NA,1,0.695652173913043,"0","0",0.00160901045856798
2384,6,6,"F","1","0",3.91,1300,"Arts & Letters","1","0",NA,1,0.73936170212766,"0","0",0.173497267759563
2385,7,6,"F","1","0",3.88,1370,"Math & Science","1","0",NA,1,0.896933560477002,"0","0",0.123106060606061
2397,3,2,"M","0","0",3.91,1080,"Math & Science","1","0",NA,0,0.245187436676798,"0","0",0.00160901045856798
2399,6,6,"F","1","0",3.15,1360,"Arts & Letters","1","0",NA,0,0.156017830609212,"0","0",0.00160901045856798
2402,4,4,"M","0","0",3.43,1050,"Math & Science","1","0",NA,0,0.05676072418855,"0","0",0.00160901045856798
2409,6,5,"F","1","0",4.26,1440,"Math & Science","1","0",NA,1,0.896933560477002,"0","0",0.123106060606061
2413,4,6,"F","1","0",3.85,1210,"Business & Economics","1","1",3.541,1,0.854901960784314,"1","1",1
2418,4,7,"F","1","0",4.15,1240,"Math & Science","1","0",NA,1,0.666666666666667,"0","0",0.00160901045856798
2423,7,7,"M","1","0",3.96,1300,"Business & Economics","1","1",3.167,1,0.73936170212766,"1","0",0.173497267759563
2427,7,4,"F","1","0",4.33,1270,"Arts & Letters","1","0",NA,1,0.73936170212766,"0","0",0.173497267759563
2433,6,6,"F","1","0",4.35,1050,"Math & Science","1","0",NA,0,0.308370044052863,"0","0",0.00160901045856798
2445,7,7,"F","1","0",3.9,1190,"Math & Science","1","1",3.82,1,0.854901960784314,"1","1",1
2453,5,3,"M","0","0",3.57,1270,"Arts & Letters","1","0",NA,0,0.26978417266187,"0","0",0.00160901045856798
2454,7,7,"F","1","0",3.6,1240,"Business & Economics","1","0",NA,0,0.05676072418855,"0","0",0.00160901045856798
2467,3,3,"F","0","1",4.33,1390,"Math & Science","1","0",NA,1,0.896933560477002,"0","0",0.123106060606061
2468,7,6,"F","1","0",3.86,1320,"Business & Economics","1","0",NA,0,0.378048780487805,"0","0",0.00160901045856798
2469,7,6,"F","1","0",3.91,1180,"Math & Science","1","0",NA,0,0.245187436676798,"0","0",0.00160901045856798
2472,4,6,"F","1","0",4,1150,"Arts & Letters","1","0",NA,0,0.245187436676798,"0","0",0.00160901045856798
2473,3,7,"F","0","0",3.73,1330,"Math & Science","1","0",NA,1,0.769230769230769,"0","0",0.173497267759563
2477,6,7,"M","1","0",3.95,1200,"Arts & Letters","1","0",NA,0,0.245187436676798,"0","0",0.00160901045856798
2478,7,7,"M","1","0",4.32,1140,"Business & Economics","1","0",NA,0,0.308370044052863,"0","0",0.00160901045856798
2482,7,6,"F","1","0",3.62,1270,"Arts & Letters","1","0",NA,0,0.26978417266187,"0","0",0.00160901045856798
2483,6,6,"F","1","0",3.95,1430,"Math & Science","1","1",3.555,1,0.896933560477002,"1","0",0.123106060606061
2487,7,6,"M","1","0",2.95,1100,"Business & Economics","1","0",NA,0,0.05676072418855,"0","0",0
2488,6,6,"F","0","1",3.92,1560,"Arts & Letters","1","0",NA,1,0.896933560477002,"0","0",0.123106060606061
2494,1,1,"F","0","1",3.77,1090,"Math & Science","1","0",NA,0,0.05676072418855,"0","0",0.00160901045856798
2498,1,1,"F","0","0",4.29,1230,"Math & Science","1","0",NA,1,0.793939393939394,"0","0",0.173497267759563
2500,3,5,"F","1","0",4.23,1110,"Math & Science","1","0",NA,0,0.308370044052863,"0","0",0.00160901045856798
2507,3,4,"F","1","0",4.23,1530,"Arts & Letters","1","0",NA,1,0.896933560477002,"0","0",0.123106060606061
2510,7,7,"F","0","0",4.23,1400,"Arts & Letters","1","0",NA,1,0.896933560477002,"0","0",0.123106060606061
2515,7,6,"F","0","0",3.65,1470,"Math & Science","1","0",NA,1,0.764705882352941,"0","0",0.173497267759563
2516,6,6,"F","1","0",4.17,1260,"Business & Economics","1","0",NA,1,0.73936170212766,"0","0",0.173497267759563
2517,7,5,"F","0","0",4.1,1360,"Arts & Letters","1","0",NA,1,0.896933560477002,"0","0",0.123106060606061
2520,6,6,"F","1","0",3.91,1310,"Arts & Letters","1","0",NA,1,0.73936170212766,"0","0",0.173497267759563
2521,7,7,"F","0","0",3.52,1430,"Math & Science","1","0",NA,1,1,"0","0",0.123106060606061
2535,3,6,"M","0","1",3.91,1330,"Math & Science","1","1",2.767,1,0.73936170212766,"1","0",0.173497267759563
2540,7,6,"M","1","0",3.54,1250,"Arts & Letters","1","0",NA,0,0.05676072418855,"0","0",0.00160901045856798
2543,5,3,"F","1","0",3.5,1150,"Arts & Letters","1","0",NA,0,0.05676072418855,"0","0",0.00160901045856798
2548,6,6,"F","1","0",4.04,1180,"Business & Economics","1","0",NA,1,0.717948717948718,"0","0",0.00160901045856798
2550,2,6,"M","1","0",4,1430,"Math & Science","1","0",NA,1,0.896933560477002,"0","0",0.123106060606061
2561,7,7,"F","1","0",4.25,1530,"Business & Economics","1","0",NA,1,0.896933560477002,"0","0",0.123106060606061
2564,6,6,"F","0","1",3.91,1420,"Arts & Letters","1","0",NA,1,0.896933560477002,"0","0",0.123106060606061
2569,2,2,"F","0","0",4,1260,"Math & Science","1","0",NA,1,0.73936170212766,"0","0",0.173497267759563
2570,3,3,"M","0","1",4.29,1270,"Math & Science","1","0",NA,1,0.73936170212766,"0","0",0.173497267759563
2577,7,7,"F","0","0",4,1080,"Math & Science","1","0",NA,0,0.245187436676798,"0","0",0.00160901045856798
2578,6,7,"F","1","0",3.45,1280,"Arts & Letters","1","1",3.296,1,0.855172413793103,"1","1",1
2585,6,4,"F","0","0",3.85,1070,"Arts & Letters","1","0",NA,0,0.245187436676798,"0","0",0.00160901045856798
2587,7,5,"F","0","0",4.27,1470,"Arts & Letters","1","0",NA,1,0.896933560477002,"0","0",0.123106060606061
2590,1,1,"M","0","1",4.18,1160,"Math & Science","1","0",NA,1,0.793939393939394,"0","0",0.173497267759563
2592,3,3,"M","1","0",3.96,1260,"Business & Economics","1","1",2.77,1,0.73936170212766,"1","0",0.173497267759563
2593,6,7,"F","0","0",4,1160,"Business & Economics","1","1",3.158,1,0.854901960784314,"1","1",1
2594,7,7,"F","1","0",4.05,1480,"Arts & Letters","1","0",NA,1,0.896933560477002,"0","0",0.123106060606061
2596,1,1,"M","0","0",3.65,1060,"Math & Science","1","0",NA,0,0.05676072418855,"0","0",0.00160901045856798
2600,4,3,"F","1","0",4.12,1340,"Arts & Letters","1","1",3.425,1,0.73936170212766,"1","0",0.173497267759563
2603,6,7,"F","1","0",3.77,1410,"Math & Science","1","0",NA,0,0.384615384615385,"0","0",0.00160901045856798
2606,7,6,"F","1","0",3.93,1430,"Arts & Letters","1","0",NA,1,0.896933560477002,"0","0",0.123106060606061
2607,6,7,"F","1","0",4.08,1390,"Arts & Letters","1","0",NA,1,0.896933560477002,"0","0",0.123106060606061
2611,6,4,"F","1","0",4.08,1270,"Math & Science","1","1",3.376,1,0.73936170212766,"1","0",0.173497267759563
2612,7,4,"F","1","0",4.1,1290,"Arts & Letters","1","0",NA,1,0.73936170212766,"0","0",0.173497267759563
2616,7,7,"F","1","0",3.88,1470,"Math & Science","1","0",NA,1,0.896933560477002,"0","0",0.123106060606061
2620,7,3,"F","1","0",4.23,1380,"Math & Science","1","0",NA,1,0.896933560477002,"0","0",0.123106060606061
2622,6,6,"M","1","0",4,1370,"Business & Economics","1","0",NA,1,0.896933560477002,"0","0",0.123106060606061
2623,6,6,"F","0","1",3.75,1270,"Math & Science","1","0",NA,0,0.336,"0","0",0.00160901045856798
2633,7,6,"F","0","0",3.54,1170,"Arts & Letters","1","0",NA,0,0.05676072418855,"0","0",0.00160901045856798
2635,7,6,"F","0","0",4.18,1490,"Math & Science","1","0",NA,1,0.896933560477002,"0","0",0.123106060606061
2636,3,1,"F","0","1",4.17,1130,"Math & Science","1","0",NA,0,0.308370044052863,"0","0",0.00160901045856798
2638,6,6,"F","1","0",4.05,1550,"Business & Economics","1","0",NA,1,0.896933560477002,"0","0",0.123106060606061
2640,6,6,"F","0","1",4.08,1310,"Arts & Letters","1","0",NA,1,0.73936170212766,"0","0",0.173497267759563
2645,6,2,"M","0","1",3.68,1320,"Math & Science","1","0",NA,0,0.26978417266187,"0","0",0.00160901045856798
2647,4,5,"F","0","0",4.19,1180,"Arts & Letters","1","0",NA,1,0.695652173913043,"0","0",0.00160901045856798
2648,5,5,"F","1","0",4.36,1230,"Math & Science","1","0",NA,1,0.666666666666667,"0","0",0.00160901045856798
2650,3,3,"F","0","1",3.86,1470,"Business & Economics","1","0",NA,1,0.896933560477002,"0","0",0.123106060606061
2651,5,4,"M","1","0",3.82,1060,"Arts & Letters","1","0",NA,0,0.245187436676798,"0","0",0.00160901045856798
2653,3,5,"F","1","0",3.79,1340,"Business & Economics","1","0",NA,0,0.378048780487805,"0","0",0.00160901045856798
2658,4,7,"F","0","0",3.88,1230,"Math & Science","1","1",2.646,1,0.854901960784314,"1","1",1
2660,7,7,"F","1","0",4.27,1320,"Math & Science","1","0",NA,1,0.73936170212766,"0","0",0.173497267759563
2662,7,7,"F","0","0",4,1360,"Arts & Letters","1","0",NA,1,0.896933560477002,"0","0",0.123106060606061
2664,7,7,"M","1","0",3.68,1110,"Arts & Letters","1","0",NA,0,0.05676072418855,"0","0",0.00160901045856798
2665,7,6,"F","1","0",4.27,1390,"Math & Science","1","0",NA,1,0.896933560477002,"0","0",0.123106060606061
2666,4,3,"F","0","0",4.38,1410,"Math & Science","1","0",NA,1,0.896933560477002,"0","0",0.123106060606061
2674,7,6,"M","1","0",4.09,1190,"Business & Economics","1","0",NA,1,0.717948717948718,"0","0",0.00160901045856798
2676,6,6,"F","1","0",3.86,1250,"Math & Science","1","1",3.016,1,0.854901960784314,"1","1",1
2682,7,4,"F","1","0",4.17,1400,"Arts & Letters","1","0",NA,1,0.896933560477002,"0","0",0.123106060606061
2684,7,6,"F","1","0",3.5,1410,"Arts & Letters","1","0",NA,0,0.156017830609212,"0","0",0.00160901045856798
2688,6,6,"F","1","0",3.78,1040,"Math & Science","1","1",3.124,1,0.855172413793103,"1","1",1
2691,6,6,"F","1","0",4.36,1220,"Arts & Letters","1","1",3.465,1,0.854901960784314,"1","1",1
2692,7,7,"F","0","0",3.7,1350,"Business & Economics","1","1",2.926,1,0.855172413793103,"1","1",1
2698,7,6,"M","0","0",3.94,1410,"Business & Economics","1","1",3.005,1,0.896933560477002,"1","0",0.123106060606061
2702,3,6,"F","1","0",3.82,1210,"Arts & Letters","1","0",NA,0,0.245187436676798,"0","0",0.00160901045856798
2704,7,7,"F","1","0",4.05,1160,"Business & Economics","1","1",3.14,1,0.854901960784314,"1","1",1
2705,7,6,"M","1","0",4.18,1430,"Business & Economics","1","0",NA,1,0.896933560477002,"0","0",0.123106060606061
2708,3,3,"F","1","0",4,1400,"Arts & Letters","1","0",NA,1,0.896933560477002,"0","0",0.123106060606061
2712,5,3,"F","0","0",4.02,1310,"Arts & Letters","1","0",NA,1,0.73936170212766,"0","0",0.173497267759563
2716,1,1,"M","0","0",4.15,1030,"Arts & Letters","1","0",NA,1,0.793939393939394,"0","0",0.173497267759563
2718,3,4,"F","1","0",3.73,1340,"Math & Science","1","1",3.584,1,0.855172413793103,"1","1",1
2721,3,3,"F","0","0",3.88,1250,"Business & Economics","1","0",NA,0,0.245187436676798,"0","0",0.00160901045856798
2722,6,6,"M","1","0",3.33,1170,"Arts & Letters","1","1",2.911,1,0.855172413793103,"1","1",1
2723,7,6,"F","1","0",4.33,1430,"Business & Economics","1","0",NA,1,0.896933560477002,"0","0",0.123106060606061
2726,6,7,"M","0","0",4.33,1530,"Arts & Letters","1","0",NA,1,0.896933560477002,"0","0",0.123106060606061
2733,6,6,"F","1","0",4,1170,"Business & Economics","1","1",3.247,1,0.854901960784314,"1","1",1
2735,1,1,"F","0","0",4.22,970,"Arts & Letters","1","0",NA,1,0.793939393939394,"0","0",0.173497267759563
2736,3,6,"F","1","0",4.33,1150,"Math & Science","1","0",NA,0,0.308370044052863,"0","0",0.00160901045856798
2743,7,7,"M","1","0",4.09,1330,"Arts & Letters","1","0",NA,1,0.73936170212766,"0","0",0.173497267759563
2745,6,4,"M","1","0",3.73,1340,"Arts & Letters","1","0",NA,0,0.336,"0","0",0.00160901045856798
2746,6,5,"F","0","0",3.71,1050,"Arts & Letters","1","1",3.74,1,0.855172413793103,"1","1",1
2748,7,6,"F","0","0",4.08,1350,"Arts & Letters","1","1",3.82,1,0.896933560477002,"1","0",0.123106060606061
2756,3,3,"M","0","0",4.17,1510,"Math & Science","1","0",NA,1,0.896933560477002,"0","0",0.123106060606061
2757,6,6,"F","1","0",4.04,1330,"Arts & Letters","1","0",NA,1,0.73936170212766,"0","0",0.173497267759563
2759,6,7,"F","1","0",3.75,1460,"Arts & Letters","1","0",NA,1,0.764705882352941,"0","0",0.173497267759563
2761,1,1,"F","0","0",3.73,1010,"Math & Science","1","0",NA,0,0.05676072418855,"0","0",0.00160901045856798
2762,6,3,"M","1","0",3.15,1090,"Business & Economics","1","1",1.886,0,0.24,"1","0",0.00160901045856798
2766,7,6,"M","1","0",3.64,1280,"Arts & Letters","1","1",3.299,1,0.855172413793103,"1","1",1
2769,7,7,"F","0","1",3.88,1280,"Math & Science","1","0",NA,0,0.378048780487805,"0","0",0.00160901045856798
2774,7,7,"F","1","0",3.73,1270,"Arts & Letters","1","0",NA,0,0.336,"0","0",0.00160901045856798
2776,5,5,"F","0","0",3.33,1070,"Arts & Letters","1","0",NA,0,0.05676072418855,"0","0",0.00160901045856798
2777,7,7,"F","1","0",4.18,1430,"Arts & Letters","1","0",NA,1,0.896933560477002,"0","0",0.123106060606061
2780,6,6,"F","1","0",3.62,1320,"Arts & Letters","1","0",NA,0,0.26978417266187,"0","0",0.00160901045856798
2781,4,6,"F","0","0",3.85,1130,"Business & Economics","1","0",NA,0,0.245187436676798,"0","0",0.00160901045856798
2789,1,1,"F","0","0",3.5,970,"Business & Economics","1","0",NA,0,0.05676072418855,"0","0",0.00160901045856798
2792,6,7,"F","1","0",4.23,1400,"Math & Science","1","0",NA,1,0.896933560477002,"0","0",0.123106060606061
2793,1,1,"F","0","0",3.45,850,"Business & Economics","1","1",1.679,1,0.855172413793103,"1","1",1
2798,6,5,"F","1","0",4.32,1460,"Math & Science","1","0",NA,1,0.896933560477002,"0","0",0.123106060606061
2799,5,5,"M","0","1",3.56,1450,"Math & Science","1","0",NA,0,0.227272727272727,"0","0",0.00160901045856798
2802,7,7,"F","1","0",3.92,1530,"Business & Economics","1","0",NA,1,0.896933560477002,"0","0",0.123106060606061
2803,6,6,"F","0","1",3.95,1390,"Arts & Letters","1","0",NA,1,0.896933560477002,"0","0",0.123106060606061
2809,6,7,"M","1","0",4.23,1370,"Math & Science","1","0",NA,1,0.896933560477002,"0","0",0.123106060606061
2811,6,7,"F","1","0",3.88,930,"Math & Science","1","0",NA,0,0.245187436676798,"0","0",0.00160901045856798
2814,7,7,"M","1","0",3.8,1430,"Business & Economics","1","0",NA,1,0.896933560477002,"0","0",0.123106060606061
2819,7,6,"F","1","0",4.23,1180,"Math & Science","1","1",3.46,1,0.854901960784314,"1","1",1
2821,7,6,"M","0","0",3.68,1280,"Business & Economics","1","0",NA,0,0.26978417266187,"0","0",0.00160901045856798
2828,7,7,"F","1","0",3.8,1320,"Arts & Letters","1","1",3.308,1,0.903225806451613,"1","1",1
2832,3,3,"F","0","0",3.15,1320,"Arts & Letters","1","0",NA,0,0.156017830609212,"0","0",0.00160901045856798
2837,3,3,"M","1","0",3.45,1390,"Math & Science","1","1",3.071,1,0.855172413793103,"1","1",1
2839,7,5,"M","0","0",3.71,1150,"Business & Economics","1","1",2.948,1,0.855172413793103,"1","1",1
2845,7,7,"F","1","0",4,1320,"Business & Economics","1","1",3.382,1,0.73936170212766,"1","0",0.173497267759563
2846,3,3,"F","1","0",4.18,1530,"Math & Science","1","0",NA,1,0.896933560477002,"0","0",0.123106060606061
2847,7,6,"F","1","0",4.08,1060,"Math & Science","1","1",3.016,1,0.854901960784314,"1","1",1
2852,4,6,"M","0","1",4.1,1550,"Business & Economics","1","0",NA,1,0.896933560477002,"0","0",0.123106060606061
2853,6,6,"F","1","0",3.8,1280,"Math & Science","1","0",NA,0,0.378048780487805,"0","0",0.00160901045856798
2856,6,5,"F","1","0",4.2,1220,"Arts & Letters","1","0",NA,1,0.666666666666667,"0","0",0.00160901045856798
2857,6,7,"M","1","0",3.67,1250,"Business & Economics","1","1",3.227,1,0.855172413793103,"1","1",1
2861,7,7,"F","1","0",3.58,1260,"Arts & Letters","1","0",NA,0,0.05676072418855,"0","0",0.00160901045856798
2864,7,7,"F","1","0",3.32,1210,"Arts & Letters","1","1",2.93,1,0.855172413793103,"1","1",1
2865,4,3,"F","0","1",4.09,1240,"Math & Science","1","0",NA,1,0.666666666666667,"0","0",0.00160901045856798
2866,6,7,"F","1","0",4.08,1380,"Math & Science","1","0",NA,1,0.896933560477002,"0","0",0.123106060606061
2869,7,7,"F","1","0",4.04,1550,"Business & Economics","1","0",NA,1,0.896933560477002,"0","0",0.123106060606061
2874,6,2,"M","0","0",4.32,1180,"Business & Economics","1","1",3.317,1,0.854901960784314,"1","1",1
2875,4,4,"M","0","0",3.67,1340,"Business & Economics","1","0",NA,0,0.26978417266187,"0","0",0.00160901045856798
2880,4,4,"F","0","0",4.08,1190,"Math & Science","1","0",NA,1,0.695652173913043,"0","0",0.00160901045856798
2883,1,1,"F","0","1",4.28,1120,"Math & Science","1","0",NA,1,0.793939393939394,"0","0",0.173497267759563
2886,6,6,"M","1","0",4,1350,"Math & Science","1","0",NA,1,0.896933560477002,"0","0",0.123106060606061
2888,7,6,"F","0","1",4.32,1370,"Business & Economics","1","0",NA,1,0.896933560477002,"0","0",0.123106060606061
2890,7,6,"F","1","0",4.28,1430,"Math & Science","1","0",NA,1,0.896933560477002,"0","0",0.123106060606061
2892,7,6,"F","0","0",3.43,1250,"Arts & Letters","1","0",NA,0,0.05676072418855,"0","0",0.00160901045856798
2895,7,4,"M","1","0",4.17,1160,"Business & Economics","1","0",NA,1,0.717948717948718,"0","0",0.00160901045856798
2896,6,7,"M","1","0",3.8,1340,"Arts & Letters","1","1",2.392,1,0.903225806451613,"1","1",1
2897,6,6,"M","0","0",4.23,1360,"Business & Economics","1","0",NA,1,0.896933560477002,"0","0",0.123106060606061
2898,6,6,"F","0","1",4.24,1430,"Business & Economics","1","0",NA,1,0.896933560477002,"0","0",0.123106060606061
2900,6,6,"M","0","1",4.05,1390,"Business & Economics","1","0",NA,1,0.896933560477002,"0","0",0.123106060606061
2904,6,6,"F","0","0",4.23,1250,"Business & Economics","1","0",NA,1,0.717948717948718,"0","0",0.00160901045856798
2907,6,6,"M","1","0",3.59,1210,"Business & Economics","1","1",2.905,1,0.855172413793103,"1","1",1
2909,6,6,"M","1","0",3.65,1350,"Business & Economics","1","0",NA,0,0.26978417266187,"0","0",0.00160901045856798
2915,1,1,"F","0","0",4,990,"Math & Science","1","0",NA,1,0.793939393939394,"0","0",0.173497267759563
2916,7,7,"F","0","1",4.25,1230,"Business & Economics","1","0",NA,1,0.717948717948718,"0","0",0.00160901045856798
2923,4,6,"F","1","0",4.36,1420,"Math & Science","1","0",NA,1,0.896933560477002,"0","0",0.123106060606061
2928,7,7,"F","1","0",4,1380,"Arts & Letters","1","0",NA,1,0.896933560477002,"0","0",0.123106060606061
2934,7,7,"M","1","0",3.35,1200,"Arts & Letters","1","0",NA,0,0.05676072418855,"0","0",0.00160901045856798
2936,4,6,"F","1","0",3.6,1230,"Arts & Letters","1","1",2.683,1,0.855172413793103,"1","1",1
2939,7,6,"F","1","0",4.2,1440,"Business & Economics","1","1",3.344,1,0.896933560477002,"1","0",0.123106060606061
2944,6,6,"F","0","0",4.05,1310,"Arts & Letters","1","0",NA,1,0.73936170212766,"0","0",0.173497267759563
2946,4,7,"M","0","0",4.04,1250,"Arts & Letters","1","0",NA,1,0.666666666666667,"0","0",0.00160901045856798
2949,7,7,"F","1","0",3.9,1350,"Business & Economics","1","0",NA,1,0.896933560477002,"0","0",0.123106060606061
2952,4,7,"F","1","0",3.96,1140,"Math & Science","1","0",NA,0,0.245187436676798,"0","0",0.00160901045856798
2955,6,6,"F","0","1",4.3,1110,"Math & Science","1","1",3.502,1,0.854901960784314,"1","1",1
2956,7,7,"F","0","0",4.36,1450,"Arts & Letters","1","1",3.972,1,0.896933560477002,"1","0",0.123106060606061
2957,1,2,"F","0","1",3.9,1090,"Math & Science","1","0",NA,1,0.793939393939394,"0","0",0.173497267759563
2964,6,4,"M","0","1",3.91,1240,"Business & Economics","1","0",NA,0,0.245187436676798,"0","0",0.00160901045856798
2965,4,6,"F","0","0",4.14,1420,"Math & Science","1","1",3.173,1,0.896933560477002,"1","0",0.123106060606061
2968,6,6,"M","1","0",3.92,1210,"Business & Economics","1","1",2.766,1,0.854901960784314,"1","1",1
2970,4,4,"F","1","0",3.41,1110,"Business & Economics","1","1",2.822,1,0.855172413793103,"1","1",1
2975,6,7,"M","1","0",4.21,1320,"Math & Science","1","0",NA,1,0.73936170212766,"0","0",0.173497267759563
2976,7,5,"M","1","0",4.17,1360,"Math & Science","1","1",2.744,1,0.896933560477002,"1","0",0.123106060606061
2994,4,3,"F","0","0",4.04,1210,"Math & Science","1","1",3.461,1,0.854901960784314,"1","1",1
2996,7,6,"F","1","0",4.2,1400,"Math & Science","1","1",3.81,1,0.896933560477002,"1","0",0.123106060606061
2997,4,4,"F","1","0",4.18,1150,"Math & Science","1","1",2.94,1,0.854901960784314,"1","1",1
3000,6,4,"F","1","0",4.04,1320,"Math & Science","1","0",NA,1,0.73936170212766,"0","0",0.173497267759563
3003,6,5,"F","1","0",4.03,1310,"Arts & Letters","1","0",NA,1,0.73936170212766,"0","0",0.173497267759563
3018,4,6,"M","1","0",3.64,1260,"Business & Economics","1","0",NA,0,0.05676072418855,"0","0",0.00160901045856798
3019,3,6,"M","0","0",4,1280,"Business & Economics","1","1",2.864,1,0.73936170212766,"1","0",0.173497267759563
3025,3,6,"M","0","0",3.75,1250,"Business & Economics","1","0",NA,0,0.05676072418855,"0","0",0.00160901045856798
3026,7,6,"M","0","1",3.62,1440,"Math & Science","1","0",NA,0,0.384615384615385,"0","0",0.00160901045856798
3029,7,7,"F","1","0",4.23,1410,"Math & Science","1","0",NA,1,0.896933560477002,"0","0",0.123106060606061
3030,7,7,"M","1","0",4.33,1380,"Math & Science","1","0",NA,1,0.896933560477002,"0","0",0.123106060606061
3034,7,7,"F","1","0",3.77,1350,"Arts & Letters","1","0",NA,0,0.336,"0","0",0.00160901045856798
3035,3,6,"F","1","0",3.89,1170,"Math & Science","1","0",NA,0,0.245187436676798,"0","0",0.00160901045856798
3036,6,5,"F","1","0",3.54,1030,"Business & Economics","1","1",2.767,1,0.855172413793103,"1","1",1
3038,6,4,"F","1","0",3.41,1250,"Arts & Letters","1","1",3.601,1,0.855172413793103,"1","1",1
3042,2,2,"F","1","0",3.95,1250,"Business & Economics","1","0",NA,1,0.793939393939394,"0","0",0.173497267759563
3043,7,4,"F","1","0",3.68,1090,"Business & Economics","1","0",NA,0,0.05676072418855,"0","0",0.00160901045856798
3045,7,7,"F","1","0",3.96,1330,"Math & Science","1","0",NA,1,0.73936170212766,"0","0",0.173497267759563
3046,3,7,"F","1","0",4.04,1250,"Math & Science","1","1",3.097,1,0.854901960784314,"1","1",1
3047,6,6,"M","0","0",3.58,1510,"Business & Economics","1","0",NA,1,0.880952380952381,"0","0",0.123106060606061
3050,3,6,"F","1","0",3.9,1170,"Arts & Letters","1","0",NA,0,0.245187436676798,"0","0",0.00160901045856798
3056,6,7,"F","1","0",4.05,1260,"Arts & Letters","1","0",NA,1,0.73936170212766,"0","0",0.173497267759563
3063,6,6,"F","1","0",3.95,1070,"Arts & Letters","1","0",NA,0,0.245187436676798,"0","0",0.00160901045856798
3071,6,6,"F","1","0",4.05,1440,"Math & Science","1","0",NA,1,0.896933560477002,"0","0",0.123106060606061
3072,6,6,"F","1","0",4.12,1200,"Business & Economics","1","1",3.348,1,0.854901960784314,"1","1",1
3073,5,6,"M","0","0",3.85,1020,"Business & Economics","1","1",2.637,1,0.854901960784314,"1","1",1
3075,6,6,"F","1","0",3.33,1270,"Math & Science","1","0",NA,0,0.156017830609212,"0","0",0.00160901045856798
3076,3,5,"F","1","0",4.05,1320,"Math & Science","1","0",NA,1,0.73936170212766,"0","0",0.173497267759563
3080,7,6,"M","1","0",4.18,1390,"Math & Science","1","0",NA,1,0.896933560477002,"0","0",0.123106060606061
3089,7,5,"F","1","0",3.86,1200,"Math & Science","1","1",2.782,1,0.854901960784314,"1","1",1
3090,6,4,"F","0","0",4,1240,"Math & Science","1","0",NA,0,0.245187436676798,"0","0",0.00160901045856798
3091,7,6,"F","1","0",4.3,1470,"Math & Science","1","0",NA,1,0.896933560477002,"0","0",0.123106060606061
3092,6,4,"F","1","0",3.81,1210,"Arts & Letters","1","1",3.215,1,0.854901960784314,"1","1",1
3093,7,5,"M","1","0",3.75,1330,"Math & Science","1","1",2.994,1,0.855172413793103,"1","1",1
3094,6,6,"M","1","0",3.65,1170,"Business & Economics","1","1",3.2,1,0.855172413793103,"1","1",1
3095,6,6,"F","1","0",3.33,1290,"Arts & Letters","1","0",NA,0,0.156017830609212,"0","0",0.00160901045856798
3098,6,7,"F","1","0",3.82,1320,"Arts & Letters","1","1",3.584,1,0.903225806451613,"1","1",1
3100,6,6,"M","0","1",3.58,1320,"Math & Science","1","1",2.303,1,0.855172413793103,"1","1",1
3111,7,6,"F","1","0",3.96,1350,"Math & Science","1","0",NA,1,0.896933560477002,"0","0",0.123106060606061
3114,6,7,"F","1","0",4.22,1120,"Arts & Letters","1","0",NA,0,0.308370044052863,"0","0",0.00160901045856798
3115,6,7,"F","1","0",4.04,1350,"Arts & Letters","1","1",3.658,1,0.896933560477002,"1","0",0.123106060606061
3117,7,7,"M","1","0",4.27,1390,"Math & Science","1","0",NA,1,0.896933560477002,"0","0",0.123106060606061
3120,7,7,"F","1","0",4.2,1440,"Arts & Letters","1","0",NA,1,0.896933560477002,"0","0",0.123106060606061
3121,7,7,"M","1","0",4.05,1310,"Arts & Letters","1","0",NA,1,0.73936170212766,"0","0",0.173497267759563
3128,7,3,"F","1","0",4.32,1350,"Math & Science","1","0",NA,1,0.896933560477002,"0","0",0.123106060606061
3131,3,3,"F","1","0",4,1510,"Arts & Letters","1","0",NA,1,0.896933560477002,"0","0",0.123106060606061
3132,6,6,"F","0","0",3.78,1200,"Business & Economics","1","0",NA,0,0.05676072418855,"0","0",0.00160901045856798
3140,7,7,"F","1","0",3.92,1380,"Arts & Letters","1","0",NA,1,0.896933560477002,"0","0",0.123106060606061
3141,7,3,"F","0","1",3.64,1320,"Math & Science","1","1",2.493,1,0.855172413793103,"1","1",1
3143,6,6,"F","1","0",3.88,1320,"Arts & Letters","1","1",3.57,1,0.903225806451613,"1","1",1
3145,6,6,"F","0","0",3.65,1060,"Arts & Letters","1","0",NA,0,0.05676072418855,"0","0",0.00160901045856798
3146,7,7,"F","1","0",3.92,1030,"Arts & Letters","1","0",NA,0,0.245187436676798,"0","0",0.00160901045856798
3153,7,6,"M","1","0",4.12,1410,"Math & Science","1","0",NA,1,0.896933560477002,"0","0",0.123106060606061
3156,6,6,"F","1","0",4.33,1510,"Math & Science","1","0",NA,1,0.896933560477002,"0","0",0.123106060606061
3159,6,6,"F","1","0",4,1350,"Math & Science","1","0",NA,1,0.896933560477002,"0","0",0.123106060606061
3163,7,7,"F","1","0",4.36,1350,"Arts & Letters","1","0",NA,1,0.896933560477002,"0","0",0.123106060606061
3168,6,6,"M","1","0",3.9,1300,"Business & Economics","1","0",NA,1,0.73936170212766,"0","0",0.173497267759563
3173,1,1,"F","0","0",4.29,990,"Math & Science","1","0",NA,1,0.793939393939394,"0","0",0.173497267759563
3181,4,6,"F","0","0",3.68,1170,"Arts & Letters","1","0",NA,0,0.05676072418855,"0","0",0.00160901045856798
3184,6,6,"F","0","1",3.83,1270,"Business & Economics","1","0",NA,0,0.378048780487805,"0","0",0.00160901045856798
3186,6,6,"M","1","0",4.2,1210,"Business & Economics","1","1",3.131,1,0.854901960784314,"1","1",1
3197,6,4,"F","1","0",2.85,1110,"Arts & Letters","1","1",2.255,1,0.84,"1","1",1
3198,7,7,"M","1","0",3.47,1430,"Business & Economics","1","0",NA,0,0.156017830609212,"0","0",0.00160901045856798
3202,3,3,"M","0","0",3.48,1310,"Business & Economics","1","0",NA,0,0.156017830609212,"0","0",0.00160901045856798
3204,3,3,"M","1","0",4.06,1300,"Math & Science","1","0",NA,1,0.73936170212766,"0","0",0.173497267759563
3211,1,1,"M","0","0",4.1,1030,"Math & Science","1","0",NA,1,0.793939393939394,"0","0",0.173497267759563
3226,6,5,"M","1","0",4.22,1450,"Business & Economics","1","1",3.785,1,0.896933560477002,"1","0",0.123106060606061
3234,2,6,"M","0","1",3.52,1360,"Math & Science","1","0",NA,1,0.916666666666667,"0","0",0.123106060606061
3239,7,6,"F","1","0",4.4,1430,"Math & Science","1","0",NA,1,0.896933560477002,"0","0",0.123106060606061
3240,6,7,"F","1","0",4.07,1110,"Arts & Letters","1","0",NA,0,0.308370044052863,"0","0",0.00160901045856798
3255,7,7,"F","0","1",3.83,1500,"Math & Science","1","1",3.292,1,0.896933560477002,"1","0",0.123106060606061
3256,7,7,"F","1","0",4,1300,"Business & Economics","1","0",NA,1,0.73936170212766,"0","0",0.173497267759563
3258,6,7,"F","1","0",4.08,1290,"Arts & Letters","1","0",NA,1,0.73936170212766,"0","0",0.173497267759563
3259,7,6,"M","0","1",3.77,1290,"Business & Economics","1","1",3.456,1,0.855172413793103,"1","1",1
3261,6,6,"M","0","1",4.3,1190,"Arts & Letters","1","0",NA,1,0.695652173913043,"0","0",0.00160901045856798
3268,7,7,"F","0","0",4.12,1160,"Math & Science","1","0",NA,1,0.590909090909091,"0","0",0.00160901045856798
3270,7,5,"M","1","0",4.09,1310,"Arts & Letters","1","1",4,1,0.73936170212766,"1","0",0.173497267759563
3271,7,7,"M","0","1",4.17,1380,"Math & Science","1","0",NA,1,0.896933560477002,"0","0",0.123106060606061
3273,7,6,"F","1","0",3.5,1340,"Arts & Letters","1","0",NA,0,0.156017830609212,"0","0",0.00160901045856798
3274,7,6,"F","1","0",4.09,1290,"Arts & Letters","1","0",NA,1,0.73936170212766,"0","0",0.173497267759563
3276,6,6,"F","0","0",4.33,1240,"Arts & Letters","1","0",NA,1,0.666666666666667,"0","0",0.00160901045856798
3277,4,1,"F","0","0",3.4,1110,"Arts & Letters","1","0",NA,0,0.05676072418855,"0","0",0.00160901045856798
3286,3,3,"F","0","0",4.08,1320,"Math & Science","1","0",NA,1,0.73936170212766,"0","0",0.173497267759563
3292,2,1,"F","0","0",3.62,950,"Business & Economics","1","0",NA,0,0.05676072418855,"0","0",0.00160901045856798
3295,7,7,"M","0","0",4.23,1240,"Arts & Letters","1","1",3.673,1,0.854901960784314,"1","1",1
3296,3,6,"F","0","1",3.7,1010,"Math & Science","1","1",3.257,1,0.855172413793103,"1","1",1
3297,7,7,"M","1","0",4.1,1320,"Business & Economics","1","1",3.134,1,0.73936170212766,"1","0",0.173497267759563
3302,7,5,"F","1","0",3.64,1140,"Arts & Letters","1","0",NA,0,0.05676072418855,"0","0",0.00160901045856798
3303,6,6,"F","1","0",3.3,1070,"Arts & Letters","1","1",2.623,1,0.855172413793103,"1","1",1
3313,6,6,"M","1","0",3.6,1490,"Business & Economics","1","0",NA,1,0.880952380952381,"0","0",0.123106060606061
3318,2,2,"M","1","0",3.1,1100,"Business & Economics","1","1",1.543,0,0.24,"1","1",1
3319,6,6,"F","1","0",4.09,1200,"Business & Economics","1","0",NA,1,0.717948717948718,"0","0",0.00160901045856798
3327,6,6,"F","1","0",3.77,1280,"Arts & Letters","1","0",NA,0,0.336,"0","0",0.00160901045856798
3337,6,4,"F","1","0",4.1,1360,"Math & Science","1","0",NA,1,0.896933560477002,"0","0",0.123106060606061
3340,6,6,"F","1","0",4.05,1290,"Business & Economics","1","0",NA,1,0.73936170212766,"0","0",0.173497267759563
3341,7,7,"F","1","0",4.21,1180,"Arts & Letters","1","1",3.306,1,0.854901960784314,"1","1",1
3342,6,6,"F","1","0",3.7,1160,"Arts & Letters","1","0",NA,0,0.05676072418855,"0","0",0.00160901045856798
3347,6,3,"F","1","0",3.67,1140,"Arts & Letters","1","0",NA,0,0.05676072418855,"0","0",0.00160901045856798
3349,6,4,"F","1","0",4.17,1270,"Arts & Letters","1","0",NA,1,0.73936170212766,"0","0",0.173497267759563
3351,7,6,"M","1","0",3.96,1350,"Business & Economics","1","0",NA,1,0.896933560477002,"0","0",0.123106060606061
3361,7,7,"F","1","0",4.36,1420,"Arts & Letters","1","0",NA,1,0.896933560477002,"0","0",0.123106060606061
3363,5,6,"F","0","1",3.82,1360,"Math & Science","1","0",NA,1,0.896933560477002,"0","0",0.123106060606061
3364,4,4,"F","1","0",3.73,1340,"Arts & Letters","1","0",NA,0,0.336,"0","0",0.00160901045856798
3369,7,7,"F","1","0",4,1170,"Math & Science","1","1",3.113,1,0.854901960784314,"1","1",1
3373,4,4,"M","0","1",3.83,1260,"Math & Science","1","1",2.284,1,0.903225806451613,"1","1",1
3374,6,6,"M","1","0",4.05,1250,"Business & Economics","1","0",NA,1,0.717948717948718,"0","0",0.00160901045856798
3377,6,6,"F","1","0",3.35,1100,"Arts & Letters","1","0",NA,0,0.05676072418855,"0","0",0.00160901045856798
3381,6,6,"F","0","0",4.15,1250,"Math & Science","1","0",NA,1,0.666666666666667,"0","0",0.00160901045856798
3385,4,6,"F","1","0",3.73,1180,"Arts & Letters","1","1",3.236,1,0.855172413793103,"1","1",1
3386,2,3,"F","0","0",3.86,1090,"Arts & Letters","1","0",NA,0,0.393939393939394,"0","0",0.00160901045856798
3389,6,6,"F","1","0",3.89,1440,"Arts & Letters","1","0",NA,1,0.896933560477002,"0","0",0.123106060606061
3391,7,6,"M","1","0",4.14,1170,"Math & Science","1","0",NA,1,0.590909090909091,"0","0",0.00160901045856798
3395,7,7,"F","1","0",3.92,1230,"Arts & Letters","1","1",3.372,1,0.854901960784314,"1","1",1
3397,7,4,"M","1","0",3.35,1410,"Arts & Letters","1","0",NA,0,0.156017830609212,"0","0",0.00160901045856798
3402,3,4,"F","1","0",3.9,1220,"Business & Economics","1","0",NA,0,0.245187436676798,"0","0",0.00160901045856798
3412,7,7,"F","1","0",3.96,1320,"Math & Science","1","0",NA,1,0.73936170212766,"0","0",0.173497267759563
3414,3,6,"M","1","0",3.45,1330,"Math & Science","1","0",NA,0,0.156017830609212,"0","0",0.00160901045856798
3425,5,7,"M","1","0",3.68,1250,"Business & Economics","1","1",3.245,1,0.855172413793103,"1","1",1
3429,7,7,"M","1","0",4.31,1400,"Math & Science","1","0",NA,1,0.896933560477002,"0","0",0.123106060606061
3437,7,7,"M","1","0",4.1,1580,"Arts & Letters","1","0",NA,1,0.896933560477002,"0","0",0.123106060606061
3438,1,1,"M","0","0",3.52,1140,"Math & Science","1","1",3.271,1,0.855172413793103,"1","1",1
3442,7,6,"F","0","1",3.85,1350,"Math & Science","1","0",NA,1,0.896933560477002,"0","0",0.123106060606061
3443,6,7,"F","1","0",3.7,1220,"Math & Science","1","0",NA,0,0.05676072418855,"0","0",0.00160901045856798
3446,6,6,"F","0","1",4.25,1450,"Math & Science","1","0",NA,1,0.896933560477002,"0","0",0.123106060606061
3449,2,3,"F","0","0",3.5,1350,"Math & Science","1","0",NA,0,0.156017830609212,"0","0",0.00160901045856798
3450,5,6,"M","1","0",4.08,1180,"Math & Science","1","0",NA,1,0.695652173913043,"0","0",0.00160901045856798
3463,6,6,"F","1","0",3.92,1460,"Business & Economics","1","1",2.936,1,0.896933560477002,"1","0",0.123106060606061
3468,2,2,"M","0","0",3.91,970,"Arts & Letters","1","0",NA,1,0.793939393939394,"0","0",0.173497267759563
3471,4,4,"F","1","0",4.05,1210,"Business & Economics","1","0",NA,1,0.717948717948718,"0","0",0.00160901045856798
3475,3,3,"M","0","1",4.35,1240,"Math & Science","1","0",NA,1,0.666666666666667,"0","0",0.00160901045856798
3476,7,6,"F","1","0",3.7,1310,"Arts & Letters","1","0",NA,0,0.336,"0","0",0.00160901045856798
3478,7,7,"F","1","0",4.05,1420,"Arts & Letters","1","0",NA,1,0.896933560477002,"0","0",0.123106060606061
3481,6,6,"F","1","0",3.9,1190,"Math & Science","1","0",NA,0,0.245187436676798,"0","0",0.00160901045856798
3484,6,6,"F","1","0",4.2,1210,"Business & Economics","1","1",3.451,1,0.854901960784314,"1","1",1
3489,7,7,"F","1","0",4.33,1570,"Math & Science","1","1",4,1,0.896933560477002,"1","0",0.123106060606061
3490,6,4,"F","1","0",3.55,1230,"Business & Economics","1","1",2.479,1,0.855172413793103,"1","1",1
3493,3,7,"M","1","0",3.55,1430,"Business & Economics","1","1",3.269,1,0.855172413793103,"1","1",1
3497,4,4,"M","0","0",3.68,1190,"Math & Science","1","1",2.565,1,0.855172413793103,"1","1",1
3498,6,4,"F","1","0",3.29,1040,"Arts & Letters","1","1",2.467,1,0.855172413793103,"1","1",1
3503,2,1,"F","1","0",3.5,1080,"Math & Science","1","1",2.853,1,0.855172413793103,"1","1",1
3508,7,6,"F","1","0",3.09,1500,"Arts & Letters","1","0",NA,0,0.156017830609212,"0","0",0
3512,6,6,"M","1","0",3.68,1530,"Arts & Letters","1","0",NA,1,0.764705882352941,"0","0",0.173497267759563
3513,7,7,"M","1","0",4.35,1240,"Business & Economics","1","0",NA,1,0.717948717948718,"0","0",0.00160901045856798
3516,7,6,"F","0","1",3.9,1410,"Business & Economics","1","0",NA,1,0.896933560477002,"0","0",0.123106060606061
3520,3,3,"F","0","0",4.33,1280,"Math & Science","1","0",NA,1,0.73936170212766,"0","0",0.173497267759563
3521,6,7,"F","1","0",3.21,1310,"Arts & Letters","1","1",2.413,1,0.84,"1","1",1
3523,7,6,"M","0","0",4.18,1480,"Business & Economics","1","0",NA,1,0.896933560477002,"0","0",0.123106060606061
3524,6,7,"F","1","0",3.8,1370,"Math & Science","1","0",NA,1,0.896933560477002,"0","0",0.123106060606061
3530,6,4,"F","0","1",4.09,1400,"Math & Science","1","0",NA,1,0.896933560477002,"0","0",0.123106060606061
3531,6,7,"F","1","0",3.68,1350,"Business & Economics","1","0",NA,0,0.26978417266187,"0","0",0.00160901045856798
3537,7,6,"M","0","0",4,1340,"Business & Economics","1","1",3.21,1,0.73936170212766,"1","0",0.173497267759563
3540,7,6,"F","0","0",4.05,1190,"Business & Economics","1","1",3.443,1,0.854901960784314,"1","1",1
3541,5,2,"F","1","0",3.69,1120,"Math & Science","1","1",3.298,1,0.855172413793103,"1","1",1
3546,4,3,"M","1","0",3.5,1430,"Math & Science","1","1",3.188,1,0.855172413793103,"1","1",1
3550,7,6,"M","0","1",4.17,1310,"Business & Economics","1","0",NA,1,0.73936170212766,"0","0",0.173497267759563
3553,2,7,"F","0","0",4.05,1030,"Math & Science","1","0",NA,0,0.393939393939394,"0","0",0.00160901045856798
3558,2,1,"F","0","0",3.5,1190,"Math & Science","1","0",NA,0,0.05676072418855,"0","0",0.00160901045856798
3564,3,2,"F","0","0",4.25,1030,"Business & Economics","1","0",NA,0,0.308370044052863,"0","0",0.00160901045856798
3565,7,6,"F","1","0",3.65,1160,"Math & Science","1","1",2.925,1,0.855172413793103,"1","1",1
3571,1,1,"M","0","0",4.11,1280,"Math & Science","1","0",NA,1,0.73936170212766,"0","0",0.173497267759563
3584,4,6,"F","1","0",4.14,1220,"Arts & Letters","1","1",3.417,1,0.854901960784314,"1","1",1
3586,7,7,"F","1","0",3.8,1320,"Math & Science","1","0",NA,0,0.378048780487805,"0","0",0.00160901045856798
3589,6,4,"F","1","0",3.75,1110,"Arts & Letters","1","0",NA,0,0.05676072418855,"0","0",0.00160901045856798
3591,7,6,"M","1","0",3.94,1220,"Business & Economics","1","0",NA,0,0.245187436676798,"0","0",0.00160901045856798
3592,7,7,"F","1","0",4.25,1250,"Business & Economics","1","0",NA,1,0.717948717948718,"0","0",0.00160901045856798
3594,7,7,"F","1","0",3.97,1270,"Math & Science","1","1",3.389,1,0.73936170212766,"1","0",0.173497267759563
3596,6,6,"F","1","0",3.86,1480,"Business & Economics","1","0",NA,1,0.896933560477002,"0","0",0.123106060606061
3597,6,7,"F","0","0",4.28,1410,"Business & Economics","1","0",NA,1,0.896933560477002,"0","0",0.123106060606061
3598,4,4,"M","0","1",4.09,1370,"Business & Economics","1","1",2.604,1,0.896933560477002,"1","0",0.123106060606061
3601,6,7,"M","0","0",4.17,1550,"Arts & Letters","1","0",NA,1,0.896933560477002,"0","0",0.123106060606061
3605,6,6,"M","1","0",3.92,1390,"Business & Economics","1","0",NA,1,0.896933560477002,"0","0",0.123106060606061
3608,7,7,"F","1","0",4.18,1400,"Math & Science","1","0",NA,1,0.896933560477002,"0","0",0.123106060606061
3610,6,6,"F","1","0",4.08,1410,"Business & Economics","1","0",NA,1,0.896933560477002,"0","0",0.123106060606061
3624,7,4,"M","0","1",4.04,1370,"Business & Economics","1","0",NA,1,0.896933560477002,"0","0",0.123106060606061
3625,4,4,"F","1","0",3.96,1070,"Math & Science","1","0",NA,0,0.245187436676798,"0","0",0.00160901045856798
3626,7,7,"F","0","0",4.1,1190,"Arts & Letters","1","0",NA,1,0.590909090909091,"0","0",0.00160901045856798
3628,6,5,"F","1","0",4,1170,"Math & Science","1","0",NA,0,0.245187436676798,"0","0",0.00160901045856798
3632,7,6,"F","1","0",3.83,1280,"Math & Science","1","0",NA,0,0.378048780487805,"0","0",0.00160901045856798
3638,7,6,"F","1","0",3.64,1240,"Arts & Letters","1","1",3.421,1,0.855172413793103,"1","1",1
3645,6,5,"F","0","0",3.68,1130,"Arts & Letters","1","0",NA,0,0.05676072418855,"0","0",0.00160901045856798
3652,7,7,"F","1","0",4,1310,"Business & Economics","1","0",NA,1,0.73936170212766,"0","0",0.173497267759563
3655,7,7,"F","1","0",4.29,1470,"Arts & Letters","1","0",NA,1,0.896933560477002,"0","0",0.123106060606061
3656,6,7,"M","1","0",3.95,1510,"Business & Economics","1","0",NA,1,0.896933560477002,"0","0",0.123106060606061
3659,6,6,"F","1","0",3.08,1270,"Business & Economics","1","1",2.571,1,0.84,"1","1",1
3662,6,3,"M","0","0",4.27,1130,"Math & Science","1","0",NA,0,0.308370044052863,"0","0",0.00160901045856798
3667,2,1,"M","0","1",4.09,1330,"Math & Science","1","0",NA,1,0.73936170212766,"0","0",0.173497267759563
3668,6,6,"F","1","0",3.62,1260,"Arts & Letters","1","0",NA,0,0.05676072418855,"0","0",0.00160901045856798
3675,7,7,"F","1","0",4.31,1600,"Math & Science","1","0",NA,1,0.896933560477002,"0","0",0.123106060606061
3683,6,7,"M","0","1",4.08,1260,"Business & Economics","1","0",NA,1,0.73936170212766,"0","0",0.173497267759563
3687,4,6,"F","0","1",4.27,1530,"Math & Science","1","0",NA,1,0.896933560477002,"0","0",0.123106060606061
3688,6,6,"M","1","0",3.45,1180,"Business & Economics","1","1",2.66,1,0.855172413793103,"1","1",1
3690,6,7,"F","0","0",4.14,1380,"Math & Science","1","1",2.957,1,0.896933560477002,"1","0",0.123106060606061
3693,6,7,"F","1","0",3.62,1220,"Math & Science","1","1",2.628,1,0.855172413793103,"1","1",1
3697,6,6,"M","1","0",3.83,1360,"Business & Economics","1","1",3.367,1,0.896933560477002,"1","0",0.123106060606061
3698,7,7,"F","0","0",3.95,1210,"Arts & Letters","1","0",NA,0,0.245187436676798,"0","0",0.00160901045856798
3699,7,4,"F","1","0",4.15,1360,"Arts & Letters","1","0",NA,1,0.896933560477002,"0","0",0.123106060606061
3705,3,3,"M","0","0",3.22,1100,"Business & Economics","1","0",NA,0,0.05676072418855,"0","0",0.00160901045856798
3711,5,5,"M","1","0",4.12,1130,"Math & Science","1","1",2.806,1,0.854901960784314,"1","1",1
3715,6,6,"F","1","0",4.27,1250,"Business & Economics","1","1",3.107,1,0.854901960784314,"1","1",1
3716,2,7,"F","1","0",3.18,1110,"Arts & Letters","1","1",2.838,1,0.84,"1","1",1
3724,7,7,"F","1","0",3.86,1350,"Business & Economics","1","0",NA,1,0.896933560477002,"0","0",0.123106060606061
3729,6,7,"M","0","1",3.78,1420,"Math & Science","1","1",3.047,1,0.855172413793103,"1","1",1
3730,6,5,"M","0","0",3.62,1420,"Math & Science","1","0",NA,0,0.384615384615385,"0","0",0.00160901045856798
3733,7,6,"M","0","0",3.86,1460,"Business & Economics","1","0",NA,1,0.896933560477002,"0","0",0.123106060606061
3736,7,7,"F","0","1",4.18,1350,"Math & Science","1","0",NA,1,0.896933560477002,"0","0",0.123106060606061
3737,2,2,"F","0","1",3.91,1080,"Business & Economics","1","0",NA,1,0.793939393939394,"0","0",0.173497267759563
3739,6,5,"F","0","0",4.28,1550,"Arts & Letters","1","0",NA,1,0.896933560477002,"0","0",0.123106060606061
3743,6,7,"F","1","0",3.95,1360,"Arts & Letters","1","0",NA,1,0.896933560477002,"0","0",0.123106060606061
3747,7,7,"M","1","0",4.04,1410,"Math & Science","1","0",NA,1,0.896933560477002,"0","0",0.123106060606061
3750,6,6,"F","0","0",4.13,1050,"Arts & Letters","1","0",NA,0,0.308370044052863,"0","0",0.00160901045856798
3752,5,6,"F","1","0",4.32,1340,"Business & Economics","1","0",NA,1,0.73936170212766,"0","0",0.173497267759563
3753,6,3,"M","1","0",3.91,1370,"Math & Science","1","1",2.767,1,0.896933560477002,"1","0",0.123106060606061
3756,3,6,"F","1","0",4.09,1310,"Arts & Letters","1","0",NA,1,0.73936170212766,"0","0",0.173497267759563
3758,6,6,"F","1","0",3.91,1230,"Math & Science","1","1",3.573,1,0.854901960784314,"1","1",1
3763,6,7,"M","0","0",3.65,1300,"Math & Science","1","0",NA,0,0.26978417266187,"0","0",0.00160901045856798
3764,3,3,"M","1","0",4.08,1110,"Business & Economics","1","1",3.081,1,0.854901960784314,"1","1",1
3766,3,7,"F","1","0",3.71,1430,"Arts & Letters","1","0",NA,0,0.384615384615385,"0","0",0.00160901045856798
3768,6,6,"F","0","0",3.86,1490,"Math & Science","1","0",NA,1,0.896933560477002,"0","0",0.123106060606061
3769,7,7,"F","1","0",4.36,1410,"Arts & Letters","1","0",NA,1,0.896933560477002,"0","0",0.123106060606061
3774,6,6,"M","1","0",4.05,1280,"Business & Economics","1","0",NA,1,0.73936170212766,"0","0",0.173497267759563
3775,4,7,"F","1","0",4.1,1480,"Arts & Letters","1","0",NA,1,0.896933560477002,"0","0",0.123106060606061
3781,7,7,"M","1","0",3.28,1440,"Math & Science","1","1",2.899,1,0.855172413793103,"1","1",1
3782,4,5,"F","0","0",4.11,1190,"Arts & Letters","1","0",NA,1,0.695652173913043,"0","0",0.00160901045856798
3788,4,7,"F","1","0",3.69,1350,"Arts & Letters","1","0",NA,0,0.336,"0","0",0.00160901045856798
3789,6,6,"M","1","0",4.04,1370,"Math & Science","1","0",NA,1,0.896933560477002,"0","0",0.123106060606061
3791,6,6,"M","1","0",3.57,1470,"Math & Science","1","0",NA,0,0.227272727272727,"0","0",0.00160901045856798
3792,7,7,"F","1","0",3.58,1290,"Math & Science","1","0",NA,0,0.26978417266187,"0","0",0.00160901045856798
3794,7,7,"F","1","0",4.33,1560,"Arts & Letters","1","0",NA,1,0.896933560477002,"0","0",0.123106060606061
3795,4,6,"F","0","0",3.41,1280,"Arts & Letters","1","0",NA,0,0.156017830609212,"0","0",0.00160901045856798
3799,6,6,"F","1","0",4.15,1250,"Business & Economics","1","0",NA,1,0.717948717948718,"0","0",0.00160901045856798
3800,7,6,"M","1","0",3.92,1280,"Arts & Letters","1","0",NA,1,0.73936170212766,"0","0",0.173497267759563
3801,7,6,"F","0","0",4.09,1220,"Math & Science","1","0",NA,1,0.590909090909091,"0","0",0.00160901045856798
3805,7,7,"F","1","0",4.33,1480,"Business & Economics","1","0",NA,1,0.896933560477002,"0","0",0.123106060606061
3812,7,7,"F","0","0",4,1460,"Arts & Letters","1","0",NA,1,0.896933560477002,"0","0",0.123106060606061
3816,4,6,"F","1","0",4.22,1170,"Math & Science","1","0",NA,0,0.1,"0","0",0.00160901045856798
3819,7,7,"F","1","0",3.54,1380,"Business & Economics","1","1",3.534,1,0.855172413793103,"1","1",1
3821,3,5,"F","0","1",4.14,1190,"Math & Science","1","0",NA,1,0.695652173913043,"0","0",0.00160901045856798
3823,1,4,"F","0","0",3.73,1360,"Arts & Letters","1","0",NA,1,0.916666666666667,"0","0",0.123106060606061
3824,7,5,"F","1","0",3.8,1030,"Arts & Letters","1","0",NA,0,0.245187436676798,"0","0",0.00160901045856798
3825,4,3,"F","1","0",4.04,1180,"Arts & Letters","1","1",3.252,1,0.854901960784314,"1","1",1
3828,6,4,"M","1","0",3.88,1260,"Math & Science","1","0",NA,0,0.378048780487805,"0","0",0.00160901045856798
3831,7,5,"M","1","0",3.64,1450,"Math & Science","1","0",NA,0,0.384615384615385,"0","0",0.00160901045856798
3832,6,6,"F","1","0",4.09,1160,"Business & Economics","1","0",NA,1,0.717948717948718,"0","0",0.00160901045856798
3833,7,7,"F","0","0",4.32,1310,"Business & Economics","1","0",NA,1,0.73936170212766,"0","0",0.173497267759563
3836,6,6,"F","1","0",3.78,1230,"Arts & Letters","1","1",3.161,1,0.855172413793103,"1","1",1
3837,7,4,"M","0","0",4.14,1210,"Business & Economics","1","0",NA,1,0.717948717948718,"0","0",0.00160901045856798
3841,7,7,"M","1","0",3.86,1350,"Math & Science","1","0",NA,1,0.896933560477002,"0","0",0.123106060606061
3844,4,3,"M","1","0",3.68,1380,"Arts & Letters","1","0",NA,0,0.26978417266187,"0","0",0.00160901045856798
3845,7,6,"F","1","0",4.27,1520,"Math & Science","1","0",NA,1,0.896933560477002,"0","0",0.123106060606061
3856,7,5,"F","1","0",4.31,1340,"Math & Science","1","0",NA,1,0.73936170212766,"0","0",0.173497267759563
3858,2,3,"F","0","1",3.9,1320,"Math & Science","1","0",NA,1,0.73936170212766,"0","0",0.173497267759563
3860,7,5,"F","1","0",4.29,1420,"Math & Science","1","0",NA,1,0.896933560477002,"0","0",0.123106060606061
3861,7,6,"M","1","0",4.25,1530,"Business & Economics","1","0",NA,1,0.896933560477002,"0","0",0.123106060606061
3862,7,6,"F","0","1",4,1310,"Business & Economics","1","0",NA,1,0.73936170212766,"0","0",0.173497267759563
3864,7,5,"M","1","0",3.14,1260,"Business & Economics","1","1",2.197,1,0.84,"1","1",1
3867,6,6,"M","1","0",3.8,1320,"Arts & Letters","1","0",NA,0,0.378048780487805,"0","0",0.00160901045856798
3868,6,4,"F","1","0",3.65,1170,"Business & Economics","1","0",NA,0,0.05676072418855,"0","0",0.00160901045856798
3869,6,6,"F","1","0",4,1390,"Business & Economics","1","0",NA,1,0.896933560477002,"0","0",0.123106060606061
3873,6,4,"M","1","0",4.27,1230,"Business & Economics","1","1",3.818,1,0.854901960784314,"1","1",1
3876,7,6,"M","1","0",3.7,1340,"Arts & Letters","1","1",3.176,1,0.855172413793103,"1","1",1
3877,7,6,"F","0","0",3.86,1420,"Arts & Letters","1","0",NA,1,0.896933560477002,"0","0",0.123106060606061
3879,7,7,"M","1","0",4,1460,"Math & Science","1","0",NA,1,0.896933560477002,"0","0",0.123106060606061
3880,4,7,"F","1","0",3.83,1340,"Arts & Letters","1","0",NA,0,0.378048780487805,"0","0",0.00160901045856798
3881,2,1,"F","0","0",3.88,940,"Math & Science","1","0",NA,0,0.320754716981132,"0","0",0.00160901045856798
3883,1,7,"F","0","0",4.24,1430,"Arts & Letters","1","0",NA,1,0.896933560477002,"0","0",0.123106060606061
3886,6,6,"F","1","0",4.12,1400,"Business & Economics","1","1",3.922,1,0.896933560477002,"1","0",0.123106060606061
3888,7,6,"F","1","0",3.95,1330,"Math & Science","1","0",NA,1,0.73936170212766,"0","0",0.173497267759563
3889,7,7,"F","1","0",3.29,1200,"Arts & Letters","1","0",NA,0,0.05676072418855,"0","0",0.00160901045856798
3890,7,7,"F","1","0",4.33,1310,"Math & Science","1","0",NA,1,0.73936170212766,"0","0",0.173497267759563
3895,6,6,"M","1","0",3.83,1310,"Business & Economics","1","0",NA,0,0.378048780487805,"0","0",0.00160901045856798
3900,6,6,"F","1","0",3.94,1270,"Math & Science","1","1",2.739,1,0.73936170212766,"1","0",0.173497267759563
3901,6,6,"F","1","0",4,1210,"Business & Economics","1","1",3.758,1,0.854901960784314,"1","1",1
3903,7,4,"F","0","0",3.41,1270,"Arts & Letters","1","0",NA,0,0.156017830609212,"0","0",0.00160901045856798
3906,5,5,"F","1","0",3.65,1150,"Arts & Letters","1","1",2.644,1,0.855172413793103,"1","1",1
3914,4,5,"F","1","0",3.9,1290,"Business & Economics","1","0",NA,1,0.73936170212766,"0","0",0.173497267759563
3915,3,3,"M","1","0",4.15,1530,"Math & Science","1","0",NA,1,0.896933560477002,"0","0",0.123106060606061
3922,7,7,"F","0","0",4.08,1160,"Math & Science","1","0",NA,1,0.590909090909091,"0","0",0.00160901045856798
3927,6,7,"F","1","0",3.5,1040,"Arts & Letters","1","0",NA,0,0.05676072418855,"0","0",0.00160901045856798
3930,6,6,"F","1","0",4.19,1470,"Arts & Letters","1","0",NA,1,0.896933560477002,"0","0",0.123106060606061
3934,7,6,"M","0","1",3.83,1450,"Business & Economics","1","0",NA,1,0.896933560477002,"0","0",0.123106060606061
3935,7,7,"M","0","1",3.25,1200,"Business & Economics","1","0",NA,0,0.05676072418855,"0","0",0.00160901045856798
3940,1,3,"F","0","0",4.28,1030,"Arts & Letters","1","0",NA,0,0.393939393939394,"0","0",0.00160901045856798
3941,7,6,"F","0","1",3.64,1450,"Math & Science","1","0",NA,0,0.384615384615385,"0","0",0.00160901045856798
3944,7,6,"F","1","0",3.9,1340,"Arts & Letters","1","1",3.717,1,0.73936170212766,"1","0",0.173497267759563
3951,1,1,"F","0","0",4.23,1110,"Math & Science","1","0",NA,1,0.793939393939394,"0","0",0.173497267759563
3952,6,6,"M","1","0",4.05,1530,"Business & Economics","1","0",NA,1,0.896933560477002,"0","0",0.123106060606061
3955,2,2,"F","0","0",4.14,1170,"Math & Science","1","0",NA,1,0.793939393939394,"0","0",0.173497267759563
3961,7,6,"M","1","0",4.28,1510,"Business & Economics","1","0",NA,1,0.896933560477002,"0","0",0.123106060606061
3963,6,3,"M","1","0",3.39,1230,"Business & Economics","1","0",NA,0,0.05676072418855,"0","0",0.00160901045856798
3966,4,4,"M","1","0",4.08,1280,"Math & Science","1","0",NA,1,0.73936170212766,"0","0",0.173497267759563
3967,1,3,"F","0","0",3.28,1100,"Arts & Letters","1","1",1.92,1,0.855172413793103,"1","1",1
3968,3,6,"F","0","0",4.27,1140,"Arts & Letters","1","0",NA,0,0.308370044052863,"0","0",0.00160901045856798
3971,4,7,"M","1","0",4.08,1270,"Math & Science","1","1",3.786,1,0.73936170212766,"1","0",0.173497267759563
3978,2,1,"M","1","0",4.24,1400,"Math & Science","1","0",NA,1,0.896933560477002,"0","0",0.123106060606061
3979,2,6,"F","0","0",4.05,1300,"Math & Science","1","1",2.775,1,0.73936170212766,"1","0",0.173497267759563
3980,5,6,"F","1","0",4.23,1320,"Math & Science","1","0",NA,1,0.73936170212766,"0","0",0.173497267759563
3987,3,5,"M","1","0",4.12,1220,"Math & Science","1","1",2.647,1,0.854901960784314,"1","1",1
3996,7,7,"M","0","0",3.79,1430,"Arts & Letters","1","0",NA,1,0.896933560477002,"0","0",0.123106060606061
3997,6,7,"F","1","0",4.06,1430,"Math & Science","1","0",NA,1,0.896933560477002,"0","0",0.123106060606061
3998,1,1,"F","0","1",3.9,1090,"Business & Economics","1","0",NA,1,0.793939393939394,"0","0",0.173497267759563
4001,5,4,"M","1","0",4.19,1310,"Math & Science","1","1",2.349,1,0.73936170212766,"1","0",0.173497267759563
4006,3,3,"F","0","1",4.36,1440,"Business & Economics","1","0",NA,1,0.896933560477002,"0","0",0.123106060606061
4013,6,6,"F","1","0",4.17,1280,"Arts & Letters","1","1",3.851,1,0.73936170212766,"1","0",0.173497267759563
4017,6,3,"M","1","0",3.45,1330,"Arts & Letters","1","0",NA,0,0.156017830609212,"0","0",0.00160901045856798
4019,4,3,"F","0","1",4.12,1430,"Math & Science","1","0",NA,1,0.896933560477002,"0","0",0.123106060606061
4026,3,3,"M","0","0",3.39,950,"Business & Economics","1","0",NA,0,0.05676072418855,"0","0",0.00160901045856798
4029,7,7,"F","0","0",3.5,1280,"Arts & Letters","1","1",2.402,1,0.855172413793103,"1","1",1
4030,5,5,"M","1","0",4,1120,"Business & Economics","1","1",2.374,1,0.854901960784314,"1","1",1
4031,7,6,"F","0","0",3.82,1270,"Math & Science","1","0",NA,0,0.378048780487805,"0","0",0.00160901045856798
4038,7,7,"F","1","0",4.22,1230,"Math & Science","1","0",NA,1,0.590909090909091,"0","0",0.00160901045856798
4039,6,6,"F","1","0",4.05,1370,"Arts & Letters","1","0",NA,1,0.896933560477002,"0","0",0.123106060606061
4041,3,6,"F","1","0",3.42,1130,"Arts & Letters","1","1",3.145,1,0.855172413793103,"1","1",1
4042,7,7,"M","1","0",3.64,1440,"Business & Economics","1","0",NA,1,0.880952380952381,"0","0",0.123106060606061
4044,7,7,"F","0","1",3.93,1320,"Math & Science","1","0",NA,1,0.73936170212766,"0","0",0.173497267759563
4048,6,6,"M","1","0",3.88,1080,"Business & Economics","1","0",NA,0,0.245187436676798,"0","0",0.00160901045856798
4049,3,7,"M","1","0",3.9,1350,"Business & Economics","1","1",3.246,1,0.896933560477002,"1","0",0.123106060606061
4050,7,7,"M","0","1",3.86,1350,"Math & Science","1","0",NA,1,0.896933560477002,"0","0",0.123106060606061
4056,6,7,"F","1","0",3.89,1120,"Arts & Letters","1","1",3.584,1,0.854901960784314,"1","1",1
4057,1,3,"M","0","0",3.96,1340,"Business & Economics","1","0",NA,1,0.73936170212766,"0","0",0.173497267759563
4058,7,6,"F","1","0",4,1270,"Business & Economics","1","0",NA,1,0.73936170212766,"0","0",0.173497267759563
4060,6,5,"M","1","0",3.27,1220,"Arts & Letters","1","1",2.853,1,0.855172413793103,"1","1",1
4066,6,6,"M","1","0",3.38,1400,"Math & Science","1","0",NA,0,0.156017830609212,"0","0",0.00160901045856798
4071,6,6,"F","0","1",4,1290,"Business & Economics","1","0",NA,1,0.73936170212766,"0","0",0.173497267759563
4072,6,6,"M","0","0",3.91,1390,"Business & Economics","1","0",NA,1,0.896933560477002,"0","0",0.123106060606061
4073,7,7,"M","0","0",4,1360,"Arts & Letters","1","0",NA,1,0.896933560477002,"0","0",0.123106060606061
4074,7,7,"M","1","0",3.91,1250,"Math & Science","1","0",NA,0,0.245187436676798,"0","0",0.00160901045856798
4075,6,6,"F","1","0",4.21,1230,"Math & Science","1","0",NA,1,0.666666666666667,"0","0",0.00160901045856798
4076,7,7,"F","0","1",4.05,1390,"Math & Science","1","0",NA,1,0.896933560477002,"0","0",0.123106060606061
4077,6,7,"F","0","0",3.86,1160,"Arts & Letters","1","0",NA,0,0.245187436676798,"0","0",0.00160901045856798
4080,3,1,"M","0","1",3.81,1270,"Business & Economics","1","0",NA,1,0.909090909090909,"0","0",0
4082,7,6,"M","1","0",3.77,1290,"Business & Economics","1","1",3.124,1,0.855172413793103,"1","1",1
4084,7,7,"M","1","0",4,1390,"Math & Science","1","0",NA,1,0.896933560477002,"0","0",0.123106060606061
4091,4,5,"F","0","0",4,1220,"Arts & Letters","1","0",NA,0,0.245187436676798,"0","0",0.00160901045856798
4094,6,6,"F","1","0",4.38,1480,"Math & Science","1","0",NA,1,0.896933560477002,"0","0",0.123106060606061
4097,3,6,"F","1","0",4.3,1250,"Arts & Letters","1","0",NA,1,0.666666666666667,"0","0",0.00160901045856798
4098,4,3,"M","1","0",4.3,1400,"Arts & Letters","1","0",NA,1,0.896933560477002,"0","0",0.123106060606061
4103,7,6,"F","0","0",3.57,1340,"Business & Economics","1","1",3.052,1,0.855172413793103,"1","1",1
4104,6,3,"M","1","0",4.17,1240,"Business & Economics","1","1",3.344,1,0.854901960784314,"1","1",1
4105,5,5,"F","0","0",4.44,1260,"Math & Science","1","0",NA,1,0.73936170212766,"0","0",0.173497267759563
4112,1,1,"F","1","0",4,1190,"Arts & Letters","1","0",NA,1,0.793939393939394,"0","0",0.173497267759563
4114,7,6,"M","1","0",4.12,1230,"Business & Economics","1","0",NA,1,0.717948717948718,"0","0",0.00160901045856798
4115,7,3,"F","1","0",4.23,1330,"Math & Science","1","0",NA,1,0.73936170212766,"0","0",0.173497267759563
4120,6,4,"F","1","0",3.36,1100,"Arts & Letters","1","0",NA,0,0.05676072418855,"0","0",0.00160901045856798
4127,4,4,"M","0","0",4.05,1230,"Arts & Letters","1","0",NA,1,0.666666666666667,"0","0",0.00160901045856798
4130,6,6,"M","1","0",4.04,1200,"Business & Economics","1","0",NA,1,0.717948717948718,"0","0",0.00160901045856798
4135,2,2,"M","0","0",4.4,1310,"Business & Economics","1","0",NA,1,0.73936170212766,"0","0",0.173497267759563
4142,6,6,"M","0","0",4.12,1350,"Math & Science","1","1",3.284,1,0.896933560477002,"1","0",0.123106060606061
4147,6,6,"F","1","0",4.08,1370,"Math & Science","1","0",NA,1,0.896933560477002,"0","0",0.123106060606061
4150,3,4,"F","1","0",4.27,980,"Arts & Letters","1","0",NA,0,0.308370044052863,"0","0",0.00160901045856798
4154,7,7,"F","1","0",3.89,1250,"Arts & Letters","1","0",NA,0,0.245187436676798,"0","0",0.00160901045856798
4156,1,1,"F","0","0",3.88,820,"Business & Economics","1","0",NA,0,0.320754716981132,"0","0",0.00160901045856798
4157,7,7,"F","0","1",3.96,1270,"Arts & Letters","1","0",NA,1,0.73936170212766,"0","0",0.173497267759563
4159,7,6,"M","0","0",3.75,1350,"Math & Science","1","0",NA,0,0.336,"0","0",0.00160901045856798
4162,7,7,"M","1","0",3.92,1340,"Business & Economics","1","0",NA,1,0.73936170212766,"0","0",0.173497267759563
4163,1,1,"F","0","0",3.89,870,"Math & Science","1","0",NA,0,0.320754716981132,"0","0",0.00160901045856798
4172,6,7,"F","1","0",4,1420,"Arts & Letters","1","0",NA,1,0.896933560477002,"0","0",0.123106060606061
4173,3,3,"F","0","0",3.86,1190,"Math & Science","1","0",NA,0,0.245187436676798,"0","0",0.00160901045856798
4174,3,3,"F","0","0",3.62,1050,"Business & Economics","1","0",NA,0,0.05676072418855,"0","0",0.00160901045856798
4177,2,4,"F","0","0",4.14,1180,"Math & Science","1","0",NA,0,0.393939393939394,"0","0",0.00160901045856798
4185,6,5,"F","0","0",3.79,1180,"Math & Science","1","0",NA,0,0.245187436676798,"0","0",0.00160901045856798
4192,6,5,"F","1","0",3.68,1120,"Arts & Letters","1","1",3.221,1,0.855172413793103,"1","1",1
4194,7,6,"F","1","0",4,1300,"Arts & Letters","1","0",NA,1,0.73936170212766,"0","0",0.173497267759563
4196,7,7,"F","1","0",4.27,1420,"Arts & Letters","1","0",NA,1,0.896933560477002,"0","0",0.123106060606061
4199,7,5,"F","0","0",4.24,1360,"Math & Science","1","0",NA,1,0.896933560477002,"0","0",0.123106060606061
4207,7,6,"F","1","0",3.79,1540,"Math & Science","1","0",NA,1,0.896933560477002,"0","0",0.123106060606061
4209,1,1,"M","0","1",3.74,1370,"Math & Science","1","0",NA,1,0.916666666666667,"0","0",0.123106060606061
4213,6,7,"M","1","0",3.86,1150,"Arts & Letters","1","0",NA,0,0.245187436676798,"0","0",0.00160901045856798
4216,5,4,"M","0","0",4.08,1270,"Math & Science","1","1",3.26,1,0.73936170212766,"1","0",0.173497267759563
4225,7,7,"F","1","0",3.48,1320,"Math & Science","1","0",NA,0,0.156017830609212,"0","0",0.00160901045856798
4226,6,6,"F","1","0",4.14,1270,"Business & Economics","1","0",NA,1,0.73936170212766,"0","0",0.173497267759563
4227,7,7,"F","1","0",4.19,1360,"Math & Science","1","0",NA,1,0.896933560477002,"0","0",0.123106060606061
4236,7,7,"F","0","1",4,1540,"Arts & Letters","1","0",NA,1,0.896933560477002,"0","0",0.123106060606061
4237,6,6,"M","0","0",3.91,1370,"Business & Economics","1","0",NA,1,0.896933560477002,"0","0",0.123106060606061
4244,6,6,"F","0","0",3.81,1230,"Arts & Letters","1","0",NA,0,0.245187436676798,"0","0",0.00160901045856798
4248,6,5,"F","0","1",4.21,1380,"Math & Science","1","0",NA,1,0.896933560477002,"0","0",0.123106060606061
4252,6,7,"F","1","0",3.91,1280,"Business & Economics","1","0",NA,1,0.73936170212766,"0","0",0.173497267759563
4256,6,6,"F","1","0",4.09,1530,"Arts & Letters","1","0",NA,1,0.896933560477002,"0","0",0.123106060606061
4257,6,6,"F","1","0",4.36,1240,"Math & Science","1","0",NA,0,0.320754716981132,"0","0",0.00160901045856798
4260,6,6,"M","1","0",3.79,1420,"Business & Economics","1","0",NA,1,0.896933560477002,"0","0",0.123106060606061
4261,3,3,"M","1","0",3.54,1440,"Arts & Letters","1","0",NA,1,1,"0","0",0.123106060606061
4263,7,7,"F","1","0",3.95,1460,"Business & Economics","1","1",3.522,1,0.896933560477002,"1","0",0.123106060606061
4270,6,6,"F","1","0",4.1,1140,"Arts & Letters","1","0",NA,0,0.308370044052863,"0","0",0.00160901045856798
4274,6,6,"M","1","0",3.64,1530,"Business & Economics","1","0",NA,1,0.880952380952381,"0","0",0.123106060606061
4279,7,5,"F","1","0",3.9,1430,"Math & Science","1","0",NA,1,0.896933560477002,"0","0",0.123106060606061
4284,7,7,"F","1","0",4.13,1440,"Math & Science","1","0",NA,1,0.896933560477002,"0","0",0.123106060606061
4286,4,4,"M","1","0",3.73,1380,"Math & Science","1","1",1.844,1,0.855172413793103,"1","1",1
4289,6,6,"F","0","1",4.16,1470,"Math & Science","1","0",NA,1,0.896933560477002,"0","0",0.123106060606061
4291,7,7,"F","0","0",4.4,1500,"Arts & Letters","1","0",NA,1,0.896933560477002,"0","0",0.123106060606061
4295,2,1,"F","0","1",3.82,1000,"Arts & Letters","1","0",NA,1,0.793939393939394,"0","0",0.173497267759563
4296,7,6,"F","0","0",3.65,1380,"Arts & Letters","1","0",NA,0,0.26978417266187,"0","0",0.00160901045856798
4302,3,1,"M","0","0",4.25,1220,"Arts & Letters","1","0",NA,0,0.320754716981132,"0","0",0.00160901045856798
4303,4,3,"M","0","0",4.16,1460,"Arts & Letters","1","0",NA,1,0.896933560477002,"0","0",0.123106060606061
4306,1,1,"F","0","0",4.4,1190,"Math & Science","1","0",NA,1,0.793939393939394,"0","0",0.173497267759563
4309,7,6,"F","1","0",4.09,1330,"Arts & Letters","1","0",NA,1,0.73936170212766,"0","0",0.173497267759563
4313,6,6,"M","1","0",4.1,1460,"Business & Economics","1","0",NA,1,0.896933560477002,"0","0",0.123106060606061
4314,7,7,"F","0","1",3.93,1250,"Math & Science","1","0",NA,0,0.245187436676798,"0","0",0.00160901045856798
4318,4,5,"F","0","0",3.95,1130,"Arts & Letters","1","0",NA,0,0.245187436676798,"0","0",0.00160901045856798
4324,3,4,"M","0","0",3.67,1050,"Arts & Letters","1","0",NA,0,0.05676072418855,"0","0",0.00160901045856798
4328,7,3,"M","1","0",4,1100,"Business & Economics","1","0",NA,0,0.245187436676798,"0","0",0.00160901045856798
4329,7,7,"F","1","0",3.14,1440,"Arts & Letters","1","0",NA,0,0.156017830609212,"0","0",0.00160901045856798
4334,4,4,"M","1","0",4.29,1400,"Math & Science","1","0",NA,1,0.896933560477002,"0","0",0.123106060606061
4339,6,4,"F","1","0",3.9,1070,"Business & Economics","1","0",NA,0,0.245187436676798,"0","0",0.00160901045856798
4346,5,5,"F","1","0",4.25,1330,"Math & Science","1","0",NA,1,0.73936170212766,"0","0",0.173497267759563
4350,4,3,"F","1","0",3.33,1290,"Arts & Letters","1","0",NA,0,0.156017830609212,"0","0",0.00160901045856798
4359,7,6,"M","1","0",3.62,1210,"Business & Economics","1","0",NA,0,0.05676072418855,"0","0",0.00160901045856798
4360,4,5,"F","1","0",4.05,1270,"Math & Science","1","1",2.725,1,0.73936170212766,"1","0",0.173497267759563
4362,6,5,"F","1","0",4.1,1290,"Arts & Letters","1","1",3.814,1,0.73936170212766,"1","0",0.173497267759563
4363,6,6,"M","1","0",3.91,1210,"Arts & Letters","1","0",NA,0,0.245187436676798,"0","0",0.00160901045856798
4364,7,7,"M","1","0",3.55,1320,"Arts & Letters","1","0",NA,0,0.26978417266187,"0","0",0.00160901045856798
4373,7,7,"M","1","0",3.83,1200,"Business & Economics","1","1",3.649,1,0.854901960784314,"1","1",1
4374,3,3,"F","0","0",3.54,1530,"Math & Science","1","0",NA,1,1,"0","0",0.123106060606061
4375,7,7,"F","0","1",4.3,1500,"Math & Science","1","0",NA,1,0.896933560477002,"0","0",0.123106060606061
4377,3,4,"F","1","0",4,1240,"Math & Science","1","0",NA,0,0.245187436676798,"0","0",0.00160901045856798
4382,7,7,"M","0","1",4.09,1440,"Business & Economics","1","0",NA,1,0.896933560477002,"0","0",0.123106060606061
4387,7,7,"F","1","0",4.18,1330,"Math & Science","1","1",3.198,1,0.73936170212766,"1","0",0.173497267759563
4389,7,6,"F","1","0",3.96,1290,"Math & Science","1","0",NA,1,0.73936170212766,"0","0",0.173497267759563
4391,7,7,"F","0","1",4.21,1430,"Arts & Letters","1","0",NA,1,0.896933560477002,"0","0",0.123106060606061
4392,7,7,"M","1","0",4.09,1260,"Business & Economics","1","0",NA,1,0.73936170212766,"0","0",0.173497267759563
4396,3,3,"M","1","0",3.71,1340,"Arts & Letters","1","0",NA,1,0.769230769230769,"0","0",0.173497267759563
4403,7,7,"F","0","0",4.21,1360,"Math & Science","1","0",NA,1,0.896933560477002,"0","0",0.123106060606061
4406,6,6,"F","1","0",3.95,1490,"Business & Economics","1","0",NA,1,0.896933560477002,"0","0",0.123106060606061
4409,7,7,"F","1","0",4.1,1340,"Math & Science","1","0",NA,1,0.73936170212766,"0","0",0.173497267759563
4412,6,6,"M","0","1",4,1440,"Business & Economics","1","0",NA,1,0.896933560477002,"0","0",0.123106060606061
4423,6,2,"M","0","0",3.78,1020,"Arts & Letters","1","0",NA,0,0.05676072418855,"0","0",0.00160901045856798
4429,3,5,"F","0","1",3.79,1510,"Math & Science","1","1",3.025,1,0.896933560477002,"1","0",0.123106060606061
4430,1,2,"M","0","0",3.15,1280,"Arts & Letters","1","0",NA,0,0.156017830609212,"0","0",0.00160901045856798
4432,7,6,"F","0","1",3.75,1360,"Business & Economics","1","0",NA,1,0.631578947368421,"0","0",0.00160901045856798
4433,4,6,"F","1","0",4.05,1510,"Math & Science","1","1",3.818,1,0.896933560477002,"1","0",0.123106060606061
4434,7,7,"M","0","1",4.1,1260,"Math & Science","1","0",NA,1,0.73936170212766,"0","0",0.173497267759563
4436,1,2,"M","0","0",4.14,950,"Math & Science","1","0",NA,1,0.793939393939394,"0","0",0.173497267759563
4437,2,1,"F","0","0",3.92,1130,"Business & Economics","1","0",NA,1,0.793939393939394,"0","0",0.173497267759563
4438,5,7,"F","0","0",4.21,1140,"Arts & Letters","1","0",NA,0,0.308370044052863,"0","0",0.00160901045856798
4441,4,4,"F","1","0",3.73,1140,"Business & Economics","1","1",2.802,1,0.855172413793103,"1","1",1
4444,1,3,"M","0","0",3.65,910,"Arts & Letters","1","1",2.643,1,0.855172413793103,"1","1",1
4448,6,6,"M","1","0",3.55,1170,"Business & Economics","1","1",2.737,1,0.855172413793103,"1","1",1
4450,4,4,"F","1","0",4.18,1140,"Business & Economics","1","1",2.875,1,0.854901960784314,"1","1",1
4452,6,6,"F","1","0",4,1250,"Arts & Letters","1","1",3.587,1,0.854901960784314,"1","1",1
4455,6,6,"M","1","0",4.18,1450,"Business & Economics","1","1",3.174,1,0.896933560477002,"1","0",0.123106060606061
4460,3,4,"M","1","0",4.23,1230,"Business & Economics","1","0",NA,1,0.717948717948718,"0","0",0.00160901045856798
4464,6,6,"M","0","1",3.86,1320,"Business & Economics","1","1",2.843,1,0.903225806451613,"1","1",1
4468,5,6,"F","0","1",4.25,1310,"Math & Science","1","1",3.18,1,0.73936170212766,"1","0",0.173497267759563
4469,6,7,"F","1","0",3.42,1320,"Math & Science","1","0",NA,0,0.156017830609212,"0","0",0.00160901045856798
4474,7,7,"F","1","0",3.64,1490,"Business & Economics","1","1",2.725,1,0.855172413793103,"1","1",1
4479,6,4,"M","1","0",4,1310,"Arts & Letters","1","0",NA,1,0.73936170212766,"0","0",0.173497267759563
4481,4,6,"F","1","0",3.48,1140,"Arts & Letters","1","1",2.716,1,0.855172413793103,"1","1",1
4483,6,6,"F","0","0",3.91,1230,"Business & Economics","1","0",NA,0,0.245187436676798,"0","0",0.00160901045856798
4487,7,6,"F","1","0",3.71,1340,"Arts & Letters","1","0",NA,0,0.336,"0","0",0.00160901045856798
4489,6,6,"F","1","0",3.92,1390,"Arts & Letters","1","0",NA,1,0.896933560477002,"0","0",0.123106060606061
4494,5,6,"M","1","0",3.82,1340,"Math & Science","1","0",NA,0,0.378048780487805,"0","0",0.00160901045856798
4499,6,6,"F","1","0",3.86,1190,"Math & Science","1","0",NA,0,0.245187436676798,"0","0",0.00160901045856798
4514,6,3,"F","1","0",4.18,1130,"Business & Economics","1","1",3.189,1,0.854901960784314,"1","1",1
4515,4,6,"M","0","0",4.14,1400,"Arts & Letters","1","0",NA,1,0.896933560477002,"0","0",0.123106060606061
4517,7,6,"F","0","0",3.75,1210,"Business & Economics","1","1",3.512,1,0.855172413793103,"1","1",1
4519,6,6,"M","0","1",3.95,1430,"Math & Science","1","0",NA,1,0.896933560477002,"0","0",0.123106060606061
4522,7,6,"F","0","0",4,1150,"Math & Science","1","0",NA,0,0.245187436676798,"0","0",0.00160901045856798
4524,6,4,"M","1","0",3.75,1290,"Business & Economics","1","1",3.202,1,0.855172413793103,"1","1",1
4529,6,6,"M","0","1",4.25,1470,"Business & Economics","1","0",NA,1,0.896933560477002,"0","0",0.123106060606061
4536,3,5,"M","1","0",4.17,1400,"Math & Science","1","0",NA,1,0.896933560477002,"0","0",0.123106060606061
4539,6,6,"M","1","0",3.29,1170,"Business & Economics","1","0",NA,0,0.05676072418855,"0","0",0.00160901045856798
4542,6,6,"F","0","1",4.25,1460,"Business & Economics","1","0",NA,1,0.896933560477002,"0","0",0.123106060606061
4549,6,6,"F","1","0",4.2,1350,"Arts & Letters","1","1",3.301,1,0.896933560477002,"1","0",0.123106060606061
4551,6,7,"F","1","0",4.36,1470,"Math & Science","1","0",NA,1,0.896933560477002,"0","0",0.123106060606061
4559,5,5,"F","1","0",3.9,1400,"Business & Economics","1","1",3.487,1,0.896933560477002,"1","0",0.123106060606061
4562,4,7,"M","1","0",3.55,1260,"Arts & Letters","1","0",NA,0,0.05676072418855,"0","0",0.00160901045856798
4564,6,6,"F","0","1",4.3,1090,"Arts & Letters","1","0",NA,0,0.308370044052863,"0","0",0.00160901045856798
4566,6,6,"M","1","0",4.05,1350,"Math & Science","1","0",NA,1,0.896933560477002,"0","0",0.123106060606061
4567,4,6,"F","1","0",3.62,1260,"Arts & Letters","1","0",NA,0,0.05676072418855,"0","0",0.00160901045856798
4568,6,6,"F","0","0",3.81,1260,"Business & Economics","1","1",2.884,1,0.903225806451613,"1","1",1
4570,6,7,"F","0","0",4.14,1400,"Math & Science","1","0",NA,1,0.896933560477002,"0","0",0.123106060606061
4573,7,4,"M","1","0",3.75,1480,"Arts & Letters","1","0",NA,1,0.764705882352941,"0","0",0.173497267759563
4575,7,6,"F","1","0",3.83,1250,"Arts & Letters","1","0",NA,0,0.245187436676798,"0","0",0.00160901045856798
4577,6,6,"M","1","0",3.59,1280,"Arts & Letters","1","0",NA,0,0.26978417266187,"0","0",0.00160901045856798
4579,6,6,"F","1","0",4.15,1270,"Arts & Letters","1","1",3.676,1,0.73936170212766,"1","0",0.173497267759563
4580,6,6,"M","1","0",3.72,1460,"Math & Science","1","1",2.535,1,0.855172413793103,"1","1",1
4584,5,6,"M","0","1",3.61,1390,"Math & Science","1","0",NA,0,0.26978417266187,"0","0",0.00160901045856798
4585,3,7,"M","1","0",3.35,1380,"Arts & Letters","1","0",NA,0,0.156017830609212,"0","0",0.00160901045856798
4587,4,6,"M","1","0",3.62,1160,"Math & Science","1","1",2.282,1,0.855172413793103,"1","1",1
4594,7,6,"F","1","0",3.85,1420,"Business & Economics","1","0",NA,1,0.896933560477002,"0","0",0.123106060606061
4597,3,6,"M","1","0",4.17,1390,"Math & Science","1","0",NA,1,0.896933560477002,"0","0",0.123106060606061
4607,3,3,"F","1","0",4.17,1260,"Arts & Letters","1","0",NA,1,0.73936170212766,"0","0",0.173497267759563
4611,7,6,"F","1","0",3.82,1150,"Math & Science","1","1",2.58,1,0.854901960784314,"1","1",1
4613,6,6,"M","0","0",3.85,1250,"Business & Economics","1","0",NA,0,0.245187436676798,"0","0",0.00160901045856798
4614,7,6,"F","0","0",3.91,1330,"Math & Science","1","0",NA,1,0.73936170212766,"0","0",0.173497267759563
4619,4,7,"F","1","0",4.12,1350,"Math & Science","1","0",NA,1,0.896933560477002,"0","0",0.123106060606061
4629,6,6,"F","0","0",4.32,1310,"Arts & Letters","1","0",NA,1,0.73936170212766,"0","0",0.173497267759563
4630,6,5,"F","1","0",4.29,1210,"Business & Economics","1","1",3.228,1,0.854901960784314,"1","1",1
4631,6,6,"F","0","1",3.91,1260,"Business & Economics","1","0",NA,1,0.73936170212766,"0","0",0.173497267759563
4640,7,7,"M","0","1",3.59,1240,"Arts & Letters","1","1",3.161,1,0.855172413793103,"1","1",1
4642,4,4,"F","1","0",3.82,1210,"Arts & Letters","1","0",NA,0,0.245187436676798,"0","0",0.00160901045856798
4644,6,6,"M","0","0",3.77,1370,"Business & Economics","1","0",NA,1,0.631578947368421,"0","0",0.00160901045856798
4645,6,6,"M","1","0",4.25,1430,"Business & Economics","1","0",NA,1,0.896933560477002,"0","0",0.123106060606061
4647,1,1,"F","0","1",3.89,890,"Arts & Letters","1","0",NA,0,0.320754716981132,"0","0",0.00160901045856798
4649,7,7,"M","0","0",4.14,1570,"Business & Economics","1","0",NA,1,0.896933560477002,"0","0",0.123106060606061
4650,7,6,"F","1","0",3.85,1280,"Business & Economics","1","0",NA,0,0.378048780487805,"0","0",0.00160901045856798
4655,6,6,"F","0","1",3.77,1360,"Business & Economics","1","0",NA,1,0.631578947368421,"0","0",0.00160901045856798
4658,7,7,"F","0","0",3.75,1120,"Arts & Letters","1","1",3.057,1,0.855172413793103,"1","1",1
4662,7,7,"M","1","0",3.55,1330,"Arts & Letters","1","0",NA,0,0.26978417266187,"0","0",0.00160901045856798
4664,7,7,"M","1","0",3.65,1400,"Business & Economics","1","1",3.074,1,0.855172413793103,"1","1",1
4669,7,7,"F","1","0",4.31,1390,"Math & Science","1","0",NA,1,0.896933560477002,"0","0",0.123106060606061
4670,1,3,"F","0","0",3.69,1160,"Math & Science","1","0",NA,0,0.05676072418855,"0","0",0.00160901045856798
4674,6,7,"F","1","0",4.21,1290,"Arts & Letters","1","0",NA,1,0.73936170212766,"0","0",0.173497267759563
4677,6,6,"M","0","1",3.91,1300,"Business & Economics","1","0",NA,1,0.73936170212766,"0","0",0.173497267759563
4678,7,7,"F","1","0",3.81,1280,"Arts & Letters","1","0",NA,0,0.378048780487805,"0","0",0.00160901045856798
4679,6,7,"F","1","0",3.55,1210,"Arts & Letters","1","0",NA,0,0.05676072418855,"0","0",0.00160901045856798
4680,6,6,"M","0","1",3.62,1230,"Math & Science","1","0",NA,0,0.05676072418855,"0","0",0.00160901045856798
4681,6,6,"M","1","0",3.5,1400,"Business & Economics","1","1",2.989,1,0.855172413793103,"1","1",1
4684,3,3,"F","1","0",4,1250,"Business & Economics","1","0",NA,0,0.245187436676798,"0","0",0.00160901045856798
4685,6,6,"F","0","0",3.5,1190,"Math & Science","1","1",1.657,1,0.855172413793103,"1","1",1
4687,4,4,"F","0","1",4.4,1550,"Math & Science","1","0",NA,1,0.896933560477002,"0","0",0.123106060606061
4689,7,5,"F","1","0",3.5,1230,"Arts & Letters","1","0",NA,0,0.05676072418855,"0","0",0.00160901045856798
4693,6,3,"F","0","1",4.31,1010,"Business & Economics","1","0",NA,0,0.308370044052863,"0","0",0.00160901045856798
4694,6,7,"F","1","0",4.2,1370,"Arts & Letters","1","0",NA,1,0.896933560477002,"0","0",0.123106060606061
4696,6,7,"M","1","0",3.77,1320,"Business & Economics","1","0",NA,1,0.631578947368421,"0","0",0.00160901045856798
4706,7,6,"M","1","0",4.09,1320,"Business & Economics","1","0",NA,1,0.73936170212766,"0","0",0.173497267759563
4709,7,6,"F","0","0",4.32,1310,"Math & Science","1","0",NA,1,0.73936170212766,"0","0",0.173497267759563
4711,6,6,"M","1","0",4.1,1230,"Business & Economics","1","1",2.287,1,0.854901960784314,"1","1",1
4721,7,7,"F","1","0",3.71,1300,"Business & Economics","1","0",NA,1,0.631578947368421,"0","0",0.00160901045856798
4727,5,4,"M","0","1",4.11,1230,"Math & Science","1","0",NA,0,0.320754716981132,"0","0",0.00160901045856798
4728,6,4,"F","1","0",4.29,1310,"Math & Science","1","0",NA,1,0.73936170212766,"0","0",0.173497267759563
4729,5,1,"F","0","1",3.68,1000,"Math & Science","1","0",NA,0,0.05676072418855,"0","0",0.00160901045856798
4731,4,4,"F","0","1",4.08,1300,"Math & Science","1","0",NA,1,0.73936170212766,"0","0",0.173497267759563
4737,6,7,"M","1","0",3.45,1200,"Business & Economics","1","1",2.934,1,0.855172413793103,"1","1",1
4739,2,1,"F","0","0",4.23,1050,"Math & Science","1","0",NA,1,0.793939393939394,"0","0",0.173497267759563
4742,6,7,"M","1","0",4.18,1220,"Business & Economics","1","0",NA,1,0.717948717948718,"0","0",0.00160901045856798
4750,3,1,"F","0","1",3.67,1130,"Math & Science","1","0",NA,0,0.05676072418855,"0","0",0.00160901045856798
4751,6,2,"F","0","0",4.3,990,"Math & Science","1","0",NA,0,0.308370044052863,"0","0",0.00160901045856798
4755,6,7,"F","0","0",4.04,1180,"Arts & Letters","1","0",NA,0,0.320754716981132,"0","0",0.00160901045856798
4756,7,6,"F","1","0",4.05,1360,"Arts & Letters","1","0",NA,1,0.896933560477002,"0","0",0.123106060606061
4758,1,1,"F","0","1",4.05,1210,"Math & Science","1","0",NA,1,0.793939393939394,"0","0",0.173497267759563
4759,5,7,"F","0","1",4.25,1460,"Math & Science","1","0",NA,1,0.896933560477002,"0","0",0.123106060606061
4761,6,7,"M","1","0",4.05,1430,"Arts & Letters","1","0",NA,1,0.896933560477002,"0","0",0.123106060606061
4762,7,7,"M","0","1",3.5,1540,"Math & Science","1","0",NA,0,0.156017830609212,"0","0",0.00160901045856798
4764,1,2,"F","0","0",3.95,1270,"Arts & Letters","1","0",NA,1,0.73936170212766,"0","0",0.173497267759563
4765,2,2,"F","0","1",3.19,940,"Business & Economics","1","1",0.967,0,0.24,"1","0",0.00160901045856798
4767,4,6,"M","0","0",4.05,1230,"Arts & Letters","1","0",NA,0,0.320754716981132,"0","0",0.00160901045856798
4771,2,1,"F","0","0",4,1070,"Arts & Letters","1","0",NA,1,0.793939393939394,"0","0",0.173497267759563
4777,3,4,"M","1","0",4.18,1210,"Business & Economics","1","0",NA,1,0.717948717948718,"0","0",0.00160901045856798
4787,6,6,"F","1","0",3.6,1230,"Business & Economics","1","0",NA,0,0.05676072418855,"0","0",0.00160901045856798
4788,3,3,"F","1","0",3.45,1170,"Arts & Letters","1","1",2.921,1,0.855172413793103,"1","1",1
4789,3,3,"F","1","0",3.84,1190,"Math & Science","1","0",NA,0,0.245187436676798,"0","0",0.00160901045856798
4796,6,6,"F","1","0",3.95,1130,"Arts & Letters","1","1",2.586,1,0.854901960784314,"1","1",1
4797,7,6,"M","1","0",3.36,1210,"Arts & Letters","1","0",NA,0,0.05676072418855,"0","0",0.00160901045856798
4799,6,6,"F","1","0",4.12,1290,"Arts & Letters","1","0",NA,1,0.73936170212766,"0","0",0.173497267759563
4800,7,6,"M","1","0",4.12,1480,"Arts & Letters","1","0",NA,1,0.896933560477002,"0","0",0.123106060606061
4808,6,6,"F","1","0",3.85,1210,"Arts & Letters","1","0",NA,0,0.245187436676798,"0","0",0.00160901045856798
4813,7,6,"M","1","0",3.82,1240,"Math & Science","1","1",3.377,1,0.854901960784314,"1","1",1
4820,1,3,"F","0","0",3.81,950,"Arts & Letters","1","0",NA,0,0.393939393939394,"0","0",0.00160901045856798
4821,7,7,"F","1","0",3.77,1290,"Arts & Letters","1","0",NA,0,0.336,"0","0",0.00160901045856798
4828,6,3,"F","0","0",3.77,1120,"Math & Science","1","1",3.081,1,0.855172413793103,"1","1",1
4829,7,4,"F","0","0",3.81,1470,"Business & Economics","1","0",NA,1,0.896933560477002,"0","0",0.123106060606061
4830,6,7,"F","0","1",4.15,1260,"Business & Economics","1","0",NA,1,0.73936170212766,"0","0",0.173497267759563
4832,6,6,"F","1","0",3.87,1310,"Arts & Letters","1","1",3.12,1,0.903225806451613,"1","1",1
4835,6,6,"F","0","0",4.36,1280,"Math & Science","1","0",NA,1,0.73936170212766,"0","0",0.173497267759563
4836,7,6,"F","0","1",3.97,1460,"Math & Science","1","0",NA,1,0.896933560477002,"0","0",0.123106060606061
4841,6,6,"M","1","0",3.76,1550,"Business & Economics","1","0",NA,1,0.880952380952381,"0","0",0.123106060606061
4842,2,4,"F","0","0",3.65,1080,"Arts & Letters","1","0",NA,0,0.05676072418855,"0","0",0.00160901045856798
4844,6,6,"F","1","0",3.82,1340,"Business & Economics","1","1",3.583,1,0.903225806451613,"1","1",1
4845,7,4,"M","1","0",3.86,1140,"Business & Economics","1","1",2.897,1,0.854901960784314,"1","1",1
4851,6,6,"M","1","0",3.85,1110,"Business & Economics","1","0",NA,0,0.245187436676798,"0","0",0.00160901045856798
4863,6,7,"M","0","1",4.18,1290,"Arts & Letters","1","0",NA,1,0.73936170212766,"0","0",0.173497267759563
4866,2,3,"F","0","0",3.9,1070,"Math & Science","1","0",NA,0,0.393939393939394,"0","0",0.00160901045856798
4872,7,7,"M","0","0",3.42,1380,"Business & Economics","1","0",NA,0,0.156017830609212,"0","0",0.00160901045856798
4876,6,6,"F","1","0",3.57,1160,"Business & Economics","1","1",3.013,1,0.855172413793103,"1","1",1
4888,6,6,"F","0","0",3.67,980,"Arts & Letters","1","0",NA,0,0.05676072418855,"0","0",0.00160901045856798
4890,4,5,"M","0","0",3.95,1130,"Business & Economics","1","1",3.033,1,0.854901960784314,"1","1",1
4891,7,7,"M","1","0",3.85,1150,"Arts & Letters","1","0",NA,0,0.245187436676798,"0","0",0.00160901045856798
4894,7,2,"M","0","0",3.75,1190,"Math & Science","1","1",2.698,1,0.855172413793103,"1","1",1
4896,6,5,"F","1","0",3.89,1350,"Arts & Letters","1","0",NA,1,0.896933560477002,"0","0",0.123106060606061
4901,7,6,"F","0","0",4,1370,"Arts & Letters","1","0",NA,1,0.896933560477002,"0","0",0.123106060606061
4906,7,6,"F","1","0",3.86,1370,"Arts & Letters","1","0",NA,1,0.896933560477002,"0","0",0.123106060606061
4913,7,4,"M","1","0",4.09,1410,"Arts & Letters","1","1",3.854,1,0.896933560477002,"1","0",0.123106060606061
4916,7,4,"F","1","0",3.92,1330,"Math & Science","1","0",NA,1,0.73936170212766,"0","0",0.173497267759563
4923,2,5,"M","1","0",4.3,1170,"Math & Science","1","0",NA,0,0.393939393939394,"0","0",0.00160901045856798
4925,1,1,"M","0","0",3.78,950,"Arts & Letters","1","0",NA,0,0.05676072418855,"0","0",0.00160901045856798
4927,1,1,"M","0","0",4.23,1040,"Math & Science","1","0",NA,1,0.793939393939394,"0","0",0.173497267759563
4928,1,1,"M","0","0",3.58,1090,"Math & Science","1","0",NA,0,0.05676072418855,"0","0",0.00160901045856798
4930,2,1,"M","0","0",4.25,920,"Arts & Letters","1","0",NA,0,0.320754716981132,"0","0",0.00160901045856798
4933,6,7,"F","1","0",3.68,1310,"Business & Economics","1","0",NA,0,0.26978417266187,"0","0",0.00160901045856798
4936,6,6,"F","1","0",3.95,1330,"Math & Science","1","0",NA,1,0.73936170212766,"0","0",0.173497267759563
4938,3,6,"F","0","1",4.26,1350,"Math & Science","1","0",NA,1,0.896933560477002,"0","0",0.123106060606061
4941,7,7,"M","0","0",3.3,1220,"Arts & Letters","1","1",3.087,1,0.855172413793103,"1","1",1
4943,6,7,"F","0","0",3.95,1290,"Business & Economics","1","0",NA,1,0.73936170212766,"0","0",0.173497267759563
4948,3,3,"M","1","0",4.14,1290,"Business & Economics","1","0",NA,1,0.73936170212766,"0","0",0.173497267759563
4949,3,3,"M","0","0",3.33,1050,"Business & Economics","1","1",2.773,1,0.855172413793103,"1","1",1
4953,6,6,"F","0","0",3.85,1080,"Arts & Letters","1","1",3.068,1,0.854901960784314,"1","1",1
4955,6,5,"F","0","1",3.75,1280,"Arts & Letters","1","0",NA,0,0.336,"0","0",0.00160901045856798
4957,7,7,"F","0","0",4.04,1420,"Math & Science","1","0",NA,1,0.896933560477002,"0","0",0.123106060606061
4962,7,7,"M","1","0",3.96,1290,"Math & Science","1","0",NA,1,0.73936170212766,"0","0",0.173497267759563
4964,7,7,"F","0","1",4.12,1550,"Business & Economics","1","0",NA,1,0.896933560477002,"0","0",0.123106060606061
4965,7,6,"M","1","0",4.17,1450,"Math & Science","1","0",NA,1,0.896933560477002,"0","0",0.123106060606061
4968,7,6,"F","0","1",4.17,1210,"Business & Economics","1","0",NA,1,0.717948717948718,"0","0",0.00160901045856798
4974,6,5,"M","1","0",4.17,1420,"Math & Science","1","0",NA,1,0.896933560477002,"0","0",0.123106060606061
4975,7,6,"M","1","0",3.95,1380,"Business & Economics","1","0",NA,1,0.896933560477002,"0","0",0.123106060606061
4977,6,7,"F","1","0",4.09,1470,"Arts & Letters","1","0",NA,1,0.896933560477002,"0","0",0.123106060606061
4981,6,7,"F","1","0",3.79,1190,"Arts & Letters","1","0",NA,0,0.245187436676798,"0","0",0.00160901045856798
4983,7,6,"M","1","0",3.39,1290,"Business & Economics","1","0",NA,0,0.156017830609212,"0","0",0.00160901045856798
4986,7,7,"F","1","0",3.85,1270,"Math & Science","1","0",NA,0,0.378048780487805,"0","0",0.00160901045856798
4989,6,6,"F","1","0",3.9,1320,"Business & Economics","1","1",3.392,1,0.73936170212766,"1","0",0.173497267759563
4990,6,6,"F","1","0",3.65,1030,"Arts & Letters","1","0",NA,0,0.05676072418855,"0","0",0.00160901045856798
4996,5,7,"F","1","0",4.17,1290,"Arts & Letters","1","0",NA,1,0.73936170212766,"0","0",0.173497267759563
4997,6,1,"F","0","1",4.29,1290,"Math & Science","1","0",NA,1,0.73936170212766,"0","0",0.173497267759563
5000,7,6,"F","0","1",4.07,1340,"Math & Science","1","0",NA,1,0.73936170212766,"0","0",0.173497267759563
5002,5,2,"F","0","1",3.95,1190,"Math & Science","1","0",NA,0,0.245187436676798,"0","0",0.00160901045856798
5005,6,6,"F","1","0",4.14,1120,"Math & Science","1","0",NA,0,0.308370044052863,"0","0",0.00160901045856798
5009,6,6,"F","0","1",3.96,1340,"Arts & Letters","1","0",NA,1,0.73936170212766,"0","0",0.173497267759563
5010,1,4,"M","0","0",4,790,"Business & Economics","1","0",NA,0,0.320754716981132,"0","0",0.00160901045856798
5013,1,1,"F","0","0",3.41,800,"Math & Science","1","0",NA,0,0.05676072418855,"0","0",0.00160901045856798
5018,1,1,"M","0","0",3.9,1060,"Arts & Letters","1","0",NA,1,0.793939393939394,"0","0",0.173497267759563
5022,4,7,"F","1","0",4.09,1330,"Math & Science","1","0",NA,1,0.73936170212766,"0","0",0.173497267759563
5027,7,6,"F","0","0",3.65,1300,"Arts & Letters","1","0",NA,0,0.26978417266187,"0","0",0.00160901045856798
5030,7,7,"M","0","1",4.04,1270,"Math & Science","1","0",NA,1,0.73936170212766,"0","0",0.173497267759563
5036,7,7,"F","1","0",3.41,1260,"Arts & Letters","1","1",3.523,1,0.855172413793103,"1","1",1
5037,7,7,"M","0","1",4.17,1530,"Math & Science","1","0",NA,1,0.896933560477002,"0","0",0.123106060606061
5042,6,6,"M","0","0",4.27,1170,"Business & Economics","1","0",NA,1,0.717948717948718,"0","0",0.00160901045856798
5044,7,6,"M","0","1",3.86,1520,"Math & Science","1","0",NA,1,0.896933560477002,"0","0",0.123106060606061
5045,6,7,"F","1","0",4.15,1300,"Math & Science","1","0",NA,1,0.73936170212766,"0","0",0.173497267759563
5046,4,5,"F","1","0",3.73,1340,"Math & Science","1","1",3.603,1,0.855172413793103,"1","1",1
5047,7,6,"F","1","0",3.8,1270,"Business & Economics","1","1",3.532,1,0.903225806451613,"1","1",1
5048,7,6,"M","1","0",3.44,1320,"Business & Economics","1","0",NA,0,0.156017830609212,"0","0",0.00160901045856798
5050,7,6,"F","0","1",3.77,1360,"Math & Science","1","0",NA,0,0.336,"0","0",0.00160901045856798
5055,7,6,"F","1","0",4,1360,"Arts & Letters","1","0",NA,1,0.896933560477002,"0","0",0.123106060606061
5060,7,7,"M","1","0",4.15,1190,"Math & Science","1","0",NA,1,0.590909090909091,"0","0",0.00160901045856798
5061,6,4,"F","1","0",3.32,1090,"Arts & Letters","1","0",NA,0,0.05676072418855,"0","0",0.00160901045856798
5063,6,6,"M","1","0",3.82,1300,"Arts & Letters","1","0",NA,0,0.378048780487805,"0","0",0.00160901045856798
5064,6,6,"F","1","0",4.18,1340,"Arts & Letters","1","0",NA,1,0.73936170212766,"0","0",0.173497267759563
5068,6,6,"F","0","1",4.07,1390,"Business & Economics","1","0",NA,1,0.896933560477002,"0","0",0.123106060606061
5073,5,6,"M","1","0",3.85,1410,"Arts & Letters","1","0",NA,1,0.896933560477002,"0","0",0.123106060606061
5075,6,6,"F","1","0",3.54,1040,"Math & Science","1","0",NA,0,0.05676072418855,"0","0",0.00160901045856798
5076,6,6,"F","1","0",4.18,1480,"Arts & Letters","1","0",NA,1,0.896933560477002,"0","0",0.123106060606061
5077,7,6,"F","1","0",4.15,1330,"Arts & Letters","1","0",NA,1,0.73936170212766,"0","0",0.173497267759563
5085,4,4,"M","1","0",3.55,1280,"Business & Economics","1","1",3.296,1,0.855172413793103,"1","1",1
5090,4,4,"F","0","0",3.32,1100,"Arts & Letters","1","0",NA,0,0.05676072418855,"0","0",0.00160901045856798
5091,6,4,"F","1","0",4.04,1170,"Math & Science","1","0",NA,0,0.320754716981132,"0","0",0.00160901045856798
5092,3,6,"F","0","0",4.05,1380,"Arts & Letters","1","0",NA,1,0.896933560477002,"0","0",0.123106060606061
5095,7,6,"M","1","0",4.27,1430,"Arts & Letters","1","0",NA,1,0.896933560477002,"0","0",0.123106060606061
5097,7,6,"M","1","0",3.55,1350,"Business & Economics","1","0",NA,0,0.26978417266187,"0","0",0.00160901045856798
5105,7,7,"F","1","0",3.62,1420,"Business & Economics","1","1",3.122,1,0.855172413793103,"1","1",1
5108,6,4,"F","1","0",4.32,1290,"Arts & Letters","1","1",3.28,1,0.73936170212766,"1","0",0.173497267759563
5110,7,6,"M","1","0",3.64,1370,"Business & Economics","1","1",2.625,1,0.855172413793103,"1","1",1
5113,7,7,"F","1","0",3.61,1460,"Math & Science","1","0",NA,1,0.764705882352941,"0","0",0.173497267759563
5120,7,7,"M","1","0",3.46,1330,"Arts & Letters","1","0",NA,0,0.156017830609212,"0","0",0.00160901045856798
5121,3,3,"F","0","1",3.69,1210,"Business & Economics","1","0",NA,0,0.05676072418855,"0","0",0.00160901045856798
5122,7,6,"F","1","0",4.14,1240,"Arts & Letters","1","0",NA,1,0.590909090909091,"0","0",0.00160901045856798
5123,4,7,"F","1","0",4.08,1270,"Arts & Letters","1","1",3.912,1,0.73936170212766,"1","0",0.173497267759563
5124,6,6,"F","0","0",3.95,1530,"Math & Science","1","0",NA,1,0.896933560477002,"0","0",0.123106060606061
5127,4,4,"F","0","1",4.31,1460,"Math & Science","1","0",NA,1,0.896933560477002,"0","0",0.123106060606061
5128,7,6,"M","0","0",3.26,1490,"Math & Science","1","0",NA,0,0.156017830609212,"0","0",0.00160901045856798
5137,1,1,"F","0","0",3.56,1150,"Arts & Letters","1","0",NA,0,0.05676072418855,"0","0",0.00160901045856798
5139,7,6,"F","1","0",4.4,1480,"Business & Economics","1","0",NA,1,0.896933560477002,"0","0",0.123106060606061
5140,7,6,"M","1","0",4.33,1290,"Arts & Letters","1","0",NA,1,0.73936170212766,"0","0",0.173497267759563
5142,6,1,"F","0","1",3.88,1310,"Math & Science","1","0",NA,1,0.909090909090909,"0","0",0
5143,6,6,"F","0","1",3.81,1090,"Arts & Letters","1","0",NA,0,0.245187436676798,"0","0",0.00160901045856798
5147,5,7,"M","1","0",3.7,1360,"Arts & Letters","1","0",NA,0,0.336,"0","0",0.00160901045856798
5148,3,3,"M","0","1",3.92,990,"Business & Economics","1","0",NA,0,0.245187436676798,"0","0",0.00160901045856798
5150,6,7,"M","0","1",4.04,1370,"Math & Science","1","0",NA,1,0.896933560477002,"0","0",0.123106060606061
5152,6,7,"F","1","0",4.15,1070,"Arts & Letters","1","0",NA,0,0.308370044052863,"0","0",0.00160901045856798
5156,6,6,"M","0","1",3.68,1240,"Arts & Letters","1","1",3.248,1,0.855172413793103,"1","1",1
5159,7,7,"F","1","0",4.17,1230,"Math & Science","1","1",3.993,1,0.854901960784314,"1","1",1
5161,7,6,"F","0","1",3.68,1390,"Business & Economics","1","1",2.821,1,0.855172413793103,"1","1",1
5165,6,6,"F","1","0",3.81,1290,"Math & Science","1","0",NA,0,0.378048780487805,"0","0",0.00160901045856798
5166,7,7,"F","0","1",4.09,1210,"Arts & Letters","1","0",NA,1,0.590909090909091,"0","0",0.00160901045856798
5168,4,3,"F","0","0",4.32,1340,"Math & Science","1","0",NA,1,0.73936170212766,"0","0",0.173497267759563
5173,7,7,"F","0","1",4,1400,"Business & Economics","1","1",3.097,1,0.896933560477002,"1","0",0.123106060606061
5174,7,7,"M","1","0",3.5,1430,"Math & Science","1","1",3.309,1,0.855172413793103,"1","1",1
5178,6,4,"F","1","0",3.96,1150,"Business & Economics","1","0",NA,0,0.245187436676798,"0","0",0.00160901045856798
5186,5,5,"F","0","1",3.92,1060,"Arts & Letters","1","0",NA,0,0.245187436676798,"0","0",0.00160901045856798
5189,6,6,"M","1","0",3.78,1430,"Business & Economics","1","0",NA,1,0.880952380952381,"0","0",0.123106060606061
5190,6,4,"F","1","0",3.96,1280,"Arts & Letters","1","1",3.674,1,0.73936170212766,"1","0",0.173497267759563
5195,6,6,"M","0","0",4.19,1540,"Math & Science","1","0",NA,1,0.896933560477002,"0","0",0.123106060606061
5196,6,6,"F","0","1",3.79,1320,"Business & Economics","1","1",2.517,1,0.903225806451613,"1","1",1
5197,6,6,"F","1","0",4.08,1460,"Math & Science","1","0",NA,1,0.896933560477002,"0","0",0.123106060606061
5198,7,6,"F","1","0",3.65,1360,"Arts & Letters","1","0",NA,0,0.26978417266187,"0","0",0.00160901045856798
5199,4,4,"F","1","0",3.88,1240,"Math & Science","1","0",NA,0,0.245187436676798,"0","0",0.00160901045856798
5203,6,6,"M","1","0",4.14,1420,"Arts & Letters","1","0",NA,1,0.896933560477002,"0","0",0.123106060606061
5206,6,6,"M","0","0",4.01,1380,"Business & Economics","1","0",NA,1,0.896933560477002,"0","0",0.123106060606061
5210,3,7,"F","1","0",3.91,1230,"Math & Science","1","1",3.028,1,0.854901960784314,"1","1",1
5216,7,6,"F","1","0",3.71,1270,"Business & Economics","1","0",NA,1,0.631578947368421,"0","0",0.00160901045856798
5217,6,7,"F","1","0",4.32,1570,"Math & Science","1","1",3.243,1,0.896933560477002,"1","0",0.123106060606061
5218,4,4,"F","1","0",4.19,1050,"Business & Economics","1","0",NA,0,0.308370044052863,"0","0",0.00160901045856798
5219,6,4,"F","1","0",3.45,1190,"Arts & Letters","1","0",NA,0,0.05676072418855,"0","0",0.00160901045856798
5222,6,6,"M","1","0",3.83,1490,"Business & Economics","1","1",2.91,1,0.896933560477002,"1","0",0.123106060606061
5223,6,7,"F","0","1",4.09,1350,"Math & Science","1","0",NA,1,0.896933560477002,"0","0",0.123106060606061
5224,7,4,"F","1","0",3.4,1270,"Arts & Letters","1","0",NA,0,0.156017830609212,"0","0",0.00160901045856798
5226,7,4,"F","1","0",4.04,1300,"Arts & Letters","1","0",NA,1,0.73936170212766,"0","0",0.173497267759563
5227,7,7,"F","0","1",3.71,1410,"Arts & Letters","1","0",NA,0,0.384615384615385,"0","0",0.00160901045856798
5228,7,7,"F","1","0",4.08,1270,"Math & Science","1","0",NA,1,0.73936170212766,"0","0",0.173497267759563
5229,6,6,"F","1","0",4.26,1490,"Math & Science","1","0",NA,1,0.896933560477002,"0","0",0.123106060606061
5230,7,7,"F","1","0",3.68,1190,"Arts & Letters","1","1",3.764,1,0.855172413793103,"1","1",1
5231,4,4,"F","1","0",4,1400,"Arts & Letters","1","0",NA,1,0.896933560477002,"0","0",0.123106060606061
5232,7,7,"M","1","0",3.48,1380,"Business & Economics","1","1",3.251,1,0.855172413793103,"1","1",1
5233,6,7,"M","1","0",4.05,1460,"Math & Science","1","0",NA,1,0.896933560477002,"0","0",0.123106060606061
5237,7,6,"F","1","0",4.27,1320,"Arts & Letters","1","0",NA,1,0.73936170212766,"0","0",0.173497267759563
5238,7,7,"M","1","0",4.17,1430,"Business & Economics","1","0",NA,1,0.896933560477002,"0","0",0.123106060606061
5239,7,7,"F","1","0",3.9,1210,"Arts & Letters","1","0",NA,0,0.245187436676798,"0","0",0.00160901045856798
5241,7,6,"F","0","0",4,1430,"Math & Science","1","0",NA,1,0.896933560477002,"0","0",0.123106060606061
5242,7,7,"M","1","0",4.09,1520,"Business & Economics","1","0",NA,1,0.896933560477002,"0","0",0.123106060606061
5243,7,7,"F","1","0",4.08,1470,"Math & Science","1","0",NA,1,0.896933560477002,"0","0",0.123106060606061
5245,6,6,"F","1","0",3.96,1480,"Arts & Letters","1","0",NA,1,0.896933560477002,"0","0",0.123106060606061
5246,6,6,"F","1","0",3.76,1270,"Business & Economics","1","1",3.11,1,0.855172413793103,"1","1",1
5247,6,6,"F","0","0",3.58,1180,"Arts & Letters","1","1",3.466,1,0.855172413793103,"1","1",1
5250,7,4,"F","1","0",3.57,1440,"Arts & Letters","1","1",2.43,1,0.855172413793103,"1","1",1
5254,3,6,"F","1","0",4.04,1380,"Math & Science","1","0",NA,1,0.896933560477002,"0","0",0.123106060606061
5256,6,4,"M","1","0",4,1490,"Arts & Letters","1","0",NA,1,0.896933560477002,"0","0",0.123106060606061
5257,7,6,"F","0","1",4.17,1420,"Arts & Letters","1","0",NA,1,0.896933560477002,"0","0",0.123106060606061
5260,7,6,"F","1","0",4,1270,"Business & Economics","1","1",3.444,1,0.73936170212766,"1","0",0.173497267759563
5261,6,7,"F","1","0",3.91,1170,"Arts & Letters","1","0",NA,0,0.245187436676798,"0","0",0.00160901045856798
5262,7,6,"F","1","0",3.18,1170,"Arts & Letters","1","0",NA,0,0.05676072418855,"0","0",0.00160901045856798
5264,6,4,"F","0","1",3.14,1250,"Arts & Letters","1","1",2.584,1,0.84,"1","1",1
5265,4,6,"M","0","1",3.87,1450,"Business & Economics","1","0",NA,1,0.896933560477002,"0","0",0.123106060606061
5269,7,7,"F","1","0",4.4,1490,"Math & Science","1","0",NA,1,0.896933560477002,"0","0",0.123106060606061
5270,6,7,"F","1","0",4.1,1550,"Business & Economics","1","0",NA,1,0.896933560477002,"0","0",0.123106060606061
5271,6,6,"F","0","0",4.33,1380,"Arts & Letters","1","0",NA,1,0.896933560477002,"0","0",0.123106060606061
5273,6,6,"F","1","0",4.25,1330,"Arts & Letters","1","0",NA,1,0.73936170212766,"0","0",0.173497267759563
5275,6,6,"M","1","0",4,1240,"Arts & Letters","1","1",3.949,1,0.854901960784314,"1","1",1
5277,7,6,"F","1","0",3.77,1310,"Business & Economics","1","1",3.305,1,0.855172413793103,"1","1",1
5278,6,6,"M","1","0",4,1400,"Math & Science","1","0",NA,1,0.896933560477002,"0","0",0.123106060606061
5280,6,7,"F","1","0",4.27,1280,"Arts & Letters","1","0",NA,1,0.73936170212766,"0","0",0.173497267759563
5281,6,7,"F","1","0",3.95,1250,"Business & Economics","1","1",3.446,1,0.854901960784314,"1","1",1
5282,6,6,"M","0","1",3.5,1360,"Business & Economics","1","1",3.229,1,0.855172413793103,"1","1",1
5283,6,3,"M","1","0",4.08,1440,"Business & Economics","1","0",NA,1,0.896933560477002,"0","0",0.123106060606061
5284,4,6,"F","1","0",4.08,1420,"Business & Economics","1","1",3.522,1,0.896933560477002,"1","0",0.123106060606061
5285,7,7,"F","1","0",4.25,1560,"Math & Science","1","0",NA,1,0.896933560477002,"0","0",0.123106060606061
5286,7,4,"F","0","0",4,1190,"Arts & Letters","1","0",NA,0,0.245187436676798,"0","0",0.00160901045856798
5287,6,6,"M","1","0",4.09,1490,"Business & Economics","1","1",3.943,1,0.896933560477002,"1","0",0.123106060606061
5289,7,7,"F","1","0",4.2,1550,"Math & Science","1","0",NA,1,0.896933560477002,"0","0",0.123106060606061
5290,6,7,"M","1","0",3.71,1060,"Business & Economics","1","0",NA,0,0.05676072418855,"0","0",0.00160901045856798
5291,7,6,"M","0","0",4.32,1150,"Math & Science","1","1",3.075,1,0.854901960784314,"1","1",1
5293,5,6,"F","0","1",4.04,1210,"Arts & Letters","1","1",3.52,1,0.854901960784314,"1","1",1
5294,6,6,"F","1","0",4.36,1440,"Arts & Letters","1","0",NA,1,0.896933560477002,"0","0",0.123106060606061
5295,7,6,"F","1","0",3.81,1360,"Math & Science","1","0",NA,1,0.896933560477002,"0","0",0.123106060606061
5296,7,7,"M","1","0",4.18,1530,"Math & Science","1","1",2.731,1,0.896933560477002,"1","0",0.123106060606061
5298,3,3,"M","0","0",4.27,1370,"Business & Economics","1","1",3.788,1,0.896933560477002,"1","0",0.123106060606061
5301,6,6,"F","1","0",3.73,1430,"Arts & Letters","1","0",NA,0,0.384615384615385,"0","0",0.00160901045856798
5302,6,6,"F","1","0",4.08,1400,"Math & Science","1","0",NA,1,0.896933560477002,"0","0",0.123106060606061
5304,6,4,"M","1","0",3.19,1370,"Math & Science","1","0",NA,0,0.156017830609212,"0","0",0.00160901045856798
5305,6,6,"F","1","0",3.68,1420,"Arts & Letters","1","0",NA,0,0.384615384615385,"0","0",0.00160901045856798
5306,7,6,"M","1","0",3.75,1460,"Business & Economics","1","0",NA,1,0.880952380952381,"0","0",0.123106060606061
5313,7,7,"M","1","0",3.77,1190,"Math & Science","1","0",NA,0,0.05676072418855,"0","0",0.00160901045856798
5315,4,6,"F","0","0",3.73,1290,"Business & Economics","1","1",2.395,1,0.855172413793103,"1","1",1
5317,4,6,"M","1","0",4.25,1350,"Business & Economics","1","0",NA,1,0.896933560477002,"0","0",0.123106060606061
5323,7,6,"F","1","0",4.05,1400,"Arts & Letters","1","1",3.777,1,0.896933560477002,"1","0",0.123106060606061
5329,6,7,"M","1","0",3.17,1110,"Math & Science","1","1",2.618,1,0.84,"1","1",1
5330,6,6,"M","0","0",4.2,1390,"Business & Economics","1","0",NA,1,0.896933560477002,"0","0",0.123106060606061
5331,7,6,"M","0","0",3.86,1460,"Math & Science","1","0",NA,1,0.896933560477002,"0","0",0.123106060606061
5334,7,6,"M","1","0",3.92,1190,"Business & Economics","1","1",3.589,1,0.854901960784314,"1","1",1
5335,7,7,"M","1","0",3.23,1080,"Business & Economics","1","1",2.641,0,0.24,"1","0",0.00160901045856798
5336,7,7,"F","0","1",3.7,1370,"Math & Science","1","0",NA,0,0.336,"0","0",0.00160901045856798
5338,7,3,"M","0","1",4.18,1150,"Math & Science","1","1",3.056,1,0.854901960784314,"1","1",1
5340,7,6,"F","1","0",4.13,1410,"Arts & Letters","1","0",NA,1,0.896933560477002,"0","0",0.123106060606061
5341,7,6,"M","0","0",3.38,1350,"Business & Economics","1","0",NA,0,0.156017830609212,"0","0",0.00160901045856798
5349,1,1,"M","0","0",4.33,1370,"Arts & Letters","1","0",NA,1,0.896933560477002,"0","0",0.123106060606061
5351,7,7,"F","1","0",3.67,1180,"Arts & Letters","1","0",NA,0,0.05676072418855,"0","0",0.00160901045856798
5357,2,2,"F","0","0",3.89,1130,"Arts & Letters","1","0",NA,1,0.793939393939394,"0","0",0.173497267759563
5363,3,4,"F","1","0",3.95,1270,"Arts & Letters","1","0",NA,1,0.73936170212766,"0","0",0.173497267759563
5367,3,4,"F","0","1",4.14,1230,"Math & Science","1","0",NA,0,0.320754716981132,"0","0",0.00160901045856798
5374,1,2,"F","0","1",3.77,1240,"Math & Science","1","0",NA,0,0.05676072418855,"0","0",0.00160901045856798
5382,4,7,"F","0","0",4.12,1340,"Arts & Letters","1","0",NA,1,0.73936170212766,"0","0",0.173497267759563
5386,6,3,"M","1","0",4.2,1340,"Business & Economics","1","0",NA,1,0.73936170212766,"0","0",0.173497267759563
5387,7,7,"F","0","0",4.25,1390,"Arts & Letters","1","0",NA,1,0.896933560477002,"0","0",0.123106060606061
5389,7,7,"F","0","1",3.77,1350,"Business & Economics","1","0",NA,1,0.631578947368421,"0","0",0.00160901045856798
5390,7,7,"M","0","0",3.96,1480,"Arts & Letters","1","0",NA,1,0.896933560477002,"0","0",0.123106060606061
5391,7,7,"F","1","0",3.91,1320,"Arts & Letters","1","0",NA,1,0.73936170212766,"0","0",0.173497267759563
5392,7,7,"M","0","1",4.27,1540,"Math & Science","1","0",NA,1,0.896933560477002,"0","0",0.123106060606061
5394,7,6,"M","1","0",4.07,1360,"Arts & Letters","1","0",NA,1,0.896933560477002,"0","0",0.123106060606061
5395,1,1,"F","0","0",4.09,1310,"Business & Economics","1","0",NA,1,0.73936170212766,"0","0",0.173497267759563
5399,1,4,"F","0","0",3.9,1150,"Math & Science","1","0",NA,0,0.393939393939394,"0","0",0.00160901045856798
5404,1,1,"F","0","0",4.04,1010,"Arts & Letters","1","0",NA,1,0.793939393939394,"0","0",0.173497267759563
5408,7,7,"F","1","0",4.08,1440,"Arts & Letters","1","0",NA,1,0.896933560477002,"0","0",0.123106060606061
5412,2,2,"F","1","0",4.03,1260,"Business & Economics","1","1",3.713,1,0.73936170212766,"1","0",0.173497267759563
5413,6,6,"M","1","0",4.09,1260,"Business & Economics","1","0",NA,1,0.73936170212766,"0","0",0.173497267759563
5419,1,3,"F","0","0",3.72,1110,"Math & Science","1","0",NA,0,0.05676072418855,"0","0",0.00160901045856798
5420,7,4,"M","1","0",3.95,1330,"Math & Science","1","0",NA,1,0.73936170212766,"0","0",0.173497267759563
5422,6,6,"F","1","0",4.27,1450,"Arts & Letters","1","0",NA,1,0.896933560477002,"0","0",0.123106060606061
5423,6,5,"F","1","0",4.14,1040,"Business & Economics","1","0",NA,0,0.308370044052863,"0","0",0.00160901045856798
5425,7,6,"F","1","0",3.91,1410,"Arts & Letters","1","0",NA,1,0.896933560477002,"0","0",0.123106060606061
5437,1,1,"F","0","0",4,1020,"Math & Science","1","0",NA,1,0.793939393939394,"0","0",0.173497267759563
5445,7,6,"M","0","1",3.29,1250,"Arts & Letters","1","1",2.465,1,0.855172413793103,"1","1",1
5447,4,4,"F","0","0",3.88,1420,"Math & Science","1","0",NA,1,0.896933560477002,"0","0",0.123106060606061
5453,6,6,"F","1","0",3.45,1410,"Math & Science","1","0",NA,0,0.156017830609212,"0","0",0.00160901045856798
5459,7,6,"F","0","1",3.85,1310,"Business & Economics","1","0",NA,0,0.378048780487805,"0","0",0.00160901045856798
5460,6,7,"F","1","0",4.07,1300,"Business & Economics","1","0",NA,1,0.73936170212766,"0","0",0.173497267759563
5464,7,7,"F","1","0",4.2,1340,"Arts & Letters","1","0",NA,1,0.73936170212766,"0","0",0.173497267759563
5469,6,6,"F","1","0",3.54,1370,"Arts & Letters","1","0",NA,0,0.26978417266187,"0","0",0.00160901045856798
5476,1,1,"F","0","1",3.68,970,"Business & Economics","1","1",3.212,1,0.855172413793103,"1","1",1
5481,7,7,"M","0","0",3.5,1140,"Arts & Letters","1","0",NA,0,0.05676072418855,"0","0",0.00160901045856798
5483,7,6,"F","0","0",3.23,1360,"Arts & Letters","1","0",NA,0,0.156017830609212,"0","0",0.00160901045856798
5484,6,4,"M","1","0",3.45,1500,"Math & Science","1","0",NA,0,0.156017830609212,"0","0",0.00160901045856798
5485,1,1,"M","0","0",3.81,990,"Arts & Letters","1","0",NA,1,0.793939393939394,"0","0",0.173497267759563
5489,7,6,"F","1","0",4.04,1380,"Math & Science","1","0",NA,1,0.896933560477002,"0","0",0.123106060606061
5491,6,6,"M","0","0",3.95,1180,"Business & Economics","1","0",NA,0,0.245187436676798,"0","0",0.00160901045856798
5494,7,7,"M","1","0",4.35,1510,"Math & Science","1","0",NA,1,0.896933560477002,"0","0",0.123106060606061
5502,7,4,"F","1","0",4.14,1600,"Math & Science","1","0",NA,1,0.896933560477002,"0","0",0.123106060606061
5510,6,6,"F","1","0",4.07,1290,"Business & Economics","1","0",NA,1,0.73936170212766,"0","0",0.173497267759563
5517,2,4,"M","0","1",3.55,960,"Arts & Letters","1","1",1.122,1,0.855172413793103,"1","1",1
5518,5,5,"M","0","1",3.9,1300,"Math & Science","1","0",NA,1,0.73936170212766,"0","0",0.173497267759563
5525,2,2,"F","0","1",3.95,1030,"Math & Science","1","0",NA,1,0.793939393939394,"0","0",0.173497267759563
5531,7,6,"F","0","1",3.81,1460,"Math & Science","1","0",NA,1,0.896933560477002,"0","0",0.123106060606061
5539,4,3,"F","1","0",4.17,1180,"Math & Science","1","0",NA,0,0.320754716981132,"0","0",0.00160901045856798
5541,7,6,"F","1","0",3.95,1310,"Arts & Letters","1","0",NA,1,0.73936170212766,"0","0",0.173497267759563
5543,1,1,"F","0","0",3.73,980,"Arts & Letters","1","1",2.646,1,0.855172413793103,"1","1",1
5545,7,6,"F","0","0",4.12,1380,"Math & Science","1","1",3.803,1,0.896933560477002,"1","0",0.123106060606061
5546,7,7,"F","1","0",3.86,1410,"Business & Economics","1","0",NA,1,0.896933560477002,"0","0",0.123106060606061
5549,7,6,"F","1","0",4.05,1330,"Math & Science","1","0",NA,1,0.73936170212766,"0","0",0.173497267759563
5551,6,6,"M","1","0",3.33,1240,"Arts & Letters","1","0",NA,0,0.05676072418855,"0","0",0.00160901045856798
5558,4,4,"F","0","0",3.46,990,"Math & Science","1","0",NA,0,0.05676072418855,"0","0",0.00160901045856798
5559,6,7,"F","1","0",3.82,1290,"Arts & Letters","1","0",NA,0,0.378048780487805,"0","0",0.00160901045856798
5562,6,7,"M","1","0",3.9,1460,"Business & Economics","1","0",NA,1,0.896933560477002,"0","0",0.123106060606061
5565,2,3,"F","0","0",3.2,1250,"Arts & Letters","1","1",3.35,1,0.84,"1","1",1
5567,6,6,"F","1","0",4.2,1280,"Math & Science","1","1",3.236,1,0.73936170212766,"1","0",0.173497267759563
5570,6,6,"F","0","1",4.05,1330,"Arts & Letters","1","0",NA,1,0.73936170212766,"0","0",0.173497267759563
5574,7,6,"F","1","0",4.05,1220,"Arts & Letters","1","0",NA,1,0.590909090909091,"0","0",0.00160901045856798
5577,3,3,"M","1","0",3.82,1250,"Business & Economics","1","1",2.86,1,0.854901960784314,"1","1",1
5582,4,5,"F","1","0",3.7,1220,"Math & Science","1","0",NA,0,0.05676072418855,"0","0",0.00160901045856798
5584,3,7,"F","1","0",3.57,1140,"Arts & Letters","1","1",3.482,1,0.855172413793103,"1","1",1
5588,6,6,"F","0","0",4.22,1140,"Math & Science","1","1",2.839,1,0.854901960784314,"1","1",1
5592,6,7,"M","0","0",3.64,1130,"Math & Science","1","1",3.176,1,0.855172413793103,"1","1",1
5597,4,4,"F","1","0",3.78,1260,"Arts & Letters","1","1",2.495,1,0.855172413793103,"1","1",1
5598,7,7,"F","1","0",4.06,1110,"Math & Science","1","0",NA,0,0.308370044052863,"0","0",0.00160901045856798
5599,6,6,"M","1","0",4.04,1560,"Math & Science","1","0",NA,1,0.896933560477002,"0","0",0.123106060606061
5600,6,6,"M","0","1",3.58,1250,"Arts & Letters","1","0",NA,0,0.05676072418855,"0","0",0.00160901045856798
5602,6,6,"F","0","1",3.54,1160,"Business & Economics","1","1",3.53,1,0.855172413793103,"1","1",1
5603,7,7,"F","0","1",4.15,1520,"Math & Science","1","0",NA,1,0.896933560477002,"0","0",0.123106060606061
5604,7,7,"F","1","0",4.33,1350,"Arts & Letters","1","0",NA,1,0.896933560477002,"0","0",0.123106060606061
5605,4,4,"M","1","0",4.33,1310,"Math & Science","1","0",NA,1,0.73936170212766,"0","0",0.173497267759563
5611,6,6,"F","1","0",4.09,1250,"Business & Economics","1","0",NA,1,0.717948717948718,"0","0",0.00160901045856798
5613,1,1,"F","0","0",4.3,950,"Business & Economics","1","1",2.851,1,0.854901960784314,"1","1",1
5619,6,6,"F","1","0",4.08,1410,"Math & Science","1","0",NA,1,0.896933560477002,"0","0",0.123106060606061
5622,4,7,"F","1","0",4,1320,"Math & Science","1","0",NA,1,0.73936170212766,"0","0",0.173497267759563
5623,6,6,"F","1","0",3.08,1290,"Arts & Letters","1","1",2.646,1,0.84,"1","1",1
5630,7,7,"F","1","0",4.23,1210,"Math & Science","1","0",NA,1,0.590909090909091,"0","0",0.00160901045856798
5631,6,6,"F","1","0",3.85,1280,"Arts & Letters","1","0",NA,0,0.378048780487805,"0","0",0.00160901045856798
5637,7,6,"M","1","0",4.09,1440,"Math & Science","1","1",3.829,1,0.896933560477002,"1","0",0.123106060606061
5638,7,7,"F","1","0",3.85,1450,"Math & Science","1","0",NA,1,0.896933560477002,"0","0",0.123106060606061
5640,7,5,"M","0","1",4.15,1340,"Math & Science","1","1",2.932,1,0.73936170212766,"1","0",0.173497267759563
5642,6,4,"M","1","0",3.68,1210,"Business & Economics","1","1",3.443,1,0.855172413793103,"1","1",1
5646,4,4,"M","0","1",3.32,1090,"Business & Economics","1","1",1.915,1,0.855172413793103,"1","1",1
5647,7,4,"F","1","0",3.5,1430,"Math & Science","1","0",NA,0,0.156017830609212,"0","0",0.00160901045856798
5653,7,7,"M","1","0",3.91,1370,"Business & Economics","1","0",NA,1,0.896933560477002,"0","0",0.123106060606061
5657,6,6,"M","1","0",3.4,1190,"Business & Economics","1","0",NA,0,0.05676072418855,"0","0",0.00160901045856798
5661,2,2,"F","0","0",3.74,1230,"Arts & Letters","1","0",NA,0,0.05676072418855,"0","0",0.00160901045856798
5663,4,7,"F","1","0",4.32,1540,"Arts & Letters","1","0",NA,1,0.896933560477002,"0","0",0.123106060606061
5665,3,3,"F","1","0",4.5,1490,"Arts & Letters","1","0",NA,1,0.896933560477002,"0","0",0.123106060606061
5668,3,3,"F","0","1",4.27,1240,"Arts & Letters","1","0",NA,0,0.320754716981132,"0","0",0.00160901045856798
5672,4,4,"F","0","1",4.4,1330,"Math & Science","1","0",NA,1,0.73936170212766,"0","0",0.173497267759563
5677,3,2,"M","0","0",3.74,1410,"Business & Economics","1","0",NA,1,0.880952380952381,"0","0",0.123106060606061
5682,3,3,"F","0","1",3.76,1170,"Business & Economics","1","0",NA,0,0.05676072418855,"0","0",0.00160901045856798
5683,6,6,"F","1","0",4.4,1170,"Business & Economics","1","0",NA,1,0.717948717948718,"0","0",0.00160901045856798
5685,1,1,"M","0","0",3.94,1040,"Math & Science","1","0",NA,1,0.793939393939394,"0","0",0.173497267759563
5694,6,6,"M","0","1",4.29,1570,"Math & Science","1","0",NA,1,0.896933560477002,"0","0",0.123106060606061
5697,7,6,"F","1","0",4.26,1490,"Math & Science","1","0",NA,1,0.896933560477002,"0","0",0.123106060606061
5699,3,2,"F","0","0",3.8,960,"Arts & Letters","1","0",NA,0,0.245187436676798,"0","0",0.00160901045856798
5705,6,6,"M","1","0",3.4,1210,"Business & Economics","1","1",2.972,1,0.855172413793103,"1","1",1
5706,7,6,"M","1","0",3.65,1540,"Arts & Letters","1","0",NA,1,0.764705882352941,"0","0",0.173497267759563
5711,6,3,"M","1","0",4.22,1500,"Math & Science","1","0",NA,1,0.896933560477002,"0","0",0.123106060606061
5712,6,7,"M","1","0",3.45,1400,"Business & Economics","1","1",1.323,1,0.855172413793103,"1","1",1
5713,7,4,"M","1","0",4.25,1160,"Math & Science","1","1",3.005,1,0.854901960784314,"1","1",1
5715,7,5,"F","0","0",4.23,1170,"Math & Science","1","0",NA,1,0.590909090909091,"0","0",0.00160901045856798
5716,3,3,"M","0","1",3.54,1440,"Business & Economics","1","0",NA,1,0.880952380952381,"0","0",0.123106060606061
5720,7,7,"F","0","0",4.24,1360,"Business & Economics","1","0",NA,1,0.896933560477002,"0","0",0.123106060606061
5728,6,6,"F","1","0",3.8,1250,"Business & Economics","1","0",NA,0,0.245187436676798,"0","0",0.00160901045856798
5731,7,6,"F","1","0",4.2,1250,"Arts & Letters","1","0",NA,1,0.590909090909091,"0","0",0.00160901045856798
5733,5,4,"F","1","0",4.17,1160,"Math & Science","1","1",3.249,1,0.854901960784314,"1","1",1
5734,2,1,"M","0","0",4.05,950,"Business & Economics","1","0",NA,1,0.793939393939394,"0","0",0.173497267759563
5735,6,7,"F","1","0",3.91,1300,"Business & Economics","1","0",NA,1,0.73936170212766,"0","0",0.173497267759563
5739,3,3,"F","1","0",3.95,1270,"Math & Science","1","0",NA,1,0.73936170212766,"0","0",0.173497267759563
5741,7,6,"F","1","0",4,1100,"Arts & Letters","1","0",NA,0,0.245187436676798,"0","0",0.00160901045856798
5743,6,5,"F","1","0",4.05,1270,"Math & Science","1","0",NA,1,0.73936170212766,"0","0",0.173497267759563
5744,5,5,"F","1","0",4.04,1210,"Math & Science","1","1",3.723,1,0.854901960784314,"1","1",1
5751,6,7,"M","0","0",4.12,1120,"Arts & Letters","1","0",NA,0,0.308370044052863,"0","0",0.00160901045856798
5752,7,7,"M","0","0",4.25,1490,"Arts & Letters","1","0",NA,1,0.896933560477002,"0","0",0.123106060606061
5753,7,6,"F","1","0",3.82,1240,"Math & Science","1","1",3.437,1,0.854901960784314,"1","1",1
5754,6,6,"F","1","0",3.38,1320,"Business & Economics","1","1",3.313,1,0.855172413793103,"1","1",1
5757,7,7,"F","1","0",4.08,1300,"Math & Science","1","0",NA,1,0.73936170212766,"0","0",0.173497267759563
5758,7,3,"F","1","0",4.24,1480,"Math & Science","1","0",NA,1,0.896933560477002,"0","0",0.123106060606061
5760,1,1,"F","0","1",3.55,1130,"Math & Science","1","1",2.248,1,0.855172413793103,"1","1",1
5762,4,7,"M","0","1",3.96,1290,"Math & Science","1","0",NA,1,0.73936170212766,"0","0",0.173497267759563
5763,5,6,"F","0","1",3.83,920,"Arts & Letters","1","1",2.443,1,0.854901960784314,"1","1",1
5765,4,3,"F","1","0",4.1,1080,"Math & Science","1","0",NA,0,0.308370044052863,"0","0",0.00160901045856798
5768,6,5,"M","0","1",3.9,1060,"Math & Science","1","0",NA,0,0.245187436676798,"0","0",0.00160901045856798
5771,6,7,"M","1","0",3.58,1190,"Arts & Letters","1","0",NA,0,0.05676072418855,"0","0",0.00160901045856798
5779,7,6,"F","1","0",3.95,1290,"Business & Economics","1","1",3.213,1,0.73936170212766,"1","0",0.173497267759563
5782,7,2,"M","0","0",3.64,1090,"Math & Science","1","1",2.749,1,0.855172413793103,"1","1",1
5787,6,6,"F","1","0",4.08,1450,"Arts & Letters","1","1",3.474,1,0.896933560477002,"1","0",0.123106060606061
5797,7,7,"M","1","0",3.58,1540,"Math & Science","1","1",3.14,1,0.855172413793103,"1","1",1
5798,3,4,"M","0","0",3.41,1120,"Arts & Letters","1","0",NA,0,0.05676072418855,"0","0",0.00160901045856798
5809,7,7,"M","1","0",4.23,1360,"Arts & Letters","1","0",NA,1,0.896933560477002,"0","0",0.123106060606061
5812,7,7,"M","0","0",4.33,1470,"Math & Science","1","0",NA,1,0.896933560477002,"0","0",0.123106060606061
5813,6,6,"F","1","0",4.15,1380,"Arts & Letters","1","0",NA,1,0.896933560477002,"0","0",0.123106060606061
5815,4,6,"F","1","0",4.14,1480,"Arts & Letters","1","0",NA,1,0.896933560477002,"0","0",0.123106060606061
5817,6,6,"F","1","0",4.14,1170,"Math & Science","1","0",NA,0,0.320754716981132,"0","0",0.00160901045856798
5818,7,6,"F","0","0",4.39,1380,"Arts & Letters","1","0",NA,1,0.896933560477002,"0","0",0.123106060606061
5819,7,7,"M","1","0",4.08,1470,"Math & Science","1","0",NA,1,0.896933560477002,"0","0",0.123106060606061
5828,6,6,"M","0","1",3.19,1220,"Arts & Letters","1","1",2.619,1,0.84,"1","1",1
5832,6,4,"M","0","0",3.57,1170,"Arts & Letters","1","0",NA,0,0.05676072418855,"0","0",0.00160901045856798
5834,4,2,"M","0","0",3.82,1260,"Arts & Letters","1","0",NA,1,0.909090909090909,"0","0",0
5837,6,4,"F","0","1",3.86,1250,"Math & Science","1","0",NA,0,0.245187436676798,"0","0",0.00160901045856798
5846,7,7,"M","1","0",3.68,1130,"Arts & Letters","1","0",NA,0,0.05676072418855,"0","0",0.00160901045856798
5847,7,7,"M","1","0",4.21,1230,"Arts & Letters","1","0",NA,1,0.590909090909091,"0","0",0.00160901045856798
5848,4,7,"F","1","0",4.12,1150,"Math & Science","1","0",NA,0,0.308370044052863,"0","0",0.00160901045856798
5851,4,4,"F","1","0",4.05,1240,"Math & Science","1","1",3.739,1,0.854901960784314,"1","1",1
5855,6,4,"F","1","0",3.75,1250,"Arts & Letters","1","0",NA,0,0.05676072418855,"0","0",0.00160901045856798
5858,6,6,"F","1","0",3.82,1250,"Math & Science","1","0",NA,0,0.245187436676798,"0","0",0.00160901045856798
5865,6,6,"F","1","0",4,1320,"Arts & Letters","1","1",3.477,1,0.73936170212766,"1","0",0.173497267759563
5872,6,6,"F","1","0",4.09,1270,"Math & Science","1","1",3.526,1,0.73936170212766,"1","0",0.173497267759563
5873,4,5,"M","1","0",4.05,1460,"Arts & Letters","1","0",NA,1,0.896933560477002,"0","0",0.123106060606061
5874,7,7,"F","0","1",3.79,1420,"Arts & Letters","1","0",NA,1,0.896933560477002,"0","0",0.123106060606061
5878,7,5,"F","1","0",3.96,1290,"Business & Economics","1","0",NA,1,0.73936170212766,"0","0",0.173497267759563
5879,2,1,"F","0","0",3.65,1010,"Math & Science","1","0",NA,0,0.05676072418855,"0","0",0.00160901045856798
5880,7,6,"M","0","1",3.58,1210,"Arts & Letters","1","1",3.319,1,0.855172413793103,"1","1",1
5882,7,7,"M","0","1",4.14,1450,"Business & Economics","1","0",NA,1,0.896933560477002,"0","0",0.123106060606061
5884,4,7,"F","1","0",4.17,1290,"Math & Science","1","1",2.933,1,0.73936170212766,"1","0",0.173497267759563
5886,6,7,"F","0","0",4.23,1440,"Math & Science","1","0",NA,1,0.896933560477002,"0","0",0.123106060606061
5888,6,4,"M","1","0",3.76,1490,"Business & Economics","1","0",NA,1,0.880952380952381,"0","0",0.123106060606061
5891,7,6,"F","0","1",3.83,1310,"Math & Science","1","0",NA,0,0.378048780487805,"0","0",0.00160901045856798
5892,7,7,"F","1","0",3.74,1400,"Business & Economics","1","0",NA,1,0.880952380952381,"0","0",0.123106060606061
5893,3,3,"F","0","1",3.82,1280,"Business & Economics","1","0",NA,0,0.378048780487805,"0","0",0.00160901045856798
5901,4,4,"M","0","1",4.24,1340,"Math & Science","1","0",NA,1,0.73936170212766,"0","0",0.173497267759563
5905,1,1,"F","0","0",3.88,1080,"Arts & Letters","1","0",NA,1,0.793939393939394,"0","0",0.173497267759563
5909,7,6,"F","1","0",4.17,1400,"Arts & Letters","1","0",NA,1,0.896933560477002,"0","0",0.123106060606061
5911,3,5,"F","0","0",4.33,1310,"Math & Science","1","0",NA,1,0.73936170212766,"0","0",0.173497267759563
5914,6,6,"F","1","0",4.29,1330,"Arts & Letters","1","0",NA,1,0.73936170212766,"0","0",0.173497267759563
5915,1,1,"F","0","0",4.14,1140,"Math & Science","1","0",NA,1,0.793939393939394,"0","0",0.173497267759563
5917,6,6,"M","1","0",4.05,1220,"Business & Economics","1","1",2.998,1,0.854901960784314,"1","1",1
5919,3,3,"F","0","0",4.36,1170,"Business & Economics","1","0",NA,1,0.717948717948718,"0","0",0.00160901045856798
5920,3,6,"M","1","0",3.68,1230,"Business & Economics","1","1",2.813,1,0.855172413793103,"1","1",1
5926,3,6,"F","1","0",3.62,1420,"Math & Science","1","1",3.154,1,0.855172413793103,"1","1",1
5932,7,7,"F","0","0",4.11,1320,"Math & Science","1","0",NA,1,0.73936170212766,"0","0",0.173497267759563
5934,4,7,"M","1","0",3.38,1190,"Math & Science","1","0",NA,0,0.05676072418855,"0","0",0.00160901045856798
5937,4,7,"F","1","0",4.3,1400,"Math & Science","1","1",4,1,0.896933560477002,"1","0",0.123106060606061
5939,1,1,"F","0","1",4.23,990,"Arts & Letters","1","0",NA,1,0.793939393939394,"0","0",0.173497267759563
5943,5,7,"F","0","0",4.09,1190,"Arts & Letters","1","1",3.281,1,0.854901960784314,"1","1",1
5946,2,1,"M","0","0",4.08,1070,"Math & Science","1","0",NA,1,0.793939393939394,"0","0",0.173497267759563
5949,7,6,"F","0","0",3.95,1470,"Arts & Letters","1","0",NA,1,0.896933560477002,"0","0",0.123106060606061
5950,6,6,"F","0","0",4.19,1220,"Arts & Letters","1","0",NA,0,0.320754716981132,"0","0",0.00160901045856798
5951,2,4,"F","0","0",3.65,1000,"Math & Science","1","0",NA,0,0.05676072418855,"0","0",0.00160901045856798
5956,7,6,"M","0","1",3.77,1250,"Business & Economics","1","0",NA,0,0.05676072418855,"0","0",0.00160901045856798
5958,6,7,"F","1","0",4.04,1390,"Arts & Letters","1","0",NA,1,0.896933560477002,"0","0",0.123106060606061
5963,7,4,"F","1","0",3.82,1370,"Arts & Letters","1","0",NA,1,0.896933560477002,"0","0",0.123106060606061
5965,7,7,"F","1","0",4.27,1230,"Arts & Letters","1","1",3.923,1,0.854901960784314,"1","1",1
5969,6,5,"F","1","0",4.14,1130,"Arts & Letters","1","1",3.369,1,0.854901960784314,"1","1",1
5970,6,6,"F","1","0",3.39,1460,"Math & Science","1","0",NA,0,0.156017830609212,"0","0",0.00160901045856798
5972,6,6,"M","1","0",4.09,1440,"Business & Economics","1","0",NA,1,0.896933560477002,"0","0",0.123106060606061
5974,6,7,"M","1","0",4.3,1300,"Math & Science","1","1",2.577,1,0.73936170212766,"1","0",0.173497267759563
5981,6,3,"M","1","0",3.95,1250,"Business & Economics","1","1",3.446,1,0.854901960784314,"1","1",1
5982,3,3,"F","0","0",4.39,1550,"Math & Science","1","0",NA,1,0.896933560477002,"0","0",0.123106060606061
5983,1,2,"F","0","0",3.67,1120,"Arts & Letters","1","0",NA,0,0.05676072418855,"0","0",0.00160901045856798
5985,7,6,"M","1","0",4.15,1190,"Math & Science","1","0",NA,1,0.590909090909091,"0","0",0.00160901045856798
5986,4,4,"F","1","0",4.09,1230,"Math & Science","1","1",3.18,1,0.854901960784314,"1","1",1
5989,6,7,"M","0","1",3.52,1310,"Arts & Letters","1","0",NA,0,0.26978417266187,"0","0",0.00160901045856798
6000,7,6,"F","1","0",4.1,1400,"Arts & Letters","1","1",3.841,1,0.896933560477002,"1","0",0.123106060606061
6002,7,6,"F","0","1",4.23,1430,"Math & Science","1","0",NA,1,0.896933560477002,"0","0",0.123106060606061
6003,6,7,"F","1","0",2.86,1170,"Arts & Letters","1","0",NA,0,0.05676072418855,"0","0",0
6014,7,7,"M","1","0",4,1310,"Math & Science","1","0",NA,1,0.73936170212766,"0","0",0.173497267759563
6016,7,7,"F","1","0",3.67,1250,"Business & Economics","1","0",NA,0,0.05676072418855,"0","0",0.00160901045856798
6017,6,6,"F","1","0",3.83,1340,"Arts & Letters","1","1",3.346,1,0.903225806451613,"1","1",1
6019,6,7,"F","1","0",4.23,1520,"Math & Science","1","0",NA,1,0.896933560477002,"0","0",0.123106060606061
6021,6,6,"M","0","1",3.9,1390,"Math & Science","1","0",NA,1,0.896933560477002,"0","0",0.123106060606061
6022,6,7,"F","1","0",4.04,1420,"Math & Science","1","0",NA,1,0.896933560477002,"0","0",0.123106060606061
6026,6,7,"F","0","0",4.14,1380,"Math & Science","1","0",NA,1,0.896933560477002,"0","0",0.123106060606061
6029,5,2,"F","0","1",3.68,1130,"Arts & Letters","1","0",NA,0,0.05676072418855,"0","0",0.00160901045856798
6036,5,7,"M","0","1",3.75,1090,"Math & Science","1","1",3.043,1,0.855172413793103,"1","1",1
6037,7,7,"M","0","0",3.48,1550,"Math & Science","1","1",3.092,1,0.855172413793103,"1","1",1
6046,7,6,"F","0","1",4.08,1410,"Business & Economics","1","1",3.659,1,0.896933560477002,"1","0",0.123106060606061
6048,6,7,"F","0","1",4,1530,"Math & Science","1","0",NA,1,0.896933560477002,"0","0",0.123106060606061
6062,6,6,"M","1","0",3.05,1290,"Business & Economics","1","1",2.074,1,0.84,"1","1",1
6063,2,2,"F","0","0",4.27,1390,"Math & Science","1","0",NA,1,0.896933560477002,"0","0",0.123106060606061
6070,6,6,"F","1","0",4.36,1190,"Math & Science","1","1",3.666,1,0.854901960784314,"1","1",1
6074,7,4,"F","1","0",3.52,1390,"Math & Science","1","1",3.39,1,0.855172413793103,"1","1",1
6076,6,4,"F","1","0",4.15,1310,"Math & Science","1","0",NA,1,0.73936170212766,"0","0",0.173497267759563
6080,7,6,"M","1","0",4.28,1390,"Business & Economics","1","0",NA,1,0.896933560477002,"0","0",0.123106060606061
6086,6,6,"F","1","0",3.91,1350,"Math & Science","1","0",NA,1,0.896933560477002,"0","0",0.123106060606061
6094,7,6,"F","1","0",3.62,1130,"Math & Science","1","1",2.605,1,0.855172413793103,"1","1",1
6095,6,6,"M","1","0",3.62,1380,"Business & Economics","1","0",NA,0,0.26978417266187,"0","0",0.00160901045856798
6096,7,7,"F","1","0",4.18,1330,"Math & Science","1","0",NA,1,0.73936170212766,"0","0",0.173497267759563
6097,6,4,"M","0","1",3.71,1360,"Math & Science","1","0",NA,0,0.336,"0","0",0.00160901045856798
6098,6,6,"F","1","0",3.75,1150,"Arts & Letters","1","0",NA,0,0.05676072418855,"0","0",0.00160901045856798
6101,7,4,"F","1","0",4.15,1420,"Arts & Letters","1","0",NA,1,0.896933560477002,"0","0",0.123106060606061
6105,4,4,"F","1","0",3.96,1410,"Arts & Letters","1","1",2.823,1,0.896933560477002,"1","0",0.123106060606061
6107,6,6,"F","0","1",4,1340,"Arts & Letters","1","0",NA,1,0.73936170212766,"0","0",0.173497267759563
6108,6,7,"M","0","0",3.9,1250,"Math & Science","1","1",2.849,1,0.854901960784314,"1","1",1
6114,6,4,"F","1","0",4.14,1480,"Math & Science","1","0",NA,1,0.896933560477002,"0","0",0.123106060606061
6116,6,4,"F","0","1",3.79,1380,"Business & Economics","1","0",NA,1,0.896933560477002,"0","0",0.123106060606061
6119,7,7,"F","1","0",3.91,1290,"Arts & Letters","1","1",3.343,1,0.73936170212766,"1","0",0.173497267759563
6123,7,6,"F","1","0",4.2,1360,"Math & Science","1","0",NA,1,0.896933560477002,"0","0",0.123106060606061
6127,7,7,"M","1","0",4,1350,"Business & Economics","1","0",NA,1,0.896933560477002,"0","0",0.123106060606061
6129,6,6,"M","0","1",4.18,1390,"Business & Economics","1","0",NA,1,0.896933560477002,"0","0",0.123106060606061
6143,6,3,"F","1","0",3.9,1220,"Arts & Letters","1","1",3.618,1,0.854901960784314,"1","1",1
6146,7,6,"F","1","0",3.57,1130,"Math & Science","1","0",NA,0,0.05676072418855,"0","0",0.00160901045856798
6151,1,1,"F","0","1",4,1330,"Business & Economics","1","0",NA,1,0.73936170212766,"0","0",0.173497267759563
6155,7,6,"F","1","0",4.2,1250,"Math & Science","1","0",NA,1,0.590909090909091,"0","0",0.00160901045856798
6161,6,6,"M","1","0",4.35,1550,"Math & Science","1","0",NA,1,0.896933560477002,"0","0",0.123106060606061
6162,2,2,"M","0","1",3.5,930,"Arts & Letters","1","0",NA,0,0.05676072418855,"0","0",0.00160901045856798
6164,1,1,"M","0","0",4.36,1210,"Math & Science","1","0",NA,1,0.793939393939394,"0","0",0.173497267759563
6170,7,6,"F","1","0",4,1420,"Arts & Letters","1","0",NA,1,0.896933560477002,"0","0",0.123106060606061
6176,7,6,"M","1","0",4.05,1240,"Business & Economics","1","0",NA,1,0.717948717948718,"0","0",0.00160901045856798
6184,6,6,"M","0","0",3.68,1040,"Business & Economics","1","0",NA,0,0.05676072418855,"0","0",0.00160901045856798
6189,6,6,"F","1","0",4.22,1520,"Business & Economics","1","0",NA,1,0.896933560477002,"0","0",0.123106060606061
6190,3,3,"F","0","1",3.96,1190,"Math & Science","1","0",NA,0,0.245187436676798,"0","0",0.00160901045856798
6193,7,7,"M","1","0",3.76,1340,"Arts & Letters","1","0",NA,0,0.336,"0","0",0.00160901045856798
6195,6,6,"F","0","0",4.21,1140,"Arts & Letters","1","0",NA,0,0.308370044052863,"0","0",0.00160901045856798
6198,6,7,"M","1","0",3.31,1210,"Arts & Letters","1","1",3.028,1,0.855172413793103,"1","1",1
6200,6,5,"F","1","0",4.05,1310,"Math & Science","1","0",NA,1,0.73936170212766,"0","0",0.173497267759563
6201,5,5,"M","1","0",4.04,1390,"Math & Science","1","0",NA,1,0.896933560477002,"0","0",0.123106060606061
6203,6,6,"M","1","0",4.08,1170,"Math & Science","1","0",NA,0,0.320754716981132,"0","0",0.00160901045856798
6208,6,6,"F","0","0",3.5,1100,"Math & Science","1","1",3.012,1,0.855172413793103,"1","1",1
6212,6,2,"M","0","0",3.55,1010,"Math & Science","1","1",2.206,1,0.855172413793103,"1","1",1
6213,7,5,"M","1","0",3.88,1240,"Arts & Letters","1","0",NA,0,0.245187436676798,"0","0",0.00160901045856798
6218,7,7,"M","0","1",4.04,1530,"Business & Economics","1","0",NA,1,0.896933560477002,"0","0",0.123106060606061
6225,3,3,"M","0","0",3.97,1240,"Math & Science","1","0",NA,0,0.245187436676798,"0","0",0.00160901045856798
6227,6,6,"F","1","0",3.71,1260,"Arts & Letters","1","1",2.998,1,0.855172413793103,"1","1",1
6230,6,6,"F","0","0",3.96,1270,"Arts & Letters","1","0",NA,1,0.73936170212766,"0","0",0.173497267759563
6231,6,6,"F","1","0",4.06,1250,"Business & Economics","1","1",3.215,1,0.854901960784314,"1","1",1
6238,6,5,"F","1","0",3.5,1250,"Math & Science","1","1",3.534,1,0.855172413793103,"1","1",1
6239,7,6,"F","1","0",4.23,1550,"Arts & Letters","1","0",NA,1,0.896933560477002,"0","0",0.123106060606061
6243,3,6,"F","0","0",4.15,1030,"Math & Science","1","0",NA,0,0.308370044052863,"0","0",0.00160901045856798
6244,6,6,"M","1","0",3.68,1270,"Arts & Letters","1","1",3.502,1,0.855172413793103,"1","1",1
6245,6,2,"M","0","0",3.86,1280,"Math & Science","1","0",NA,1,0.909090909090909,"0","0",0
6257,6,6,"F","1","0",3.62,1270,"Arts & Letters","1","0",NA,0,0.26978417266187,"0","0",0.00160901045856798
6258,6,7,"F","1","0",4.09,1050,"Arts & Letters","1","0",NA,0,0.308370044052863,"0","0",0.00160901045856798
6261,7,6,"F","0","1",4.14,1290,"Business & Economics","1","0",NA,1,0.73936170212766,"0","0",0.173497267759563
6262,2,2,"F","0","1",3.46,1110,"Business & Economics","1","1",3.055,1,0.855172413793103,"1","1",1
6267,7,6,"M","0","1",3.42,1170,"Math & Science","1","0",NA,0,0.05676072418855,"0","0",0.00160901045856798
6268,7,7,"F","0","1",3.82,1320,"Business & Economics","1","0",NA,0,0.378048780487805,"0","0",0.00160901045856798
6274,1,1,"F","0","0",3.67,1060,"Arts & Letters","1","0",NA,0,0.05676072418855,"0","0",0.00160901045856798
6277,4,6,"M","1","0",3.29,1200,"Arts & Letters","1","1",2.755,1,0.855172413793103,"1","1",1
6282,6,6,"F","0","1",4.44,1230,"Math & Science","1","0",NA,0,0.320754716981132,"0","0",0.00160901045856798
6292,4,6,"F","1","0",3.92,1330,"Math & Science","1","0",NA,1,0.73936170212766,"0","0",0.173497267759563
6293,5,6,"F","0","0",4.1,1190,"Business & Economics","1","1",3.144,1,0.854901960784314,"1","1",1
6294,7,7,"M","1","0",3.78,1330,"Business & Economics","1","0",NA,1,0.631578947368421,"0","0",0.00160901045856798
6304,4,2,"F","0","1",4.09,1110,"Business & Economics","1","0",NA,0,0.308370044052863,"0","0",0.00160901045856798
6311,4,6,"F","1","0",4.15,1440,"Math & Science","1","0",NA,1,0.896933560477002,"0","0",0.123106060606061
6312,3,3,"M","0","0",3.12,990,"Business & Economics","1","0",NA,0,0.05676072418855,"0","0",0.00160901045856798
6317,7,7,"F","1","0",3.96,1100,"Arts & Letters","1","1",3.548,1,0.854901960784314,"1","1",1
6318,7,7,"F","1","0",3.82,1260,"Business & Economics","1","1",2.524,1,0.903225806451613,"1","1",1
6319,6,6,"F","1","0",4.05,1440,"Arts & Letters","1","0",NA,1,0.896933560477002,"0","0",0.123106060606061
6323,1,1,"F","0","1",4.15,1000,"Arts & Letters","1","0",NA,1,0.793939393939394,"0","0",0.173497267759563
6328,4,3,"M","0","0",4,1150,"Business & Economics","1","1",3.698,1,0.854901960784314,"1","1",1
6331,7,7,"F","1","0",4.13,1350,"Math & Science","1","0",NA,1,0.896933560477002,"0","0",0.123106060606061
6333,4,3,"F","0","0",4.04,1280,"Math & Science","1","0",NA,1,0.73936170212766,"0","0",0.173497267759563
6336,4,5,"F","0","1",4.18,1270,"Math & Science","1","1",3.236,1,0.73936170212766,"1","0",0.173497267759563
6340,7,6,"F","0","0",3.83,1310,"Business & Economics","1","0",NA,0,0.378048780487805,"0","0",0.00160901045856798
6346,7,6,"F","1","0",3.73,1300,"Business & Economics","1","0",NA,1,0.631578947368421,"0","0",0.00160901045856798
6348,4,4,"F","1","0",3.68,1070,"Business & Economics","1","0",NA,0,0.05676072418855,"0","0",0.00160901045856798
6350,7,6,"M","0","1",3.42,1160,"Arts & Letters","1","0",NA,0,0.05676072418855,"0","0",0.00160901045856798
6356,6,6,"M","1","0",3.75,1440,"Math & Science","1","0",NA,0,0.384615384615385,"0","0",0.00160901045856798
6357,2,4,"F","0","0",3.44,1130,"Arts & Letters","1","0",NA,0,0.05676072418855,"0","0",0.00160901045856798
6358,6,7,"M","1","0",3.59,1290,"Math & Science","1","1",2.373,1,0.855172413793103,"1","1",1
6360,4,4,"F","0","1",3.5,1180,"Arts & Letters","1","0",NA,0,0.05676072418855,"0","0",0.00160901045856798
6361,2,2,"M","0","0",3.62,950,"Arts & Letters","1","0",NA,0,0.05676072418855,"0","0",0.00160901045856798
6372,4,5,"F","1","0",3.88,1140,"Math & Science","1","0",NA,0,0.245187436676798,"0","0",0.00160901045856798
6377,6,4,"M","1","0",3.62,1340,"Business & Economics","1","0",NA,0,0.26978417266187,"0","0",0.00160901045856798
6380,6,3,"F","0","1",4,1200,"Math & Science","1","0",NA,0,0.245187436676798,"0","0",0.00160901045856798
6385,6,6,"M","1","0",3.75,1210,"Business & Economics","1","0",NA,0,0.05676072418855,"0","0",0.00160901045856798
6388,6,4,"F","0","0",3.88,1380,"Math & Science","1","0",NA,1,0.896933560477002,"0","0",0.123106060606061
6394,7,3,"M","0","1",3.68,1370,"Business & Economics","1","0",NA,0,0.26978417266187,"0","0",0.00160901045856798
6395,7,7,"F","1","0",3.9,1370,"Arts & Letters","1","0",NA,1,0.896933560477002,"0","0",0.123106060606061
6396,7,6,"F","1","0",3.65,1290,"Arts & Letters","1","1",3.107,1,0.855172413793103,"1","1",1
6398,5,7,"M","1","0",4.2,1260,"Math & Science","1","0",NA,1,0.73936170212766,"0","0",0.173497267759563
6401,3,4,"M","0","0",4.19,1300,"Math & Science","1","0",NA,1,0.73936170212766,"0","0",0.173497267759563
6408,6,6,"F","1","0",3.68,1080,"Arts & Letters","1","0",NA,0,0.05676072418855,"0","0",0.00160901045856798
6409,3,3,"M","0","0",4.05,1020,"Math & Science","1","0",NA,0,0.308370044052863,"0","0",0.00160901045856798
6417,1,4,"M","0","1",4.29,1350,"Math & Science","1","0",NA,1,0.896933560477002,"0","0",0.123106060606061
6422,1,1,"F","0","0",4.15,920,"Math & Science","1","0",NA,0,0.320754716981132,"0","0",0.00160901045856798
6429,6,6,"M","1","0",3.73,1360,"Math & Science","1","0",NA,0,0.336,"0","0",0.00160901045856798
6430,6,6,"F","1","0",4.22,1320,"Arts & Letters","1","1",3.788,1,0.73936170212766,"1","0",0.173497267759563
6431,6,6,"F","0","1",3.43,1450,"Business & Economics","1","1",3.64,1,0.855172413793103,"1","1",1
6433,3,4,"F","0","0",3.58,1240,"Arts & Letters","1","1",3.181,1,0.855172413793103,"1","1",1
6446,4,4,"F","1","0",4.09,1310,"Arts & Letters","1","0",NA,1,0.73936170212766,"0","0",0.173497267759563
6448,1,1,"F","0","0",4.13,1040,"Math & Science","1","0",NA,1,0.793939393939394,"0","0",0.173497267759563
6451,4,6,"M","1","0",4.14,1350,"Arts & Letters","1","0",NA,1,0.896933560477002,"0","0",0.123106060606061
6458,6,4,"F","1","0",4.17,1250,"Math & Science","1","1",2.765,1,0.854901960784314,"1","1",1
6476,6,4,"M","0","1",3.35,1410,"Arts & Letters","1","0",NA,0,0.156017830609212,"0","0",0.00160901045856798
6487,7,5,"M","1","0",3.54,1420,"Business & Economics","1","1",2.778,1,0.855172413793103,"1","1",1
6488,6,7,"F","1","0",3.77,1220,"Arts & Letters","1","1",3.246,1,0.855172413793103,"1","1",1
6493,7,7,"F","1","0",3.49,1390,"Math & Science","1","1",2.871,1,0.855172413793103,"1","1",1
6497,3,3,"F","1","0",4.19,1360,"Math & Science","1","0",NA,1,0.896933560477002,"0","0",0.123106060606061
6500,6,6,"F","0","0",3.67,1160,"Business & Economics","1","0",NA,0,0.05676072418855,"0","0",0.00160901045856798
6503,7,7,"F","0","1",3.86,1330,"Math & Science","1","1",3.107,1,0.903225806451613,"1","1",1
6507,2,4,"M","0","0",3.59,1070,"Arts & Letters","1","0",NA,0,0.05676072418855,"0","0",0.00160901045856798
6509,6,6,"F","1","0",4.21,1370,"Arts & Letters","1","0",NA,1,0.896933560477002,"0","0",0.123106060606061
6512,6,6,"F","1","0",4.23,1360,"Math & Science","1","0",NA,1,0.896933560477002,"0","0",0.123106060606061
6514,7,4,"F","0","0",4.12,1240,"Math & Science","1","0",NA,1,0.590909090909091,"0","0",0.00160901045856798
6515,6,6,"F","0","0",3.82,1320,"Math & Science","1","0",NA,0,0.378048780487805,"0","0",0.00160901045856798
6516,6,5,"F","0","1",3.73,1270,"Business & Economics","1","0",NA,1,0.631578947368421,"0","0",0.00160901045856798
6517,6,6,"F","1","0",3.96,1250,"Arts & Letters","1","0",NA,0,0.245187436676798,"0","0",0.00160901045856798
6519,6,6,"F","1","0",4.26,1270,"Math & Science","1","0",NA,1,0.73936170212766,"0","0",0.173497267759563
6520,6,6,"M","0","0",3.69,1480,"Business & Economics","1","0",NA,1,0.880952380952381,"0","0",0.123106060606061
6521,4,5,"M","0","1",3.9,1570,"Math & Science","1","0",NA,1,0.896933560477002,"0","0",0.123106060606061
6522,1,2,"F","0","0",3.65,1080,"Math & Science","1","0",NA,0,0.05676072418855,"0","0",0.00160901045856798
6525,4,4,"F","0","0",3.9,1290,"Math & Science","1","0",NA,1,0.73936170212766,"0","0",0.173497267759563
6526,3,5,"M","1","0",3.74,1040,"Business & Economics","1","1",2.739,1,0.855172413793103,"1","1",1
6529,7,6,"M","0","1",3.82,1230,"Math & Science","1","1",2.64,1,0.854901960784314,"1","1",1
6532,1,1,"F","0","0",3.5,1000,"Math & Science","1","0",NA,0,0.05676072418855,"0","0",0.00160901045856798
6533,7,7,"F","1","0",4.2,1330,"Math & Science","1","1",3.434,1,0.73936170212766,"1","0",0.173497267759563
6534,1,3,"M","0","1",4.27,1290,"Math & Science","1","0",NA,1,0.73936170212766,"0","0",0.173497267759563
6537,4,3,"F","0","0",4.33,1450,"Arts & Letters","1","0",NA,1,0.896933560477002,"0","0",0.123106060606061
6544,2,5,"F","0","0",3.92,1220,"Math & Science","1","0",NA,1,0.8,"0","0",0.173497267759563
6548,6,6,"M","1","0",4.05,1410,"Business & Economics","1","0",NA,1,0.896933560477002,"0","0",0.123106060606061
6550,6,6,"M","1","0",3.86,1210,"Business & Economics","1","1",2.575,1,0.854901960784314,"1","1",1
6558,6,6,"M","1","0",3.41,990,"Business & Economics","1","1",2.851,1,0.855172413793103,"1","1",1
6561,3,1,"M","0","0",3.92,990,"Business & Economics","1","0",NA,0,0.245187436676798,"0","0",0.00160901045856798
6565,6,4,"F","0","1",3.05,1090,"Arts & Letters","1","1",2.575,0,0.24,"1","1",1
6567,1,3,"F","0","1",4.09,1040,"Math & Science","1","1",2.36,1,0.854901960784314,"1","1",1
6573,6,6,"M","0","0",3.75,1100,"Arts & Letters","1","1",3.423,1,0.855172413793103,"1","1",1
6576,2,3,"M","0","1",4.18,1030,"Math & Science","1","0",NA,0,0.393939393939394,"0","0",0.00160901045856798
6578,7,7,"M","1","0",3.69,1310,"Math & Science","1","1",2.993,1,0.855172413793103,"1","1",1
6580,7,7,"M","0","1",4.08,1430,"Math & Science","1","0",NA,1,0.896933560477002,"0","0",0.123106060606061
6581,4,3,"F","1","0",3.9,1480,"Arts & Letters","1","0",NA,1,0.896933560477002,"0","0",0.123106060606061
6583,7,6,"F","1","0",3.88,1280,"Business & Economics","1","1",3.457,1,0.903225806451613,"1","1",1
6589,7,6,"F","1","0",3.91,1190,"Arts & Letters","1","1",3.353,1,0.854901960784314,"1","1",1
6595,1,1,"M","0","1",4.08,1150,"Math & Science","1","0",NA,1,0.793939393939394,"0","0",0.173497267759563
6596,1,1,"F","0","1",3.75,880,"Business & Economics","1","0",NA,0,0.05676072418855,"0","0",0.00160901045856798
6597,4,4,"F","1","0",3.2,1250,"Arts & Letters","1","0",NA,0,0.05676072418855,"0","0",0.00160901045856798
6601,6,7,"F","1","0",4.15,1410,"Arts & Letters","1","0",NA,1,0.896933560477002,"0","0",0.123106060606061
6605,2,2,"F","0","1",3.27,1190,"Math & Science","1","1",2.125,1,0.855172413793103,"1","1",1
6608,6,7,"F","1","0",3.77,1460,"Arts & Letters","1","0",NA,1,0.764705882352941,"0","0",0.173497267759563
6614,7,5,"F","1","0",4,1340,"Arts & Letters","1","0",NA,1,0.73936170212766,"0","0",0.173497267759563
6623,2,2,"F","0","0",3.54,970,"Business & Economics","1","0",NA,0,0.05676072418855,"0","0",0.00160901045856798
6625,6,5,"F","1","0",4.23,1240,"Arts & Letters","1","1",3.266,1,0.854901960784314,"1","1",1
6627,6,3,"F","0","0",4.08,1120,"Math & Science","1","0",NA,0,0.308370044052863,"0","0",0.00160901045856798
6634,4,3,"M","1","0",4.12,1240,"Business & Economics","1","1",3.422,1,0.854901960784314,"1","1",1
6637,6,6,"M","0","1",4.32,1290,"Arts & Letters","1","0",NA,1,0.73936170212766,"0","0",0.173497267759563
6640,6,6,"F","1","0",3.05,1370,"Arts & Letters","1","0",NA,0,0.156017830609212,"0","0",0
6643,7,6,"M","1","0",3.83,1200,"Math & Science","1","1",1.788,1,0.854901960784314,"1","1",1
6646,6,6,"F","1","0",4.36,1210,"Math & Science","1","1",3.684,1,0.854901960784314,"1","1",1
6648,3,3,"M","0","1",3.75,1240,"Math & Science","1","1",2.821,1,0.855172413793103,"1","1",1
6651,7,6,"F","1","0",3.65,1350,"Arts & Letters","1","1",2.193,1,0.855172413793103,"1","1",1
6657,7,5,"M","1","0",3.58,1450,"Math & Science","1","0",NA,0,0.227272727272727,"0","0",0.00160901045856798
6661,7,6,"M","0","0",4.13,1280,"Math & Science","1","0",NA,1,0.73936170212766,"0","0",0.173497267759563
6662,4,6,"F","0","0",4,1190,"Arts & Letters","1","1",3.099,1,0.854901960784314,"1","1",1
6665,2,7,"M","0","1",3.04,1230,"Math & Science","1","1",3.133,1,0.84,"1","1",1
6668,2,6,"F","0","0",3.62,1170,"Arts & Letters","1","0",NA,0,0.05676072418855,"0","0",0.00160901045856798
6672,6,6,"M","1","0",3.86,1340,"Math & Science","1","1",3.29,1,0.903225806451613,"1","1",1
6677,7,6,"M","0","1",3.67,1460,"Business & Economics","1","0",NA,1,0.880952380952381,"0","0",0.123106060606061
6678,6,6,"F","1","0",3.91,1200,"Math & Science","1","1",3.537,1,0.854901960784314,"1","1",1
6679,2,2,"F","0","1",4,1000,"Business & Economics","1","0",NA,1,0.793939393939394,"0","0",0.173497267759563
6684,7,7,"F","0","1",4,1290,"Business & Economics","1","0",NA,1,0.73936170212766,"0","0",0.173497267759563
6685,3,3,"M","0","1",3.91,1220,"Math & Science","1","0",NA,0,0.245187436676798,"0","0",0.00160901045856798
6687,6,3,"M","1","0",4.25,1260,"Business & Economics","1","1",3.487,1,0.73936170212766,"1","0",0.173497267759563
6689,7,7,"M","1","0",4.05,1340,"Math & Science","1","1",2.732,1,0.73936170212766,"1","0",0.173497267759563
6691,6,6,"F","1","0",3.73,1220,"Math & Science","1","1",3.359,1,0.855172413793103,"1","1",1
6696,6,6,"F","1","0",4,1150,"Business & Economics","1","1",3.186,1,0.854901960784314,"1","1",1
6697,6,6,"M","1","0",3.59,1310,"Business & Economics","1","1",3.661,1,0.855172413793103,"1","1",1
6699,7,7,"F","1","0",3.85,1420,"Math & Science","1","0",NA,1,0.896933560477002,"0","0",0.123106060606061
6706,2,1,"F","0","1",4.23,1100,"Math & Science","1","0",NA,1,0.793939393939394,"0","0",0.173497267759563
6707,6,6,"F","1","0",4.04,1300,"Arts & Letters","1","0",NA,1,0.73936170212766,"0","0",0.173497267759563
6709,5,7,"M","1","0",3.86,1440,"Math & Science","1","1",3.34,1,0.896933560477002,"1","0",0.123106060606061
6712,3,3,"M","0","0",4,1160,"Business & Economics","1","0",NA,0,0.245187436676798,"0","0",0.00160901045856798
6716,6,6,"M","1","0",4.18,1180,"Math & Science","1","1",2.364,1,0.854901960784314,"1","1",1
6718,6,7,"M","0","0",3.9,1440,"Arts & Letters","1","0",NA,1,0.896933560477002,"0","0",0.123106060606061
6732,7,7,"F","1","0",4.05,1470,"Math & Science","1","0",NA,1,0.896933560477002,"0","0",0.123106060606061
6737,4,6,"F","0","0",4,1400,"Math & Science","1","0",NA,1,0.896933560477002,"0","0",0.123106060606061
6738,7,7,"M","1","0",4.2,1400,"Math & Science","1","0",NA,1,0.896933560477002,"0","0",0.123106060606061
6741,7,6,"M","1","0",4,1130,"Business & Economics","1","0",NA,0,0.245187436676798,"0","0",0.00160901045856798
6742,6,6,"F","0","0",3.45,1040,"Arts & Letters","1","1",1.744,1,0.855172413793103,"1","1",1
6743,2,3,"F","0","1",3.85,1140,"Math & Science","1","0",NA,0,0.393939393939394,"0","0",0.00160901045856798
6744,6,6,"M","1","0",3.74,1120,"Business & Economics","1","0",NA,0,0.05676072418855,"0","0",0.00160901045856798
6746,6,4,"F","1","0",3.89,1320,"Business & Economics","1","1",3.232,1,0.903225806451613,"1","1",1
6750,7,6,"M","1","0",3.68,1320,"Business & Economics","1","0",NA,0,0.26978417266187,"0","0",0.00160901045856798
6752,7,7,"F","0","1",4.14,1390,"Math & Science","1","0",NA,1,0.896933560477002,"0","0",0.123106060606061
6755,3,3,"M","0","0",4.3,1170,"Business & Economics","1","0",NA,1,0.717948717948718,"0","0",0.00160901045856798
6756,6,6,"F","0","1",3.86,1520,"Arts & Letters","1","0",NA,1,0.896933560477002,"0","0",0.123106060606061
6767,4,6,"F","0","0",3.73,1360,"Arts & Letters","1","1",3.45,1,0.855172413793103,"1","1",1
6769,7,6,"M","1","0",3.25,1210,"Math & Science","1","1",2.599,1,0.855172413793103,"1","1",1
6772,7,7,"M","1","0",3.37,1360,"Arts & Letters","1","1",2.166,1,0.855172413793103,"1","1",1
6784,6,7,"F","1","0",3.95,1170,"Arts & Letters","1","1",3.523,1,0.854901960784314,"1","1",1
6787,7,6,"M","1","0",4.1,1360,"Math & Science","1","0",NA,1,0.896933560477002,"0","0",0.123106060606061
6791,2,2,"M","1","0",3.67,1290,"Math & Science","1","0",NA,1,0.916666666666667,"0","0",0
6798,4,4,"F","0","1",3.24,1340,"Arts & Letters","1","1",2.499,1,0.855172413793103,"1","1",1
6799,5,6,"M","0","1",3.46,1080,"Arts & Letters","1","1",1.856,1,0.855172413793103,"1","1",1
6800,6,4,"M","0","1",3.92,1250,"Business & Economics","1","0",NA,0,0.245187436676798,"0","0",0.00160901045856798
6801,6,5,"F","0","0",4.25,1380,"Math & Science","1","0",NA,1,0.896933560477002,"0","0",0.123106060606061
6803,7,7,"F","1","0",4.22,1140,"Math & Science","1","1",3.738,1,0.854901960784314,"1","1",1
6808,5,5,"F","1","0",3.85,1390,"Business & Economics","1","1",3.191,1,0.896933560477002,"1","0",0.123106060606061
6813,7,6,"F","1","0",4.09,1290,"Math & Science","1","1",3.93,1,0.73936170212766,"1","0",0.173497267759563
6820,1,1,"F","0","0",3.81,1040,"Math & Science","1","0",NA,1,0.793939393939394,"0","0",0.173497267759563
6825,7,6,"F","1","0",3.77,1110,"Arts & Letters","1","1",3.217,1,0.855172413793103,"1","1",1
6826,1,1,"F","0","1",3.58,1060,"Math & Science","1","0",NA,0,0.05676072418855,"0","0",0.00160901045856798
6827,6,6,"F","1","0",3.75,1100,"Arts & Letters","1","0",NA,0,0.05676072418855,"0","0",0.00160901045856798
6829,6,6,"F","0","0",4.27,1400,"Math & Science","1","0",NA,1,0.896933560477002,"0","0",0.123106060606061
6830,7,4,"F","0","0",3.79,1140,"Arts & Letters","1","1",3.195,1,0.854901960784314,"1","1",1
6838,7,7,"F","1","0",4.23,1560,"Arts & Letters","1","0",NA,1,0.896933560477002,"0","0",0.123106060606061
6842,4,4,"M","1","0",3.68,1360,"Business & Economics","1","1",3.079,1,0.855172413793103,"1","1",1
6845,7,7,"F","0","0",3.6,1320,"Arts & Letters","1","0",NA,0,0.26978417266187,"0","0",0.00160901045856798
6861,6,6,"F","0","1",4.27,1460,"Math & Science","1","1",3.904,1,0.896933560477002,"1","0",0.123106060606061
6865,4,6,"M","0","0",3.96,1210,"Arts & Letters","1","0",NA,0,0.245187436676798,"0","0",0.00160901045856798
6876,6,7,"F","1","0",4.04,1310,"Math & Science","1","0",NA,1,0.73936170212766,"0","0",0.173497267759563
6878,1,1,"F","0","0",3.7,1240,"Math & Science","1","0",NA,0,0.05676072418855,"0","0",0.00160901045856798
6882,7,7,"M","1","0",3.63,1290,"Math & Science","1","1",3.433,1,0.855172413793103,"1","1",1
6886,6,6,"M","1","0",3.79,1240,"Arts & Letters","1","1",3.441,1,0.854901960784314,"1","1",1
6888,4,7,"M","0","0",3.38,1410,"Business & Economics","1","0",NA,0,0.156017830609212,"0","0",0.00160901045856798
6889,6,4,"F","0","1",3.32,1180,"Arts & Letters","1","1",2.992,1,0.855172413793103,"1","1",1
6890,7,7,"M","1","0",4.07,1280,"Math & Science","1","0",NA,1,0.73936170212766,"0","0",0.173497267759563
6892,2,7,"F","1","0",4.17,1320,"Math & Science","1","1",3.397,1,0.73936170212766,"1","0",0.173497267759563
6893,7,6,"M","1","0",3.52,1530,"Math & Science","1","0",NA,1,1,"0","0",0.123106060606061
6898,6,6,"F","0","1",3.84,1310,"Math & Science","1","0",NA,0,0.378048780487805,"0","0",0.00160901045856798
6899,1,4,"F","0","0",4,930,"Business & Economics","1","0",NA,0,0.320754716981132,"0","0",0.00160901045856798
6908,6,7,"F","1","0",4.1,1160,"Arts & Letters","1","0",NA,0,0.320754716981132,"0","0",0.00160901045856798
6912,5,7,"M","1","0",4.35,1290,"Math & Science","1","0",NA,1,0.73936170212766,"0","0",0.173497267759563
6917,1,1,"F","0","1",4.33,1310,"Math & Science","1","0",NA,1,0.73936170212766,"0","0",0.173497267759563
6942,6,6,"F","1","0",3.68,1150,"Arts & Letters","1","1",3.233,1,0.855172413793103,"1","1",1
6943,6,4,"F","1","0",3.84,1180,"Arts & Letters","1","1",3.604,1,0.854901960784314,"1","1",1
6946,7,6,"F","0","1",3.5,1320,"Business & Economics","1","0",NA,0,0.156017830609212,"0","0",0.00160901045856798
6947,2,6,"F","1","0",4.27,1280,"Math & Science","1","1",3.355,1,0.73936170212766,"1","0",0.173497267759563
6951,7,7,"F","0","1",4.1,1320,"Math & Science","1","0",NA,1,0.73936170212766,"0","0",0.173497267759563
6956,7,7,"F","1","0",4.17,1210,"Arts & Letters","1","0",NA,1,0.590909090909091,"0","0",0.00160901045856798
6970,5,6,"M","1","0",3.44,950,"Business & Economics","1","1",2.05,1,0.855172413793103,"1","1",1
6972,7,7,"M","1","0",3.65,1310,"Business & Economics","1","1",3.17,1,0.855172413793103,"1","1",1
6973,3,3,"M","0","1",3.75,1020,"Math & Science","1","0",NA,0,0.05676072418855,"0","0",0.00160901045856798
6976,7,7,"F","1","0",4.18,1160,"Math & Science","1","0",NA,1,0.590909090909091,"0","0",0.00160901045856798
6996,3,6,"F","1","0",4.36,1360,"Math & Science","1","1",3.292,1,0.896933560477002,"1","0",0.123106060606061
6997,6,6,"M","0","1",3.5,1410,"Business & Economics","1","0",NA,0,0.156017830609212,"0","0",0.00160901045856798
6998,5,7,"M","1","0",3.83,1430,"Math & Science","1","1",2.717,1,0.896933560477002,"1","0",0.123106060606061
6999,5,7,"F","1","0",3.81,1500,"Arts & Letters","1","0",NA,1,0.896933560477002,"0","0",0.123106060606061
7001,6,6,"M","1","0",4.25,1210,"Business & Economics","1","0",NA,1,0.717948717948718,"0","0",0.00160901045856798
7016,7,6,"F","1","0",4,1280,"Math & Science","1","0",NA,1,0.73936170212766,"0","0",0.173497267759563
7018,1,1,"F","0","0",4.11,950,"Math & Science","1","0",NA,1,0.793939393939394,"0","0",0.173497267759563
7019,4,4,"F","0","1",3.5,1210,"Math & Science","1","1",2.838,1,0.855172413793103,"1","1",1
7023,6,6,"F","0","0",4.29,1310,"Math & Science","1","0",NA,1,0.73936170212766,"0","0",0.173497267759563
7027,6,7,"F","1","0",4.29,1260,"Math & Science","1","0",NA,1,0.73936170212766,"0","0",0.173497267759563
7033,7,7,"F","1","0",3.88,1280,"Math & Science","1","1",3.372,1,0.903225806451613,"1","1",1
7039,3,7,"M","0","0",4.33,1240,"Business & Economics","1","0",NA,1,0.717948717948718,"0","0",0.00160901045856798
7040,7,7,"M","0","1",3.53,1180,"Business & Economics","1","1",2.355,1,0.855172413793103,"1","1",1
7053,5,6,"M","1","0",3.5,1210,"Math & Science","1","0",NA,0,0.05676072418855,"0","0",0.00160901045856798
7057,7,6,"M","0","0",3.39,1360,"Arts & Letters","1","1",3.434,1,0.855172413793103,"1","1",1
7059,5,7,"F","1","0",3.05,1350,"Arts & Letters","1","0",NA,0,0.156017830609212,"0","0",0
7065,4,6,"F","1","0",4.26,1210,"Math & Science","1","1",3.464,1,0.854901960784314,"1","1",1
7067,6,6,"F","1","0",4.05,1280,"Arts & Letters","1","1",3.338,1,0.73936170212766,"1","0",0.173497267759563
7071,7,7,"M","1","0",3.92,1350,"Arts & Letters","1","0",NA,1,0.896933560477002,"0","0",0.123106060606061
7073,6,3,"M","0","1",3.69,1470,"Math & Science","1","0",NA,1,0.764705882352941,"0","0",0.173497267759563
7074,7,7,"M","1","0",3.09,1230,"Math & Science","1","0",NA,0,0.05676072418855,"0","0",0
7078,7,6,"M","0","0",3.75,1330,"Arts & Letters","1","0",NA,0,0.336,"0","0",0.00160901045856798
7079,4,6,"F","1","0",3.59,1470,"Arts & Letters","1","0",NA,0,0.227272727272727,"0","0",0.00160901045856798
7080,6,7,"M","0","1",3.75,1170,"Math & Science","1","0",NA,0,0.05676072418855,"0","0",0.00160901045856798
7084,7,6,"F","1","0",4.05,1190,"Math & Science","1","1",2.013,1,0.854901960784314,"1","1",1
7093,7,6,"M","1","0",4.04,1510,"Math & Science","1","0",NA,1,0.896933560477002,"0","0",0.123106060606061
7096,4,6,"F","1","0",4,1260,"Math & Science","1","0",NA,1,0.73936170212766,"0","0",0.173497267759563
7105,7,6,"F","1","0",4.05,1420,"Arts & Letters","1","0",NA,1,0.896933560477002,"0","0",0.123106060606061
7106,6,6,"F","1","0",4.08,1300,"Business & Economics","1","1",3.564,1,0.73936170212766,"1","0",0.173497267759563
7110,7,6,"F","1","0",4.18,1450,"Math & Science","1","0",NA,1,0.896933560477002,"0","0",0.123106060606061
7113,3,3,"F","0","0",4.08,1140,"Math & Science","1","1",2.966,1,0.854901960784314,"1","1",1
7115,7,7,"M","0","1",4.05,1510,"Math & Science","1","0",NA,1,0.896933560477002,"0","0",0.123106060606061
7116,6,6,"M","1","0",4.27,1380,"Math & Science","1","1",3.084,1,0.896933560477002,"1","0",0.123106060606061
7122,6,6,"F","1","0",3.94,1090,"Math & Science","1","1",1.564,1,0.854901960784314,"1","1",1
7123,4,7,"M","1","0",3.75,1180,"Business & Economics","1","1",3.252,1,0.855172413793103,"1","1",1
7125,7,6,"M","0","0",3.73,1230,"Business & Economics","1","0",NA,0,0.05676072418855,"0","0",0.00160901045856798
7131,7,7,"F","1","0",4.19,1530,"Arts & Letters","1","0",NA,1,0.896933560477002,"0","0",0.123106060606061
7140,6,4,"F","1","0",3.68,1100,"Math & Science","1","1",2.318,1,0.855172413793103,"1","1",1
7144,3,5,"F","1","0",3.96,1200,"Math & Science","1","0",NA,0,0.245187436676798,"0","0",0.00160901045856798
7145,7,4,"M","1","0",3.93,1250,"Business & Economics","1","1",2.884,1,0.854901960784314,"1","1",1
7152,6,7,"M","1","0",4.09,1310,"Business & Economics","1","0",NA,1,0.73936170212766,"0","0",0.173497267759563
7154,6,6,"M","1","0",4.21,1170,"Business & Economics","1","1",3.281,1,0.854901960784314,"1","1",1
7155,6,7,"M","0","0",3.87,1410,"Business & Economics","1","0",NA,1,0.896933560477002,"0","0",0.123106060606061
7157,4,7,"F","0","1",4,1230,"Math & Science","1","0",NA,0,0.245187436676798,"0","0",0.00160901045856798
7159,4,6,"M","0","1",3.91,1440,"Math & Science","1","0",NA,1,0.896933560477002,"0","0",0.123106060606061
7160,3,3,"M","0","1",3.92,1340,"Business & Economics","1","0",NA,1,0.73936170212766,"0","0",0.173497267759563
7165,6,3,"F","0","1",3.95,1230,"Arts & Letters","1","0",NA,0,0.245187436676798,"0","0",0.00160901045856798
7166,6,7,"M","0","1",4,1290,"Math & Science","1","0",NA,1,0.73936170212766,"0","0",0.173497267759563
7168,7,7,"F","1","0",3.77,1350,"Business & Economics","1","0",NA,1,0.631578947368421,"0","0",0.00160901045856798
7169,7,7,"F","0","0",4.21,1430,"Business & Economics","1","1",3.566,1,0.896933560477002,"1","0",0.123106060606061
7171,2,2,"F","0","1",3.52,1350,"Business & Economics","1","0",NA,1,0.916666666666667,"0","0",0.123106060606061
7172,6,7,"F","0","1",3.44,1300,"Business & Economics","1","0",NA,0,0.156017830609212,"0","0",0.00160901045856798
7177,3,3,"M","0","1",3.3,1150,"Business & Economics","1","1",2.437,1,0.855172413793103,"1","1",1
7180,7,6,"M","1","0",4.33,1530,"Math & Science","1","0",NA,1,0.896933560477002,"0","0",0.123106060606061
7182,5,5,"M","0","0",3.75,1150,"Arts & Letters","1","1",3.457,1,0.855172413793103,"1","1",1
7186,7,7,"F","0","1",3.93,1400,"Business & Economics","1","0",NA,1,0.896933560477002,"0","0",0.123106060606061
7192,1,1,"F","0","1",3.65,1070,"Business & Economics","1","0",NA,0,0.05676072418855,"0","0",0.00160901045856798
7197,6,6,"F","1","0",4.1,1360,"Business & Economics","1","1",2.845,1,0.896933560477002,"1","0",0.123106060606061
7206,5,6,"F","0","0",3.73,1300,"Business & Economics","1","1",2.919,1,0.855172413793103,"1","1",1
7207,6,6,"M","1","0",4.06,1400,"Business & Economics","1","0",NA,1,0.896933560477002,"0","0",0.123106060606061
7212,4,6,"F","0","0",4.21,1280,"Math & Science","1","0",NA,1,0.73936170212766,"0","0",0.173497267759563
7213,6,6,"F","1","0",3.86,1250,"Math & Science","1","0",NA,0,0.245187436676798,"0","0",0.00160901045856798
7216,6,6,"F","1","0",4.24,1260,"Arts & Letters","1","0",NA,1,0.73936170212766,"0","0",0.173497267759563
7218,6,7,"M","1","0",4.05,1350,"Math & Science","1","0",NA,1,0.896933560477002,"0","0",0.123106060606061
7219,7,7,"M","1","0",4.27,1540,"Math & Science","1","0",NA,1,0.896933560477002,"0","0",0.123106060606061
7220,6,6,"M","1","0",4.4,1370,"Business & Economics","1","0",NA,1,0.896933560477002,"0","0",0.123106060606061
7225,7,6,"F","1","0",4.17,1410,"Arts & Letters","1","0",NA,1,0.896933560477002,"0","0",0.123106060606061
7226,6,7,"F","1","0",3.64,1400,"Business & Economics","1","0",NA,1,0.880952380952381,"0","0",0.123106060606061
7227,6,5,"F","0","0",4.36,1370,"Arts & Letters","1","0",NA,1,0.896933560477002,"0","0",0.123106060606061
7231,2,3,"F","0","0",4.09,1230,"Math & Science","1","0",NA,1,0.8,"0","0",0.173497267759563
7235,7,7,"F","0","0",3.89,1330,"Math & Science","1","0",NA,0,0.378048780487805,"0","0",0.00160901045856798
7237,7,6,"M","0","0",3.96,1550,"Math & Science","1","0",NA,1,0.896933560477002,"0","0",0.123106060606061
7239,6,6,"M","0","1",3.95,1160,"Math & Science","1","1",3.028,1,0.854901960784314,"1","1",1
7244,6,6,"M","1","0",3.77,1430,"Business & Economics","1","0",NA,1,0.880952380952381,"0","0",0.123106060606061
7252,4,6,"F","1","0",3.64,1190,"Business & Economics","1","0",NA,0,0.05676072418855,"0","0",0.00160901045856798
7256,6,6,"F","1","0",4.17,1400,"Arts & Letters","1","0",NA,1,0.896933560477002,"0","0",0.123106060606061
7259,6,6,"F","0","1",3.91,1540,"Math & Science","1","0",NA,1,0.896933560477002,"0","0",0.123106060606061
7260,4,2,"M","0","1",4,1440,"Math & Science","1","0",NA,1,0.896933560477002,"0","0",0.123106060606061
7261,7,6,"M","1","0",3.67,1210,"Arts & Letters","1","1",3.805,1,0.855172413793103,"1","1",1
7263,7,7,"F","0","1",4.08,1320,"Business & Economics","1","0",NA,1,0.73936170212766,"0","0",0.173497267759563
7269,4,5,"M","1","0",3.45,1270,"Business & Economics","1","0",NA,0,0.156017830609212,"0","0",0.00160901045856798
7270,7,6,"M","0","0",4,1200,"Arts & Letters","1","1",2.982,1,0.854901960784314,"1","1",1
7284,1,5,"F","0","1",4.31,1180,"Math & Science","1","0",NA,0,0.393939393939394,"0","0",0.00160901045856798
7287,6,6,"F","0","1",4.25,1530,"Business & Economics","1","0",NA,1,0.896933560477002,"0","0",0.123106060606061
7288,6,5,"F","1","0",3.68,1410,"Business & Economics","1","0",NA,1,0.880952380952381,"0","0",0.123106060606061
7290,7,7,"F","1","0",4.18,1550,"Business & Economics","1","0",NA,1,0.896933560477002,"0","0",0.123106060606061
7295,5,3,"F","0","1",4.05,1560,"Business & Economics","1","0",NA,1,0.896933560477002,"0","0",0.123106060606061
7298,5,4,"M","0","0",4.38,1300,"Math & Science","1","0",NA,1,0.73936170212766,"0","0",0.173497267759563
7299,7,7,"F","0","1",4.21,1390,"Math & Science","1","0",NA,1,0.896933560477002,"0","0",0.123106060606061
7301,5,7,"F","1","0",4.05,1220,"Business & Economics","1","1",3.6,1,0.854901960784314,"1","1",1
7302,6,6,"F","1","0",3.79,1260,"Business & Economics","1","0",NA,0,0.378048780487805,"0","0",0.00160901045856798
7303,6,3,"M","1","0",4.06,1220,"Business & Economics","1","0",NA,1,0.717948717948718,"0","0",0.00160901045856798
7304,7,7,"F","1","0",3.68,1250,"Arts & Letters","1","0",NA,0,0.05676072418855,"0","0",0.00160901045856798
7305,7,7,"F","1","0",3.77,1310,"Business & Economics","1","1",2.854,1,0.855172413793103,"1","1",1
7307,4,4,"F","1","0",4.25,1560,"Math & Science","1","0",NA,1,0.896933560477002,"0","0",0.123106060606061
7308,7,6,"M","1","0",3.8,1330,"Math & Science","1","0",NA,0,0.378048780487805,"0","0",0.00160901045856798
7311,7,7,"M","1","0",3.12,1360,"Arts & Letters","1","1",3.011,1,0.84,"1","1",1
7312,4,6,"F","0","0",3.83,1540,"Arts & Letters","1","0",NA,1,0.896933560477002,"0","0",0.123106060606061
7315,7,6,"M","0","0",3.91,1480,"Math & Science","1","0",NA,1,0.896933560477002,"0","0",0.123106060606061
7321,7,6,"F","0","0",3.72,1480,"Arts & Letters","1","0",NA,1,0.764705882352941,"0","0",0.173497267759563
7324,7,7,"M","0","0",3.83,1430,"Math & Science","1","0",NA,1,0.896933560477002,"0","0",0.123106060606061
7325,7,7,"F","1","0",4.3,1440,"Math & Science","1","0",NA,1,0.896933560477002,"0","0",0.123106060606061
7342,6,5,"F","1","0",4,1450,"Business & Economics","1","0",NA,1,0.896933560477002,"0","0",0.123106060606061
7343,6,6,"M","1","0",4,1330,"Business & Economics","1","0",NA,1,0.73936170212766,"0","0",0.173497267759563
7344,7,7,"F","0","0",3.46,1330,"Arts & Letters","1","0",NA,0,0.156017830609212,"0","0",0.00160901045856798
7345,7,7,"M","1","0",3.7,1530,"Math & Science","1","0",NA,1,0.764705882352941,"0","0",0.173497267759563
7346,7,6,"M","1","0",3.44,1550,"Business & Economics","1","0",NA,0,0.156017830609212,"0","0",0.00160901045856798
7351,7,6,"F","1","0",3.5,1170,"Business & Economics","1","1",2.082,1,0.855172413793103,"1","1",1
7352,1,1,"M","0","0",4.2,1300,"Business & Economics","1","0",NA,1,0.73936170212766,"0","0",0.173497267759563
7355,6,7,"F","1","0",4.21,1470,"Arts & Letters","1","0",NA,1,0.896933560477002,"0","0",0.123106060606061
7357,6,6,"F","1","0",4,1460,"Arts & Letters","1","0",NA,1,0.896933560477002,"0","0",0.123106060606061
7360,6,6,"M","1","0",3.41,1270,"Arts & Letters","1","0",NA,0,0.156017830609212,"0","0",0.00160901045856798
7362,7,6,"M","1","0",3.92,1470,"Arts & Letters","1","0",NA,1,0.896933560477002,"0","0",0.123106060606061
7366,6,6,"F","1","0",3.73,1270,"Arts & Letters","1","0",NA,0,0.336,"0","0",0.00160901045856798
7373,6,6,"M","1","0",3.48,1430,"Business & Economics","1","1",2.747,1,0.855172413793103,"1","1",1
7376,7,7,"F","1","0",3.78,1100,"Arts & Letters","1","1",3.058,1,0.855172413793103,"1","1",1
7379,6,6,"F","1","0",3.5,1260,"Arts & Letters","1","0",NA,0,0.05676072418855,"0","0",0.00160901045856798
7385,7,6,"F","1","0",3.95,1150,"Arts & Letters","1","1",3.504,1,0.854901960784314,"1","1",1
7388,2,1,"F","1","0",3.14,990,"Arts & Letters","1","0",NA,0,0.05676072418855,"0","0",0.00160901045856798
7389,6,6,"F","1","0",3.7,1330,"Arts & Letters","1","0",NA,0,0.336,"0","0",0.00160901045856798
7391,4,6,"M","1","0",3.7,1190,"Arts & Letters","1","1",3.065,1,0.855172413793103,"1","1",1
7392,3,3,"M","0","1",3.08,1160,"Business & Economics","1","0",NA,0,0.05676072418855,"0","0",0
7399,3,6,"M","0","1",4.36,1440,"Math & Science","1","0",NA,1,0.896933560477002,"0","0",0.123106060606061
7403,7,4,"F","1","0",4.27,1300,"Math & Science","1","1",3.568,1,0.73936170212766,"1","0",0.173497267759563
7404,7,4,"F","0","0",4.4,1330,"Math & Science","1","0",NA,1,0.73936170212766,"0","0",0.173497267759563
7407,6,7,"F","1","0",4.09,950,"Arts & Letters","1","0",NA,0,0.308370044052863,"0","0",0.00160901045856798
7411,6,7,"F","1","0",4,1340,"Math & Science","1","0",NA,1,0.73936170212766,"0","0",0.173497267759563
7417,7,7,"F","1","0",3.88,1150,"Arts & Letters","1","0",NA,0,0.245187436676798,"0","0",0.00160901045856798
7419,6,6,"F","1","0",4.12,1230,"Math & Science","1","0",NA,0,0.320754716981132,"0","0",0.00160901045856798
7420,2,1,"M","0","1",3.85,1180,"Business & Economics","1","0",NA,1,0.793939393939394,"0","0",0.173497267759563
7429,7,7,"F","1","0",4.09,1350,"Arts & Letters","1","0",NA,1,0.896933560477002,"0","0",0.123106060606061
7448,2,6,"M","0","0",3.85,1170,"Arts & Letters","1","0",NA,0,0.393939393939394,"0","0",0.00160901045856798
7451,6,6,"F","1","0",3.36,1120,"Arts & Letters","1","1",3.524,1,0.855172413793103,"1","1",1
7458,6,7,"M","0","0",3.61,1280,"Math & Science","1","0",NA,0,0.26978417266187,"0","0",0.00160901045856798
7459,7,6,"M","0","1",3.78,1240,"Business & Economics","1","1",2.877,1,0.855172413793103,"1","1",1
7461,3,3,"M","0","1",3.79,1430,"Business & Economics","1","0",NA,1,0.896933560477002,"0","0",0.123106060606061
7462,6,6,"M","1","0",4.23,1510,"Business & Economics","1","0",NA,1,0.896933560477002,"0","0",0.123106060606061
7465,7,4,"F","0","1",4.25,1400,"Business & Economics","1","0",NA,1,0.896933560477002,"0","0",0.123106060606061
7466,6,7,"M","1","0",4,1300,"Business & Economics","1","0",NA,1,0.73936170212766,"0","0",0.173497267759563
7470,6,6,"F","1","0",4,1320,"Business & Economics","1","0",NA,1,0.73936170212766,"0","0",0.173497267759563
7479,5,6,"F","0","1",3.88,1170,"Arts & Letters","1","0",NA,0,0.245187436676798,"0","0",0.00160901045856798
7484,4,4,"F","1","0",4.23,1340,"Business & Economics","1","0",NA,1,0.73936170212766,"0","0",0.173497267759563
7486,7,4,"M","1","0",4.25,1470,"Math & Science","1","0",NA,1,0.896933560477002,"0","0",0.123106060606061
7487,7,6,"M","1","0",4.17,1290,"Math & Science","1","0",NA,1,0.73936170212766,"0","0",0.173497267759563
7490,6,5,"F","1","0",3.64,1310,"Arts & Letters","1","0",NA,0,0.26978417266187,"0","0",0.00160901045856798
7492,6,7,"M","1","0",3.75,1250,"Math & Science","1","0",NA,0,0.05676072418855,"0","0",0.00160901045856798
7493,7,7,"M","1","0",3.85,1440,"Arts & Letters","1","0",NA,1,0.896933560477002,"0","0",0.123106060606061
7496,5,2,"M","1","0",3.75,1210,"Business & Economics","1","0",NA,0,0.05676072418855,"0","0",0.00160901045856798
7500,7,6,"F","0","1",3.32,1310,"Arts & Letters","1","1",3.109,1,0.855172413793103,"1","1",1
7502,6,6,"M","0","1",4.2,1350,"Math & Science","1","0",NA,1,0.896933560477002,"0","0",0.123106060606061
7505,4,4,"F","1","0",4.25,1540,"Business & Economics","1","0",NA,1,0.896933560477002,"0","0",0.123106060606061
7506,4,7,"F","1","0",4.15,1350,"Arts & Letters","1","0",NA,1,0.896933560477002,"0","0",0.123106060606061
7508,7,6,"F","0","0",3.3,1210,"Arts & Letters","1","1",2.876,1,0.855172413793103,"1","1",1
7510,6,6,"F","1","0",4.04,1410,"Math & Science","1","0",NA,1,0.896933560477002,"0","0",0.123106060606061
7513,6,7,"M","1","0",3.56,1550,"Business & Economics","1","0",NA,1,0.880952380952381,"0","0",0.123106060606061
7514,7,7,"F","0","1",3.46,1450,"Business & Economics","1","1",3.346,1,0.855172413793103,"1","1",1
7515,6,6,"F","0","0",4.4,1290,"Math & Science","1","0",NA,1,0.73936170212766,"0","0",0.173497267759563
7516,5,5,"F","1","0",4.05,1330,"Math & Science","1","1",3.613,1,0.73936170212766,"1","0",0.173497267759563
7524,7,7,"F","0","1",4.18,1330,"Arts & Letters","1","0",NA,1,0.73936170212766,"0","0",0.173497267759563
7525,1,1,"M","0","1",3.82,1250,"Math & Science","1","0",NA,1,0.793939393939394,"0","0",0.173497267759563
7529,5,4,"M","1","0",3.82,1390,"Arts & Letters","1","0",NA,1,0.896933560477002,"0","0",0.123106060606061
7531,1,1,"F","0","0",4.35,1140,"Business & Economics","1","0",NA,1,0.793939393939394,"0","0",0.173497267759563
7534,6,5,"F","0","0",3.96,1210,"Arts & Letters","1","0",NA,0,0.245187436676798,"0","0",0.00160901045856798
7537,6,5,"M","1","0",3.4,1230,"Business & Economics","1","1",2.698,1,0.855172413793103,"1","1",1
7541,3,3,"M","1","0",3.94,1470,"Math & Science","1","0",NA,1,0.896933560477002,"0","0",0.123106060606061
7545,7,6,"F","1","0",3.94,1440,"Arts & Letters","1","0",NA,1,0.896933560477002,"0","0",0.123106060606061
7546,1,1,"M","0","0",4,1110,"Arts & Letters","1","0",NA,1,0.793939393939394,"0","0",0.173497267759563
7547,6,6,"F","1","0",4.04,1310,"Business & Economics","1","0",NA,1,0.73936170212766,"0","0",0.173497267759563
7551,4,5,"M","1","0",3.75,1240,"Math & Science","1","1",2.98,1,0.855172413793103,"1","1",1
7552,5,3,"F","0","1",4.15,1040,"Business & Economics","1","0",NA,0,0.308370044052863,"0","0",0.00160901045856798
7554,3,3,"M","1","0",4.35,1220,"Math & Science","1","0",NA,0,0.320754716981132,"0","0",0.00160901045856798
7556,3,4,"M","0","1",4.08,1030,"Arts & Letters","1","0",NA,0,0.308370044052863,"0","0",0.00160901045856798
7560,4,4,"F","0","1",4.25,1330,"Math & Science","1","0",NA,1,0.73936170212766,"0","0",0.173497267759563
7565,7,7,"M","1","0",3.9,1240,"Arts & Letters","1","0",NA,0,0.245187436676798,"0","0",0.00160901045856798
7567,6,4,"F","0","1",3.91,1150,"Arts & Letters","1","1",2.924,1,0.854901960784314,"1","1",1
7569,4,7,"F","0","1",4,1270,"Arts & Letters","1","0",NA,1,0.73936170212766,"0","0",0.173497267759563
7570,1,4,"F","1","0",4.13,1190,"Math & Science","1","1",3.384,1,0.854901960784314,"1","1",1
7573,7,7,"F","0","0",3.81,1400,"Business & Economics","1","0",NA,1,0.896933560477002,"0","0",0.123106060606061
7575,7,6,"F","1","0",4,1270,"Arts & Letters","1","1",2.971,1,0.73936170212766,"1","0",0.173497267759563
7578,7,6,"M","1","0",3.9,1340,"Business & Economics","1","1",3.534,1,0.73936170212766,"1","0",0.173497267759563
7579,4,7,"M","1","0",3.59,1300,"Business & Economics","1","1",2.433,1,0.855172413793103,"1","1",1
7583,4,4,"M","1","0",3.81,1120,"Arts & Letters","1","0",NA,0,0.245187436676798,"0","0",0.00160901045856798
7587,3,7,"F","0","1",4.33,1380,"Math & Science","1","0",NA,1,0.896933560477002,"0","0",0.123106060606061
7588,7,5,"M","1","0",3.85,1220,"Arts & Letters","1","0",NA,0,0.245187436676798,"0","0",0.00160901045856798
7589,3,4,"F","1","0",4.14,1210,"Math & Science","1","0",NA,0,0.320754716981132,"0","0",0.00160901045856798
7590,6,4,"M","0","0",3.54,1300,"Math & Science","1","1",1.64,1,0.855172413793103,"1","1",1
7595,6,6,"M","0","0",3.97,1310,"Arts & Letters","1","0",NA,1,0.73936170212766,"0","0",0.173497267759563
7599,6,6,"F","1","0",4.29,1040,"Arts & Letters","1","0",NA,0,0.308370044052863,"0","0",0.00160901045856798
7603,4,6,"F","0","0",3.88,1330,"Arts & Letters","1","0",NA,0,0.378048780487805,"0","0",0.00160901045856798
7605,3,3,"M","0","0",3.86,1490,"Math & Science","1","0",NA,1,0.896933560477002,"0","0",0.123106060606061
7607,7,6,"F","1","0",3.78,1310,"Arts & Letters","1","0",NA,0,0.336,"0","0",0.00160901045856798
7608,5,5,"F","1","0",3.55,1030,"Arts & Letters","1","0",NA,0,0.05676072418855,"0","0",0.00160901045856798
7613,6,6,"M","0","1",3.72,1320,"Business & Economics","1","1",3.49,1,0.855172413793103,"1","1",1
7614,2,3,"M","0","1",3.67,1170,"Math & Science","1","1",2.205,1,0.855172413793103,"1","1",1
7616,6,7,"M","0","0",3.96,1480,"Math & Science","1","0",NA,1,0.896933560477002,"0","0",0.123106060606061
7623,3,2,"F","0","0",4.14,1350,"Arts & Letters","1","0",NA,1,0.896933560477002,"0","0",0.123106060606061
7629,3,6,"F","1","0",3.21,1360,"Arts & Letters","1","0",NA,0,0.156017830609212,"0","0",0.00160901045856798
7633,7,6,"M","1","0",4.33,1420,"Math & Science","1","0",NA,1,0.896933560477002,"0","0",0.123106060606061
7635,7,7,"F","1","0",3.88,1230,"Arts & Letters","1","1",2.938,1,0.854901960784314,"1","1",1
7645,3,6,"F","1","0",4.22,1450,"Math & Science","1","0",NA,1,0.896933560477002,"0","0",0.123106060606061
7648,6,6,"M","1","0",3.77,1460,"Arts & Letters","1","0",NA,1,0.764705882352941,"0","0",0.173497267759563
7650,7,6,"F","1","0",3.89,1200,"Business & Economics","1","0",NA,0,0.245187436676798,"0","0",0.00160901045856798
7653,6,5,"F","0","0",3.42,1100,"Business & Economics","1","0",NA,0,0.05676072418855,"0","0",0.00160901045856798
7655,7,7,"F","1","0",3.91,1280,"Arts & Letters","1","0",NA,1,0.73936170212766,"0","0",0.173497267759563
7659,4,1,"F","0","1",3.38,1180,"Math & Science","1","0",NA,0,0.05676072418855,"0","0",0.00160901045856798
7665,6,6,"M","1","0",3.95,1540,"Math & Science","1","0",NA,1,0.896933560477002,"0","0",0.123106060606061
7668,7,7,"M","1","0",4.15,1360,"Arts & Letters","1","0",NA,1,0.896933560477002,"0","0",0.123106060606061
7670,2,2,"F","0","0",3.68,1190,"Arts & Letters","1","1",3.101,1,0.855172413793103,"1","1",1
7672,6,6,"F","0","0",4.18,1340,"Arts & Letters","1","0",NA,1,0.73936170212766,"0","0",0.173497267759563
7674,6,6,"M","1","0",3.91,1490,"Math & Science","1","1",3.26,1,0.896933560477002,"1","0",0.123106060606061
7677,7,6,"F","0","1",3.92,1350,"Arts & Letters","1","0",NA,1,0.896933560477002,"0","0",0.123106060606061
7679,6,6,"F","1","0",4.32,1510,"Business & Economics","1","0",NA,1,0.896933560477002,"0","0",0.123106060606061
7683,7,7,"M","1","0",3.45,1340,"Business & Economics","1","0",NA,0,0.156017830609212,"0","0",0.00160901045856798
7684,6,7,"F","1","0",3.74,1380,"Arts & Letters","1","0",NA,0,0.336,"0","0",0.00160901045856798
7687,7,5,"F","1","0",4,1250,"Math & Science","1","0",NA,0,0.245187436676798,"0","0",0.00160901045856798
7690,6,7,"M","1","0",3.65,1410,"Arts & Letters","1","0",NA,0,0.384615384615385,"0","0",0.00160901045856798
7691,1,1,"F","0","1",4.05,1210,"Math & Science","1","0",NA,1,0.793939393939394,"0","0",0.173497267759563
7697,6,4,"F","1","0",3.04,1130,"Arts & Letters","1","0",NA,0,0.05676072418855,"0","0",0
7705,7,7,"M","0","1",3.62,1360,"Business & Economics","1","0",NA,0,0.26978417266187,"0","0",0.00160901045856798
7706,3,7,"F","1","0",3.52,1210,"Arts & Letters","1","0",NA,0,0.05676072418855,"0","0",0.00160901045856798
7707,4,4,"F","1","0",4.08,1220,"Business & Economics","1","0",NA,1,0.717948717948718,"0","0",0.00160901045856798
7709,7,2,"F","0","0",3.75,1150,"Arts & Letters","1","1",2.971,1,0.855172413793103,"1","1",1
7711,1,1,"F","0","0",4.09,1010,"Business & Economics","1","1",3.367,1,0.854901960784314,"1","1",1
7712,7,6,"F","1","0",4.12,1210,"Math & Science","1","1",3.786,1,0.854901960784314,"1","1",1
7714,3,3,"F","1","0",4.1,1190,"Business & Economics","1","0",NA,1,0.717948717948718,"0","0",0.00160901045856798
7715,6,3,"F","1","0",4,1440,"Arts & Letters","1","0",NA,1,0.896933560477002,"0","0",0.123106060606061
7724,7,7,"F","0","0",3.73,1320,"Arts & Letters","1","0",NA,0,0.336,"0","0",0.00160901045856798
7725,1,2,"F","0","0",3.92,910,"Math & Science","1","0",NA,0,0.320754716981132,"0","0",0.00160901045856798
7727,6,6,"M","1","0",4.06,1480,"Arts & Letters","1","0",NA,1,0.896933560477002,"0","0",0.123106060606061
7730,1,1,"F","0","0",4.33,1040,"Math & Science","1","0",NA,1,0.793939393939394,"0","0",0.173497267759563
7731,7,6,"M","0","1",4.25,1530,"Business & Economics","1","0",NA,1,0.896933560477002,"0","0",0.123106060606061
7732,7,6,"F","1","0",4.08,1320,"Arts & Letters","1","0",NA,1,0.73936170212766,"0","0",0.173497267759563
7733,7,6,"M","1","0",4.14,1260,"Business & Economics","1","0",NA,1,0.73936170212766,"0","0",0.173497267759563
7735,6,6,"M","1","0",4.23,1450,"Math & Science","1","0",NA,1,0.896933560477002,"0","0",0.123106060606061
7736,7,6,"M","1","0",4.08,1410,"Math & Science","1","0",NA,1,0.896933560477002,"0","0",0.123106060606061
7739,6,4,"M","1","0",4.27,1360,"Business & Economics","1","0",NA,1,0.896933560477002,"0","0",0.123106060606061
7740,6,6,"F","1","0",3.65,1440,"Arts & Letters","1","1",3.612,1,0.855172413793103,"1","1",1
7747,7,7,"F","1","0",4,1160,"Arts & Letters","1","0",NA,0,0.245187436676798,"0","0",0.00160901045856798
7750,7,7,"F","1","0",4.04,1420,"Arts & Letters","1","0",NA,1,0.896933560477002,"0","0",0.123106060606061
7753,6,5,"M","1","0",4,1180,"Math & Science","1","0",NA,0,0.245187436676798,"0","0",0.00160901045856798
7756,6,6,"F","1","0",4.08,1340,"Business & Economics","1","0",NA,1,0.73936170212766,"0","0",0.173497267759563
7758,6,6,"F","1","0",3.65,1040,"Arts & Letters","1","0",NA,0,0.05676072418855,"0","0",0.00160901045856798
7759,7,6,"M","1","0",3.94,1310,"Business & Economics","1","0",NA,1,0.73936170212766,"0","0",0.173497267759563
7760,6,6,"F","0","0",2.75,1100,"Math & Science","1","1",0.916,0,0.24,"1","1",1
7767,6,3,"F","0","0",3.45,1280,"Arts & Letters","1","0",NA,0,0.156017830609212,"0","0",0.00160901045856798
7768,6,6,"F","0","1",4.09,1370,"Business & Economics","1","0",NA,1,0.896933560477002,"0","0",0.123106060606061
7773,6,6,"F","1","0",4.04,1280,"Arts & Letters","1","0",NA,1,0.73936170212766,"0","0",0.173497267759563
7777,3,6,"F","0","0",3.75,1180,"Business & Economics","1","0",NA,0,0.05676072418855,"0","0",0.00160901045856798
7779,7,7,"M","1","0",4.3,1440,"Business & Economics","1","0",NA,1,0.896933560477002,"0","0",0.123106060606061
7781,1,3,"F","0","1",3.82,1070,"Math & Science","1","0",NA,0,0.393939393939394,"0","0",0.00160901045856798
7782,6,6,"F","1","0",4.04,1270,"Business & Economics","1","0",NA,1,0.73936170212766,"0","0",0.173497267759563
7791,7,6,"F","1","0",4.36,1380,"Math & Science","1","0",NA,1,0.896933560477002,"0","0",0.123106060606061
7792,7,7,"F","1","0",4.17,1350,"Arts & Letters","1","0",NA,1,0.896933560477002,"0","0",0.123106060606061
7794,7,6,"F","0","1",4.12,1320,"Math & Science","1","1",3.329,1,0.73936170212766,"1","0",0.173497267759563
7795,6,3,"F","0","0",3.52,1250,"Arts & Letters","1","0",NA,0,0.05676072418855,"0","0",0.00160901045856798
7796,2,2,"F","0","1",4,1200,"Math & Science","1","0",NA,1,0.793939393939394,"0","0",0.173497267759563
7799,6,6,"M","1","0",4.15,1350,"Arts & Letters","1","0",NA,1,0.896933560477002,"0","0",0.123106060606061
7804,3,3,"F","0","1",4,1340,"Business & Economics","1","0",NA,1,0.73936170212766,"0","0",0.173497267759563
7815,6,3,"M","1","0",4.18,1390,"Business & Economics","1","0",NA,1,0.896933560477002,"0","0",0.123106060606061
7822,6,5,"F","1","0",4.2,1280,"Arts & Letters","1","1",3.65,1,0.73936170212766,"1","0",0.173497267759563
7838,6,6,"F","0","1",3.9,1450,"Math & Science","1","0",NA,1,0.896933560477002,"0","0",0.123106060606061
7842,1,3,"F","0","1",3.79,1190,"Business & Economics","1","0",NA,0,0.393939393939394,"0","0",0.00160901045856798
7843,3,6,"F","0","0",3.55,1330,"Arts & Letters","1","0",NA,0,0.26978417266187,"0","0",0.00160901045856798
7848,6,2,"M","1","0",3.71,1380,"Math & Science","1","0",NA,0,0.336,"0","0",0.00160901045856798
7849,4,4,"F","0","0",4.27,1380,"Math & Science","1","0",NA,1,0.896933560477002,"0","0",0.123106060606061
7852,7,7,"M","1","0",3.86,1410,"Business & Economics","1","0",NA,1,0.896933560477002,"0","0",0.123106060606061
7854,6,6,"F","0","1",4.33,1370,"Math & Science","1","0",NA,1,0.896933560477002,"0","0",0.123106060606061
7856,6,6,"F","1","0",4.04,1490,"Math & Science","1","0",NA,1,0.896933560477002,"0","0",0.123106060606061
7859,7,7,"F","1","0",3.97,1190,"Arts & Letters","1","0",NA,0,0.245187436676798,"0","0",0.00160901045856798
7871,7,6,"F","1","0",4.32,1410,"Math & Science","1","0",NA,1,0.896933560477002,"0","0",0.123106060606061
7873,5,3,"M","1","0",3.75,1300,"Business & Economics","1","1",3.108,1,0.855172413793103,"1","1",1
7880,2,2,"F","0","0",4.36,1170,"Arts & Letters","1","0",NA,1,0.793939393939394,"0","0",0.173497267759563
7881,4,4,"F","0","0",3.6,1200,"Arts & Letters","1","0",NA,0,0.05676072418855,"0","0",0.00160901045856798
7886,6,6,"F","1","0",3.69,1270,"Math & Science","1","0",NA,0,0.336,"0","0",0.00160901045856798
7887,7,6,"F","1","0",3.65,1370,"Arts & Letters","1","0",NA,0,0.26978417266187,"0","0",0.00160901045856798
7889,6,6,"M","1","0",4,1250,"Business & Economics","1","1",3.126,1,0.854901960784314,"1","1",1
7891,6,6,"M","1","0",3.82,1170,"Business & Economics","1","0",NA,0,0.245187436676798,"0","0",0.00160901045856798
7893,6,6,"M","1","0",3.68,1160,"Business & Economics","1","1",3.052,1,0.855172413793103,"1","1",1
7894,2,1,"M","0","0",4.15,1200,"Math & Science","1","0",NA,1,0.793939393939394,"0","0",0.173497267759563
7895,6,6,"F","1","0",3.76,1210,"Math & Science","1","0",NA,0,0.05676072418855,"0","0",0.00160901045856798
7898,3,6,"F","1","0",4.19,1430,"Arts & Letters","1","0",NA,1,0.896933560477002,"0","0",0.123106060606061
7899,6,6,"F","1","0",4.04,1300,"Arts & Letters","1","0",NA,1,0.73936170212766,"0","0",0.173497267759563
7904,1,1,"F","0","0",3.44,930,"Math & Science","1","1",1.129,1,0.855172413793103,"1","1",1
7914,6,6,"F","1","0",3.56,1220,"Arts & Letters","1","1",2.506,1,0.855172413793103,"1","1",1
7915,7,6,"F","1","0",3.5,1260,"Math & Science","1","1",3.138,1,0.855172413793103,"1","1",1
7921,7,5,"M","1","0",3.72,1310,"Math & Science","1","1",3.022,1,0.855172413793103,"1","1",1
7924,6,7,"M","1","0",3.91,1530,"Arts & Letters","1","0",NA,1,0.896933560477002,"0","0",0.123106060606061
7925,7,5,"F","0","1",3.88,1340,"Business & Economics","1","0",NA,0,0.378048780487805,"0","0",0.00160901045856798
7926,7,7,"F","1","0",3.83,1500,"Business & Economics","1","0",NA,1,0.896933560477002,"0","0",0.123106060606061
7927,4,6,"F","1","0",4.27,1210,"Math & Science","1","1",3.53,1,0.854901960784314,"1","1",1
7933,1,1,"F","0","0",3.73,1170,"Math & Science","1","0",NA,0,0.05676072418855,"0","0",0.00160901045856798
7934,6,5,"M","0","1",3.88,1320,"Math & Science","1","0",NA,0,0.378048780487805,"0","0",0.00160901045856798
7935,7,4,"M","0","1",3.71,1270,"Arts & Letters","1","0",NA,0,0.336,"0","0",0.00160901045856798
7936,7,7,"M","0","0",3.5,1420,"Math & Science","1","0",NA,0,0.156017830609212,"0","0",0.00160901045856798
7938,3,3,"F","0","1",4.14,1340,"Math & Science","1","0",NA,1,0.73936170212766,"0","0",0.173497267759563
7941,1,1,"M","0","0",3.5,1160,"Arts & Letters","1","0",NA,0,0.05676072418855,"0","0",0.00160901045856798
7943,7,6,"M","1","0",4.13,1350,"Business & Economics","1","0",NA,1,0.896933560477002,"0","0",0.123106060606061
7955,6,6,"M","1","0",2.86,1420,"Arts & Letters","1","1",2.944,1,0.84,"1","1",1
7959,3,3,"F","0","0",3.5,1360,"Arts & Letters","1","0",NA,0,0.156017830609212,"0","0",0.00160901045856798
7962,6,4,"F","1","0",4.15,1390,"Math & Science","1","1",3.58,1,0.896933560477002,"1","0",0.123106060606061
7968,7,6,"F","1","0",4.21,1450,"Arts & Letters","1","0",NA,1,0.896933560477002,"0","0",0.123106060606061
7969,7,6,"F","0","0",3.86,1530,"Arts & Letters","1","0",NA,1,0.896933560477002,"0","0",0.123106060606061
7978,6,6,"F","1","0",3.79,1340,"Arts & Letters","1","0",NA,0,0.378048780487805,"0","0",0.00160901045856798
7987,3,6,"F","1","0",3.73,1190,"Business & Economics","1","1",3.3,1,0.855172413793103,"1","1",1
7990,6,7,"F","1","0",4.27,1420,"Arts & Letters","1","0",NA,1,0.896933560477002,"0","0",0.123106060606061
7998,2,2,"F","0","1",3.73,1080,"Math & Science","1","0",NA,0,0.05676072418855,"0","0",0.00160901045856798
8000,7,6,"M","1","0",4.12,1350,"Math & Science","1","0",NA,1,0.896933560477002,"0","0",0.123106060606061
8003,7,6,"M","0","1",3.96,1390,"Math & Science","1","0",NA,1,0.896933560477002,"0","0",0.123106060606061
8012,1,1,"F","0","0",3.71,1050,"Math & Science","1","0",NA,0,0.05676072418855,"0","0",0.00160901045856798
8013,3,3,"M","0","0",3.91,1060,"Arts & Letters","1","0",NA,0,0.245187436676798,"0","0",0.00160901045856798
8014,7,4,"F","1","0",3.91,1530,"Business & Economics","1","1",3.959,1,0.896933560477002,"1","0",0.123106060606061
8016,7,7,"F","1","0",4.04,1200,"Math & Science","1","0",NA,1,0.590909090909091,"0","0",0.00160901045856798
8019,1,1,"F","0","0",3.86,750,"Business & Economics","1","0",NA,0,0.320754716981132,"0","0",0.00160901045856798
8020,3,3,"F","0","0",4.05,1280,"Arts & Letters","1","0",NA,1,0.73936170212766,"0","0",0.173497267759563
8023,2,2,"F","0","0",3.68,890,"Math & Science","1","0",NA,0,0.05676072418855,"0","0",0.00160901045856798
8024,6,6,"M","1","0",3.82,1160,"Arts & Letters","1","0",NA,0,0.245187436676798,"0","0",0.00160901045856798
8026,6,6,"F","1","0",4.4,1450,"Arts & Letters","1","0",NA,1,0.896933560477002,"0","0",0.123106060606061
8030,7,7,"F","1","0",3.32,1210,"Arts & Letters","1","1",3.116,1,0.855172413793103,"1","1",1
8032,4,3,"M","1","0",3.7,1410,"Business & Economics","1","0",NA,1,0.880952380952381,"0","0",0.123106060606061
8036,3,3,"F","0","1",4.2,1040,"Business & Economics","1","0",NA,0,0.308370044052863,"0","0",0.00160901045856798
8041,7,7,"M","1","0",4.2,1310,"Math & Science","1","0",NA,1,0.73936170212766,"0","0",0.173497267759563
8042,6,6,"M","0","1",3.68,1320,"Arts & Letters","1","0",NA,0,0.26978417266187,"0","0",0.00160901045856798
8044,7,7,"F","1","0",3.88,1340,"Arts & Letters","1","0",NA,0,0.378048780487805,"0","0",0.00160901045856798
8045,7,7,"F","1","0",3.92,1290,"Arts & Letters","1","0",NA,1,0.73936170212766,"0","0",0.173497267759563
8047,6,7,"M","0","0",3.86,1410,"Business & Economics","1","1",3.317,1,0.896933560477002,"1","0",0.123106060606061
8049,4,6,"F","1","0",4.07,1380,"Arts & Letters","1","0",NA,1,0.896933560477002,"0","0",0.123106060606061
8050,6,6,"F","1","0",4.14,1360,"Arts & Letters","1","0",NA,1,0.896933560477002,"0","0",0.123106060606061
8051,6,7,"F","1","0",3.95,1560,"Business & Economics","1","0",NA,1,0.896933560477002,"0","0",0.123106060606061
8055,6,6,"F","0","0",4.33,1440,"Math & Science","1","0",NA,1,0.896933560477002,"0","0",0.123106060606061
8058,7,7,"F","1","0",4.3,1330,"Math & Science","1","0",NA,1,0.73936170212766,"0","0",0.173497267759563
8063,6,7,"F","1","0",3.73,1260,"Arts & Letters","1","0",NA,0,0.05676072418855,"0","0",0.00160901045856798
8064,7,6,"F","1","0",4.09,1510,"Arts & Letters","1","0",NA,1,0.896933560477002,"0","0",0.123106060606061
8068,7,4,"M","1","0",3.54,1380,"Arts & Letters","1","0",NA,0,0.26978417266187,"0","0",0.00160901045856798
8073,7,6,"F","1","0",3.79,1420,"Business & Economics","1","0",NA,1,0.896933560477002,"0","0",0.123106060606061
8075,7,6,"F","1","0",4.27,1450,"Business & Economics","1","1",3.635,1,0.896933560477002,"1","0",0.123106060606061
8076,6,7,"F","1","0",4.12,1390,"Business & Economics","1","0",NA,1,0.896933560477002,"0","0",0.123106060606061
8077,6,6,"F","0","0",3.9,1270,"Arts & Letters","1","0",NA,1,0.73936170212766,"0","0",0.173497267759563
8079,3,6,"F","0","1",3.75,1170,"Arts & Letters","1","1",3.23,1,0.855172413793103,"1","1",1
8083,6,5,"M","1","0",4.14,1430,"Math & Science","1","0",NA,1,0.896933560477002,"0","0",0.123106060606061
8084,7,6,"F","1","0",3.85,1430,"Math & Science","1","0",NA,1,0.896933560477002,"0","0",0.123106060606061
8090,7,7,"M","0","1",3.75,1520,"Math & Science","1","0",NA,1,0.764705882352941,"0","0",0.173497267759563
8091,4,6,"M","1","0",3.6,1230,"Business & Economics","1","1",2.612,1,0.855172413793103,"1","1",1
8094,7,6,"M","1","0",4.38,1560,"Math & Science","1","0",NA,1,0.896933560477002,"0","0",0.123106060606061
8095,6,6,"M","1","0",3.05,1280,"Arts & Letters","1","0",NA,0,0.156017830609212,"0","0",0
8096,7,5,"M","0","0",3.85,1170,"Math & Science","1","0",NA,0,0.245187436676798,"0","0",0.00160901045856798
8098,3,3,"F","1","0",4.25,1360,"Arts & Letters","1","0",NA,1,0.896933560477002,"0","0",0.123106060606061
8099,7,6,"F","0","1",4,1190,"Math & Science","1","0",NA,0,0.245187436676798,"0","0",0.00160901045856798
8100,6,6,"F","0","0",3.72,1420,"Math & Science","1","0",NA,0,0.384615384615385,"0","0",0.00160901045856798
8101,7,6,"F","1","0",3.9,1380,"Math & Science","1","0",NA,1,0.896933560477002,"0","0",0.123106060606061
8102,6,7,"M","1","0",3.92,1540,"Business & Economics","1","0",NA,1,0.896933560477002,"0","0",0.123106060606061
8103,4,6,"F","1","0",3.77,1260,"Math & Science","1","1",3.211,1,0.855172413793103,"1","1",1
8107,7,7,"F","0","0",3.4,1260,"Math & Science","1","1",2.744,1,0.855172413793103,"1","1",1
8109,7,7,"M","0","0",3.67,1070,"Arts & Letters","1","1",2.79,1,0.855172413793103,"1","1",1
8110,7,6,"F","1","0",4.3,1480,"Arts & Letters","1","0",NA,1,0.896933560477002,"0","0",0.123106060606061
8113,6,6,"F","1","0",3.75,1100,"Arts & Letters","1","0",NA,0,0.05676072418855,"0","0",0.00160901045856798
8118,3,6,"F","0","0",3.55,1090,"Business & Economics","1","1",3.026,1,0.855172413793103,"1","1",1
8120,7,6,"F","1","0",3.89,1220,"Business & Economics","1","0",NA,0,0.245187436676798,"0","0",0.00160901045856798
8121,7,4,"M","1","0",3.71,1490,"Business & Economics","1","0",NA,1,0.880952380952381,"0","0",0.123106060606061
8126,7,7,"F","1","0",4.08,1170,"Business & Economics","1","1",3.209,1,0.854901960784314,"1","1",1
8127,6,5,"F","1","0",4.22,1300,"Math & Science","1","0",NA,1,0.73936170212766,"0","0",0.173497267759563
8131,5,7,"F","1","0",3.96,1270,"Math & Science","1","1",3.682,1,0.73936170212766,"1","0",0.173497267759563
8133,7,7,"F","1","0",4.18,1260,"Business & Economics","1","1",3.532,1,0.73936170212766,"1","0",0.173497267759563
8134,4,4,"F","0","0",3.73,1230,"Business & Economics","1","1",3.314,1,0.855172413793103,"1","1",1
8138,3,6,"F","1","0",4.05,1140,"Business & Economics","1","0",NA,0,0.308370044052863,"0","0",0.00160901045856798
8140,4,4,"F","0","0",4.36,1270,"Business & Economics","1","0",NA,1,0.73936170212766,"0","0",0.173497267759563
8145,7,7,"F","1","0",3.67,1190,"Arts & Letters","1","0",NA,0,0.05676072418855,"0","0",0.00160901045856798
8151,7,7,"F","0","1",3.87,1370,"Arts & Letters","1","0",NA,1,0.896933560477002,"0","0",0.123106060606061
8152,6,7,"F","0","0",3.72,1240,"Arts & Letters","1","1",3.026,1,0.855172413793103,"1","1",1
8153,7,7,"M","0","0",4.14,1530,"Math & Science","1","0",NA,1,0.896933560477002,"0","0",0.123106060606061
8154,6,6,"M","1","0",3.59,1470,"Math & Science","1","1",3.678,1,0.855172413793103,"1","1",1
8160,3,5,"F","0","0",3.67,990,"Math & Science","1","0",NA,0,0.05676072418855,"0","0",0.00160901045856798
8162,6,6,"F","1","0",4.32,1420,"Business & Economics","1","0",NA,1,0.896933560477002,"0","0",0.123106060606061
8164,4,7,"F","1","0",4.18,1360,"Arts & Letters","1","0",NA,1,0.896933560477002,"0","0",0.123106060606061
8166,6,4,"F","1","0",4.14,1440,"Math & Science","1","0",NA,1,0.896933560477002,"0","0",0.123106060606061
8170,4,7,"M","1","0",4.14,1170,"Business & Economics","1","0",NA,1,0.717948717948718,"0","0",0.00160901045856798
8173,2,3,"F","0","0",3.7,1220,"Arts & Letters","1","0",NA,0,0.05676072418855,"0","0",0.00160901045856798
8174,4,3,"F","0","0",4.14,1180,"Arts & Letters","1","1",3.397,1,0.854901960784314,"1","1",1
8176,7,6,"M","1","0",4.25,1450,"Math & Science","1","0",NA,1,0.896933560477002,"0","0",0.123106060606061
8178,7,6,"M","0","1",3.88,1430,"Math & Science","1","0",NA,1,0.896933560477002,"0","0",0.123106060606061
8183,7,7,"F","1","0",4.29,1300,"Business & Economics","1","0",NA,1,0.73936170212766,"0","0",0.173497267759563
8185,7,4,"F","0","0",4.2,1500,"Business & Economics","1","0",NA,1,0.896933560477002,"0","0",0.123106060606061
8187,7,6,"F","1","0",4.38,1370,"Arts & Letters","1","0",NA,1,0.896933560477002,"0","0",0.123106060606061
8190,6,5,"M","1","0",3.96,1450,"Business & Economics","1","0",NA,1,0.896933560477002,"0","0",0.123106060606061
8191,5,6,"M","0","1",3.96,1230,"Business & Economics","1","0",NA,0,0.245187436676798,"0","0",0.00160901045856798
8197,3,4,"F","0","0",3.47,1010,"Math & Science","1","0",NA,0,0.05676072418855,"0","0",0.00160901045856798
8201,3,3,"M","1","0",3.78,1270,"Math & Science","1","0",NA,1,0.769230769230769,"0","0",0.173497267759563
8204,5,2,"F","1","0",4.04,1240,"Business & Economics","1","0",NA,1,0.717948717948718,"0","0",0.00160901045856798
8207,4,4,"F","0","0",3.55,1180,"Arts & Letters","1","1",3.35,1,0.855172413793103,"1","1",1
8208,6,6,"F","1","0",3.92,1300,"Math & Science","1","0",NA,1,0.73936170212766,"0","0",0.173497267759563
8214,7,6,"F","1","0",3.86,1310,"Math & Science","1","0",NA,0,0.378048780487805,"0","0",0.00160901045856798
8218,6,6,"M","1","0",3.33,1210,"Arts & Letters","1","1",2.522,1,0.855172413793103,"1","1",1
8219,1,4,"F","0","0",3.88,1230,"Arts & Letters","1","1",2.757,1,0.854901960784314,"1","1",1
8221,6,7,"M","0","0",3.82,1350,"Business & Economics","1","0",NA,1,0.896933560477002,"0","0",0.123106060606061
8224,6,7,"M","1","0",4.21,1340,"Math & Science","1","0",NA,1,0.73936170212766,"0","0",0.173497267759563
8227,6,6,"F","0","0",4.2,1450,"Business & Economics","1","0",NA,1,0.896933560477002,"0","0",0.123106060606061
8229,7,6,"M","1","0",3.73,1530,"Math & Science","1","1",3.295,1,0.855172413793103,"1","1",1
8230,4,6,"F","1","0",4.28,1430,"Business & Economics","1","0",NA,1,0.896933560477002,"0","0",0.123106060606061
8231,6,4,"M","0","0",3.94,1230,"Math & Science","1","0",NA,0,0.245187436676798,"0","0",0.00160901045856798
8235,6,7,"M","1","0",4.2,1300,"Math & Science","1","0",NA,1,0.73936170212766,"0","0",0.173497267759563
8241,4,6,"M","1","0",4.05,1270,"Business & Economics","1","0",NA,1,0.73936170212766,"0","0",0.173497267759563
8243,4,4,"F","1","0",4.33,1290,"Arts & Letters","1","0",NA,1,0.73936170212766,"0","0",0.173497267759563
8247,6,7,"F","1","0",3.76,1110,"Business & Economics","1","0",NA,0,0.05676072418855,"0","0",0.00160901045856798
8250,7,6,"M","0","0",4.25,1430,"Math & Science","1","0",NA,1,0.896933560477002,"0","0",0.123106060606061
8251,4,4,"F","1","0",4,1340,"Math & Science","1","0",NA,1,0.73936170212766,"0","0",0.173497267759563
8261,4,4,"M","1","0",3.86,1340,"Math & Science","1","0",NA,0,0.378048780487805,"0","0",0.00160901045856798
8263,6,3,"F","0","0",4.28,1380,"Business & Economics","1","0",NA,1,0.896933560477002,"0","0",0.123106060606061
8264,7,6,"M","1","0",3.44,1110,"Arts & Letters","1","1",3.179,1,0.855172413793103,"1","1",1
8265,3,3,"F","0","1",3.95,1100,"Math & Science","1","1",2.572,1,0.854901960784314,"1","1",1
8267,6,3,"M","1","0",4.36,1430,"Math & Science","1","0",NA,1,0.896933560477002,"0","0",0.123106060606061
8274,4,7,"M","1","0",4.35,1400,"Math & Science","1","0",NA,1,0.896933560477002,"0","0",0.123106060606061
8283,5,5,"F","1","0",4.08,1200,"Business & Economics","1","0",NA,1,0.717948717948718,"0","0",0.00160901045856798
8284,6,6,"M","1","0",3.92,1130,"Business & Economics","1","0",NA,0,0.245187436676798,"0","0",0.00160901045856798
8285,6,4,"F","1","0",3.77,1150,"Math & Science","1","0",NA,0,0.05676072418855,"0","0",0.00160901045856798
8290,6,6,"F","0","0",4.32,1500,"Math & Science","1","0",NA,1,0.896933560477002,"0","0",0.123106060606061
8291,2,6,"M","0","1",3.2,1140,"Business & Economics","1","1",3.057,1,0.84,"1","1",1
8294,4,6,"F","1","0",3.85,1250,"Arts & Letters","1","1",3.463,1,0.854901960784314,"1","1",1
8296,7,7,"F","1","0",4.26,1550,"Math & Science","1","0",NA,1,0.896933560477002,"0","0",0.123106060606061
8297,3,6,"F","1","0",4.14,1360,"Business & Economics","1","1",3.057,1,0.896933560477002,"1","0",0.123106060606061
8299,6,6,"F","0","0",3.79,1320,"Math & Science","1","0",NA,0,0.378048780487805,"0","0",0.00160901045856798
8303,7,7,"F","1","0",4.04,1420,"Arts & Letters","1","0",NA,1,0.896933560477002,"0","0",0.123106060606061
8306,7,6,"M","1","0",4.29,1460,"Math & Science","1","0",NA,1,0.896933560477002,"0","0",0.123106060606061
8307,7,7,"M","1","0",3.96,1580,"Math & Science","1","0",NA,1,0.896933560477002,"0","0",0.123106060606061
8309,7,7,"M","1","0",4.37,1480,"Business & Economics","1","1",3,1,0.896933560477002,"1","0",0.123106060606061
8313,4,6,"M","1","0",4.17,1460,"Business & Economics","1","0",NA,1,0.896933560477002,"0","0",0.123106060606061
8315,7,6,"F","1","0",3.85,1280,"Arts & Letters","1","0",NA,0,0.378048780487805,"0","0",0.00160901045856798
8317,3,3,"F","0","1",4.18,1060,"Math & Science","1","0",NA,0,0.308370044052863,"0","0",0.00160901045856798
8319,4,5,"F","0","0",4.1,1400,"Arts & Letters","1","0",NA,1,0.896933560477002,"0","0",0.123106060606061
8321,4,7,"M","1","0",4.16,1260,"Business & Economics","1","0",NA,1,0.73936170212766,"0","0",0.173497267759563
8322,7,4,"F","1","0",3.96,1400,"Arts & Letters","1","0",NA,1,0.896933560477002,"0","0",0.123106060606061
8323,5,6,"F","1","0",3.36,1080,"Arts & Letters","1","1",3.279,1,0.855172413793103,"1","1",1
8327,6,6,"F","1","0",4,1480,"Arts & Letters","1","0",NA,1,0.896933560477002,"0","0",0.123106060606061
8329,6,6,"F","0","1",4,1390,"Math & Science","1","0",NA,1,0.896933560477002,"0","0",0.123106060606061
8332,1,1,"F","0","0",3.95,1160,"Arts & Letters","1","0",NA,1,0.793939393939394,"0","0",0.173497267759563
8340,6,6,"M","0","0",3.58,1330,"Business & Economics","1","1",3.583,1,0.855172413793103,"1","1",1
8344,6,6,"F","1","0",3.56,1280,"Business & Economics","1","0",NA,0,0.26978417266187,"0","0",0.00160901045856798
8347,1,1,"M","0","0",4.05,1180,"Math & Science","1","0",NA,1,0.793939393939394,"0","0",0.173497267759563
8350,1,1,"F","0","1",3.54,1210,"Math & Science","1","0",NA,0,0.05676072418855,"0","0",0.00160901045856798
8352,7,6,"F","1","0",4.23,1300,"Math & Science","1","0",NA,1,0.73936170212766,"0","0",0.173497267759563
8353,7,7,"F","0","1",3.95,1280,"Math & Science","1","0",NA,1,0.73936170212766,"0","0",0.173497267759563
8361,6,2,"M","0","1",4.17,1200,"Business & Economics","1","0",NA,1,0.717948717948718,"0","0",0.00160901045856798
8362,7,6,"M","1","0",3.95,1330,"Arts & Letters","1","1",3.303,1,0.73936170212766,"1","0",0.173497267759563
8363,3,3,"M","0","1",4.05,1380,"Math & Science","1","0",NA,1,0.896933560477002,"0","0",0.123106060606061
8364,7,6,"M","1","0",3.64,1380,"Business & Economics","1","0",NA,0,0.26978417266187,"0","0",0.00160901045856798
8365,4,6,"F","1","0",3.85,1480,"Math & Science","1","1",3.277,1,0.896933560477002,"1","0",0.123106060606061
8370,7,7,"F","0","0",3.82,1470,"Math & Science","1","0",NA,1,0.896933560477002,"0","0",0.123106060606061
8371,6,6,"F","1","0",3.83,1270,"Math & Science","1","0",NA,0,0.378048780487805,"0","0",0.00160901045856798
8374,6,5,"M","1","0",3.67,1220,"Math & Science","1","1",2.542,1,0.855172413793103,"1","1",1
8376,6,3,"F","1","0",3.64,1340,"Math & Science","1","0",NA,0,0.26978417266187,"0","0",0.00160901045856798
8378,6,6,"F","0","0",3.38,1080,"Arts & Letters","1","1",3.366,1,0.855172413793103,"1","1",1
8383,4,4,"F","0","1",3.7,1150,"Math & Science","1","0",NA,0,0.05676072418855,"0","0",0.00160901045856798
8384,3,3,"M","0","0",3.8,1210,"Arts & Letters","1","0",NA,0,0.245187436676798,"0","0",0.00160901045856798
8396,2,2,"F","0","0",4.37,1130,"Business & Economics","1","0",NA,1,0.793939393939394,"0","0",0.173497267759563
8399,7,7,"M","1","0",3.79,1270,"Arts & Letters","1","0",NA,0,0.378048780487805,"0","0",0.00160901045856798
8401,6,4,"F","0","0",4.25,1380,"Math & Science","1","0",NA,1,0.896933560477002,"0","0",0.123106060606061
8402,5,5,"M","1","0",3.88,1170,"Arts & Letters","1","1",3.079,1,0.854901960784314,"1","1",1
8403,6,6,"F","1","0",4.32,1310,"Math & Science","1","0",NA,1,0.73936170212766,"0","0",0.173497267759563
8404,6,6,"M","1","0",4.25,1370,"Business & Economics","1","0",NA,1,0.896933560477002,"0","0",0.123106060606061
8405,7,6,"M","1","0",3.55,1490,"Business & Economics","1","0",NA,1,0.880952380952381,"0","0",0.123106060606061
8406,7,6,"M","1","0",3.62,1140,"Business & Economics","1","0",NA,0,0.05676072418855,"0","0",0.00160901045856798
8409,7,4,"M","1","0",4.11,1270,"Arts & Letters","1","0",NA,1,0.73936170212766,"0","0",0.173497267759563
8410,3,3,"F","0","1",4.08,1270,"Math & Science","1","0",NA,1,0.73936170212766,"0","0",0.173497267759563
8411,3,5,"F","1","0",4.09,1210,"Math & Science","1","0",NA,0,0.320754716981132,"0","0",0.00160901045856798
8412,7,7,"F","0","0",4.36,1320,"Math & Science","1","0",NA,1,0.73936170212766,"0","0",0.173497267759563
8414,6,6,"M","0","0",4.36,1530,"Business & Economics","1","0",NA,1,0.896933560477002,"0","0",0.123106060606061
8415,7,6,"F","0","0",4.27,1450,"Math & Science","1","0",NA,1,0.896933560477002,"0","0",0.123106060606061
8422,3,7,"M","1","0",4.09,1390,"Arts & Letters","1","0",NA,1,0.896933560477002,"0","0",0.123106060606061
8425,1,3,"M","0","0",3.96,1020,"Math & Science","1","0",NA,0,0.393939393939394,"0","0",0.00160901045856798
8427,3,3,"M","1","0",3.15,1320,"Arts & Letters","1","0",NA,0,0.156017830609212,"0","0",0.00160901045856798
8430,6,3,"F","1","0",4,1040,"Math & Science","1","1",3.416,1,0.854901960784314,"1","1",1
8431,7,7,"M","1","0",3.52,1340,"Arts & Letters","1","0",NA,0,0.26978417266187,"0","0",0.00160901045856798
8435,3,3,"F","1","0",4.27,1360,"Arts & Letters","1","1",3.823,1,0.896933560477002,"1","0",0.123106060606061
8438,6,6,"M","1","0",3.96,1530,"Business & Economics","1","0",NA,1,0.896933560477002,"0","0",0.123106060606061
8439,6,4,"F","0","1",3.87,1170,"Arts & Letters","1","1",3.435,1,0.854901960784314,"1","1",1
8445,6,4,"F","1","0",4.27,1490,"Business & Economics","1","0",NA,1,0.896933560477002,"0","0",0.123106060606061
8452,6,6,"F","0","0",4.14,1310,"Math & Science","1","0",NA,1,0.73936170212766,"0","0",0.173497267759563
8453,7,7,"M","1","0",4.12,1520,"Business & Economics","1","0",NA,1,0.896933560477002,"0","0",0.123106060606061
8455,7,6,"M","1","0",3.69,1350,"Math & Science","1","0",NA,0,0.336,"0","0",0.00160901045856798
8459,6,6,"F","1","0",3.75,1280,"Business & Economics","1","1",3.299,1,0.855172413793103,"1","1",1
8462,3,6,"F","0","0",3.95,1430,"Business & Economics","1","0",NA,1,0.896933560477002,"0","0",0.123106060606061
8469,6,4,"F","1","0",4,1280,"Math & Science","1","0",NA,1,0.73936170212766,"0","0",0.173497267759563
8470,6,6,"F","0","0",3.62,1110,"Arts & Letters","1","1",2.957,1,0.855172413793103,"1","1",1
8477,1,1,"F","0","1",4.09,880,"Arts & Letters","1","0",NA,0,0.320754716981132,"0","0",0.00160901045856798
8479,6,6,"M","1","0",4.2,1430,"Business & Economics","1","0",NA,1,0.896933560477002,"0","0",0.123106060606061
8489,4,5,"F","1","0",4,1180,"Arts & Letters","1","0",NA,0,0.245187436676798,"0","0",0.00160901045856798
8490,7,7,"F","1","0",4.05,1550,"Arts & Letters","1","1",3.301,1,0.896933560477002,"1","0",0.123106060606061
8491,7,7,"F","0","1",4.09,1440,"Math & Science","1","0",NA,1,0.896933560477002,"0","0",0.123106060606061
8492,7,7,"F","1","0",4.27,1210,"Arts & Letters","1","0",NA,1,0.590909090909091,"0","0",0.00160901045856798
8507,7,6,"F","1","0",4.19,1530,"Business & Economics","1","0",NA,1,0.896933560477002,"0","0",0.123106060606061
8512,2,2,"F","0","1",3.5,1110,"Business & Economics","1","0",NA,0,0.05676072418855,"0","0",0.00160901045856798
8513,4,6,"F","1","0",3.29,1380,"Business & Economics","1","1",3.409,1,0.855172413793103,"1","1",1
8514,6,6,"M","1","0",3.85,1240,"Math & Science","1","1",2.881,1,0.854901960784314,"1","1",1
8517,6,7,"F","1","0",4.1,1320,"Business & Economics","1","0",NA,1,0.73936170212766,"0","0",0.173497267759563
8518,7,6,"F","1","0",4.15,1390,"Math & Science","1","0",NA,1,0.896933560477002,"0","0",0.123106060606061
8521,7,6,"M","1","0",4.21,1460,"Math & Science","1","1",3.498,1,0.896933560477002,"1","0",0.123106060606061
8522,7,7,"M","0","1",3.85,1580,"Business & Economics","1","0",NA,1,0.896933560477002,"0","0",0.123106060606061
8523,4,5,"M","1","0",3.91,940,"Business & Economics","1","1",2.999,1,0.854901960784314,"1","1",1
8526,4,2,"F","0","0",3.73,1110,"Math & Science","1","0",NA,0,0.05676072418855,"0","0",0.00160901045856798
8534,6,7,"M","0","0",4.14,1360,"Arts & Letters","1","0",NA,1,0.896933560477002,"0","0",0.123106060606061
8535,6,7,"F","1","0",3.91,1020,"Arts & Letters","1","0",NA,0,0.245187436676798,"0","0",0.00160901045856798
8539,7,3,"M","0","0",3.67,1350,"Arts & Letters","1","0",NA,0,0.26978417266187,"0","0",0.00160901045856798
8542,6,6,"M","1","0",3.92,1320,"Business & Economics","1","0",NA,1,0.73936170212766,"0","0",0.173497267759563
8549,7,4,"M","1","0",3.83,1310,"Business & Economics","1","1",2.864,1,0.903225806451613,"1","1",1
8552,2,6,"M","1","0",3.95,1170,"Business & Economics","1","0",NA,0,0.393939393939394,"0","0",0.00160901045856798
8559,7,7,"F","1","0",3.88,1390,"Arts & Letters","1","0",NA,1,0.896933560477002,"0","0",0.123106060606061
8568,3,6,"F","1","0",4.4,1380,"Math & Science","1","0",NA,1,0.896933560477002,"0","0",0.123106060606061
8576,4,4,"M","1","0",3.41,1440,"Arts & Letters","1","1",2.349,1,0.855172413793103,"1","1",1
8586,7,7,"F","1","0",3.83,1180,"Math & Science","1","0",NA,0,0.245187436676798,"0","0",0.00160901045856798
8589,7,6,"F","0","0",3.75,1130,"Arts & Letters","1","0",NA,0,0.05676072418855,"0","0",0.00160901045856798
8591,5,6,"M","1","0",4.36,1580,"Math & Science","1","0",NA,1,0.896933560477002,"0","0",0.123106060606061
8592,6,4,"F","1","0",4.3,1330,"Math & Science","1","0",NA,1,0.73936170212766,"0","0",0.173497267759563
8596,7,6,"F","1","0",4.1,1290,"Arts & Letters","1","0",NA,1,0.73936170212766,"0","0",0.173497267759563
8604,4,4,"M","1","0",3.6,1320,"Math & Science","1","0",NA,0,0.26978417266187,"0","0",0.00160901045856798
8609,7,6,"F","1","0",4.33,1310,"Math & Science","1","0",NA,1,0.73936170212766,"0","0",0.173497267759563
8610,4,7,"F","1","0",4.09,1200,"Business & Economics","1","0",NA,1,0.717948717948718,"0","0",0.00160901045856798
8612,7,7,"F","1","0",3.86,1140,"Arts & Letters","1","0",NA,0,0.245187436676798,"0","0",0.00160901045856798
8614,6,6,"F","1","0",4,1520,"Math & Science","1","0",NA,1,0.896933560477002,"0","0",0.123106060606061
8620,7,7,"M","0","1",4.24,1550,"Business & Economics","1","0",NA,1,0.896933560477002,"0","0",0.123106060606061
8623,5,7,"M","1","0",4.24,1470,"Math & Science","1","0",NA,1,0.896933560477002,"0","0",0.123106060606061
8626,6,5,"F","1","0",4,1350,"Math & Science","1","1",3.123,1,0.896933560477002,"1","0",0.123106060606061
8627,4,6,"F","1","0",4.15,1300,"Arts & Letters","1","0",NA,1,0.73936170212766,"0","0",0.173497267759563
8631,2,7,"F","1","0",3.56,1150,"Arts & Letters","1","0",NA,0,0.05676072418855,"0","0",0.00160901045856798
8633,6,6,"M","0","1",3.91,1050,"Business & Economics","1","0",NA,0,0.245187436676798,"0","0",0.00160901045856798
8637,7,7,"M","0","1",3.69,1370,"Business & Economics","1","0",NA,1,0.631578947368421,"0","0",0.00160901045856798
8645,5,6,"F","1","0",3.92,1320,"Arts & Letters","1","1",3.719,1,0.73936170212766,"1","0",0.173497267759563
8646,1,3,"F","0","1",3.89,1200,"Arts & Letters","1","0",NA,0,0.393939393939394,"0","0",0.00160901045856798
8648,6,4,"F","0","0",4,1110,"Math & Science","1","0",NA,0,0.245187436676798,"0","0",0.00160901045856798
8651,4,6,"F","0","1",3.86,1220,"Math & Science","1","0",NA,0,0.245187436676798,"0","0",0.00160901045856798
8654,6,6,"M","1","0",4.27,1290,"Business & Economics","1","1",3.878,1,0.73936170212766,"1","0",0.173497267759563
8656,3,4,"F","0","0",3.36,1370,"Math & Science","1","0",NA,0,0.156017830609212,"0","0",0.00160901045856798
8658,2,2,"F","0","0",4.2,1230,"Arts & Letters","1","0",NA,1,0.793939393939394,"0","0",0.173497267759563
8662,6,7,"M","1","0",3.61,1550,"Business & Economics","1","0",NA,1,0.880952380952381,"0","0",0.123106060606061
8667,1,1,"F","0","1",4.06,1030,"Math & Science","1","0",NA,1,0.793939393939394,"0","0",0.173497267759563
8668,6,6,"F","1","0",4.3,1510,"Math & Science","1","0",NA,1,0.896933560477002,"0","0",0.123106060606061
8680,7,5,"F","1","0",4.29,1400,"Math & Science","1","1",3.621,1,0.896933560477002,"1","0",0.123106060606061
8683,2,3,"M","1","0",3.4,1110,"Arts & Letters","1","0",NA,0,0.05676072418855,"0","0",0.00160901045856798
8686,6,7,"F","1","0",3.83,1080,"Arts & Letters","1","0",NA,0,0.245187436676798,"0","0",0.00160901045856798
8688,6,6,"M","0","0",3.25,1200,"Arts & Letters","1","1",3.068,1,0.855172413793103,"1","1",1
8689,3,7,"M","1","0",4.29,1500,"Business & Economics","1","0",NA,1,0.896933560477002,"0","0",0.123106060606061
8697,6,6,"F","0","1",4.08,1280,"Arts & Letters","1","1",3.828,1,0.73936170212766,"1","0",0.173497267759563
8708,6,7,"M","1","0",3.21,1390,"Business & Economics","1","0",NA,0,0.156017830609212,"0","0",0.00160901045856798
8710,7,7,"F","0","0",4.1,1380,"Arts & Letters","1","0",NA,1,0.896933560477002,"0","0",0.123106060606061
8711,1,1,"F","0","0",3.6,900,"Business & Economics","1","0",NA,0,0.05676072418855,"0","0",0.00160901045856798
8712,5,7,"F","1","0",4.21,1080,"Business & Economics","1","1",3.534,1,0.854901960784314,"1","1",1
8715,2,1,"F","0","0",4,1130,"Math & Science","1","0",NA,1,0.793939393939394,"0","0",0.173497267759563
8719,7,3,"F","1","0",4.09,1370,"Math & Science","1","0",NA,1,0.896933560477002,"0","0",0.123106060606061
8722,7,4,"M","1","0",4.09,1370,"Math & Science","1","0",NA,1,0.896933560477002,"0","0",0.123106060606061
8724,4,3,"M","0","1",4.24,1260,"Math & Science","1","0",NA,1,0.73936170212766,"0","0",0.173497267759563
8726,3,5,"M","1","0",4.05,1290,"Arts & Letters","1","0",NA,1,0.73936170212766,"0","0",0.173497267759563
8728,7,7,"M","1","0",4.12,1380,"Business & Economics","1","0",NA,1,0.896933560477002,"0","0",0.123106060606061
8730,6,6,"F","0","0",3.95,1450,"Arts & Letters","1","1",3.623,1,0.896933560477002,"1","0",0.123106060606061
8731,3,3,"F","0","1",3.59,1300,"Arts & Letters","1","0",NA,0,0.26978417266187,"0","0",0.00160901045856798
8732,6,6,"F","0","1",3.67,1210,"Arts & Letters","1","0",NA,0,0.05676072418855,"0","0",0.00160901045856798
8735,1,1,"F","0","1",3.76,980,"Arts & Letters","1","0",NA,0,0.05676072418855,"0","0",0.00160901045856798
8739,7,6,"F","0","0",4.1,1390,"Math & Science","1","0",NA,1,0.896933560477002,"0","0",0.123106060606061
8748,7,6,"F","1","0",3.77,1210,"Business & Economics","1","0",NA,0,0.05676072418855,"0","0",0.00160901045856798
8751,6,6,"F","1","0",4.09,1220,"Arts & Letters","1","0",NA,0,0.320754716981132,"0","0",0.00160901045856798
8758,7,7,"F","0","0",3.67,1170,"Business & Economics","1","0",NA,0,0.05676072418855,"0","0",0.00160901045856798
8759,7,7,"F","1","0",3,1060,"Business & Economics","1","1",3.268,0,0.24,"1","1",1
8763,6,7,"F","1","0",4.27,1350,"Business & Economics","1","0",NA,1,0.896933560477002,"0","0",0.123106060606061
8764,3,3,"F","0","0",4.17,1160,"Business & Economics","1","0",NA,1,0.717948717948718,"0","0",0.00160901045856798
8765,6,7,"F","0","0",3.71,1210,"Arts & Letters","1","1",3.113,1,0.855172413793103,"1","1",1
8766,2,1,"M","0","0",3.64,1260,"Business & Economics","1","0",NA,0,0.05676072418855,"0","0",0.00160901045856798
8767,7,7,"F","1","0",3.86,1310,"Business & Economics","1","1",3.291,1,0.903225806451613,"1","1",1
8770,6,6,"F","1","0",3.92,1270,"Business & Economics","1","0",NA,1,0.73936170212766,"0","0",0.173497267759563
8772,4,1,"F","0","1",4.2,1250,"Arts & Letters","1","0",NA,0,0.320754716981132,"0","0",0.00160901045856798
8773,4,6,"F","0","0",4.12,1370,"Arts & Letters","1","0",NA,1,0.896933560477002,"0","0",0.123106060606061
8776,6,7,"M","1","0",4.33,1370,"Math & Science","1","0",NA,1,0.896933560477002,"0","0",0.123106060606061
8786,7,6,"M","0","1",3.76,1100,"Business & Economics","1","1",3.13,1,0.855172413793103,"1","1",1
8792,2,2,"F","0","1",4.29,990,"Math & Science","1","0",NA,1,0.793939393939394,"0","0",0.173497267759563
8793,6,6,"F","1","0",3.8,1270,"Arts & Letters","1","0",NA,0,0.378048780487805,"0","0",0.00160901045856798
8794,6,6,"F","0","0",3.88,1350,"Arts & Letters","1","0",NA,1,0.896933560477002,"0","0",0.123106060606061
8804,1,1,"M","0","0",3.6,850,"Arts & Letters","1","0",NA,0,0.05676072418855,"0","0",0.00160901045856798
8806,7,6,"M","1","0",4.23,1270,"Math & Science","1","1",3.409,1,0.73936170212766,"1","0",0.173497267759563
8808,7,4,"F","1","0",3.95,1160,"Arts & Letters","1","0",NA,0,0.245187436676798,"0","0",0.00160901045856798
8811,7,7,"M","1","0",4.11,1430,"Arts & Letters","1","0",NA,1,0.896933560477002,"0","0",0.123106060606061
8815,4,4,"M","0","1",3.58,1290,"Business & Economics","1","0",NA,0,0.26978417266187,"0","0",0.00160901045856798
8819,6,6,"F","0","0",3.71,1280,"Arts & Letters","1","0",NA,0,0.336,"0","0",0.00160901045856798
8820,7,6,"F","1","0",3.8,1280,"Business & Economics","1","1",3.384,1,0.903225806451613,"1","1",1
8826,7,3,"F","0","1",3.83,1350,"Business & Economics","1","0",NA,1,0.896933560477002,"0","0",0.123106060606061
8837,4,4,"F","1","0",3.94,1170,"Math & Science","1","0",NA,0,0.245187436676798,"0","0",0.00160901045856798
8840,7,6,"F","1","0",4.38,1490,"Math & Science","1","0",NA,1,0.896933560477002,"0","0",0.123106060606061
8842,5,6,"F","1","0",4.05,1330,"Arts & Letters","1","0",NA,1,0.73936170212766,"0","0",0.173497267759563
8843,7,7,"F","1","0",4.4,1420,"Arts & Letters","1","0",NA,1,0.896933560477002,"0","0",0.123106060606061
8849,7,7,"F","1","0",4.21,1430,"Math & Science","1","1",3.675,1,0.896933560477002,"1","0",0.123106060606061
8853,6,6,"M","1","0",4.04,1350,"Math & Science","1","0",NA,1,0.896933560477002,"0","0",0.123106060606061
8861,7,6,"F","1","0",4.05,1290,"Business & Economics","1","0",NA,1,0.73936170212766,"0","0",0.173497267759563
8864,5,4,"M","1","0",4.17,1470,"Math & Science","1","0",NA,1,0.896933560477002,"0","0",0.123106060606061
8865,3,7,"M","1","0",4.17,1190,"Math & Science","1","0",NA,0,0.320754716981132,"0","0",0.00160901045856798
8868,6,6,"F","0","0",3.75,1050,"Business & Economics","1","0",NA,0,0.05676072418855,"0","0",0.00160901045856798
8871,7,7,"F","0","0",3.69,1290,"Math & Science","1","0",NA,0,0.336,"0","0",0.00160901045856798
8875,7,7,"F","1","0",4.04,1270,"Math & Science","1","0",NA,1,0.73936170212766,"0","0",0.173497267759563
8877,6,6,"M","0","0",4.27,1340,"Business & Economics","1","1",3.502,1,0.73936170212766,"1","0",0.173497267759563
8881,4,4,"F","1","0",3.8,1160,"Arts & Letters","1","0",NA,0,0.245187436676798,"0","0",0.00160901045856798
8883,3,3,"F","0","1",3.86,1250,"Arts & Letters","1","1",3.652,1,0.854901960784314,"1","1",1
8884,6,6,"F","0","1",4.36,1420,"Math & Science","1","0",NA,1,0.896933560477002,"0","0",0.123106060606061
8888,7,6,"F","0","0",4,1250,"Business & Economics","1","0",NA,0,0.245187436676798,"0","0",0.00160901045856798
8892,4,4,"M","1","0",3.64,1220,"Math & Science","1","1",2.629,1,0.855172413793103,"1","1",1
8895,4,6,"M","0","1",3.43,1380,"Math & Science","1","0",NA,0,0.156017830609212,"0","0",0.00160901045856798
8896,7,6,"M","0","0",3.75,1470,"Math & Science","1","0",NA,1,0.764705882352941,"0","0",0.173497267759563
8898,2,2,"F","0","1",3.78,1270,"Math & Science","1","0",NA,1,0.916666666666667,"0","0",0
8901,3,5,"M","1","0",4.05,1420,"Business & Economics","1","0",NA,1,0.896933560477002,"0","0",0.123106060606061
8903,7,6,"M","0","1",4.04,1380,"Business & Economics","1","0",NA,1,0.896933560477002,"0","0",0.123106060606061
8907,2,3,"M","0","0",3.86,1100,"Business & Economics","1","0",NA,0,0.393939393939394,"0","0",0.00160901045856798
8921,6,7,"M","1","0",3.62,1290,"Business & Economics","1","0",NA,0,0.26978417266187,"0","0",0.00160901045856798
8922,7,6,"M","1","0",3.62,1320,"Arts & Letters","1","1",3.104,1,0.855172413793103,"1","1",1
8925,6,6,"F","1","0",4.3,1330,"Math & Science","1","1",3.848,1,0.73936170212766,"1","0",0.173497267759563
8926,6,6,"M","1","0",3.67,1380,"Math & Science","1","0",NA,0,0.26978417266187,"0","0",0.00160901045856798
8929,6,7,"M","1","0",3.75,1320,"Business & Economics","1","0",NA,1,0.631578947368421,"0","0",0.00160901045856798
8934,6,3,"F","0","1",3.52,1450,"Math & Science","1","0",NA,1,1,"0","0",0.123106060606061
8935,6,6,"F","1","0",4.14,1170,"Business & Economics","1","1",2.537,1,0.854901960784314,"1","1",1
8944,6,3,"F","1","0",3.6,1380,"Math & Science","1","1",2.899,1,0.855172413793103,"1","1",1
8953,7,6,"M","1","0",3.5,1160,"Business & Economics","1","0",NA,0,0.05676072418855,"0","0",0.00160901045856798
8956,4,7,"F","0","0",4.17,1210,"Arts & Letters","1","0",NA,0,0.320754716981132,"0","0",0.00160901045856798
8957,6,3,"F","1","0",4.05,1280,"Business & Economics","1","1",3.114,1,0.73936170212766,"1","0",0.173497267759563
8958,7,6,"F","1","0",3.75,1240,"Arts & Letters","1","0",NA,0,0.05676072418855,"0","0",0.00160901045856798
8962,6,6,"F","1","0",3.91,1290,"Arts & Letters","1","0",NA,1,0.73936170212766,"0","0",0.173497267759563
8963,6,7,"M","0","0",3.32,1180,"Arts & Letters","1","1",3.113,1,0.855172413793103,"1","1",1
8964,6,6,"F","1","0",4.27,1420,"Business & Economics","1","0",NA,1,0.896933560477002,"0","0",0.123106060606061
8968,6,7,"M","1","0",3.79,1460,"Business & Economics","1","1",3.719,1,0.896933560477002,"1","0",0.123106060606061
8978,2,1,"F","0","1",3.85,1200,"Math & Science","1","0",NA,1,0.793939393939394,"0","0",0.173497267759563
8979,7,6,"F","1","0",3.96,1290,"Math & Science","1","0",NA,1,0.73936170212766,"0","0",0.173497267759563
8983,3,4,"M","0","1",3.38,1380,"Business & Economics","1","0",NA,0,0.156017830609212,"0","0",0.00160901045856798
8986,3,7,"F","0","0",4.05,1470,"Arts & Letters","1","0",NA,1,0.896933560477002,"0","0",0.123106060606061
8990,6,6,"F","1","0",3.7,1390,"Arts & Letters","1","0",NA,0,0.336,"0","0",0.00160901045856798
8993,6,6,"M","1","0",4.14,1540,"Math & Science","1","0",NA,1,0.896933560477002,"0","0",0.123106060606061
8998,4,4,"F","0","0",3.95,1230,"Math & Science","1","0",NA,0,0.245187436676798,"0","0",0.00160901045856798
9001,2,2,"F","0","0",3.43,1040,"Arts & Letters","1","0",NA,0,0.05676072418855,"0","0",0.00160901045856798
9005,3,4,"F","1","0",3.86,1070,"Business & Economics","1","1",3.162,1,0.854901960784314,"1","1",1
9006,4,6,"F","0","1",3.96,1260,"Math & Science","1","0",NA,1,0.73936170212766,"0","0",0.173497267759563
9009,6,6,"F","1","0",3.92,1580,"Arts & Letters","1","0",NA,1,0.896933560477002,"0","0",0.123106060606061
9013,7,4,"F","1","0",3.44,1280,"Math & Science","1","0",NA,0,0.156017830609212,"0","0",0.00160901045856798
9019,6,6,"M","1","0",4.32,1410,"Math & Science","1","0",NA,1,0.896933560477002,"0","0",0.123106060606061
9025,7,7,"M","1","0",3.82,1310,"Math & Science","1","0",NA,0,0.378048780487805,"0","0",0.00160901045856798
9027,6,6,"F","1","0",3.83,940,"Arts & Letters","1","0",NA,0,0.245187436676798,"0","0",0.00160901045856798
9028,1,7,"F","0","0",3.91,1210,"Math & Science","1","0",NA,1,0.8,"0","0",0.173497267759563
9031,6,6,"F","1","0",3.9,1020,"Arts & Letters","1","1",3.337,1,0.854901960784314,"1","1",1
9033,7,4,"F","0","0",3.66,1330,"Arts & Letters","1","0",NA,0,0.26978417266187,"0","0",0.00160901045856798
9045,3,6,"M","1","0",4,930,"Arts & Letters","1","0",NA,0,0.245187436676798,"0","0",0.00160901045856798
9056,1,3,"F","0","0",3.87,1040,"Business & Economics","1","0",NA,0,0.393939393939394,"0","0",0.00160901045856798
9067,7,6,"F","0","0",3.92,1200,"Arts & Letters","1","0",NA,0,0.245187436676798,"0","0",0.00160901045856798
9070,5,4,"M","1","0",3.29,1250,"Arts & Letters","1","1",3.343,1,0.855172413793103,"1","1",1
9071,6,7,"F","1","0",3.65,1150,"Arts & Letters","1","1",3.177,1,0.855172413793103,"1","1",1
9076,7,7,"F","1","0",3.8,1410,"Math & Science","1","0",NA,1,0.896933560477002,"0","0",0.123106060606061
9078,6,6,"F","1","0",4.15,1320,"Arts & Letters","1","0",NA,1,0.73936170212766,"0","0",0.173497267759563
9081,6,6,"M","1","0",3.25,1360,"Arts & Letters","1","1",3.519,1,0.855172413793103,"1","1",1
9083,7,6,"M","1","0",3.94,1490,"Arts & Letters","1","0",NA,1,0.896933560477002,"0","0",0.123106060606061
9087,7,6,"M","1","0",3.93,1300,"Math & Science","1","0",NA,1,0.73936170212766,"0","0",0.173497267759563
9094,4,7,"F","1","0",4.23,1290,"Business & Economics","1","0",NA,1,0.73936170212766,"0","0",0.173497267759563
9096,7,7,"F","0","1",3.9,1540,"Business & Economics","1","0",NA,1,0.896933560477002,"0","0",0.123106060606061
9098,7,6,"F","0","1",4.12,1350,"Business & Economics","1","0",NA,1,0.896933560477002,"0","0",0.123106060606061
9106,7,6,"M","0","0",3.86,1390,"Business & Economics","1","0",NA,1,0.896933560477002,"0","0",0.123106060606061
9108,7,6,"F","1","0",4.27,1330,"Math & Science","1","0",NA,1,0.73936170212766,"0","0",0.173497267759563
9109,7,7,"F","1","0",4.36,1310,"Business & Economics","1","0",NA,1,0.73936170212766,"0","0",0.173497267759563
9115,6,6,"F","1","0",3.7,1210,"Arts & Letters","1","1",3.234,1,0.855172413793103,"1","1",1
9119,6,6,"M","0","1",3.54,1360,"Math & Science","1","0",NA,0,0.26978417266187,"0","0",0.00160901045856798
9120,5,5,"M","1","0",4.23,1480,"Business & Economics","1","0",NA,1,0.896933560477002,"0","0",0.123106060606061
9123,7,3,"M","0","1",4.36,1370,"Math & Science","1","0",NA,1,0.896933560477002,"0","0",0.123106060606061
9126,2,2,"F","0","1",4.05,1290,"Business & Economics","1","0",NA,1,0.73936170212766,"0","0",0.173497267759563
9133,1,6,"F","1","0",3.67,1310,"Arts & Letters","1","0",NA,1,0.916666666666667,"0","0",0
9134,7,7,"M","1","0",4,1150,"Arts & Letters","1","0",NA,0,0.245187436676798,"0","0",0.00160901045856798
9136,4,6,"M","0","0",3.23,1310,"Arts & Letters","1","0",NA,0,0.156017830609212,"0","0",0.00160901045856798
9140,7,7,"F","1","0",3.7,1130,"Arts & Letters","1","1",3.208,1,0.855172413793103,"1","1",1
9150,7,7,"F","1","0",3.65,1290,"Arts & Letters","1","0",NA,0,0.26978417266187,"0","0",0.00160901045856798
9152,1,1,"M","0","1",3.38,1030,"Business & Economics","1","1",2.338,1,0.855172413793103,"1","1",1
9157,2,2,"F","0","0",4.09,980,"Arts & Letters","1","0",NA,1,0.793939393939394,"0","0",0.173497267759563
9158,7,6,"M","0","0",4.29,1220,"Math & Science","1","0",NA,1,0.590909090909091,"0","0",0.00160901045856798
9161,1,2,"M","0","1",3.14,1140,"Arts & Letters","1","0",NA,0,0.05676072418855,"0","0",0.00160901045856798
9165,6,4,"F","1","0",3.87,1360,"Arts & Letters","1","1",3.223,1,0.896933560477002,"1","0",0.123106060606061
9169,6,4,"F","0","0",4.09,1340,"Math & Science","1","0",NA,1,0.73936170212766,"0","0",0.173497267759563
9172,6,7,"F","1","0",3.73,1100,"Arts & Letters","1","0",NA,0,0.05676072418855,"0","0",0.00160901045856798
9175,7,7,"F","0","0",3.79,1380,"Math & Science","1","0",NA,1,0.896933560477002,"0","0",0.123106060606061
9186,7,7,"F","1","0",3.88,1190,"Arts & Letters","1","1",3.228,1,0.854901960784314,"1","1",1
9189,5,3,"M","0","1",3.88,1120,"Math & Science","1","0",NA,0,0.245187436676798,"0","0",0.00160901045856798
9193,7,6,"M","1","0",4.14,1310,"Business & Economics","1","0",NA,1,0.73936170212766,"0","0",0.173497267759563
9194,7,6,"F","1","0",4.27,1450,"Arts & Letters","1","0",NA,1,0.896933560477002,"0","0",0.123106060606061
9197,1,2,"M","0","0",3.55,1150,"Math & Science","1","0",NA,0,0.05676072418855,"0","0",0.00160901045856798
9200,1,1,"F","0","0",4.19,1200,"Arts & Letters","1","0",NA,1,0.793939393939394,"0","0",0.173497267759563
9203,7,6,"M","0","1",4.36,1430,"Math & Science","1","0",NA,1,0.896933560477002,"0","0",0.123106060606061
9204,6,7,"M","1","0",3.75,1170,"Arts & Letters","1","0",NA,0,0.05676072418855,"0","0",0.00160901045856798
9206,6,6,"F","0","1",4.22,1270,"Math & Science","1","0",NA,1,0.73936170212766,"0","0",0.173497267759563
9209,7,6,"F","0","0",4.04,1390,"Arts & Letters","1","0",NA,1,0.896933560477002,"0","0",0.123106060606061
9210,7,7,"M","1","0",3.54,1340,"Business & Economics","1","0",NA,0,0.26978417266187,"0","0",0.00160901045856798
9215,1,1,"F","0","0",3.93,1110,"Arts & Letters","1","0",NA,1,0.793939393939394,"0","0",0.173497267759563
9227,3,4,"F","1","0",3.8,1240,"Business & Economics","1","0",NA,0,0.245187436676798,"0","0",0.00160901045856798
9233,7,6,"M","0","1",3.09,1330,"Arts & Letters","1","0",NA,0,0.156017830609212,"0","0",0
9234,6,6,"F","1","0",4.05,1290,"Business & Economics","1","1",3.128,1,0.73936170212766,"1","0",0.173497267759563
9239,4,7,"F","0","0",3.96,1240,"Arts & Letters","1","0",NA,0,0.245187436676798,"0","0",0.00160901045856798
9244,6,6,"M","1","0",3.95,1430,"Arts & Letters","1","0",NA,1,0.896933560477002,"0","0",0.123106060606061
9247,7,6,"F","1","0",3.08,1270,"Arts & Letters","1","0",NA,0,0.156017830609212,"0","0",0
9252,3,3,"F","1","0",3.95,1320,"Business & Economics","1","1",3.515,1,0.73936170212766,"1","0",0.173497267759563
9253,5,7,"F","1","0",4.16,1410,"Arts & Letters","1","0",NA,1,0.896933560477002,"0","0",0.123106060606061
9267,7,7,"F","1","0",4.2,1380,"Arts & Letters","1","0",NA,1,0.896933560477002,"0","0",0.123106060606061
9268,7,7,"F","1","0",3.83,1170,"Math & Science","1","1",2.908,1,0.854901960784314,"1","1",1
9269,6,7,"M","0","0",4.29,1370,"Math & Science","1","0",NA,1,0.896933560477002,"0","0",0.123106060606061
9273,6,7,"M","0","0",4.05,1380,"Math & Science","1","0",NA,1,0.896933560477002,"0","0",0.123106060606061
9274,7,6,"F","0","1",3.59,1340,"Math & Science","1","0",NA,0,0.26978417266187,"0","0",0.00160901045856798
9280,7,6,"F","1","0",4.21,1190,"Business & Economics","1","1",3.521,1,0.854901960784314,"1","1",1
9282,7,7,"M","1","0",4.4,1510,"Business & Economics","1","0",NA,1,0.896933560477002,"0","0",0.123106060606061
9283,6,7,"F","1","0",3.2,1140,"Arts & Letters","1","1",2.694,1,0.84,"1","1",1
9284,7,7,"F","0","1",4.33,1400,"Business & Economics","1","0",NA,1,0.896933560477002,"0","0",0.123106060606061
9287,4,4,"F","1","0",4,1290,"Arts & Letters","1","1",3.457,1,0.73936170212766,"1","0",0.173497267759563
9288,6,6,"M","1","0",4.04,1480,"Business & Economics","1","0",NA,1,0.896933560477002,"0","0",0.123106060606061
9289,6,7,"M","0","0",3.96,1460,"Math & Science","1","0",NA,1,0.896933560477002,"0","0",0.123106060606061
9291,6,7,"F","1","0",4.21,1500,"Math & Science","1","1",3.729,1,0.896933560477002,"1","0",0.123106060606061
9293,4,7,"F","1","0",4.04,1290,"Business & Economics","1","0",NA,1,0.73936170212766,"0","0",0.173497267759563
9302,7,6,"M","1","0",3.33,1000,"Arts & Letters","1","0",NA,0,0.05676072418855,"0","0",0.00160901045856798
9306,5,3,"F","0","0",3.65,1080,"Math & Science","1","1",2.63,1,0.855172413793103,"1","1",1
9307,6,6,"M","0","1",3.52,1330,"Business & Economics","1","0",NA,0,0.26978417266187,"0","0",0.00160901045856798
9311,7,7,"M","1","0",4.04,1320,"Math & Science","1","0",NA,1,0.73936170212766,"0","0",0.173497267759563
9317,7,7,"M","1","0",4.19,1380,"Math & Science","1","0",NA,1,0.896933560477002,"0","0",0.123106060606061
9318,1,1,"F","0","1",4.28,1070,"Math & Science","1","0",NA,1,0.793939393939394,"0","0",0.173497267759563
9324,7,6,"F","1","0",3.96,1320,"Business & Economics","1","1",3.313,1,0.73936170212766,"1","0",0.173497267759563
9325,4,6,"M","1","0",3.8,1150,"Business & Economics","1","0",NA,0,0.245187436676798,"0","0",0.00160901045856798
9331,7,7,"F","1","0",4.2,1560,"Math & Science","1","0",NA,1,0.896933560477002,"0","0",0.123106060606061
9333,6,6,"M","1","0",3.52,1270,"Arts & Letters","1","1",3.1,1,0.855172413793103,"1","1",1
9335,7,7,"F","0","1",3.93,1220,"Math & Science","1","0",NA,0,0.245187436676798,"0","0",0.00160901045856798
9336,3,5,"M","1","0",3.4,1420,"Arts & Letters","1","1",3.963,1,0.855172413793103,"1","1",1
9338,3,4,"F","0","0",4.08,1160,"Business & Economics","1","0",NA,1,0.717948717948718,"0","0",0.00160901045856798
9339,6,6,"M","0","1",4.13,1550,"Business & Economics","1","0",NA,1,0.896933560477002,"0","0",0.123106060606061
9341,3,6,"M","1","0",3.89,1090,"Business & Economics","1","0",NA,0,0.245187436676798,"0","0",0.00160901045856798
9342,6,7,"M","1","0",3.86,1340,"Math & Science","1","0",NA,0,0.378048780487805,"0","0",0.00160901045856798
9347,7,7,"F","1","0",4.25,1460,"Business & Economics","1","0",NA,1,0.896933560477002,"0","0",0.123106060606061
9355,6,6,"F","1","0",3.77,1250,"Business & Economics","1","0",NA,0,0.05676072418855,"0","0",0.00160901045856798
9356,2,4,"M","0","0",3.91,1020,"Arts & Letters","1","1",2.016,1,0.854901960784314,"1","1",1
9359,4,5,"F","1","0",3.94,1190,"Business & Economics","1","1",3.05,1,0.854901960784314,"1","1",1
9364,7,7,"M","1","0",4.12,1460,"Business & Economics","1","0",NA,1,0.896933560477002,"0","0",0.123106060606061
9366,7,7,"F","0","1",3.68,1440,"Business & Economics","1","0",NA,1,0.880952380952381,"0","0",0.123106060606061
9368,6,6,"M","0","1",3.77,1330,"Business & Economics","1","0",NA,1,0.631578947368421,"0","0",0.00160901045856798
9369,2,2,"F","0","0",4,1110,"Math & Science","1","0",NA,1,0.793939393939394,"0","0",0.173497267759563
9371,6,6,"F","0","0",3.91,1300,"Math & Science","1","0",NA,1,0.73936170212766,"0","0",0.173497267759563
9372,4,4,"M","1","0",3.77,1150,"Business & Economics","1","1",2.908,1,0.855172413793103,"1","1",1
9374,4,6,"F","0","0",3.55,1160,"Arts & Letters","1","0",NA,0,0.05676072418855,"0","0",0.00160901045856798
9375,4,6,"M","1","0",4.3,1410,"Arts & Letters","1","0",NA,1,0.896933560477002,"0","0",0.123106060606061
9380,6,6,"F","0","0",4.04,1290,"Business & Economics","1","0",NA,1,0.73936170212766,"0","0",0.173497267759563
9381,7,7,"F","1","0",3.94,1310,"Math & Science","1","0",NA,1,0.73936170212766,"0","0",0.173497267759563
9383,6,6,"M","1","0",3.45,1360,"Arts & Letters","1","0",NA,0,0.156017830609212,"0","0",0.00160901045856798
9384,5,6,"F","1","0",3.82,1040,"Business & Economics","1","0",NA,0,0.245187436676798,"0","0",0.00160901045856798
9385,7,7,"F","1","0",3.84,1270,"Math & Science","1","0",NA,0,0.378048780487805,"0","0",0.00160901045856798
9386,6,5,"M","0","0",3.96,1260,"Business & Economics","1","0",NA,1,0.73936170212766,"0","0",0.173497267759563
9396,7,7,"F","0","1",4.26,1390,"Math & Science","1","0",NA,1,0.896933560477002,"0","0",0.123106060606061
9398,3,1,"F","0","0",3.7,1190,"Math & Science","1","0",NA,0,0.05676072418855,"0","0",0.00160901045856798
9399,6,6,"F","1","0",4,1550,"Arts & Letters","1","0",NA,1,0.896933560477002,"0","0",0.123106060606061
9401,4,4,"F","0","0",4.14,1290,"Arts & Letters","1","0",NA,1,0.73936170212766,"0","0",0.173497267759563
9402,7,6,"F","0","1",3.58,1190,"Business & Economics","1","1",2.955,1,0.855172413793103,"1","1",1
9411,6,6,"F","0","0",4.09,1270,"Math & Science","1","0",NA,1,0.73936170212766,"0","0",0.173497267759563
9414,6,7,"M","1","0",4.1,1360,"Math & Science","1","0",NA,1,0.896933560477002,"0","0",0.123106060606061
9415,6,7,"F","1","0",3.77,1120,"Business & Economics","1","1",2.735,1,0.855172413793103,"1","1",1
9417,5,4,"M","1","0",3.95,1240,"Business & Economics","1","0",NA,0,0.245187436676798,"0","0",0.00160901045856798
9427,7,5,"F","1","0",4.15,1400,"Business & Economics","1","0",NA,1,0.896933560477002,"0","0",0.123106060606061
9433,7,3,"F","1","0",3.42,1170,"Arts & Letters","1","0",NA,0,0.05676072418855,"0","0",0.00160901045856798
9434,7,6,"F","1","0",4.07,1290,"Business & Economics","1","0",NA,1,0.73936170212766,"0","0",0.173497267759563
9435,4,6,"M","1","0",3.68,1340,"Business & Economics","1","0",NA,0,0.26978417266187,"0","0",0.00160901045856798
9436,6,5,"F","1","0",4.09,1190,"Arts & Letters","1","1",3.521,1,0.854901960784314,"1","1",1
9437,1,1,"F","0","0",4.15,1250,"Math & Science","1","1",3.489,1,0.854901960784314,"1","1",1
9438,7,6,"M","1","0",4.15,1490,"Math & Science","1","0",NA,1,0.896933560477002,"0","0",0.123106060606061
9440,6,7,"F","1","0",3.96,1260,"Business & Economics","1","0",NA,1,0.73936170212766,"0","0",0.173497267759563
9447,7,4,"F","0","0",4,1290,"Business & Economics","1","0",NA,1,0.73936170212766,"0","0",0.173497267759563
9451,3,3,"M","0","1",3.83,1340,"Math & Science","1","0",NA,0,0.378048780487805,"0","0",0.00160901045856798
9463,6,6,"F","1","0",4.13,1210,"Arts & Letters","1","0",NA,0,0.320754716981132,"0","0",0.00160901045856798
9464,6,6,"F","1","0",3.95,1340,"Arts & Letters","1","1",3.407,1,0.73936170212766,"1","0",0.173497267759563
9472,2,6,"M","0","1",4,1420,"Business & Economics","1","0",NA,1,0.896933560477002,"0","0",0.123106060606061
9473,7,5,"M","1","0",4.19,1330,"Business & Economics","1","1",3.738,1,0.73936170212766,"1","0",0.173497267759563
9474,6,6,"M","0","0",3.96,1420,"Business & Economics","1","0",NA,1,0.896933560477002,"0","0",0.123106060606061
9485,7,6,"F","1","0",4.04,1380,"Business & Economics","1","0",NA,1,0.896933560477002,"0","0",0.123106060606061
9493,4,6,"F","1","0",3.35,1310,"Arts & Letters","1","1",2.447,1,0.855172413793103,"1","1",1
9495,6,6,"F","0","1",3.86,1410,"Math & Science","1","0",NA,1,0.896933560477002,"0","0",0.123106060606061
9496,7,6,"F","0","1",3.91,1370,"Arts & Letters","1","0",NA,1,0.896933560477002,"0","0",0.123106060606061
9499,7,6,"M","0","1",3.64,1460,"Math & Science","1","0",NA,1,0.764705882352941,"0","0",0.173497267759563
9503,7,7,"F","0","1",3.91,1450,"Arts & Letters","1","0",NA,1,0.896933560477002,"0","0",0.123106060606061
9504,4,6,"F","1","0",4.15,1460,"Math & Science","1","0",NA,1,0.896933560477002,"0","0",0.123106060606061
9513,4,3,"F","0","1",3.54,1030,"Math & Science","1","0",NA,0,0.05676072418855,"0","0",0.00160901045856798
9514,3,4,"F","0","0",4.19,1360,"Arts & Letters","1","0",NA,1,0.896933560477002,"0","0",0.123106060606061
9524,6,4,"M","1","0",4.09,1390,"Arts & Letters","1","0",NA,1,0.896933560477002,"0","0",0.123106060606061
9532,7,7,"F","0","1",4.12,1390,"Math & Science","1","0",NA,1,0.896933560477002,"0","0",0.123106060606061
9535,1,1,"M","0","0",3.35,750,"Arts & Letters","1","0",NA,0,0.05676072418855,"0","0",0.00160901045856798
9536,1,3,"F","0","0",3.33,970,"Arts & Letters","1","0",NA,0,0.05676072418855,"0","0",0.00160901045856798
9539,7,6,"M","1","0",4,1190,"Arts & Letters","1","0",NA,0,0.245187436676798,"0","0",0.00160901045856798
9542,2,2,"M","0","0",3.68,1420,"Math & Science","1","0",NA,0,0.384615384615385,"0","0",0.00160901045856798
9546,4,4,"F","1","0",3.77,1230,"Arts & Letters","1","0",NA,0,0.05676072418855,"0","0",0.00160901045856798
9549,4,4,"M","1","0",4.08,1380,"Arts & Letters","1","1",4,1,0.896933560477002,"1","0",0.123106060606061
9554,6,6,"F","1","0",4.23,1270,"Math & Science","1","0",NA,1,0.73936170212766,"0","0",0.173497267759563
9557,7,7,"M","1","0",3.95,1500,"Business & Economics","1","0",NA,1,0.896933560477002,"0","0",0.123106060606061
9561,6,7,"M","1","0",3.68,1450,"Business & Economics","1","0",NA,1,0.880952380952381,"0","0",0.123106060606061
9564,4,6,"F","1","0",4.07,1200,"Business & Economics","1","0",NA,1,0.717948717948718,"0","0",0.00160901045856798
9565,6,5,"F","0","0",4.28,1250,"Math & Science","1","0",NA,0,0.320754716981132,"0","0",0.00160901045856798
9575,3,3,"F","0","1",3.25,1160,"Math & Science","1","1",1.372,1,0.855172413793103,"1","1",1
9578,3,6,"M","0","0",3.25,1120,"Math & Science","1","1",1.855,1,0.855172413793103,"1","1",1
9581,3,3,"F","0","1",4,1050,"Math & Science","1","0",NA,0,0.245187436676798,"0","0",0.00160901045856798
9583,6,6,"M","1","0",3.95,1350,"Business & Economics","1","0",NA,1,0.896933560477002,"0","0",0.123106060606061
9587,6,6,"F","0","1",4.04,1470,"Math & Science","1","0",NA,1,0.896933560477002,"0","0",0.123106060606061
9588,3,4,"M","0","1",3.7,1080,"Business & Economics","1","0",NA,0,0.05676072418855,"0","0",0.00160901045856798
9590,7,7,"M","1","0",4.08,1380,"Math & Science","1","0",NA,1,0.896933560477002,"0","0",0.123106060606061
9597,6,6,"F","0","0",4.23,1390,"Math & Science","1","0",NA,1,0.896933560477002,"0","0",0.123106060606061
9599,3,2,"F","0","1",4.08,920,"Arts & Letters","1","0",NA,0,0.308370044052863,"0","0",0.00160901045856798
9601,7,6,"F","1","0",3.8,1220,"Math & Science","1","1",2.925,1,0.854901960784314,"1","1",1
9603,6,5,"M","1","0",3.67,1210,"Business & Economics","1","1",2.878,1,0.855172413793103,"1","1",1
9604,2,6,"M","0","1",4.27,1360,"Business & Economics","1","0",NA,1,0.896933560477002,"0","0",0.123106060606061
9608,3,2,"F","0","0",3.91,1260,"Math & Science","1","1",2.58,1,0.73936170212766,"1","0",0.173497267759563
9610,3,7,"F","1","0",4,1190,"Arts & Letters","1","0",NA,0,0.245187436676798,"0","0",0.00160901045856798
9616,7,3,"M","1","0",3.76,1390,"Math & Science","1","1",2.845,1,0.855172413793103,"1","1",1
9620,5,3,"F","0","0",3.64,1240,"Arts & Letters","1","1",2.93,1,0.855172413793103,"1","1",1
9622,7,5,"M","1","0",3.85,1440,"Business & Economics","1","0",NA,1,0.896933560477002,"0","0",0.123106060606061
9623,6,7,"F","0","1",3.62,1150,"Math & Science","1","0",NA,0,0.05676072418855,"0","0",0.00160901045856798
9625,7,6,"F","0","0",3.38,1340,"Arts & Letters","1","0",NA,0,0.156017830609212,"0","0",0.00160901045856798
9627,7,6,"M","1","0",4.24,1220,"Business & Economics","1","1",3.403,1,0.854901960784314,"1","1",1
9644,7,7,"F","1","0",4.25,1550,"Business & Economics","1","0",NA,1,0.896933560477002,"0","0",0.123106060606061
9648,3,4,"M","0","1",3.41,1300,"Arts & Letters","1","0",NA,0,0.156017830609212,"0","0",0.00160901045856798
9651,7,7,"M","1","0",4.31,1470,"Business & Economics","1","0",NA,1,0.896933560477002,"0","0",0.123106060606061
9660,7,7,"M","0","1",4.1,1460,"Arts & Letters","1","0",NA,1,0.896933560477002,"0","0",0.123106060606061
9668,7,7,"F","1","0",4.36,1430,"Math & Science","1","0",NA,1,0.896933560477002,"0","0",0.123106060606061
9669,7,7,"M","0","1",3.75,1470,"Math & Science","1","0",NA,1,0.764705882352941,"0","0",0.173497267759563
9670,4,7,"M","1","0",3.88,1470,"Math & Science","1","0",NA,1,0.896933560477002,"0","0",0.123106060606061
9672,4,6,"F","1","0",4.14,1450,"Business & Economics","1","0",NA,1,0.896933560477002,"0","0",0.123106060606061
9673,7,7,"M","1","0",3.96,1410,"Arts & Letters","1","0",NA,1,0.896933560477002,"0","0",0.123106060606061
9674,6,6,"M","0","1",3.45,1040,"Arts & Letters","1","0",NA,0,0.05676072418855,"0","0",0.00160901045856798
9676,2,2,"M","0","1",3.56,1030,"Arts & Letters","1","0",NA,0,0.05676072418855,"0","0",0.00160901045856798
9678,2,2,"M","0","0",3.25,1200,"Math & Science","1","1",2.522,1,0.855172413793103,"1","1",1
9681,7,6,"F","1","0",3.82,1250,"Arts & Letters","1","0",NA,0,0.245187436676798,"0","0",0.00160901045856798
9682,4,4,"F","1","0",4,1260,"Math & Science","1","0",NA,1,0.73936170212766,"0","0",0.173497267759563
9692,7,6,"F","1","0",4.11,1190,"Math & Science","1","0",NA,1,0.590909090909091,"0","0",0.00160901045856798
9694,6,6,"F","1","0",4.17,1180,"Math & Science","1","0",NA,0,0.320754716981132,"0","0",0.00160901045856798
9695,6,6,"M","0","1",3.62,1280,"Arts & Letters","1","0",NA,0,0.26978417266187,"0","0",0.00160901045856798
9697,1,1,"F","0","1",3.4,920,"Math & Science","1","0",NA,0,0.05676072418855,"0","0",0.00160901045856798
9699,2,2,"M","0","1",4.04,1270,"Math & Science","1","0",NA,1,0.73936170212766,"0","0",0.173497267759563
9701,7,6,"M","1","0",3.5,1390,"Arts & Letters","1","1",3.759,1,0.855172413793103,"1","1",1
9702,1,1,"F","0","1",4.23,1190,"Arts & Letters","1","0",NA,1,0.793939393939394,"0","0",0.173497267759563
9704,7,5,"M","0","0",3.73,1320,"Arts & Letters","1","1",2.968,1,0.855172413793103,"1","1",1
9714,3,3,"M","0","0",3.39,1150,"Math & Science","1","0",NA,0,0.05676072418855,"0","0",0.00160901045856798
9715,2,7,"F","1","0",3.91,1440,"Arts & Letters","1","0",NA,1,0.896933560477002,"0","0",0.123106060606061
9720,3,3,"F","1","0",3.73,1090,"Arts & Letters","1","1",3.036,1,0.855172413793103,"1","1",1
9726,1,1,"F","0","1",3.85,1150,"Math & Science","1","1",2.84,1,0.854901960784314,"1","1",1
9732,7,7,"F","1","0",4.16,1490,"Business & Economics","1","0",NA,1,0.896933560477002,"0","0",0.123106060606061
9735,6,5,"M","1","0",4,1100,"Business & Economics","1","1",3.02,1,0.854901960784314,"1","1",1
9742,7,7,"F","1","0",4.2,1340,"Math & Science","1","0",NA,1,0.73936170212766,"0","0",0.173497267759563
9744,6,3,"F","1","0",3.88,1290,"Arts & Letters","1","1",3.268,1,0.903225806451613,"1","1",1
9748,6,6,"F","1","0",3.85,1110,"Arts & Letters","1","1",3.597,1,0.854901960784314,"1","1",1
9750,5,7,"F","0","0",3.64,1190,"Business & Economics","1","1",3.232,1,0.855172413793103,"1","1",1
9757,7,7,"F","1","0",3.71,1280,"Arts & Letters","1","0",NA,0,0.336,"0","0",0.00160901045856798
9760,7,7,"F","0","0",3.64,1170,"Business & Economics","1","0",NA,0,0.05676072418855,"0","0",0.00160901045856798
9770,6,5,"F","1","0",3.92,1400,"Math & Science","1","0",NA,1,0.896933560477002,"0","0",0.123106060606061
9771,2,5,"M","0","1",3.38,1290,"Arts & Letters","1","0",NA,0,0.156017830609212,"0","0",0.00160901045856798
9772,7,7,"M","0","0",3.81,1170,"Math & Science","1","0",NA,0,0.245187436676798,"0","0",0.00160901045856798
9774,6,6,"M","1","0",3.38,1060,"Business & Economics","1","1",2.675,1,0.855172413793103,"1","1",1
9779,4,6,"F","1","0",4.14,1110,"Arts & Letters","1","0",NA,0,0.308370044052863,"0","0",0.00160901045856798
9781,3,3,"F","0","1",3.64,1040,"Business & Economics","1","0",NA,0,0.05676072418855,"0","0",0.00160901045856798
9782,6,4,"M","1","0",4.32,1550,"Math & Science","1","0",NA,1,0.896933560477002,"0","0",0.123106060606061
9783,1,1,"F","0","1",3.55,1230,"Math & Science","1","0",NA,0,0.05676072418855,"0","0",0.00160901045856798
9785,4,6,"F","1","0",3.64,1320,"Math & Science","1","1",3.246,1,0.855172413793103,"1","1",1
9788,6,7,"F","0","1",3.91,1140,"Arts & Letters","1","0",NA,0,0.245187436676798,"0","0",0.00160901045856798
9793,5,5,"F","0","1",3.79,1280,"Business & Economics","1","0",NA,0,0.378048780487805,"0","0",0.00160901045856798
9795,6,2,"M","0","1",4.29,1440,"Math & Science","1","0",NA,1,0.896933560477002,"0","0",0.123106060606061
9797,6,6,"F","1","0",4.06,1420,"Arts & Letters","1","1",3.376,1,0.896933560477002,"1","0",0.123106060606061
9800,6,6,"F","1","0",3.93,1460,"Math & Science","1","0",NA,1,0.896933560477002,"0","0",0.123106060606061
9801,7,6,"F","0","1",4.11,1360,"Arts & Letters","1","0",NA,1,0.896933560477002,"0","0",0.123106060606061
9803,7,7,"F","0","1",3.74,1420,"Business & Economics","1","0",NA,1,0.880952380952381,"0","0",0.123106060606061
9807,6,6,"M","1","0",4,1440,"Arts & Letters","1","0",NA,1,0.896933560477002,"0","0",0.123106060606061
9808,6,6,"F","1","0",3.65,1220,"Business & Economics","1","0",NA,0,0.05676072418855,"0","0",0.00160901045856798
9809,6,7,"F","1","0",3.76,1340,"Arts & Letters","1","0",NA,0,0.336,"0","0",0.00160901045856798
9815,7,6,"F","1","0",4.27,1310,"Math & Science","1","0",NA,1,0.73936170212766,"0","0",0.173497267759563
9816,7,7,"F","1","0",3.74,1290,"Arts & Letters","1","1",3.638,1,0.855172413793103,"1","1",1
9817,7,6,"M","1","0",4.1,1220,"Business & Economics","1","0",NA,1,0.717948717948718,"0","0",0.00160901045856798
9820,4,4,"F","0","0",4.21,1320,"Math & Science","1","1",3.453,1,0.73936170212766,"1","0",0.173497267759563
9821,6,6,"F","1","0",4.19,1490,"Business & Economics","1","0",NA,1,0.896933560477002,"0","0",0.123106060606061
9823,7,6,"M","1","0",3.95,1290,"Arts & Letters","1","0",NA,1,0.73936170212766,"0","0",0.173497267759563
9824,6,6,"F","1","0",4.08,1410,"Arts & Letters","1","0",NA,1,0.896933560477002,"0","0",0.123106060606061
9825,7,7,"F","1","0",3.57,1350,"Arts & Letters","1","1",3.4,1,0.855172413793103,"1","1",1
9827,1,1,"F","0","0",4.17,1160,"Arts & Letters","1","0",NA,1,0.793939393939394,"0","0",0.173497267759563
9829,6,4,"F","0","1",4.08,1410,"Math & Science","1","0",NA,1,0.896933560477002,"0","0",0.123106060606061
9838,6,6,"F","1","0",3.95,1190,"Arts & Letters","1","0",NA,0,0.245187436676798,"0","0",0.00160901045856798
9840,6,6,"F","0","1",3.52,1440,"Business & Economics","1","0",NA,1,0.880952380952381,"0","0",0.123106060606061
9842,6,4,"M","1","0",3.69,1260,"Math & Science","1","1",3.247,1,0.855172413793103,"1","1",1
9846,1,1,"M","0","1",4,1220,"Math & Science","1","0",NA,1,0.793939393939394,"0","0",0.173497267759563
9849,6,6,"M","1","0",3.2,1270,"Arts & Letters","1","1",2.545,1,0.84,"1","1",1
9852,6,7,"F","0","0",3.67,1100,"Arts & Letters","1","1",2.623,1,0.855172413793103,"1","1",1
9870,7,6,"F","0","1",3.73,1290,"Math & Science","1","0",NA,0,0.336,"0","0",0.00160901045856798
9872,7,7,"F","1","0",3.68,1410,"Arts & Letters","1","0",NA,0,0.384615384615385,"0","0",0.00160901045856798
9874,7,6,"F","1","0",4.12,1380,"Math & Science","1","1",3.803,1,0.896933560477002,"1","0",0.123106060606061
9879,1,1,"M","0","0",3.73,1110,"Business & Economics","1","1",3.169,1,0.855172413793103,"1","1",1
9881,7,7,"M","1","0",3.95,1240,"Business & Economics","1","0",NA,0,0.245187436676798,"0","0",0.00160901045856798
9886,7,6,"F","0","1",4.04,1390,"Math & Science","1","0",NA,1,0.896933560477002,"0","0",0.123106060606061
9887,6,7,"M","0","0",4.05,1360,"Math & Science","1","0",NA,1,0.896933560477002,"0","0",0.123106060606061
9889,7,7,"F","0","0",3.83,1250,"Business & Economics","1","0",NA,0,0.245187436676798,"0","0",0.00160901045856798
9893,7,7,"F","0","0",4.33,1200,"Math & Science","1","0",NA,1,0.590909090909091,"0","0",0.00160901045856798
9898,6,6,"F","1","0",3.87,1240,"Business & Economics","1","1",3.239,1,0.854901960784314,"1","1",1
9899,4,7,"F","1","0",4,1400,"Math & Science","1","0",NA,1,0.896933560477002,"0","0",0.123106060606061
9904,4,4,"F","0","0",3.74,1090,"Arts & Letters","1","0",NA,0,0.05676072418855,"0","0",0.00160901045856798
9909,7,7,"M","1","0",3.68,1240,"Business & Economics","1","1",3.35,1,0.855172413793103,"1","1",1
9910,7,6,"F","1","0",4,1170,"Arts & Letters","1","0",NA,0,0.245187436676798,"0","0",0.00160901045856798
9917,2,3,"M","0","0",3.82,1290,"Business & Economics","1","0",NA,0,0.378048780487805,"0","0",0.00160901045856798
9926,3,4,"M","1","0",4.1,1270,"Math & Science","1","1",3.034,1,0.73936170212766,"1","0",0.173497267759563
9927,7,7,"F","1","0",3.73,1270,"Math & Science","1","0",NA,0,0.336,"0","0",0.00160901045856798
9934,6,4,"M","1","0",3.78,1280,"Business & Economics","1","0",NA,1,0.631578947368421,"0","0",0.00160901045856798
9936,5,6,"M","1","0",3.36,1310,"Business & Economics","1","1",3.08,1,0.855172413793103,"1","1",1
9937,6,7,"M","1","0",4.14,1440,"Arts & Letters","1","0",NA,1,0.896933560477002,"0","0",0.123106060606061
9938,4,6,"F","1","0",3.86,1060,"Arts & Letters","1","0",NA,0,0.245187436676798,"0","0",0.00160901045856798
9940,3,6,"M","0","0",4.15,1410,"Business & Economics","1","0",NA,1,0.896933560477002,"0","0",0.123106060606061
9948,7,7,"F","1","0",4.05,1360,"Math & Science","1","0",NA,1,0.896933560477002,"0","0",0.123106060606061
9958,7,6,"F","1","0",4.38,1450,"Arts & Letters","1","0",NA,1,0.896933560477002,"0","0",0.123106060606061
9959,7,7,"F","1","0",4.12,1340,"Arts & Letters","1","0",NA,1,0.73936170212766,"0","0",0.173497267759563
9967,6,5,"M","1","0",4.29,1250,"Business & Economics","1","0",NA,1,0.717948717948718,"0","0",0.00160901045856798
9969,6,6,"F","1","0",3.91,1170,"Math & Science","1","1",2.816,1,0.854901960784314,"1","1",1
9971,3,3,"F","0","1",3.73,1320,"Business & Economics","1","1",2.871,1,0.855172413793103,"1","1",1
9972,6,6,"M","1","0",3.69,1250,"Arts & Letters","1","0",NA,0,0.05676072418855,"0","0",0.00160901045856798
9976,2,2,"F","0","1",3.27,1270,"Math & Science","1","0",NA,0,0.156017830609212,"0","0",0.00160901045856798
9982,6,5,"F","1","0",3.95,1260,"Arts & Letters","1","0",NA,1,0.73936170212766,"0","0",0.173497267759563
9983,4,4,"F","0","0",3.38,1230,"Arts & Letters","1","0",NA,0,0.05676072418855,"0","0",0.00160901045856798
9985,6,6,"M","0","0",3.7,1350,"Arts & Letters","1","0",NA,0,0.336,"0","0",0.00160901045856798
9987,3,3,"F","1","0",4.27,1180,"Arts & Letters","1","0",NA,0,0.320754716981132,"0","0",0.00160901045856798
9988,7,7,"F","0","1",3.86,1490,"Math & Science","1","0",NA,1,0.896933560477002,"0","0",0.123106060606061
9989,6,4,"F","1","0",4.18,1200,"Arts & Letters","1","1",3.572,1,0.854901960784314,"1","1",1
9990,6,4,"M","0","1",4.11,1280,"Business & Economics","1","0",NA,1,0.73936170212766,"0","0",0.173497267759563
9994,7,6,"F","1","0",4.05,1320,"Math & Science","1","0",NA,1,0.73936170212766,"0","0",0.173497267759563
9996,7,7,"F","1","0",4.44,1260,"Arts & Letters","1","0",NA,1,0.73936170212766,"0","0",0.173497267759563
9997,7,7,"F","0","1",3.79,1360,"Arts & Letters","1","0",NA,1,0.896933560477002,"0","0",0.123106060606061
9999,2,6,"M","1","0",3.48,1310,"Arts & Letters","1","0",NA,0,0.156017830609212,"0","0",0.00160901045856798
10002,6,6,"F","1","0",3.92,1480,"Arts & Letters","1","0",NA,1,0.896933560477002,"0","0",0.123106060606061
10003,7,6,"F","1","0",3.82,1160,"Arts & Letters","1","0",NA,0,0.245187436676798,"0","0",0.00160901045856798
10004,7,6,"F","0","1",3.71,1550,"Math & Science","1","0",NA,1,0.764705882352941,"0","0",0.173497267759563
10005,6,7,"M","0","0",3.75,1100,"Business & Economics","1","0",NA,0,0.05676072418855,"0","0",0.00160901045856798
10009,6,5,"M","0","1",4,1330,"Math & Science","1","0",NA,1,0.73936170212766,"0","0",0.173497267759563
10015,4,6,"M","1","0",4.17,1430,"Math & Science","1","0",NA,1,0.896933560477002,"0","0",0.123106060606061
10026,7,7,"F","1","0",4,1300,"Arts & Letters","1","0",NA,1,0.73936170212766,"0","0",0.173497267759563
10027,7,7,"F","0","1",4.1,1440,"Math & Science","1","0",NA,1,0.896933560477002,"0","0",0.123106060606061
10030,6,7,"M","1","0",4.32,1510,"Business & Economics","1","0",NA,1,0.896933560477002,"0","0",0.123106060606061
10031,7,6,"M","1","0",3.81,1260,"Business & Economics","1","0",NA,0,0.378048780487805,"0","0",0.00160901045856798
10032,6,3,"F","0","1",3.65,990,"Math & Science","1","1",2.579,1,0.855172413793103,"1","1",1
10033,7,5,"F","1","0",4.12,1270,"Math & Science","1","0",NA,1,0.73936170212766,"0","0",0.173497267759563
10037,7,6,"F","1","0",4.36,1310,"Arts & Letters","1","0",NA,1,0.73936170212766,"0","0",0.173497267759563
10042,6,6,"M","1","0",3.91,1310,"Business & Economics","1","0",NA,1,0.73936170212766,"0","0",0.173497267759563
10050,4,4,"M","0","0",3.62,990,"Math & Science","1","0",NA,0,0.05676072418855,"0","0",0.00160901045856798
10051,6,7,"F","0","0",3.96,1340,"Arts & Letters","1","0",NA,1,0.73936170212766,"0","0",0.173497267759563
10052,6,4,"F","0","0",4.16,980,"Arts & Letters","1","0",NA,0,0.308370044052863,"0","0",0.00160901045856798
10055,5,6,"M","1","0",4,1240,"Math & Science","1","1",3.713,1,0.854901960784314,"1","1",1
10057,7,6,"F","1","0",3.91,1410,"Business & Economics","1","0",NA,1,0.896933560477002,"0","0",0.123106060606061
10061,5,5,"M","0","0",3.73,1300,"Business & Economics","1","0",NA,1,0.631578947368421,"0","0",0.00160901045856798
10072,5,4,"M","0","1",4.05,1380,"Business & Economics","1","0",NA,1,0.896933560477002,"0","0",0.123106060606061
10086,6,6,"M","1","0",4.09,1280,"Business & Economics","1","1",3.808,1,0.73936170212766,"1","0",0.173497267759563
10087,1,2,"F","0","1",3.45,1270,"Math & Science","1","0",NA,0,0.156017830609212,"0","0",0.00160901045856798
10100,7,7,"M","1","0",3.92,1510,"Business & Economics","1","0",NA,1,0.896933560477002,"0","0",0.123106060606061
10101,6,4,"F","1","0",3.84,1170,"Arts & Letters","1","0",NA,0,0.245187436676798,"0","0",0.00160901045856798
10102,7,6,"F","0","1",4.25,1510,"Arts & Letters","1","0",NA,1,0.896933560477002,"0","0",0.123106060606061
10105,4,4,"F","0","0",3.88,1380,"Business & Economics","1","1",2.863,1,0.896933560477002,"1","0",0.123106060606061
10106,4,3,"F","0","0",3.42,1180,"Math & Science","1","0",NA,0,0.05676072418855,"0","0",0.00160901045856798
10117,2,2,"M","0","1",4.09,1140,"Math & Science","1","0",NA,1,0.793939393939394,"0","0",0.173497267759563
10129,6,6,"F","1","0",4.35,1350,"Arts & Letters","1","0",NA,1,0.896933560477002,"0","0",0.123106060606061
10131,3,4,"M","1","0",4.05,1290,"Math & Science","1","0",NA,1,0.73936170212766,"0","0",0.173497267759563
10137,7,7,"F","0","0",3.68,1260,"Arts & Letters","1","0",NA,0,0.05676072418855,"0","0",0.00160901045856798
10138,6,6,"M","0","1",3.82,1380,"Business & Economics","1","0",NA,1,0.896933560477002,"0","0",0.123106060606061
10144,7,6,"M","1","0",3.82,1190,"Business & Economics","1","0",NA,0,0.245187436676798,"0","0",0.00160901045856798
10145,6,6,"F","1","0",3.77,1500,"Math & Science","1","0",NA,1,0.764705882352941,"0","0",0.173497267759563
10146,7,7,"M","1","0",4.38,1380,"Math & Science","1","0",NA,1,0.896933560477002,"0","0",0.123106060606061
10151,7,7,"F","1","0",3.67,1400,"Arts & Letters","1","0",NA,0,0.384615384615385,"0","0",0.00160901045856798
10152,7,6,"F","1","0",3.75,1100,"Business & Economics","1","0",NA,0,0.05676072418855,"0","0",0.00160901045856798
10153,7,6,"F","1","0",4.33,1520,"Math & Science","1","0",NA,1,0.896933560477002,"0","0",0.123106060606061
10154,6,6,"F","1","0",3.58,1370,"Business & Economics","1","0",NA,0,0.26978417266187,"0","0",0.00160901045856798
10156,6,7,"M","0","0",3.91,1170,"Arts & Letters","1","0",NA,0,0.245187436676798,"0","0",0.00160901045856798
10163,7,7,"F","0","0",3.81,1380,"Arts & Letters","1","0",NA,1,0.896933560477002,"0","0",0.123106060606061
10165,6,4,"F","1","0",3.65,1280,"Math & Science","1","1",2.77,1,0.855172413793103,"1","1",1
10167,4,4,"F","1","0",3.64,1390,"Math & Science","1","0",NA,0,0.26978417266187,"0","0",0.00160901045856798
10176,7,6,"M","1","0",3.96,1440,"Math & Science","1","0",NA,1,0.896933560477002,"0","0",0.123106060606061
10187,2,1,"M","1","0",3.92,1280,"Math & Science","1","0",NA,1,0.73936170212766,"0","0",0.173497267759563
10192,7,7,"F","0","0",4.12,1440,"Business & Economics","1","0",NA,1,0.896933560477002,"0","0",0.123106060606061
10199,7,7,"M","0","0",3.85,1530,"Arts & Letters","1","0",NA,1,0.896933560477002,"0","0",0.123106060606061
10201,5,5,"M","1","0",4,1380,"Business & Economics","1","0",NA,1,0.896933560477002,"0","0",0.123106060606061
10202,6,3,"M","1","0",4,1460,"Math & Science","1","0",NA,1,0.896933560477002,"0","0",0.123106060606061
10203,7,4,"F","1","0",3.96,1250,"Business & Economics","1","0",NA,0,0.245187436676798,"0","0",0.00160901045856798
10205,7,6,"F","1","0",4.12,1280,"Math & Science","1","0",NA,1,0.73936170212766,"0","0",0.173497267759563
10210,7,5,"F","0","0",3.7,1310,"Arts & Letters","1","0",NA,0,0.336,"0","0",0.00160901045856798
10219,6,6,"F","0","1",3.82,1270,"Business & Economics","1","0",NA,0,0.378048780487805,"0","0",0.00160901045856798
10227,1,4,"F","1","0",4.13,1280,"Business & Economics","1","1",3.612,1,0.73936170212766,"1","0",0.173497267759563
10236,6,6,"F","1","0",4,1000,"Arts & Letters","1","1",3.196,1,0.854901960784314,"1","1",1
10241,7,7,"M","1","0",3.5,1200,"Business & Economics","1","1",2.805,1,0.855172413793103,"1","1",1
10247,6,6,"F","1","0",4.21,1440,"Arts & Letters","1","0",NA,1,0.896933560477002,"0","0",0.123106060606061
10248,7,7,"M","1","0",4.36,1460,"Math & Science","1","0",NA,1,0.896933560477002,"0","0",0.123106060606061
10250,7,7,"M","0","1",3.36,1500,"Business & Economics","1","0",NA,0,0.156017830609212,"0","0",0.00160901045856798
10251,6,7,"M","1","0",3.95,1240,"Arts & Letters","1","1",1.409,1,0.854901960784314,"1","1",1
10252,4,7,"M","1","0",3.92,1170,"Business & Economics","1","0",NA,0,0.245187436676798,"0","0",0.00160901045856798
10254,6,5,"F","1","0",3.81,1040,"Business & Economics","1","0",NA,0,0.245187436676798,"0","0",0.00160901045856798
10261,6,6,"F","0","1",4.21,1270,"Arts & Letters","1","0",NA,1,0.73936170212766,"0","0",0.173497267759563
10262,4,4,"M","1","0",3.91,1430,"Business & Economics","1","0",NA,1,0.896933560477002,"0","0",0.123106060606061
10263,6,7,"F","1","0",3.95,1460,"Math & Science","1","1",3.173,1,0.896933560477002,"1","0",0.123106060606061
10265,6,7,"M","1","0",3.45,1180,"Arts & Letters","1","1",2.904,1,0.855172413793103,"1","1",1
10270,7,6,"F","1","0",4.12,1330,"Math & Science","1","0",NA,1,0.73936170212766,"0","0",0.173497267759563
10276,3,2,"F","0","0",4.15,1030,"Arts & Letters","1","0",NA,0,0.308370044052863,"0","0",0.00160901045856798
10277,6,7,"M","1","0",3.75,1230,"Arts & Letters","1","0",NA,0,0.05676072418855,"0","0",0.00160901045856798
10283,3,2,"M","0","0",3.32,1240,"Arts & Letters","1","0",NA,0,0.05676072418855,"0","0",0.00160901045856798
10284,6,6,"F","0","1",3.64,1420,"Business & Economics","1","0",NA,1,0.880952380952381,"0","0",0.123106060606061
10291,6,6,"F","1","0",3.94,1160,"Arts & Letters","1","1",3.601,1,0.854901960784314,"1","1",1
10292,7,7,"F","0","1",4.12,1350,"Math & Science","1","0",NA,1,0.896933560477002,"0","0",0.123106060606061
10293,7,6,"M","0","1",4.33,1440,"Business & Economics","1","0",NA,1,0.896933560477002,"0","0",0.123106060606061
10296,3,4,"M","0","0",3.78,1070,"Arts & Letters","1","1",2.765,1,0.855172413793103,"1","1",1
10298,6,5,"M","0","1",3.45,1340,"Business & Economics","1","1",2.351,1,0.855172413793103,"1","1",1
10299,7,6,"M","1","0",3.8,1150,"Business & Economics","1","1",2.89,1,0.854901960784314,"1","1",1
10300,7,6,"F","0","1",3.59,1170,"Math & Science","1","1",3.362,1,0.855172413793103,"1","1",1
10305,7,6,"M","1","0",4.27,1510,"Math & Science","1","0",NA,1,0.896933560477002,"0","0",0.123106060606061
10307,3,3,"F","1","0",3.95,1510,"Arts & Letters","1","0",NA,1,0.896933560477002,"0","0",0.123106060606061
10311,3,7,"M","1","0",3.4,1400,"Math & Science","1","1",2.02,1,0.855172413793103,"1","1",1
10321,6,6,"M","0","1",4.08,1500,"Math & Science","1","0",NA,1,0.896933560477002,"0","0",0.123106060606061
10327,6,3,"F","0","1",3.55,1180,"Business & Economics","1","1",2.873,1,0.855172413793103,"1","1",1
10330,6,6,"F","1","0",3.82,1590,"Arts & Letters","1","0",NA,1,0.896933560477002,"0","0",0.123106060606061
10337,3,3,"F","0","0",3.92,1230,"Business & Economics","1","1",3.2,1,0.854901960784314,"1","1",1
10343,4,4,"F","0","1",4.24,1380,"Math & Science","1","0",NA,1,0.896933560477002,"0","0",0.123106060606061
10344,3,3,"F","0","1",4,1080,"Arts & Letters","1","0",NA,0,0.245187436676798,"0","0",0.00160901045856798
10345,7,7,"M","0","1",3.64,1310,"Math & Science","1","0",NA,0,0.26978417266187,"0","0",0.00160901045856798
10349,6,6,"M","0","1",3.41,1370,"Business & Economics","1","0",NA,0,0.156017830609212,"0","0",0.00160901045856798
10354,7,6,"M","0","1",4.33,1510,"Arts & Letters","1","0",NA,1,0.896933560477002,"0","0",0.123106060606061
10358,7,7,"M","1","0",4.23,1480,"Math & Science","1","0",NA,1,0.896933560477002,"0","0",0.123106060606061
10363,7,6,"M","1","0",3.33,1250,"Arts & Letters","1","0",NA,0,0.05676072418855,"0","0",0.00160901045856798
10371,2,2,"M","0","0",4.15,1040,"Arts & Letters","1","0",NA,1,0.793939393939394,"0","0",0.173497267759563
10377,4,3,"M","0","0",3.55,1310,"Business & Economics","1","1",2.925,1,0.855172413793103,"1","1",1
10379,6,6,"F","1","0",4.3,1460,"Math & Science","1","1",3.562,1,0.896933560477002,"1","0",0.123106060606061
10387,7,7,"F","1","0",4.14,1440,"Business & Economics","1","0",NA,1,0.896933560477002,"0","0",0.123106060606061
10391,6,3,"F","0","0",3.7,1380,"Business & Economics","1","0",NA,1,0.631578947368421,"0","0",0.00160901045856798
10393,1,1,"F","0","0",4.19,990,"Arts & Letters","1","0",NA,1,0.793939393939394,"0","0",0.173497267759563
10394,7,6,"M","1","0",4.04,1430,"Business & Economics","1","0",NA,1,0.896933560477002,"0","0",0.123106060606061
10395,6,5,"F","0","0",3.59,1270,"Arts & Letters","1","0",NA,0,0.26978417266187,"0","0",0.00160901045856798
10401,6,5,"M","0","1",3.65,1120,"Math & Science","1","1",1.967,1,0.855172413793103,"1","1",1
10403,4,6,"F","1","0",4.2,1290,"Math & Science","1","1",3.314,1,0.73936170212766,"1","0",0.173497267759563
10404,2,2,"M","1","0",3.08,1070,"Arts & Letters","1","1",2.893,0,0.24,"1","1",1
10409,2,1,"M","0","1",3.82,980,"Math & Science","1","0",NA,1,0.793939393939394,"0","0",0.173497267759563
10410,3,3,"F","0","0",4.33,1330,"Arts & Letters","1","0",NA,1,0.73936170212766,"0","0",0.173497267759563
10411,4,5,"F","1","0",3.95,1330,"Business & Economics","1","0",NA,1,0.73936170212766,"0","0",0.173497267759563
10414,6,6,"F","1","0",4,1420,"Arts & Letters","1","1",3.729,1,0.896933560477002,"1","0",0.123106060606061
10419,6,5,"F","0","1",3.14,1270,"Arts & Letters","1","0",NA,0,0.156017830609212,"0","0",0.00160901045856798
10421,6,3,"M","1","0",4.09,1420,"Math & Science","1","0",NA,1,0.896933560477002,"0","0",0.123106060606061
10423,6,6,"F","1","0",3.29,1130,"Business & Economics","1","1",3.22,1,0.855172413793103,"1","1",1
10429,6,4,"F","0","1",3.68,1430,"Arts & Letters","1","0",NA,0,0.384615384615385,"0","0",0.00160901045856798
10430,7,6,"F","1","0",4.25,1200,"Arts & Letters","1","0",NA,1,0.590909090909091,"0","0",0.00160901045856798
10437,7,7,"M","1","0",4,1330,"Business & Economics","1","0",NA,1,0.73936170212766,"0","0",0.173497267759563
10438,1,3,"M","0","1",3.88,1070,"Math & Science","1","0",NA,0,0.393939393939394,"0","0",0.00160901045856798
10445,2,1,"F","0","1",3.5,1330,"Math & Science","1","0",NA,0,0.156017830609212,"0","0",0.00160901045856798
10455,6,6,"M","0","1",3.67,1430,"Math & Science","1","0",NA,0,0.384615384615385,"0","0",0.00160901045856798
10472,7,6,"F","0","1",3.8,1310,"Arts & Letters","1","0",NA,0,0.378048780487805,"0","0",0.00160901045856798
10473,6,6,"M","1","0",4.05,1340,"Business & Economics","1","0",NA,1,0.73936170212766,"0","0",0.173497267759563
10474,6,7,"M","1","0",4.05,1460,"Arts & Letters","1","0",NA,1,0.896933560477002,"0","0",0.123106060606061
10481,4,4,"M","1","0",4.04,1200,"Math & Science","1","0",NA,0,0.320754716981132,"0","0",0.00160901045856798
10483,7,6,"M","0","1",4.04,1380,"Business & Economics","1","1",3.328,1,0.896933560477002,"1","0",0.123106060606061
10488,7,6,"M","0","1",4.12,1540,"Math & Science","1","0",NA,1,0.896933560477002,"0","0",0.123106060606061
10499,7,6,"F","1","0",3.85,1530,"Arts & Letters","1","0",NA,1,0.896933560477002,"0","0",0.123106060606061
10505,6,7,"F","1","0",3.86,1320,"Arts & Letters","1","0",NA,0,0.378048780487805,"0","0",0.00160901045856798
10506,4,4,"F","1","0",3.82,1300,"Business & Economics","1","0",NA,0,0.378048780487805,"0","0",0.00160901045856798
10509,6,6,"M","1","0",4.04,1560,"Math & Science","1","0",NA,1,0.896933560477002,"0","0",0.123106060606061
10513,4,4,"F","1","0",3.33,1150,"Business & Economics","1","1",2.673,1,0.855172413793103,"1","1",1
10518,7,6,"F","0","0",4.29,1430,"Math & Science","1","1",3.629,1,0.896933560477002,"1","0",0.123106060606061
10525,4,6,"F","1","0",3.95,1360,"Business & Economics","1","0",NA,1,0.896933560477002,"0","0",0.123106060606061
10527,6,6,"F","1","0",3.88,1190,"Arts & Letters","1","0",NA,0,0.245187436676798,"0","0",0.00160901045856798
10535,6,6,"M","1","0",4.29,1230,"Math & Science","1","0",NA,0,0.320754716981132,"0","0",0.00160901045856798
10536,7,7,"M","0","0",4.23,1320,"Math & Science","1","0",NA,1,0.73936170212766,"0","0",0.173497267759563
10537,7,6,"F","0","1",4.04,1390,"Arts & Letters","1","0",NA,1,0.896933560477002,"0","0",0.123106060606061
10538,7,6,"F","0","1",3.95,1550,"Business & Economics","1","0",NA,1,0.896933560477002,"0","0",0.123106060606061
10539,7,4,"F","1","0",3.5,1150,"Arts & Letters","1","0",NA,0,0.05676072418855,"0","0",0.00160901045856798
10543,4,4,"F","1","0",3.92,1310,"Math & Science","1","0",NA,1,0.73936170212766,"0","0",0.173497267759563
10544,7,7,"F","0","1",3.77,1230,"Math & Science","1","0",NA,0,0.05676072418855,"0","0",0.00160901045856798
10546,4,6,"M","1","0",3.95,1190,"Business & Economics","1","0",NA,0,0.245187436676798,"0","0",0.00160901045856798
10548,7,7,"F","1","0",3.88,1350,"Arts & Letters","1","0",NA,1,0.896933560477002,"0","0",0.123106060606061
10550,7,6,"M","1","0",4,1560,"Math & Science","1","0",NA,1,0.896933560477002,"0","0",0.123106060606061
10554,7,6,"F","1","0",4,1490,"Business & Economics","1","0",NA,1,0.896933560477002,"0","0",0.123106060606061
10555,7,5,"F","1","0",4,1500,"Arts & Letters","1","0",NA,1,0.896933560477002,"0","0",0.123106060606061
10557,7,4,"M","1","0",3.73,1460,"Arts & Letters","1","0",NA,1,0.764705882352941,"0","0",0.173497267759563
10562,1,1,"F","0","0",4.18,1000,"Arts & Letters","1","0",NA,1,0.793939393939394,"0","0",0.173497267759563
10565,6,3,"F","0","0",3.64,1060,"Math & Science","1","0",NA,0,0.05676072418855,"0","0",0.00160901045856798
10566,7,7,"F","1","0",3.71,1340,"Arts & Letters","1","0",NA,0,0.336,"0","0",0.00160901045856798
10567,4,6,"F","0","1",3.96,1240,"Math & Science","1","0",NA,0,0.245187436676798,"0","0",0.00160901045856798
10568,7,6,"F","1","0",4.04,1240,"Math & Science","1","0",NA,1,0.590909090909091,"0","0",0.00160901045856798
10569,7,7,"F","1","0",3.92,1370,"Arts & Letters","1","0",NA,1,0.896933560477002,"0","0",0.123106060606061
10570,7,4,"M","1","0",3.68,1170,"Math & Science","1","0",NA,0,0.05676072418855,"0","0",0.00160901045856798
10571,6,3,"F","0","0",4.33,1550,"Business & Economics","1","0",NA,1,0.896933560477002,"0","0",0.123106060606061
10573,2,2,"F","0","0",3.15,990,"Math & Science","1","0",NA,0,0.05676072418855,"0","0",0.00160901045856798
10574,1,1,"M","0","0",3.59,1150,"Math & Science","1","1",2.839,1,0.855172413793103,"1","1",1
10577,6,7,"M","0","0",4,1210,"Arts & Letters","1","0",NA,0,0.245187436676798,"0","0",0.00160901045856798
10578,6,7,"F","1","0",4.04,1290,"Arts & Letters","1","1",3.804,1,0.73936170212766,"1","0",0.173497267759563
10580,3,3,"F","0","1",3.82,1500,"Math & Science","1","0",NA,1,0.896933560477002,"0","0",0.123106060606061
10583,3,4,"M","1","0",3.8,1200,"Math & Science","1","0",NA,0,0.245187436676798,"0","0",0.00160901045856798
10595,5,3,"F","1","0",3.92,940,"Math & Science","1","0",NA,0,0.245187436676798,"0","0",0.00160901045856798
10597,2,2,"F","0","0",3.71,1170,"Math & Science","1","0",NA,0,0.05676072418855,"0","0",0.00160901045856798
10605,7,3,"F","1","0",4.03,1360,"Arts & Letters","1","0",NA,1,0.896933560477002,"0","0",0.123106060606061
10612,7,6,"F","1","0",4.36,1370,"Math & Science","1","0",NA,1,0.896933560477002,"0","0",0.123106060606061
10616,6,2,"M","0","0",4.17,1420,"Arts & Letters","1","0",NA,1,0.896933560477002,"0","0",0.123106060606061
10618,3,6,"F","1","0",4.11,1380,"Business & Economics","1","0",NA,1,0.896933560477002,"0","0",0.123106060606061
10622,6,6,"F","0","1",3.73,1340,"Business & Economics","1","0",NA,1,0.631578947368421,"0","0",0.00160901045856798
10623,6,6,"F","1","0",3.68,1270,"Arts & Letters","1","1",3.137,1,0.855172413793103,"1","1",1
10636,6,4,"F","1","0",3.82,1260,"Business & Economics","1","0",NA,0,0.378048780487805,"0","0",0.00160901045856798
10637,5,4,"F","0","1",3.85,1160,"Math & Science","1","0",NA,0,0.245187436676798,"0","0",0.00160901045856798
10638,3,3,"F","1","0",4.08,1430,"Arts & Letters","1","0",NA,1,0.896933560477002,"0","0",0.123106060606061
10645,3,3,"M","0","0",3.82,1140,"Math & Science","1","0",NA,0,0.245187436676798,"0","0",0.00160901045856798
10647,7,7,"F","1","0",3.96,1290,"Arts & Letters","1","1",3.796,1,0.73936170212766,"1","0",0.173497267759563
10650,1,1,"F","0","1",4.25,1110,"Math & Science","1","0",NA,1,0.793939393939394,"0","0",0.173497267759563
10654,5,2,"F","0","0",3.86,1070,"Business & Economics","1","1",2.794,1,0.854901960784314,"1","1",1
10657,6,7,"F","1","0",3.81,1280,"Arts & Letters","1","0",NA,0,0.378048780487805,"0","0",0.00160901045856798
10667,3,7,"F","1","0",4.27,1410,"Math & Science","1","0",NA,1,0.896933560477002,"0","0",0.123106060606061
10668,7,6,"F","0","1",3.96,1330,"Math & Science","1","0",NA,1,0.73936170212766,"0","0",0.173497267759563
10675,7,7,"F","1","0",4.35,1320,"Math & Science","1","0",NA,1,0.73936170212766,"0","0",0.173497267759563
10678,7,6,"F","1","0",3.75,1410,"Math & Science","1","1",3.369,1,0.855172413793103,"1","1",1
10679,7,3,"F","0","1",4.09,1380,"Math & Science","1","0",NA,1,0.896933560477002,"0","0",0.123106060606061
10683,7,6,"M","1","0",4.08,1430,"Math & Science","1","0",NA,1,0.896933560477002,"0","0",0.123106060606061
10684,4,4,"M","0","1",3.95,1460,"Business & Economics","1","0",NA,1,0.896933560477002,"0","0",0.123106060606061
10687,4,6,"M","1","0",3.65,1250,"Business & Economics","1","0",NA,0,0.05676072418855,"0","0",0.00160901045856798
10688,3,3,"F","1","0",3.38,1260,"Arts & Letters","1","1",3.416,1,0.855172413793103,"1","1",1
10689,2,1,"F","0","1",3.92,1100,"Arts & Letters","1","0",NA,1,0.793939393939394,"0","0",0.173497267759563
10691,7,7,"F","0","0",4.25,1460,"Arts & Letters","1","0",NA,1,0.896933560477002,"0","0",0.123106060606061
10694,3,6,"M","1","0",3.95,1160,"Business & Economics","1","0",NA,0,0.245187436676798,"0","0",0.00160901045856798
10696,6,6,"M","1","0",3.8,1410,"Arts & Letters","1","0",NA,1,0.896933560477002,"0","0",0.123106060606061
10713,6,5,"M","1","0",4.24,1320,"Arts & Letters","1","0",NA,1,0.73936170212766,"0","0",0.173497267759563
10714,6,6,"M","1","0",3.82,1120,"Business & Economics","1","0",NA,0,0.245187436676798,"0","0",0.00160901045856798
10715,5,6,"F","0","0",3.3,1290,"Math & Science","1","0",NA,0,0.156017830609212,"0","0",0.00160901045856798
10727,1,1,"F","0","1",4,1000,"Arts & Letters","1","0",NA,1,0.793939393939394,"0","0",0.173497267759563
10732,6,6,"F","1","0",4.18,1250,"Business & Economics","1","1",3.551,1,0.854901960784314,"1","1",1
10733,1,3,"F","0","1",4.27,1210,"Math & Science","1","0",NA,1,0.8,"0","0",0.173497267759563
10736,6,7,"M","1","0",3.45,1490,"Business & Economics","1","1",2.316,1,0.855172413793103,"1","1",1
10738,6,6,"M","1","0",4,1450,"Business & Economics","1","0",NA,1,0.896933560477002,"0","0",0.123106060606061
10739,2,2,"F","0","1",3.38,1160,"Math & Science","1","1",2.77,1,0.855172413793103,"1","1",1
10740,2,3,"F","0","0",4.27,1450,"Math & Science","1","0",NA,1,0.896933560477002,"0","0",0.123106060606061
10741,7,7,"F","0","0",3.91,1270,"Arts & Letters","1","0",NA,1,0.73936170212766,"0","0",0.173497267759563
10744,5,6,"F","1","0",3.7,1230,"Arts & Letters","1","1",3.043,1,0.855172413793103,"1","1",1
10745,3,3,"M","0","1",3.45,1100,"Arts & Letters","1","0",NA,0,0.05676072418855,"0","0",0.00160901045856798
10747,3,2,"F","0","1",3.65,1190,"Business & Economics","1","0",NA,0,0.05676072418855,"0","0",0.00160901045856798
10749,7,6,"F","1","0",4.33,1490,"Math & Science","1","0",NA,1,0.896933560477002,"0","0",0.123106060606061
10750,5,5,"F","0","1",4.18,1350,"Math & Science","1","0",NA,1,0.896933560477002,"0","0",0.123106060606061
10756,6,6,"F","0","0",3.52,1410,"Arts & Letters","1","1",2.828,1,0.855172413793103,"1","1",1
10759,7,6,"F","0","1",3.75,1390,"Business & Economics","1","0",NA,1,0.631578947368421,"0","0",0.00160901045856798
10761,7,6,"F","1","0",3.64,1320,"Math & Science","1","0",NA,0,0.26978417266187,"0","0",0.00160901045856798
10764,4,4,"F","0","0",3.91,940,"Business & Economics","1","1",1.833,1,0.854901960784314,"1","1",1
10767,6,6,"M","1","0",4,1170,"Math & Science","1","1",3.262,1,0.854901960784314,"1","1",1
10768,7,7,"M","0","0",3.86,1400,"Arts & Letters","1","0",NA,1,0.896933560477002,"0","0",0.123106060606061
10771,3,3,"F","0","0",3.95,1110,"Business & Economics","1","0",NA,0,0.245187436676798,"0","0",0.00160901045856798
10772,6,6,"F","0","1",3.54,1190,"Math & Science","1","0",NA,0,0.05676072418855,"0","0",0.00160901045856798
10773,2,2,"F","0","0",3.26,950,"Arts & Letters","1","0",NA,0,0.05676072418855,"0","0",0.00160901045856798
10783,3,3,"F","0","0",4.05,1070,"Business & Economics","1","0",NA,0,0.308370044052863,"0","0",0.00160901045856798
10784,1,1,"F","0","1",3.41,1020,"Arts & Letters","1","0",NA,0,0.05676072418855,"0","0",0.00160901045856798
10786,6,6,"F","1","0",4.31,1260,"Arts & Letters","1","1",3.634,1,0.73936170212766,"1","0",0.173497267759563
10790,7,4,"M","0","0",3.45,1300,"Math & Science","1","1",1.934,1,0.855172413793103,"1","1",1
10794,7,6,"F","1","0",3.96,1450,"Math & Science","1","0",NA,1,0.896933560477002,"0","0",0.123106060606061
10796,7,7,"F","0","0",3.91,1460,"Business & Economics","1","0",NA,1,0.896933560477002,"0","0",0.123106060606061
10801,7,7,"M","1","0",4,1360,"Business & Economics","1","1",3.607,1,0.896933560477002,"1","0",0.123106060606061
10803,6,5,"F","1","0",3.71,1050,"Business & Economics","1","0",NA,0,0.05676072418855,"0","0",0.00160901045856798
10804,6,6,"F","1","0",4.38,1200,"Arts & Letters","1","1",3.784,1,0.854901960784314,"1","1",1
10809,3,3,"M","1","0",4.25,1410,"Arts & Letters","1","0",NA,1,0.896933560477002,"0","0",0.123106060606061
10815,4,6,"F","1","0",3.8,1240,"Business & Economics","1","1",3.342,1,0.854901960784314,"1","1",1
10817,4,6,"F","1","0",4.36,1470,"Arts & Letters","1","0",NA,1,0.896933560477002,"0","0",0.123106060606061
10819,1,1,"F","0","1",4.05,1030,"Business & Economics","1","0",NA,1,0.793939393939394,"0","0",0.173497267759563
10822,6,2,"F","0","1",3.89,1210,"Business & Economics","1","0",NA,0,0.245187436676798,"0","0",0.00160901045856798
10824,3,3,"F","1","0",3.89,1260,"Business & Economics","1","0",NA,0,0.378048780487805,"0","0",0.00160901045856798
10825,7,6,"F","1","0",4.13,1390,"Arts & Letters","1","0",NA,1,0.896933560477002,"0","0",0.123106060606061
10826,4,4,"F","0","0",3.84,1270,"Business & Economics","1","0",NA,0,0.378048780487805,"0","0",0.00160901045856798
10835,6,6,"F","0","1",4.15,1340,"Arts & Letters","1","0",NA,1,0.73936170212766,"0","0",0.173497267759563
10837,7,7,"M","1","0",4.36,1530,"Math & Science","1","0",NA,1,0.896933560477002,"0","0",0.123106060606061
10841,7,7,"F","1","0",3.71,1310,"Arts & Letters","1","0",NA,0,0.336,"0","0",0.00160901045856798
10843,6,7,"F","0","1",4,1270,"Arts & Letters","1","1",2.883,1,0.73936170212766,"1","0",0.173497267759563
10844,4,3,"F","0","1",4.05,1200,"Arts & Letters","1","0",NA,1,1,"0","0",0
10850,2,2,"F","0","0",3.86,1320,"Math & Science","1","0",NA,1,0.909090909090909,"0","0",0
10856,7,7,"M","0","0",4,1540,"Math & Science","1","0",NA,1,0.896933560477002,"0","0",0.123106060606061
10860,2,1,"M","0","0",3.55,1130,"Math & Science","1","1",1.375,1,0.855172413793103,"1","1",1
10861,7,3,"M","1","0",3.72,1020,"Business & Economics","1","0",NA,0,0.05676072418855,"0","0",0.00160901045856798
10866,3,3,"M","0","0",3.7,1250,"Business & Economics","1","1",3.167,1,0.855172413793103,"1","1",1
10870,7,6,"F","1","0",4.25,1340,"Arts & Letters","1","0",NA,1,0.73936170212766,"0","0",0.173497267759563
10878,4,1,"F","0","1",4.12,1220,"Business & Economics","1","0",NA,1,0.717948717948718,"0","0",0.00160901045856798
10879,7,6,"F","1","0",3.55,1330,"Arts & Letters","1","0",NA,0,0.26978417266187,"0","0",0.00160901045856798
10890,7,7,"F","0","0",3.6,1430,"Business & Economics","1","1",3.167,1,0.855172413793103,"1","1",1
10892,4,3,"M","0","0",2.43,840,"Business & Economics","1","1",2.373,0,0.24,"1","1",1
10893,2,1,"F","0","1",3.85,1160,"Business & Economics","1","0",NA,1,0.793939393939394,"0","0",0.173497267759563
10894,6,6,"F","0","1",4.4,1270,"Business & Economics","1","0",NA,1,0.73936170212766,"0","0",0.173497267759563
10895,6,6,"F","1","0",4.24,1270,"Business & Economics","1","0",NA,1,0.73936170212766,"0","0",0.173497267759563
10896,7,6,"F","1","0",3.71,1050,"Business & Economics","1","1",2.723,1,0.855172413793103,"1","1",1
10897,3,3,"F","0","1",4.27,1260,"Math & Science","1","0",NA,1,0.73936170212766,"0","0",0.173497267759563
10900,2,2,"F","0","1",3.62,1070,"Business & Economics","1","1",2.85,1,0.855172413793103,"1","1",1
10902,2,5,"F","1","0",4.14,1090,"Arts & Letters","1","0",NA,0,0.393939393939394,"0","0",0.00160901045856798
10904,7,7,"F","1","0",3.15,1130,"Math & Science","1","0",NA,0,0.05676072418855,"0","0",0.00160901045856798
10906,6,4,"F","1","0",4.19,1290,"Arts & Letters","1","0",NA,1,0.73936170212766,"0","0",0.173497267759563
10911,7,7,"F","0","1",3.79,1250,"Arts & Letters","1","0",NA,0,0.245187436676798,"0","0",0.00160901045856798
10912,7,4,"F","1","0",3.95,1430,"Arts & Letters","1","0",NA,1,0.896933560477002,"0","0",0.123106060606061
10915,6,6,"F","1","0",3.25,1120,"Arts & Letters","1","0",NA,0,0.05676072418855,"0","0",0.00160901045856798
10922,1,1,"F","1","0",3.52,1200,"Arts & Letters","1","0",NA,0,0.05676072418855,"0","0",0.00160901045856798
10926,7,6,"M","1","0",3.83,1410,"Business & Economics","1","1",2.751,1,0.896933560477002,"1","0",0.123106060606061
10929,7,7,"M","1","0",4.25,1430,"Math & Science","1","1",3.618,1,0.896933560477002,"1","0",0.123106060606061
10932,7,7,"M","0","1",4.36,1380,"Math & Science","1","0",NA,1,0.896933560477002,"0","0",0.123106060606061
10933,4,6,"F","1","0",3.86,1380,"Business & Economics","1","0",NA,1,0.896933560477002,"0","0",0.123106060606061
10936,6,6,"F","1","0",4.23,1420,"Arts & Letters","1","0",NA,1,0.896933560477002,"0","0",0.123106060606061
10940,4,2,"F","0","1",3.81,1280,"Math & Science","1","0",NA,1,0.909090909090909,"0","0",0
10941,7,7,"F","1","0",4.12,1380,"Arts & Letters","1","0",NA,1,0.896933560477002,"0","0",0.123106060606061
10946,7,6,"M","1","0",4.18,1540,"Arts & Letters","1","0",NA,1,0.896933560477002,"0","0",0.123106060606061
10947,7,7,"M","1","0",3.62,1280,"Arts & Letters","1","0",NA,0,0.26978417266187,"0","0",0.00160901045856798
10951,6,4,"F","1","0",4.27,1200,"Math & Science","1","1",3.358,1,0.854901960784314,"1","1",1
10953,1,1,"M","0","0",3.65,1110,"Business & Economics","1","1",3.569,1,0.855172413793103,"1","1",1
10958,7,7,"F","1","0",4.11,1360,"Business & Economics","1","0",NA,1,0.896933560477002,"0","0",0.123106060606061
10965,7,5,"M","0","0",3.77,1320,"Business & Economics","1","0",NA,1,0.631578947368421,"0","0",0.00160901045856798
10966,5,5,"F","1","0",4.23,1420,"Business & Economics","1","0",NA,1,0.896933560477002,"0","0",0.123106060606061
10969,7,7,"M","0","0",4.04,1280,"Math & Science","1","0",NA,1,0.73936170212766,"0","0",0.173497267759563
10970,6,4,"F","1","0",4.23,1570,"Math & Science","1","0",NA,1,0.896933560477002,"0","0",0.123106060606061
10971,6,6,"F","1","0",4.35,1190,"Business & Economics","1","0",NA,1,0.717948717948718,"0","0",0.00160901045856798
10976,7,3,"M","1","0",3.91,1230,"Business & Economics","1","0",NA,0,0.245187436676798,"0","0",0.00160901045856798
10978,7,6,"M","1","0",4,1250,"Arts & Letters","1","1",3.137,1,0.854901960784314,"1","1",1
10979,6,7,"M","0","1",4.1,1360,"Math & Science","1","0",NA,1,0.896933560477002,"0","0",0.123106060606061
10980,5,6,"F","0","0",4.27,1460,"Math & Science","1","1",3.348,1,0.896933560477002,"1","0",0.123106060606061
10982,7,6,"M","1","0",3.81,1500,"Math & Science","1","0",NA,1,0.896933560477002,"0","0",0.123106060606061
10986,6,7,"F","0","0",4.2,1230,"Arts & Letters","1","0",NA,1,1,"0","0",0
10987,6,6,"M","0","1",4.32,1340,"Math & Science","1","1",3.17,1,0.73936170212766,"1","0",0.173497267759563
10988,6,7,"F","1","0",3.62,1560,"Math & Science","1","0",NA,1,0.764705882352941,"0","0",0.173497267759563
10989,6,3,"F","1","0",3.93,1150,"Arts & Letters","1","1",3.501,1,0.854901960784314,"1","1",1
10993,6,6,"F","0","0",4.17,1230,"Math & Science","1","0",NA,1,1,"0","0",0
10996,5,3,"M","1","0",4.29,1510,"Math & Science","1","0",NA,1,0.896933560477002,"0","0",0.123106060606061
10997,6,5,"F","1","0",4.2,1240,"Arts & Letters","1","0",NA,1,1,"0","0",0
10998,1,1,"F","0","1",3.57,1120,"Math & Science","1","0",NA,0,0.05676072418855,"0","0",0.00160901045856798
11000,7,7,"F","1","0",4,1270,"Math & Science","1","1",2.531,1,0.73936170212766,"1","0",0.173497267759563
11002,4,7,"F","1","0",3.82,1170,"Arts & Letters","1","1",3.689,1,0.854901960784314,"1","1",1
11008,1,1,"F","0","0",3.55,1040,"Math & Science","1","0",NA,0,0.05676072418855,"0","0",0.00160901045856798
11009,6,6,"F","1","0",2.88,1190,"Arts & Letters","1","1",3.484,1,0.84,"1","1",1
11010,7,6,"M","0","1",3.85,1330,"Math & Science","1","0",NA,0,0.378048780487805,"0","0",0.00160901045856798
11011,4,6,"M","1","0",3.43,1380,"Business & Economics","1","1",2.775,1,0.855172413793103,"1","1",1
11012,7,7,"F","0","1",3.91,1500,"Math & Science","1","0",NA,1,0.896933560477002,"0","0",0.123106060606061
11016,6,4,"F","0","1",4.05,1210,"Business & Economics","1","0",NA,1,0.717948717948718,"0","0",0.00160901045856798
11018,6,6,"F","1","0",3.67,1220,"Arts & Letters","1","0",NA,0,0.05676072418855,"0","0",0.00160901045856798
11020,6,6,"F","1","0",4.04,1200,"Business & Economics","1","0",NA,1,0.717948717948718,"0","0",0.00160901045856798
11021,7,6,"F","1","0",3.68,1150,"Math & Science","1","1",2.19,1,0.855172413793103,"1","1",1
11022,7,7,"M","1","0",4,1190,"Arts & Letters","1","0",NA,0,0.245187436676798,"0","0",0.00160901045856798
11025,5,5,"M","1","0",4.28,1170,"Business & Economics","1","1",2.533,1,0.854901960784314,"1","1",1
11026,3,3,"F","0","1",3.71,1150,"Arts & Letters","1","0",NA,0,0.05676072418855,"0","0",0.00160901045856798
11027,7,6,"F","1","0",4.27,1320,"Arts & Letters","1","0",NA,1,0.73936170212766,"0","0",0.173497267759563
11030,7,7,"F","1","0",3.88,1350,"Business & Economics","1","0",NA,1,0.896933560477002,"0","0",0.123106060606061
11035,7,7,"M","1","0",3.83,1430,"Math & Science","1","0",NA,1,0.896933560477002,"0","0",0.123106060606061
11036,7,6,"F","1","0",3.17,1570,"Math & Science","1","0",NA,0,0.156017830609212,"0","0",0.00160901045856798
11038,2,2,"M","0","1",3.81,1030,"Business & Economics","1","0",NA,1,0.793939393939394,"0","0",0.173497267759563
11039,6,6,"F","1","0",4.1,1450,"Arts & Letters","1","0",NA,1,0.896933560477002,"0","0",0.123106060606061
11043,2,2,"F","1","0",3.83,1210,"Arts & Letters","1","0",NA,1,0.793939393939394,"0","0",0.173497267759563
11044,7,7,"M","0","0",4.15,1320,"Business & Economics","1","1",3.293,1,0.73936170212766,"1","0",0.173497267759563
11049,3,6,"M","1","0",3.6,1540,"Business & Economics","1","0",NA,1,0.880952380952381,"0","0",0.123106060606061
11051,7,7,"M","1","0",3.67,1260,"Business & Economics","1","0",NA,0,0.05676072418855,"0","0",0.00160901045856798
11052,6,6,"F","0","0",3.41,1190,"Math & Science","1","0",NA,0,0.05676072418855,"0","0",0.00160901045856798
11053,3,3,"M","1","0",3.95,1350,"Math & Science","1","0",NA,1,0.896933560477002,"0","0",0.123106060606061
11054,7,6,"F","1","0",4.27,1350,"Arts & Letters","1","0",NA,1,0.896933560477002,"0","0",0.123106060606061
11057,6,6,"F","1","0",3.14,1380,"Arts & Letters","1","0",NA,0,0.156017830609212,"0","0",0.00160901045856798
11060,7,7,"F","1","0",4.25,1270,"Business & Economics","1","1",3.864,1,0.73936170212766,"1","0",0.173497267759563
11061,6,6,"F","1","0",3.41,1360,"Arts & Letters","1","1",3,1,0.855172413793103,"1","1",1
11062,5,7,"F","1","0",4.33,1490,"Math & Science","1","0",NA,1,0.896933560477002,"0","0",0.123106060606061
11063,7,7,"F","1","0",4.05,1340,"Math & Science","1","0",NA,1,0.73936170212766,"0","0",0.173497267759563
11065,6,6,"M","1","0",4.3,1570,"Business & Economics","1","0",NA,1,0.896933560477002,"0","0",0.123106060606061
11068,6,6,"F","1","0",4.18,1260,"Math & Science","1","0",NA,1,0.73936170212766,"0","0",0.173497267759563
11070,5,5,"F","1","0",3.82,1340,"Business & Economics","1","0",NA,0,0.378048780487805,"0","0",0.00160901045856798
11072,4,7,"F","1","0",4.17,1550,"Math & Science","1","0",NA,1,0.896933560477002,"0","0",0.123106060606061
11073,7,6,"M","1","0",3.85,1190,"Business & Economics","1","0",NA,0,0.245187436676798,"0","0",0.00160901045856798
11075,6,7,"M","1","0",3.43,1290,"Arts & Letters","1","0",NA,0,0.156017830609212,"0","0",0.00160901045856798
11078,4,6,"F","1","0",4.25,1300,"Math & Science","1","0",NA,1,0.73936170212766,"0","0",0.173497267759563
11080,6,3,"M","0","0",3.61,1490,"Math & Science","1","0",NA,1,0.764705882352941,"0","0",0.173497267759563
11081,6,5,"M","1","0",3.96,1100,"Arts & Letters","1","0",NA,0,0.245187436676798,"0","0",0.00160901045856798
11083,7,7,"M","1","0",4.09,1380,"Arts & Letters","1","0",NA,1,0.896933560477002,"0","0",0.123106060606061
11086,6,7,"M","0","0",3.62,1320,"Business & Economics","1","1",2.859,1,0.855172413793103,"1","1",1
11087,6,6,"M","0","1",3.82,1430,"Business & Economics","1","0",NA,1,0.896933560477002,"0","0",0.123106060606061
11091,6,6,"M","0","1",4.12,1480,"Math & Science","1","0",NA,1,0.896933560477002,"0","0",0.123106060606061
11092,6,4,"M","1","0",4,1310,"Math & Science","1","0",NA,1,0.73936170212766,"0","0",0.173497267759563
11097,7,6,"F","1","0",3.65,1100,"Arts & Letters","1","1",3.33,1,0.855172413793103,"1","1",1
11099,2,2,"F","0","0",3.5,1060,"Business & Economics","1","1",2.56,1,0.855172413793103,"1","1",1
11100,6,6,"M","0","0",4.15,1430,"Math & Science","1","0",NA,1,0.896933560477002,"0","0",0.123106060606061
11102,3,6,"M","1","0",4.32,1170,"Business & Economics","1","1",3.007,1,0.854901960784314,"1","1",1
11104,7,7,"M","1","0",3.5,1130,"Arts & Letters","1","0",NA,0,0.05676072418855,"0","0",0.00160901045856798
11105,7,7,"F","0","0",4,1190,"Arts & Letters","1","0",NA,0,0.245187436676798,"0","0",0.00160901045856798
11106,7,7,"F","0","1",4,1390,"Math & Science","1","0",NA,1,0.896933560477002,"0","0",0.123106060606061
11107,7,4,"F","1","0",4.14,1310,"Arts & Letters","1","0",NA,1,0.73936170212766,"0","0",0.173497267759563
11109,4,6,"M","1","0",4.36,1530,"Math & Science","1","0",NA,1,0.896933560477002,"0","0",0.123106060606061
11114,7,6,"F","1","0",4.15,1380,"Business & Economics","1","0",NA,1,0.896933560477002,"0","0",0.123106060606061
11118,6,7,"M","1","0",3.64,1240,"Math & Science","1","1",2.61,1,0.855172413793103,"1","1",1
11120,4,4,"F","0","0",4,1310,"Arts & Letters","1","1",3.614,1,0.73936170212766,"1","0",0.173497267759563
11122,7,6,"M","1","0",3.55,1460,"Business & Economics","1","0",NA,1,0.880952380952381,"0","0",0.123106060606061
11126,6,3,"F","1","0",4.27,1380,"Arts & Letters","1","0",NA,1,0.896933560477002,"0","0",0.123106060606061
11127,7,6,"M","0","0",3.7,1290,"Business & Economics","1","0",NA,1,0.631578947368421,"0","0",0.00160901045856798
11128,7,6,"M","1","0",3.5,1410,"Arts & Letters","1","0",NA,0,0.156017830609212,"0","0",0.00160901045856798
11131,7,6,"M","1","0",4.09,1310,"Business & Economics","1","0",NA,1,0.73936170212766,"0","0",0.173497267759563
11133,1,1,"F","0","0",4.15,1140,"Math & Science","1","0",NA,1,0.793939393939394,"0","0",0.173497267759563
11134,6,6,"F","1","0",4.14,1490,"Math & Science","1","0",NA,1,0.896933560477002,"0","0",0.123106060606061
11136,2,3,"F","0","1",4.17,950,"Business & Economics","1","0",NA,0,0.393939393939394,"0","0",0.00160901045856798
11138,6,6,"M","0","0",4.05,1280,"Arts & Letters","1","1",3.279,1,0.73936170212766,"1","0",0.173497267759563
11139,6,6,"M","1","0",4.22,1450,"Arts & Letters","1","0",NA,1,0.896933560477002,"0","0",0.123106060606061
11147,6,6,"M","1","0",4,1250,"Math & Science","1","1",3.468,1,0.854901960784314,"1","1",1
11149,6,4,"F","1","0",3.52,1380,"Arts & Letters","1","0",NA,0,0.26978417266187,"0","0",0.00160901045856798
11151,7,5,"F","0","1",3.92,1160,"Math & Science","1","0",NA,0,0.245187436676798,"0","0",0.00160901045856798
11157,6,3,"F","0","1",4.34,1330,"Math & Science","1","0",NA,1,0.73936170212766,"0","0",0.173497267759563
11167,3,4,"M","0","1",4.19,1370,"Math & Science","1","0",NA,1,0.896933560477002,"0","0",0.123106060606061
11170,5,7,"F","1","0",4.05,1020,"Arts & Letters","1","0",NA,0,0.308370044052863,"0","0",0.00160901045856798
11171,6,6,"M","0","0",3,1270,"Arts & Letters","1","0",NA,0,0.156017830609212,"0","0",0
11173,6,5,"F","1","0",3.92,1300,"Arts & Letters","1","0",NA,1,0.73936170212766,"0","0",0.173497267759563
11177,7,6,"F","1","0",3.95,1080,"Arts & Letters","1","0",NA,0,0.245187436676798,"0","0",0.00160901045856798
11179,6,6,"F","0","1",3.65,1130,"Math & Science","1","0",NA,0,0.05676072418855,"0","0",0.00160901045856798
11185,1,1,"F","0","0",3.61,1010,"Arts & Letters","1","0",NA,0,0.05676072418855,"0","0",0.00160901045856798
11186,6,2,"F","0","1",4.15,1140,"Math & Science","1","0",NA,0,0.308370044052863,"0","0",0.00160901045856798
11189,7,6,"M","1","0",3.68,1260,"Business & Economics","1","1",3.175,1,0.855172413793103,"1","1",1
11195,2,2,"M","0","0",4,1360,"Math & Science","1","0",NA,1,0.896933560477002,"0","0",0.123106060606061
11210,1,1,"F","0","0",4.18,1000,"Math & Science","1","0",NA,1,0.793939393939394,"0","0",0.173497267759563
11211,4,6,"M","1","0",3.15,1200,"Business & Economics","1","1",2.772,1,0.84,"1","1",1
11217,6,4,"F","1","0",3.95,1190,"Arts & Letters","1","0",NA,0,0.245187436676798,"0","0",0.00160901045856798
11226,7,7,"M","0","0",3.88,1410,"Business & Economics","1","0",NA,1,0.896933560477002,"0","0",0.123106060606061
11231,7,7,"F","1","0",4.15,1030,"Math & Science","1","0",NA,0,0.308370044052863,"0","0",0.00160901045856798
11237,7,6,"F","1","0",4.23,1350,"Arts & Letters","1","0",NA,1,0.896933560477002,"0","0",0.123106060606061
11238,2,2,"F","0","0",3.2,1100,"Arts & Letters","1","1",3.27,0,0.24,"1","0",0.00160901045856798
11240,1,1,"M","0","0",3.45,890,"Business & Economics","1","0",NA,0,0.05676072418855,"0","0",0.00160901045856798
11245,1,1,"F","0","0",4.1,1050,"Arts & Letters","1","0",NA,1,0.793939393939394,"0","0",0.173497267759563
11250,7,6,"F","0","0",3.64,1290,"Math & Science","1","0",NA,0,0.26978417266187,"0","0",0.00160901045856798
11251,4,6,"F","0","1",3.68,1020,"Business & Economics","1","1",2.434,1,0.855172413793103,"1","1",1
11255,6,6,"M","1","0",4.36,1480,"Business & Economics","1","0",NA,1,0.896933560477002,"0","0",0.123106060606061
11257,6,3,"F","1","0",4.4,1540,"Business & Economics","1","0",NA,1,0.896933560477002,"0","0",0.123106060606061
11264,7,7,"F","1","0",4.14,1510,"Arts & Letters","1","0",NA,1,0.896933560477002,"0","0",0.123106060606061
11265,6,6,"M","0","1",4.04,1380,"Math & Science","1","0",NA,1,0.896933560477002,"0","0",0.123106060606061
11268,6,5,"M","1","0",3.86,1270,"Arts & Letters","1","0",NA,0,0.378048780487805,"0","0",0.00160901045856798
11273,7,6,"M","0","1",3.77,1140,"Business & Economics","1","0",NA,0,0.05676072418855,"0","0",0.00160901045856798
11278,7,5,"M","1","0",3.73,1390,"Arts & Letters","1","1",3.712,1,0.855172413793103,"1","1",1
11279,4,6,"M","1","0",3.65,1320,"Math & Science","1","0",NA,0,0.26978417266187,"0","0",0.00160901045856798
11283,1,1,"F","0","0",3.95,1090,"Arts & Letters","1","0",NA,1,0.793939393939394,"0","0",0.173497267759563
11289,7,5,"F","0","1",3.78,1360,"Business & Economics","1","0",NA,1,0.631578947368421,"0","0",0.00160901045856798
11292,5,6,"M","0","0",4.04,1310,"Business & Economics","1","0",NA,1,0.73936170212766,"0","0",0.173497267759563
11296,7,6,"F","1","0",4.05,1330,"Business & Economics","1","1",3.493,1,0.73936170212766,"1","0",0.173497267759563
11302,2,6,"F","1","0",2.96,1160,"Business & Economics","1","0",NA,0,0.05676072418855,"0","0",0
11313,7,6,"F","0","1",3.5,1420,"Business & Economics","1","1",3.272,1,0.855172413793103,"1","1",1
11327,2,2,"F","0","0",3.3,1130,"Arts & Letters","1","0",NA,0,0.05676072418855,"0","0",0.00160901045856798
11328,6,6,"M","0","1",3.95,1340,"Math & Science","1","0",NA,1,0.73936170212766,"0","0",0.173497267759563
11331,4,6,"M","0","0",3.6,1230,"Math & Science","1","1",1.704,1,0.855172413793103,"1","1",1
11340,1,1,"F","0","1",3.47,950,"Business & Economics","1","0",NA,0,0.05676072418855,"0","0",0.00160901045856798
11341,7,6,"F","0","1",4.17,1350,"Arts & Letters","1","0",NA,1,0.896933560477002,"0","0",0.123106060606061
11342,6,6,"M","1","0",3.64,1090,"Business & Economics","1","1",3.334,1,0.855172413793103,"1","1",1
11352,3,1,"M","0","1",3.3,1120,"Business & Economics","1","0",NA,0,0.05676072418855,"0","0",0.00160901045856798
11353,2,1,"F","0","1",4.1,1210,"Business & Economics","1","0",NA,1,0.793939393939394,"0","0",0.173497267759563
11354,6,7,"F","1","0",3.77,1450,"Arts & Letters","1","1",3.758,1,0.855172413793103,"1","1",1
11359,7,6,"F","0","1",3.77,1440,"Business & Economics","1","0",NA,1,0.880952380952381,"0","0",0.123106060606061
11362,6,6,"M","0","0",3.5,1170,"Business & Economics","1","1",2.791,1,0.855172413793103,"1","1",1
11365,6,6,"M","0","0",3.11,1170,"Math & Science","1","1",2.838,1,0.84,"1","1",1
11366,1,1,"F","0","1",3.92,1010,"Math & Science","1","0",NA,1,0.793939393939394,"0","0",0.173497267759563
11371,7,6,"F","0","1",4.18,1330,"Math & Science","1","0",NA,1,0.73936170212766,"0","0",0.173497267759563
11372,7,7,"F","0","0",3.64,1240,"Arts & Letters","1","1",2.721,1,0.855172413793103,"1","1",1
11374,4,1,"F","0","1",4.18,1200,"Business & Economics","1","0",NA,1,0.717948717948718,"0","0",0.00160901045856798
11375,6,6,"M","1","0",3.59,1420,"Business & Economics","1","1",2.311,1,0.855172413793103,"1","1",1
11380,3,3,"F","0","0",4,1220,"Arts & Letters","1","0",NA,0,0.245187436676798,"0","0",0.00160901045856798
11381,7,7,"F","0","0",4.12,1250,"Business & Economics","1","0",NA,1,0.717948717948718,"0","0",0.00160901045856798
11382,2,2,"M","1","0",3.35,1100,"Business & Economics","1","1",2.785,1,0.855172413793103,"1","1",1
11384,4,7,"M","0","0",4.3,1340,"Arts & Letters","1","1",3.226,1,0.73936170212766,"1","0",0.173497267759563
11386,1,1,"F","0","0",4.14,1300,"Arts & Letters","1","0",NA,1,0.73936170212766,"0","0",0.173497267759563
11389,1,1,"F","0","1",3.96,910,"Business & Economics","1","0",NA,0,0.320754716981132,"0","0",0.00160901045856798
11398,1,1,"F","0","0",4.17,1000,"Math & Science","1","0",NA,1,0.793939393939394,"0","0",0.173497267759563
11415,6,3,"M","0","0",3.74,1010,"Business & Economics","1","0",NA,0,0.05676072418855,"0","0",0.00160901045856798
11416,1,1,"F","0","1",4.12,1030,"Arts & Letters","1","0",NA,1,0.793939393939394,"0","0",0.173497267759563
11422,3,4,"M","1","0",3.96,1400,"Business & Economics","1","0",NA,1,0.896933560477002,"0","0",0.123106060606061
11426,2,2,"F","0","0",4.08,1160,"Arts & Letters","1","0",NA,1,0.793939393939394,"0","0",0.173497267759563
11432,7,7,"F","1","0",4.33,1390,"Arts & Letters","1","0",NA,1,0.896933560477002,"0","0",0.123106060606061
11435,6,6,"F","0","1",4.18,1270,"Math & Science","1","0",NA,1,0.73936170212766,"0","0",0.173497267759563
11441,1,1,"M","0","0",3.55,1190,"Math & Science","1","0",NA,0,0.05676072418855,"0","0",0.00160901045856798
11442,6,6,"M","1","0",4,1380,"Math & Science","1","0",NA,1,0.896933560477002,"0","0",0.123106060606061
11443,7,7,"F","0","0",3.71,1100,"Arts & Letters","1","1",3.512,1,0.855172413793103,"1","1",1
11444,1,2,"M","0","0",3.72,1220,"Arts & Letters","1","0",NA,0,0.05676072418855,"0","0",0.00160901045856798
11447,7,5,"F","0","1",3.5,1460,"Business & Economics","1","0",NA,0,0.156017830609212,"0","0",0.00160901045856798
11450,7,6,"F","0","1",3.58,1280,"Math & Science","1","1",2.648,1,0.855172413793103,"1","1",1
11456,7,7,"F","1","0",4,1500,"Arts & Letters","1","0",NA,1,0.896933560477002,"0","0",0.123106060606061
11459,7,6,"M","0","1",3.79,1320,"Business & Economics","1","0",NA,0,0.378048780487805,"0","0",0.00160901045856798
11460,7,7,"M","0","1",4.1,1220,"Math & Science","1","1",3.181,1,0.854901960784314,"1","1",1
11462,6,5,"M","1","0",3.85,1180,"Math & Science","1","0",NA,0,0.245187436676798,"0","0",0.00160901045856798
11467,7,6,"F","1","0",4.36,1540,"Math & Science","1","0",NA,1,0.896933560477002,"0","0",0.123106060606061
11474,2,2,"M","0","1",3.72,1140,"Arts & Letters","1","0",NA,0,0.05676072418855,"0","0",0.00160901045856798
11475,7,7,"F","0","1",3.91,1300,"Business & Economics","1","1",3.094,1,0.73936170212766,"1","0",0.173497267759563
11476,1,1,"M","0","0",4.05,1000,"Math & Science","1","0",NA,1,0.793939393939394,"0","0",0.173497267759563
11479,7,6,"F","1","0",4.23,1270,"Business & Economics","1","0",NA,1,0.73936170212766,"0","0",0.173497267759563
11482,1,3,"M","0","0",4.09,1230,"Math & Science","1","0",NA,1,0.8,"0","0",0.173497267759563
11484,2,4,"F","0","0",4.36,1210,"Math & Science","1","0",NA,1,0.8,"0","0",0.173497267759563
11487,1,1,"M","0","0",3.9,1060,"Math & Science","1","0",NA,1,0.793939393939394,"0","0",0.173497267759563
11491,7,6,"F","0","1",4.12,1470,"Arts & Letters","1","0",NA,1,0.896933560477002,"0","0",0.123106060606061
11492,7,7,"M","1","0",3.83,1330,"Math & Science","1","0",NA,0,0.378048780487805,"0","0",0.00160901045856798
11494,6,6,"M","0","1",4.2,1270,"Business & Economics","1","1",3.378,1,0.73936170212766,"1","0",0.173497267759563
11496,7,7,"F","0","1",3.86,1380,"Business & Economics","1","0",NA,1,0.896933560477002,"0","0",0.123106060606061
11498,7,7,"M","0","1",4.2,1540,"Math & Science","1","0",NA,1,0.896933560477002,"0","0",0.123106060606061
11503,6,6,"F","1","0",4.12,1180,"Arts & Letters","1","0",NA,0,0,"0","0",0.00160901045856798
11511,7,3,"F","0","0",4.05,1330,"Math & Science","1","0",NA,1,0.73936170212766,"0","0",0.173497267759563
11512,6,3,"F","0","1",4.18,1230,"Math & Science","1","0",NA,0,0,"0","0",0.00160901045856798
11513,7,7,"F","1","0",4.12,1470,"Math & Science","1","0",NA,1,0.896933560477002,"0","0",0.123106060606061
11514,7,7,"F","0","0",4.17,1450,"Math & Science","1","1",3.117,1,0.896933560477002,"1","0",0.123106060606061
11515,3,3,"M","0","1",2.87,1460,"Business & Economics","1","0",NA,0,0.156017830609212,"0","0",0
11517,2,2,"M","0","1",3.45,1120,"Business & Economics","1","1",3.415,1,0.855172413793103,"1","1",1
11526,6,7,"F","0","0",4.1,1560,"Math & Science","1","0",NA,1,0.896933560477002,"0","0",0.123106060606061
11531,4,3,"M","0","0",3.8,1220,"Math & Science","1","0",NA,0,0.245187436676798,"0","0",0.00160901045856798
11534,3,3,"M","0","0",4,1270,"Business & Economics","1","0",NA,1,0.73936170212766,"0","0",0.173497267759563
11541,6,6,"F","1","0",3.72,1280,"Arts & Letters","1","1",2.872,1,0.855172413793103,"1","1",1
11554,6,6,"F","1","0",3.7,1150,"Arts & Letters","1","1",2.307,1,0.855172413793103,"1","1",1
11566,7,6,"F","1","0",3.95,1250,"Arts & Letters","1","1",3.816,1,0.854901960784314,"1","1",1
11574,3,3,"F","1","0",4,1190,"Business & Economics","1","1",3.207,1,0.854901960784314,"1","1",1
11575,6,6,"F","1","0",4.42,1380,"Math & Science","1","0",NA,1,0.896933560477002,"0","0",0.123106060606061
11576,1,1,"F","0","1",3.33,1100,"Arts & Letters","1","0",NA,0,0.05676072418855,"0","0",0.00160901045856798
11579,7,7,"F","0","1",4.07,1330,"Arts & Letters","1","0",NA,1,0.73936170212766,"0","0",0.173497267759563
11580,7,6,"F","1","0",4.08,1260,"Arts & Letters","1","0",NA,1,0.73936170212766,"0","0",0.173497267759563
11584,6,6,"F","1","0",3.68,1280,"Arts & Letters","1","0",NA,0,0.26978417266187,"0","0",0.00160901045856798
11591,6,6,"F","0","0",4.14,1170,"Business & Economics","1","0",NA,1,0.717948717948718,"0","0",0.00160901045856798
11592,7,5,"M","0","0",4.05,1360,"Arts & Letters","1","1",3.39,1,0.896933560477002,"1","0",0.123106060606061
11598,2,3,"F","1","0",3.73,1270,"Math & Science","1","1",2.459,1,0.855172413793103,"1","1",1
11610,7,7,"F","1","0",3.8,1420,"Arts & Letters","1","0",NA,1,0.896933560477002,"0","0",0.123106060606061
11613,6,6,"M","1","0",3.75,1440,"Business & Economics","1","0",NA,1,0.880952380952381,"0","0",0.123106060606061
11614,6,7,"F","1","0",3.08,1410,"Arts & Letters","1","0",NA,0,0.156017830609212,"0","0",0
11618,7,7,"F","1","0",3.88,1380,"Math & Science","1","0",NA,1,0.896933560477002,"0","0",0.123106060606061
11619,7,5,"M","1","0",3.96,1430,"Business & Economics","1","0",NA,1,0.896933560477002,"0","0",0.123106060606061
11621,3,3,"F","0","1",3.95,1270,"Math & Science","1","0",NA,1,0.73936170212766,"0","0",0.173497267759563
11622,7,7,"F","1","0",4.04,1560,"Arts & Letters","1","0",NA,1,0.896933560477002,"0","0",0.123106060606061
11623,3,3,"F","1","0",3.5,940,"Business & Economics","1","1",2.881,1,0.855172413793103,"1","1",1
11624,6,6,"M","0","0",4,1260,"Arts & Letters","1","0",NA,1,0.73936170212766,"0","0",0.173497267759563
11629,6,6,"M","1","0",3.63,1430,"Business & Economics","1","0",NA,1,0.880952380952381,"0","0",0.123106060606061
11630,6,7,"F","1","0",4.3,1240,"Business & Economics","1","0",NA,1,0.717948717948718,"0","0",0.00160901045856798
11632,6,5,"F","0","1",4.25,1600,"Math & Science","1","0",NA,1,0.896933560477002,"0","0",0.123106060606061
11633,1,1,"M","0","1",3.86,1140,"Math & Science","1","0",NA,1,0.793939393939394,"0","0",0.173497267759563
11635,7,7,"M","0","0",3.71,1280,"Arts & Letters","1","0",NA,0,0.336,"0","0",0.00160901045856798
11636,6,6,"F","1","0",3.54,1480,"Business & Economics","1","0",NA,1,0.880952380952381,"0","0",0.123106060606061
11637,7,6,"F","0","1",3.77,1530,"Business & Economics","1","0",NA,1,0.880952380952381,"0","0",0.123106060606061
11639,7,6,"F","0","0",4.09,1440,"Arts & Letters","1","0",NA,1,0.896933560477002,"0","0",0.123106060606061
11653,4,6,"F","1","0",3.45,1290,"Arts & Letters","1","0",NA,0,0.156017830609212,"0","0",0.00160901045856798
11656,7,4,"M","1","0",4.25,1340,"Math & Science","1","0",NA,1,0.73936170212766,"0","0",0.173497267759563
11659,7,7,"F","0","0",4.25,1530,"Arts & Letters","1","0",NA,1,0.896933560477002,"0","0",0.123106060606061
11663,7,6,"F","1","0",4.17,1190,"Arts & Letters","1","1",3.752,1,0.854901960784314,"1","1",1
11665,7,3,"M","0","0",3.54,1480,"Math & Science","1","1",3.258,1,0.855172413793103,"1","1",1
11666,4,4,"F","1","0",3.96,1190,"Math & Science","1","0",NA,0,0.245187436676798,"0","0",0.00160901045856798
11668,3,7,"F","0","1",3.26,1180,"Arts & Letters","1","1",2.509,1,0.855172413793103,"1","1",1
11673,6,3,"F","1","0",3.64,1020,"Math & Science","1","1",2.96,1,0.855172413793103,"1","1",1
11675,7,7,"F","1","0",4.18,1420,"Math & Science","1","0",NA,1,0.896933560477002,"0","0",0.123106060606061
11676,6,5,"F","0","1",4.04,1340,"Arts & Letters","1","0",NA,1,0.73936170212766,"0","0",0.173497267759563
11682,5,7,"F","0","0",4.09,1290,"Arts & Letters","1","0",NA,1,0.73936170212766,"0","0",0.173497267759563
11685,3,3,"M","0","0",3.92,1380,"Arts & Letters","1","0",NA,1,0.896933560477002,"0","0",0.123106060606061
11689,7,4,"F","1","0",4.4,1450,"Math & Science","1","0",NA,1,0.896933560477002,"0","0",0.123106060606061
11692,3,4,"M","1","0",3.96,1360,"Business & Economics","1","0",NA,1,0.896933560477002,"0","0",0.123106060606061
11693,1,1,"F","0","0",3.8,1120,"Math & Science","1","1",2.703,1,0.854901960784314,"1","1",1
11694,7,7,"M","1","0",3.54,1460,"Arts & Letters","1","0",NA,1,1,"0","0",0.123106060606061
11695,7,6,"F","1","0",4.36,1440,"Math & Science","1","0",NA,1,0.896933560477002,"0","0",0.123106060606061
11696,6,6,"M","0","0",4.36,1320,"Business & Economics","1","0",NA,1,0.73936170212766,"0","0",0.173497267759563
11700,7,6,"M","1","0",4.14,1600,"Math & Science","1","0",NA,1,0.896933560477002,"0","0",0.123106060606061
11702,4,6,"M","0","0",4.23,1250,"Arts & Letters","1","0",NA,0,0,"0","0",0.00160901045856798
11706,7,7,"F","0","1",4.09,1400,"Business & Economics","1","0",NA,1,0.896933560477002,"0","0",0.123106060606061
11708,6,5,"F","1","0",3.82,1290,"Business & Economics","1","0",NA,0,0.378048780487805,"0","0",0.00160901045856798
11709,3,3,"F","1","0",3.75,1480,"Business & Economics","1","0",NA,1,0.880952380952381,"0","0",0.123106060606061
11722,4,4,"F","1","0",3.61,970,"Arts & Letters","1","1",3.068,1,0.855172413793103,"1","1",1
11723,4,7,"F","0","1",3.91,1190,"Business & Economics","1","0",NA,0,0.245187436676798,"0","0",0.00160901045856798
11724,5,4,"M","1","0",4,1360,"Math & Science","1","0",NA,1,0.896933560477002,"0","0",0.123106060606061
11725,2,3,"F","1","0",3.91,1290,"Business & Economics","1","0",NA,1,0.73936170212766,"0","0",0.173497267759563
11726,2,2,"F","0","1",4.14,1260,"Math & Science","1","0",NA,1,0.73936170212766,"0","0",0.173497267759563
11732,6,7,"F","0","1",4.33,1450,"Arts & Letters","1","0",NA,1,0.896933560477002,"0","0",0.123106060606061
11736,7,7,"F","0","1",4.17,1500,"Business & Economics","1","0",NA,1,0.896933560477002,"0","0",0.123106060606061
11737,7,7,"F","1","0",4.08,1230,"Arts & Letters","1","1",3.547,1,0.854901960784314,"1","1",1
11740,7,6,"M","0","0",3.59,1280,"Business & Economics","1","1",2.786,1,0.855172413793103,"1","1",1
11744,5,4,"F","0","1",4.17,1390,"Arts & Letters","1","0",NA,1,0.896933560477002,"0","0",0.123106060606061
11745,6,7,"F","0","1",3.77,1340,"Business & Economics","1","0",NA,1,0.631578947368421,"0","0",0.00160901045856798
11746,3,3,"F","0","1",3.74,1250,"Business & Economics","1","0",NA,0,0.05676072418855,"0","0",0.00160901045856798
11752,1,1,"F","0","0",3.73,1210,"Arts & Letters","1","0",NA,0,0.05676072418855,"0","0",0.00160901045856798
11753,7,6,"M","0","1",3.12,1550,"Business & Economics","1","0",NA,0,0.156017830609212,"0","0",0.00160901045856798
11767,1,1,"F","0","0",4.15,1400,"Math & Science","1","0",NA,1,0.896933560477002,"0","0",0.123106060606061
11769,6,6,"F","1","0",4.14,1120,"Math & Science","1","1",2.79,1,0.854901960784314,"1","1",1
11776,1,2,"F","1","0",3.76,1100,"Arts & Letters","1","0",NA,0,0.05676072418855,"0","0",0.00160901045856798
11778,3,3,"F","0","0",4.1,1150,"Math & Science","1","0",NA,0,0.308370044052863,"0","0",0.00160901045856798
11781,7,3,"F","0","0",4.05,1280,"Arts & Letters","1","0",NA,1,0.73936170212766,"0","0",0.173497267759563
11782,7,7,"M","1","0",4,1280,"Math & Science","1","0",NA,1,0.73936170212766,"0","0",0.173497267759563
11783,7,5,"F","1","0",4.27,1310,"Arts & Letters","1","0",NA,1,0.73936170212766,"0","0",0.173497267759563
11785,6,5,"F","1","0",4.3,1360,"Business & Economics","1","0",NA,1,0.896933560477002,"0","0",0.123106060606061
11786,4,6,"F","0","0",4,1180,"Arts & Letters","1","1",3.765,1,0.854901960784314,"1","1",1
11787,6,6,"M","1","0",4.18,1470,"Business & Economics","1","0",NA,1,0.896933560477002,"0","0",0.123106060606061
11789,7,7,"F","1","0",3.95,1410,"Business & Economics","1","1",3.404,1,0.896933560477002,"1","0",0.123106060606061
11790,7,6,"F","0","0",3.88,1150,"Arts & Letters","1","0",NA,0,0.245187436676798,"0","0",0.00160901045856798
11792,6,4,"F","0","1",3.67,1300,"Business & Economics","1","0",NA,0,0.26978417266187,"0","0",0.00160901045856798
11796,7,7,"F","1","0",3.79,1100,"Arts & Letters","1","0",NA,0,0.245187436676798,"0","0",0.00160901045856798
11797,4,4,"M","0","1",4.04,1430,"Math & Science","1","0",NA,1,0.896933560477002,"0","0",0.123106060606061
11798,4,7,"F","0","0",3.88,1080,"Math & Science","1","0",NA,0,0.245187436676798,"0","0",0.00160901045856798
11811,7,5,"F","1","0",3.57,970,"Arts & Letters","1","1",1.568,1,0.855172413793103,"1","1",1
11816,7,6,"M","1","0",4.33,1490,"Arts & Letters","1","0",NA,1,0.896933560477002,"0","0",0.123106060606061
11817,5,3,"F","1","0",3.95,1150,"Arts & Letters","1","0",NA,0,0.245187436676798,"0","0",0.00160901045856798
11822,7,6,"F","1","0",3.95,1230,"Math & Science","1","1",3.001,1,0.854901960784314,"1","1",1
11823,5,4,"M","1","0",3.73,1370,"Business & Economics","1","0",NA,1,0.631578947368421,"0","0",0.00160901045856798
11824,1,3,"M","0","1",3.68,1110,"Business & Economics","1","1",2.83,1,0.855172413793103,"1","1",1
11832,3,2,"M","0","0",3.59,1330,"Math & Science","1","0",NA,0,0.26978417266187,"0","0",0.00160901045856798
11833,6,6,"M","0","1",3.78,1170,"Math & Science","1","0",NA,0,0.05676072418855,"0","0",0.00160901045856798
11834,1,1,"M","0","1",3.12,1270,"Business & Economics","1","0",NA,0,0.156017830609212,"0","0",0.00160901045856798
11841,7,7,"F","1","0",4.08,1190,"Business & Economics","1","1",3.308,1,0.854901960784314,"1","1",1
11844,7,7,"M","1","0",3.27,1160,"Arts & Letters","1","0",NA,0,0.05676072418855,"0","0",0.00160901045856798
11848,7,7,"F","0","0",3.35,1230,"Business & Economics","1","1",3.144,1,0.855172413793103,"1","1",1
11849,7,6,"F","1","0",3.67,1210,"Arts & Letters","1","0",NA,0,0.05676072418855,"0","0",0.00160901045856798
11852,6,6,"F","1","0",3.64,1230,"Business & Economics","1","1",3.02,1,0.855172413793103,"1","1",1
11860,6,7,"M","1","0",3.64,1180,"Business & Economics","1","1",2.907,1,0.855172413793103,"1","1",1
11863,6,6,"F","1","0",3.46,1170,"Business & Economics","1","0",NA,0,0.05676072418855,"0","0",0.00160901045856798
11864,6,6,"F","1","0",4.18,1250,"Arts & Letters","1","0",NA,1,0.652777777777778,"0","0",0.00160901045856798
11868,7,7,"F","0","1",3.95,1480,"Math & Science","1","0",NA,1,0.896933560477002,"0","0",0.123106060606061
11871,1,3,"M","0","0",3.95,1250,"Math & Science","1","0",NA,1,0.8,"0","0",0.173497267759563
11872,2,3,"F","0","0",3.88,1030,"Math & Science","1","0",NA,0,0.393939393939394,"0","0",0.00160901045856798
11874,7,6,"F","0","1",4,1120,"Math & Science","1","0",NA,0,0.245187436676798,"0","0",0.00160901045856798
11875,6,6,"M","1","0",3.3,1200,"Business & Economics","1","1",2.916,1,0.855172413793103,"1","1",1
11878,5,6,"M","0","1",4.19,1250,"Math & Science","1","0",NA,1,0.652777777777778,"0","0",0.00160901045856798
11880,7,7,"F","1","0",4.33,1400,"Math & Science","1","0",NA,1,0.896933560477002,"0","0",0.123106060606061
11885,6,6,"F","1","0",4.3,1230,"Math & Science","1","0",NA,1,0.652777777777778,"0","0",0.00160901045856798
11890,7,3,"F","1","0",3.5,1260,"Business & Economics","1","0",NA,0,0.05676072418855,"0","0",0.00160901045856798
11893,6,6,"M","1","0",4.15,1420,"Business & Economics","1","0",NA,1,0.896933560477002,"0","0",0.123106060606061
11894,2,2,"M","0","1",3.84,1290,"Business & Economics","1","0",NA,1,0.909090909090909,"0","0",0
11900,7,6,"M","1","0",3.58,1240,"Business & Economics","1","1",2.969,1,0.855172413793103,"1","1",1
11902,3,4,"F","0","0",3.77,1250,"Math & Science","1","0",NA,0,0.05676072418855,"0","0",0.00160901045856798
11903,6,7,"M","1","0",4.17,1360,"Math & Science","1","0",NA,1,0.896933560477002,"0","0",0.123106060606061
11905,7,7,"M","1","0",3.6,1230,"Math & Science","1","0",NA,0,0.05676072418855,"0","0",0.00160901045856798
11907,4,6,"M","1","0",3.88,1360,"Arts & Letters","1","0",NA,1,0.896933560477002,"0","0",0.123106060606061
11909,6,6,"M","0","0",3.81,1080,"Math & Science","1","0",NA,0,0.245187436676798,"0","0",0.00160901045856798
11925,5,3,"M","0","0",3.36,970,"Business & Economics","1","1",0.364,1,0.855172413793103,"1","1",1
11926,7,7,"F","1","0",4.1,1260,"Arts & Letters","1","1",2.793,1,0.73936170212766,"1","0",0.173497267759563
11931,3,1,"F","0","0",3.86,1240,"Arts & Letters","1","0",NA,0,0.245187436676798,"0","0",0.00160901045856798
11939,7,3,"M","1","0",3.96,1280,"Business & Economics","1","0",NA,1,0.73936170212766,"0","0",0.173497267759563
11940,7,5,"M","0","1",3.91,1420,"Business & Economics","1","0",NA,1,0.896933560477002,"0","0",0.123106060606061
11941,6,6,"F","0","1",3.54,1510,"Math & Science","1","0",NA,1,1,"0","0",0.123106060606061
11942,6,7,"M","1","0",4.4,1350,"Business & Economics","1","1",3.663,1,0.896933560477002,"1","0",0.123106060606061
11948,7,7,"M","0","0",4,1250,"Business & Economics","1","0",NA,0,0.245187436676798,"0","0",0.00160901045856798
11949,6,4,"F","1","0",4.17,1210,"Math & Science","1","0",NA,1,0.652777777777778,"0","0",0.00160901045856798
11951,4,4,"F","1","0",4.19,1340,"Math & Science","1","0",NA,1,0.73936170212766,"0","0",0.173497267759563
11953,7,7,"F","1","0",3.36,1170,"Arts & Letters","1","0",NA,0,0.05676072418855,"0","0",0.00160901045856798
11957,3,2,"F","0","0",4.17,820,"Arts & Letters","1","0",NA,0,0.308370044052863,"0","0",0.00160901045856798
11960,4,3,"F","1","0",4.32,1250,"Math & Science","1","0",NA,1,0.652777777777778,"0","0",0.00160901045856798
11963,7,6,"F","1","0",3.26,1430,"Arts & Letters","1","1",2.063,1,0.855172413793103,"1","1",1
11967,6,6,"F","1","0",4.14,1030,"Math & Science","1","0",NA,0,0.308370044052863,"0","0",0.00160901045856798
11973,7,6,"M","1","0",3.95,1120,"Math & Science","1","1",2.951,1,0.854901960784314,"1","1",1
11975,3,4,"F","1","0",3.86,930,"Math & Science","1","1",3.102,1,0.854901960784314,"1","1",1
11976,7,7,"F","0","0",3.86,1190,"Math & Science","1","0",NA,0,0.245187436676798,"0","0",0.00160901045856798
11977,6,6,"M","1","0",3.82,1160,"Arts & Letters","1","1",3.343,1,0.854901960784314,"1","1",1
11978,7,3,"F","0","1",3.96,1550,"Math & Science","1","0",NA,1,0.896933560477002,"0","0",0.123106060606061
11982,4,7,"M","1","0",3.8,1330,"Arts & Letters","1","0",NA,0,0.378048780487805,"0","0",0.00160901045856798
11983,6,3,"F","0","1",3.68,1180,"Math & Science","1","0",NA,0,0.05676072418855,"0","0",0.00160901045856798
11991,6,6,"M","0","1",4.03,1540,"Math & Science","1","0",NA,1,0.896933560477002,"0","0",0.123106060606061
11992,6,6,"M","0","0",4.27,1420,"Arts & Letters","1","0",NA,1,0.896933560477002,"0","0",0.123106060606061
11995,4,6,"F","0","0",3.5,1280,"Arts & Letters","1","1",3.536,1,0.855172413793103,"1","1",1
11997,4,2,"M","0","1",4.25,1370,"Math & Science","1","0",NA,1,0.896933560477002,"0","0",0.123106060606061
11999,7,4,"F","0","0",3.96,1280,"Arts & Letters","1","0",NA,1,0.73936170212766,"0","0",0.173497267759563
12000,7,7,"F","1","0",4.2,1360,"Arts & Letters","1","0",NA,1,0.896933560477002,"0","0",0.123106060606061
12001,7,6,"F","0","1",4.04,1360,"Math & Science","1","0",NA,1,0.896933560477002,"0","0",0.123106060606061
12004,6,3,"M","1","0",3.8,1250,"Business & Economics","1","0",NA,0,0.245187436676798,"0","0",0.00160901045856798
12006,7,6,"F","1","0",3.75,1330,"Math & Science","1","1",3.368,1,0.855172413793103,"1","1",1
12012,6,5,"F","1","0",4.19,1440,"Math & Science","1","0",NA,1,0.896933560477002,"0","0",0.123106060606061
12016,6,7,"F","0","1",4.14,1130,"Arts & Letters","1","0",NA,0,0.308370044052863,"0","0",0.00160901045856798
12022,6,4,"F","1","0",4,1200,"Business & Economics","1","0",NA,0,0.245187436676798,"0","0",0.00160901045856798
12024,7,6,"M","0","0",3.5,1370,"Business & Economics","1","0",NA,0,0.156017830609212,"0","0",0.00160901045856798
12028,6,6,"F","0","1",4.26,1280,"Math & Science","1","0",NA,1,0.73936170212766,"0","0",0.173497267759563
12029,6,5,"F","0","1",3.68,980,"Math & Science","1","0",NA,0,0.05676072418855,"0","0",0.00160901045856798
12032,6,5,"F","0","0",3.91,1290,"Business & Economics","1","1",3.67,1,0.73936170212766,"1","0",0.173497267759563
12034,7,6,"F","1","0",3.58,1090,"Arts & Letters","1","0",NA,0,0.05676072418855,"0","0",0.00160901045856798
12043,6,6,"F","0","0",4.27,1430,"Math & Science","1","1",3.436,1,0.896933560477002,"1","0",0.123106060606061
12046,4,6,"F","0","0",3.86,1050,"Math & Science","1","1",2.586,1,0.854901960784314,"1","1",1
12047,3,6,"M","0","1",3.68,1250,"Business & Economics","1","1",2.861,1,0.855172413793103,"1","1",1
12048,6,6,"F","1","0",3.96,1160,"Math & Science","1","0",NA,0,0.245187436676798,"0","0",0.00160901045856798
12049,3,5,"F","1","0",3.27,1080,"Math & Science","1","1",2.585,1,0.855172413793103,"1","1",1
12052,7,7,"F","1","0",4.32,1490,"Math & Science","1","0",NA,1,0.896933560477002,"0","0",0.123106060606061
12054,6,5,"F","1","0",4.1,1380,"Arts & Letters","1","0",NA,1,0.896933560477002,"0","0",0.123106060606061
12060,6,6,"F","1","0",3.95,1380,"Math & Science","1","0",NA,1,0.896933560477002,"0","0",0.123106060606061
12062,7,7,"F","0","1",4.15,1400,"Business & Economics","1","0",NA,1,0.896933560477002,"0","0",0.123106060606061
12066,5,6,"F","1","0",4.35,1380,"Math & Science","1","0",NA,1,0.896933560477002,"0","0",0.123106060606061
12069,7,6,"F","1","0",3.95,1330,"Arts & Letters","1","0",NA,1,0.73936170212766,"0","0",0.173497267759563
12075,6,7,"F","1","0",4,1170,"Math & Science","1","1",3.37,1,0.854901960784314,"1","1",1
12076,2,3,"M","0","1",3.5,1210,"Business & Economics","1","0",NA,0,0.05676072418855,"0","0",0.00160901045856798
12077,7,7,"F","0","0",4.04,1310,"Business & Economics","1","0",NA,1,0.73936170212766,"0","0",0.173497267759563
12078,7,6,"M","0","1",4.14,1520,"Math & Science","1","0",NA,1,0.896933560477002,"0","0",0.123106060606061
12082,7,6,"F","0","1",4.15,1270,"Math & Science","1","0",NA,1,0.73936170212766,"0","0",0.173497267759563
12083,6,6,"F","1","0",3.41,1210,"Math & Science","1","1",2.86,1,0.855172413793103,"1","1",1
12092,5,5,"M","0","1",3.8,1330,"Math & Science","1","0",NA,0,0.378048780487805,"0","0",0.00160901045856798
12102,3,2,"F","0","1",4.22,1210,"Math & Science","1","0",NA,1,0.652777777777778,"0","0",0.00160901045856798
12106,7,6,"M","0","1",4.04,1400,"Math & Science","1","0",NA,1,0.896933560477002,"0","0",0.123106060606061
12107,2,5,"M","0","0",3.5,1200,"Business & Economics","1","0",NA,0,0.05676072418855,"0","0",0.00160901045856798
12108,6,6,"F","1","0",4.33,1330,"Math & Science","1","0",NA,1,0.73936170212766,"0","0",0.173497267759563
12109,3,6,"F","1","0",4.16,1290,"Arts & Letters","1","0",NA,1,0.73936170212766,"0","0",0.173497267759563
12115,2,2,"M","0","1",3.76,1000,"Business & Economics","1","1",2.866,1,0.855172413793103,"1","1",1
12118,4,4,"M","1","0",4,1350,"Business & Economics","1","0",NA,1,0.896933560477002,"0","0",0.123106060606061
12121,3,1,"M","0","0",3.27,1070,"Business & Economics","1","1",1.689,1,0.855172413793103,"1","1",1
12124,7,7,"F","1","0",3.79,1390,"Math & Science","1","0",NA,1,0.896933560477002,"0","0",0.123106060606061
12128,7,5,"F","0","0",4,1370,"Arts & Letters","1","0",NA,1,0.896933560477002,"0","0",0.123106060606061
12133,6,2,"F","0","0",3.93,1340,"Math & Science","1","0",NA,1,0.73936170212766,"0","0",0.173497267759563
12137,1,1,"F","0","0",3.9,1030,"Arts & Letters","1","0",NA,1,0.793939393939394,"0","0",0.173497267759563
12144,7,3,"F","0","0",3.95,1290,"Arts & Letters","1","0",NA,1,0.73936170212766,"0","0",0.173497267759563
12145,6,6,"F","1","0",4.44,1450,"Arts & Letters","1","0",NA,1,0.896933560477002,"0","0",0.123106060606061
12152,1,1,"M","0","1",3.67,1080,"Math & Science","1","0",NA,0,0.05676072418855,"0","0",0.00160901045856798
12155,2,3,"F","0","1",3.84,1120,"Business & Economics","1","0",NA,0,0.393939393939394,"0","0",0.00160901045856798
12157,7,6,"M","1","0",4.25,1440,"Math & Science","1","0",NA,1,0.896933560477002,"0","0",0.123106060606061
12164,7,7,"F","0","1",3.92,1420,"Arts & Letters","1","0",NA,1,0.896933560477002,"0","0",0.123106060606061
12165,5,5,"F","0","0",3.5,1200,"Business & Economics","1","0",NA,0,0.05676072418855,"0","0",0.00160901045856798
12166,7,2,"F","0","1",4.14,1390,"Math & Science","1","0",NA,1,0.896933560477002,"0","0",0.123106060606061
12168,7,3,"M","0","1",4.07,1410,"Math & Science","1","0",NA,1,0.896933560477002,"0","0",0.123106060606061
12169,2,2,"F","0","1",3.75,990,"Math & Science","1","0",NA,0,0.05676072418855,"0","0",0.00160901045856798
12173,7,6,"F","1","0",4.15,1520,"Arts & Letters","1","0",NA,1,0.896933560477002,"0","0",0.123106060606061
12179,1,1,"M","0","0",3.8,1140,"Math & Science","1","0",NA,1,0.793939393939394,"0","0",0.173497267759563
12180,6,4,"F","1","0",3.9,1130,"Business & Economics","1","0",NA,0,0.245187436676798,"0","0",0.00160901045856798
12181,6,6,"F","1","0",3.25,1050,"Arts & Letters","1","1",3.274,1,0.855172413793103,"1","1",1
12183,6,7,"F","1","0",4.36,1440,"Math & Science","1","0",NA,1,0.896933560477002,"0","0",0.123106060606061
12185,6,7,"F","1","0",4.33,1320,"Math & Science","1","0",NA,1,0.73936170212766,"0","0",0.173497267759563
12186,7,6,"M","0","1",4.15,1410,"Business & Economics","1","0",NA,1,0.896933560477002,"0","0",0.123106060606061
12189,5,7,"M","0","0",3.9,1300,"Math & Science","1","0",NA,1,0.73936170212766,"0","0",0.173497267759563
12190,7,7,"F","1","0",4,1150,"Math & Science","1","0",NA,0,0.245187436676798,"0","0",0.00160901045856798
12196,6,5,"F","1","0",3.61,1110,"Arts & Letters","1","1",3.099,1,0.855172413793103,"1","1",1
12198,5,5,"F","0","0",3.67,1170,"Math & Science","1","0",NA,0,0.05676072418855,"0","0",0.00160901045856798
12199,6,4,"F","1","0",3.59,1150,"Arts & Letters","1","1",3.192,1,0.855172413793103,"1","1",1
12200,7,6,"F","0","1",2.92,1480,"Arts & Letters","1","0",NA,0,0.156017830609212,"0","0",0
12204,6,7,"F","1","0",3.45,1090,"Arts & Letters","1","0",NA,0,0.05676072418855,"0","0",0.00160901045856798
12207,4,4,"F","0","1",4.25,1220,"Math & Science","1","0",NA,1,0.652777777777778,"0","0",0.00160901045856798
12212,6,7,"M","1","0",3.8,1290,"Business & Economics","1","0",NA,0,0.378048780487805,"0","0",0.00160901045856798
12214,3,3,"M","0","0",4.33,1380,"Math & Science","1","0",NA,1,0.896933560477002,"0","0",0.123106060606061
12221,7,2,"F","0","1",4.27,1390,"Business & Economics","1","0",NA,1,0.896933560477002,"0","0",0.123106060606061
12225,3,3,"F","1","0",3.88,1220,"Business & Economics","1","1",2.667,1,0.854901960784314,"1","1",1
12231,7,5,"M","0","0",4.22,1430,"Math & Science","1","0",NA,1,0.896933560477002,"0","0",0.123106060606061
12237,7,3,"F","1","0",3.64,1270,"Arts & Letters","1","0",NA,0,0.26978417266187,"0","0",0.00160901045856798
12239,1,1,"F","0","0",4.25,1090,"Business & Economics","1","0",NA,1,0.793939393939394,"0","0",0.173497267759563
12240,1,4,"F","0","0",3.83,1090,"Arts & Letters","1","0",NA,0,0.393939393939394,"0","0",0.00160901045856798
12243,5,5,"F","0","1",3.58,1320,"Math & Science","1","1",2.995,1,0.855172413793103,"1","1",1
12246,6,6,"F","1","0",4.27,1360,"Math & Science","1","0",NA,1,0.896933560477002,"0","0",0.123106060606061
12249,6,6,"F","1","0",3.59,1320,"Business & Economics","1","0",NA,0,0.26978417266187,"0","0",0.00160901045856798
12250,3,5,"M","1","0",4.04,1280,"Math & Science","1","0",NA,1,0.73936170212766,"0","0",0.173497267759563
12251,6,6,"F","1","0",4.17,1390,"Math & Science","1","0",NA,1,0.896933560477002,"0","0",0.123106060606061
12254,7,7,"M","1","0",4.23,1460,"Math & Science","1","0",NA,1,0.896933560477002,"0","0",0.123106060606061
12255,6,6,"F","0","0",4.14,1450,"Arts & Letters","1","0",NA,1,0.896933560477002,"0","0",0.123106060606061
12265,6,6,"M","0","1",3.55,1380,"Business & Economics","1","0",NA,0,0.26978417266187,"0","0",0.00160901045856798
12268,6,6,"M","1","0",4.18,1300,"Math & Science","1","0",NA,1,0.73936170212766,"0","0",0.173497267759563
12269,7,7,"M","0","0",4.12,1520,"Arts & Letters","1","0",NA,1,0.896933560477002,"0","0",0.123106060606061
12273,4,7,"F","1","0",4.2,1360,"Math & Science","1","1",3.857,1,0.896933560477002,"1","0",0.123106060606061
12278,4,6,"M","0","1",4.18,1300,"Math & Science","1","0",NA,1,0.73936170212766,"0","0",0.173497267759563
12280,3,3,"M","1","0",4.18,1390,"Math & Science","1","1",2.289,1,0.896933560477002,"1","0",0.123106060606061
12281,7,7,"F","1","0",3.74,1410,"Math & Science","1","0",NA,0,0.384615384615385,"0","0",0.00160901045856798
12285,7,3,"F","1","0",3.69,1090,"Arts & Letters","1","1",2.876,1,0.855172413793103,"1","1",1
12286,7,6,"F","0","1",3.96,1430,"Business & Economics","1","0",NA,1,0.896933560477002,"0","0",0.123106060606061
12291,4,5,"M","0","0",3.77,1230,"Arts & Letters","1","0",NA,0,0.05676072418855,"0","0",0.00160901045856798
12292,6,6,"F","1","0",4.05,1310,"Business & Economics","1","0",NA,1,0.73936170212766,"0","0",0.173497267759563
12294,3,3,"F","1","0",3.86,1410,"Math & Science","1","0",NA,1,0.896933560477002,"0","0",0.123106060606061
12303,7,6,"F","0","1",3.96,1500,"Arts & Letters","1","0",NA,1,0.896933560477002,"0","0",0.123106060606061
12305,7,7,"F","1","0",4.11,1380,"Arts & Letters","1","0",NA,1,0.896933560477002,"0","0",0.123106060606061
12311,6,5,"F","1","0",4.05,1160,"Math & Science","1","1",3.364,1,0.854901960784314,"1","1",1
12313,6,6,"F","1","0",4.22,1320,"Math & Science","1","0",NA,1,0.73936170212766,"0","0",0.173497267759563
12321,6,4,"F","1","0",3.83,1240,"Business & Economics","1","1",3.649,1,0.854901960784314,"1","1",1
12334,7,7,"F","1","0",3.75,1340,"Math & Science","1","1",2.763,1,0.855172413793103,"1","1",1
12337,3,3,"F","0","0",4.17,1060,"Math & Science","1","0",NA,0,0.308370044052863,"0","0",0.00160901045856798
12344,6,4,"F","1","0",4,1420,"Arts & Letters","1","0",NA,1,0.896933560477002,"0","0",0.123106060606061
12345,1,1,"M","1","0",3.59,1230,"Math & Science","1","0",NA,0,0.05676072418855,"0","0",0.00160901045856798
12347,7,7,"F","1","0",4.14,1410,"Business & Economics","1","1",3.738,1,0.896933560477002,"1","0",0.123106060606061
12352,7,5,"F","0","1",4.27,1550,"Math & Science","1","0",NA,1,0.896933560477002,"0","0",0.123106060606061
12366,7,6,"M","0","1",4.09,1380,"Business & Economics","1","0",NA,1,0.896933560477002,"0","0",0.123106060606061
12367,4,4,"F","1","0",3.75,1180,"Arts & Letters","1","0",NA,0,0.05676072418855,"0","0",0.00160901045856798
12371,7,6,"F","0","0",3.58,1190,"Arts & Letters","1","0",NA,0,0.05676072418855,"0","0",0.00160901045856798
12372,6,6,"M","0","0",3.6,1270,"Business & Economics","1","1",3.003,1,0.855172413793103,"1","1",1
12374,7,7,"F","1","0",4.07,1300,"Arts & Letters","1","0",NA,1,0.73936170212766,"0","0",0.173497267759563
12375,1,4,"F","1","0",4,1440,"Arts & Letters","1","0",NA,1,0.896933560477002,"0","0",0.123106060606061
12378,6,6,"M","1","0",3.85,1480,"Arts & Letters","1","0",NA,1,0.896933560477002,"0","0",0.123106060606061
12379,6,6,"F","1","0",3.95,1410,"Arts & Letters","1","0",NA,1,0.896933560477002,"0","0",0.123106060606061
12381,4,3,"M","0","1",3.64,1380,"Math & Science","1","0",NA,0,0.26978417266187,"0","0",0.00160901045856798
12385,7,7,"F","1","0",4.25,1470,"Math & Science","1","0",NA,1,0.896933560477002,"0","0",0.123106060606061
12386,6,6,"M","0","0",3.89,1230,"Business & Economics","1","0",NA,0,0.245187436676798,"0","0",0.00160901045856798
12390,7,7,"F","1","0",3.96,1380,"Arts & Letters","1","0",NA,1,0.896933560477002,"0","0",0.123106060606061
12391,7,7,"M","1","0",3.88,1400,"Math & Science","1","0",NA,1,0.896933560477002,"0","0",0.123106060606061
12392,7,7,"M","1","0",4,1290,"Arts & Letters","1","0",NA,1,0.73936170212766,"0","0",0.173497267759563
12399,7,6,"M","1","0",3.82,1410,"Business & Economics","1","0",NA,1,0.896933560477002,"0","0",0.123106060606061
12400,2,3,"M","0","0",3.13,940,"Math & Science","1","1",1.9,0,0.24,"1","0",0.00160901045856798
12409,7,4,"M","0","1",3.95,1310,"Math & Science","1","0",NA,1,0.73936170212766,"0","0",0.173497267759563
12410,3,6,"F","1","0",4.32,1260,"Arts & Letters","1","0",NA,1,0.73936170212766,"0","0",0.173497267759563
12411,7,6,"F","0","0",3.91,1290,"Arts & Letters","1","0",NA,1,0.73936170212766,"0","0",0.173497267759563
12413,3,6,"F","0","0",3.47,980,"Arts & Letters","1","1",3.309,1,0.855172413793103,"1","1",1
12418,2,3,"F","0","1",4.17,1160,"Arts & Letters","1","1",3.527,1,0.854901960784314,"1","1",1
12419,7,5,"F","0","1",4,1340,"Arts & Letters","1","0",NA,1,0.73936170212766,"0","0",0.173497267759563
12421,1,1,"F","0","1",3.86,950,"Arts & Letters","1","0",NA,1,0.793939393939394,"0","0",0.173497267759563
12422,6,4,"F","0","0",3.62,1540,"Math & Science","1","0",NA,1,0.764705882352941,"0","0",0.173497267759563
12425,7,5,"F","0","1",4.14,1480,"Math & Science","1","0",NA,1,0.896933560477002,"0","0",0.123106060606061
12429,4,4,"F","1","0",3.39,1010,"Business & Economics","1","1",1.863,1,0.855172413793103,"1","1",1
12434,6,4,"F","0","0",3.5,1360,"Math & Science","1","0",NA,0,0.156017830609212,"0","0",0.00160901045856798
12435,1,1,"F","0","0",3.72,1190,"Arts & Letters","1","0",NA,0,0.05676072418855,"0","0",0.00160901045856798
12442,7,4,"M","1","0",3.72,1270,"Arts & Letters","1","0",NA,0,0.336,"0","0",0.00160901045856798
12443,2,6,"F","0","1",3.7,950,"Business & Economics","1","1",2.982,1,0.855172413793103,"1","1",1
12447,5,3,"F","0","0",4.16,1240,"Math & Science","1","1",2.714,1,0.854901960784314,"1","1",1
12451,6,4,"M","1","0",4.18,1230,"Business & Economics","1","1",2.684,1,0.854901960784314,"1","1",1
12457,7,7,"M","1","0",3.82,1230,"Business & Economics","1","1",2.685,1,0.854901960784314,"1","1",1
12459,6,5,"F","1","0",4.23,1230,"Arts & Letters","1","0",NA,1,0.652777777777778,"0","0",0.00160901045856798
12463,5,6,"F","0","1",3.88,1220,"Math & Science","1","0",NA,0,0.245187436676798,"0","0",0.00160901045856798
12464,6,4,"M","0","0",3.62,1200,"Business & Economics","1","0",NA,0,0.05676072418855,"0","0",0.00160901045856798
12472,7,6,"M","1","0",4.09,1390,"Math & Science","1","0",NA,1,0.896933560477002,"0","0",0.123106060606061
12474,6,3,"M","1","0",3.92,1300,"Math & Science","1","1",3.008,1,0.73936170212766,"1","0",0.173497267759563
12476,3,3,"M","1","0",3.73,1230,"Business & Economics","1","0",NA,0,0.05676072418855,"0","0",0.00160901045856798
12477,6,7,"M","1","0",4,1370,"Math & Science","1","0",NA,1,0.896933560477002,"0","0",0.123106060606061
12478,5,6,"F","1","0",4.27,1330,"Arts & Letters","1","0",NA,1,0.73936170212766,"0","0",0.173497267759563
12479,7,4,"F","1","0",4.18,1360,"Math & Science","1","0",NA,1,0.896933560477002,"0","0",0.123106060606061
12480,6,6,"F","0","1",4,1420,"Business & Economics","1","0",NA,1,0.896933560477002,"0","0",0.123106060606061
12482,4,3,"M","1","0",4.18,1350,"Math & Science","1","1",3.344,1,0.896933560477002,"1","0",0.123106060606061
12483,6,6,"F","1","0",4.18,1290,"Math & Science","1","0",NA,1,0.73936170212766,"0","0",0.173497267759563
12487,4,3,"F","1","0",4.08,1120,"Math & Science","1","0",NA,0,0.308370044052863,"0","0",0.00160901045856798
12491,2,1,"F","0","1",3.9,1150,"Math & Science","1","0",NA,1,0.793939393939394,"0","0",0.173497267759563
12492,1,2,"M","0","1",3.67,1120,"Business & Economics","1","0",NA,0,0.05676072418855,"0","0",0.00160901045856798
12500,3,6,"F","1","0",4.13,1380,"Business & Economics","1","1",3.172,1,0.896933560477002,"1","0",0.123106060606061
12514,6,6,"F","0","1",3.85,950,"Business & Economics","1","0",NA,0,0.245187436676798,"0","0",0.00160901045856798
12516,3,3,"F","1","0",4.14,1170,"Arts & Letters","1","0",NA,1,0.652777777777778,"0","0",0.00160901045856798
12517,6,5,"F","0","1",4.09,850,"Math & Science","1","0",NA,0,0.308370044052863,"0","0",0.00160901045856798
12527,6,4,"M","1","0",4.2,1200,"Business & Economics","1","0",NA,1,0.717948717948718,"0","0",0.00160901045856798
12528,6,6,"F","0","1",3.96,1270,"Math & Science","1","0",NA,1,0.73936170212766,"0","0",0.173497267759563
12534,1,1,"M","0","0",3.65,770,"Math & Science","1","0",NA,0,0.05676072418855,"0","0",0.00160901045856798
12539,6,6,"M","1","0",4.2,1480,"Math & Science","1","0",NA,1,0.896933560477002,"0","0",0.123106060606061
12540,7,4,"F","0","0",3.65,1260,"Arts & Letters","1","0",NA,0,0.05676072418855,"0","0",0.00160901045856798
12541,6,6,"M","1","0",4.28,1290,"Math & Science","1","1",3.066,1,0.73936170212766,"1","0",0.173497267759563
12545,5,7,"F","1","0",3.59,1150,"Arts & Letters","1","0",NA,0,0.05676072418855,"0","0",0.00160901045856798
12548,2,6,"F","0","0",3.77,1170,"Arts & Letters","1","1",2.982,1,0.855172413793103,"1","1",1
12555,7,4,"M","1","0",3.73,1300,"Arts & Letters","1","0",NA,0,0.336,"0","0",0.00160901045856798
12557,2,6,"F","0","1",3.71,1080,"Math & Science","1","0",NA,0,0.05676072418855,"0","0",0.00160901045856798
12568,2,1,"F","0","1",3.91,1110,"Arts & Letters","1","0",NA,1,0.793939393939394,"0","0",0.173497267759563
12570,1,1,"F","0","1",3.6,1040,"Arts & Letters","1","0",NA,0,0.05676072418855,"0","0",0.00160901045856798
12574,3,3,"F","0","1",3.77,1270,"Business & Economics","1","0",NA,1,0.631578947368421,"0","0",0.00160901045856798
12578,4,5,"M","0","1",4,1150,"Math & Science","1","0",NA,0,0.245187436676798,"0","0",0.00160901045856798
12580,5,5,"F","1","0",4.23,1310,"Arts & Letters","1","0",NA,1,0.73936170212766,"0","0",0.173497267759563
12591,3,3,"F","0","1",4.14,1120,"Math & Science","1","0",NA,0,0.308370044052863,"0","0",0.00160901045856798
12598,7,7,"F","1","0",3.9,1330,"Business & Economics","1","1",3.63,1,0.73936170212766,"1","0",0.173497267759563
12599,2,2,"M","0","0",3.9,1130,"Math & Science","1","0",NA,1,0.793939393939394,"0","0",0.173497267759563
12603,3,3,"F","1","0",3.78,1370,"Math & Science","1","0",NA,1,0.769230769230769,"0","0",0.173497267759563
12606,4,4,"F","1","0",3.8,1300,"Business & Economics","1","0",NA,0,0.378048780487805,"0","0",0.00160901045856798
12607,3,2,"M","0","0",3.67,1060,"Arts & Letters","1","0",NA,0,0.05676072418855,"0","0",0.00160901045856798
12614,5,3,"F","0","0",4.14,1410,"Arts & Letters","1","0",NA,1,0.896933560477002,"0","0",0.123106060606061
12618,4,6,"M","0","1",3.79,1380,"Math & Science","1","0",NA,1,0.896933560477002,"0","0",0.123106060606061
12621,1,1,"F","0","0",4.2,1040,"Math & Science","1","0",NA,1,0.793939393939394,"0","0",0.173497267759563
12626,7,7,"M","0","0",4.18,1440,"Math & Science","1","0",NA,1,0.896933560477002,"0","0",0.123106060606061
12630,1,2,"F","0","0",3.61,850,"Arts & Letters","1","0",NA,0,0.05676072418855,"0","0",0.00160901045856798
12632,6,7,"F","1","0",3.77,1280,"Arts & Letters","1","1",3.52,1,0.855172413793103,"1","1",1
12645,4,4,"F","1","0",4.17,1190,"Business & Economics","1","0",NA,1,0.717948717948718,"0","0",0.00160901045856798
12646,5,6,"M","1","0",3.55,1270,"Business & Economics","1","1",3.137,1,0.855172413793103,"1","1",1
12651,1,1,"M","0","1",3.5,1180,"Math & Science","1","0",NA,0,0.05676072418855,"0","0",0.00160901045856798
12653,1,3,"F","0","0",3.62,1110,"Arts & Letters","1","0",NA,0,0.05676072418855,"0","0",0.00160901045856798
12655,7,6,"F","0","1",4,1570,"Arts & Letters","1","0",NA,1,0.896933560477002,"0","0",0.123106060606061
12656,7,7,"M","0","1",4.04,1330,"Math & Science","1","0",NA,1,0.73936170212766,"0","0",0.173497267759563
12657,3,6,"F","1","0",4.31,1310,"Math & Science","1","0",NA,1,0.73936170212766,"0","0",0.173497267759563
12658,3,3,"F","1","0",3.86,1200,"Math & Science","1","0",NA,0,0.245187436676798,"0","0",0.00160901045856798
12659,6,6,"F","1","0",3.61,1500,"Math & Science","1","0",NA,1,0.764705882352941,"0","0",0.173497267759563
12665,1,1,"F","0","0",4.4,1340,"Arts & Letters","1","0",NA,1,0.73936170212766,"0","0",0.173497267759563
12669,7,6,"F","1","0",4.04,1440,"Arts & Letters","1","0",NA,1,0.896933560477002,"0","0",0.123106060606061
12672,7,6,"F","1","0",4.25,1510,"Math & Science","1","0",NA,1,0.896933560477002,"0","0",0.123106060606061
12673,3,3,"M","0","0",3.68,1400,"Arts & Letters","1","0",NA,0,0.384615384615385,"0","0",0.00160901045856798
12674,6,6,"F","1","0",4.27,1270,"Math & Science","1","0",NA,1,0.73936170212766,"0","0",0.173497267759563
12676,7,4,"F","1","0",3.82,1440,"Math & Science","1","0",NA,1,0.896933560477002,"0","0",0.123106060606061
12686,5,5,"F","1","0",4.36,1440,"Math & Science","1","0",NA,1,0.896933560477002,"0","0",0.123106060606061
12688,6,6,"F","1","0",3.7,1150,"Math & Science","1","0",NA,0,0.05676072418855,"0","0",0.00160901045856798
12690,4,5,"F","1","0",3.64,1250,"Math & Science","1","1",3.738,1,0.855172413793103,"1","1",1
12692,6,5,"M","1","0",3.42,1490,"Business & Economics","1","1",2.83,1,0.855172413793103,"1","1",1
12694,7,6,"F","1","0",4.36,1290,"Math & Science","1","0",NA,1,0.73936170212766,"0","0",0.173497267759563
12697,6,5,"F","0","1",3.68,1290,"Business & Economics","1","1",2.887,1,0.855172413793103,"1","1",1
12699,2,4,"F","0","1",3.95,1050,"Math & Science","1","0",NA,0,0.393939393939394,"0","0",0.00160901045856798
12700,3,2,"F","1","0",3.77,1150,"Math & Science","1","0",NA,0,0.05676072418855,"0","0",0.00160901045856798
12702,6,6,"F","1","0",4.21,1410,"Arts & Letters","1","0",NA,1,0.896933560477002,"0","0",0.123106060606061
12706,7,7,"F","0","1",3.97,1320,"Arts & Letters","1","0",NA,1,0.73936170212766,"0","0",0.173497267759563
12708,6,4,"M","1","0",4.29,1300,"Math & Science","1","0",NA,1,0.73936170212766,"0","0",0.173497267759563
12709,4,4,"M","1","0",3.62,1430,"Business & Economics","1","0",NA,1,0.880952380952381,"0","0",0.123106060606061
12718,6,6,"F","0","0",3.71,1340,"Math & Science","1","0",NA,0,0.336,"0","0",0.00160901045856798
12719,2,2,"M","0","0",3.68,1090,"Math & Science","1","0",NA,0,0.05676072418855,"0","0",0.00160901045856798
12721,7,7,"M","0","0",2.83,1520,"Math & Science","1","1",3.137,1,0.84,"1","1",1
12723,6,5,"M","0","0",3.4,1230,"Arts & Letters","1","0",NA,0,0.05676072418855,"0","0",0.00160901045856798
12725,6,6,"M","1","0",3.92,1460,"Business & Economics","1","0",NA,1,0.896933560477002,"0","0",0.123106060606061
12726,2,2,"F","0","1",4.24,1200,"Business & Economics","1","0",NA,1,0.793939393939394,"0","0",0.173497267759563
12728,6,4,"M","1","0",3.95,1380,"Arts & Letters","1","0",NA,1,0.896933560477002,"0","0",0.123106060606061
12730,3,3,"F","0","0",3.88,1190,"Math & Science","1","0",NA,0,0.245187436676798,"0","0",0.00160901045856798
12732,4,7,"M","1","0",4.21,1520,"Math & Science","1","1",3.888,1,0.896933560477002,"1","0",0.123106060606061
12733,7,3,"M","0","1",3.62,1330,"Math & Science","1","0",NA,0,0.26978417266187,"0","0",0.00160901045856798
12738,1,1,"F","0","1",3.62,1080,"Arts & Letters","1","1",2.912,1,0.855172413793103,"1","1",1
12740,1,1,"F","0","1",3.07,1200,"Arts & Letters","1","0",NA,0,0.05676072418855,"0","0",0
12741,4,3,"M","1","0",4.18,1320,"Business & Economics","1","0",NA,1,0.73936170212766,"0","0",0.173497267759563
12745,6,7,"F","0","0",3.71,1240,"Arts & Letters","1","0",NA,0,0.05676072418855,"0","0",0.00160901045856798
12747,7,6,"M","0","1",3.75,1480,"Math & Science","1","0",NA,1,0.764705882352941,"0","0",0.173497267759563
12749,6,6,"M","1","0",4.03,1400,"Math & Science","1","0",NA,1,0.896933560477002,"0","0",0.123106060606061
12750,6,7,"F","1","0",4.32,1360,"Arts & Letters","1","0",NA,1,0.896933560477002,"0","0",0.123106060606061
12751,7,6,"F","1","0",3.9,1490,"Arts & Letters","1","0",NA,1,0.896933560477002,"0","0",0.123106060606061
12754,4,5,"F","0","0",4.33,1230,"Math & Science","1","0",NA,1,0.652777777777778,"0","0",0.00160901045856798
12757,7,6,"M","1","0",3.71,1270,"Arts & Letters","1","1",3.925,1,0.855172413793103,"1","1",1
12759,6,7,"F","1","0",4,1460,"Arts & Letters","1","0",NA,1,0.896933560477002,"0","0",0.123106060606061
12760,6,6,"F","0","0",3.83,1230,"Arts & Letters","1","0",NA,0,0.245187436676798,"0","0",0.00160901045856798
12761,7,6,"F","1","0",3.96,1340,"Arts & Letters","1","0",NA,1,0.73936170212766,"0","0",0.173497267759563
12762,7,6,"F","0","0",3.46,1380,"Math & Science","1","0",NA,0,0.156017830609212,"0","0",0.00160901045856798
12763,6,6,"F","1","0",4.25,1510,"Math & Science","1","0",NA,1,0.896933560477002,"0","0",0.123106060606061
12766,7,6,"M","1","0",4.06,1480,"Math & Science","1","0",NA,1,0.896933560477002,"0","0",0.123106060606061
12768,7,7,"M","0","1",3.95,1420,"Math & Science","1","0",NA,1,0.896933560477002,"0","0",0.123106060606061
12769,6,4,"M","1","0",4,1260,"Business & Economics","1","0",NA,1,0.73936170212766,"0","0",0.173497267759563
12770,7,5,"F","0","0",4.19,1550,"Business & Economics","1","0",NA,1,0.896933560477002,"0","0",0.123106060606061
12774,6,6,"M","0","0",3.92,1500,"Math & Science","1","0",NA,1,0.896933560477002,"0","0",0.123106060606061
12777,7,5,"M","0","1",3.38,1400,"Math & Science","1","0",NA,0,0.156017830609212,"0","0",0.00160901045856798
12778,7,4,"F","0","0",4.08,1210,"Arts & Letters","1","0",NA,1,0.652777777777778,"0","0",0.00160901045856798
12779,7,6,"M","1","0",3.95,1460,"Business & Economics","1","0",NA,1,0.896933560477002,"0","0",0.123106060606061
12782,7,6,"F","1","0",3.83,1380,"Arts & Letters","1","1",3.138,1,0.896933560477002,"1","0",0.123106060606061
12786,7,5,"M","0","1",3.25,1500,"Math & Science","1","0",NA,0,0.156017830609212,"0","0",0.00160901045856798
12789,7,7,"F","1","0",4.32,1390,"Business & Economics","1","0",NA,1,0.896933560477002,"0","0",0.123106060606061
12790,7,6,"M","1","0",4.25,1520,"Math & Science","1","0",NA,1,0.896933560477002,"0","0",0.123106060606061
12794,6,3,"F","0","1",4.17,1320,"Arts & Letters","1","0",NA,1,0.73936170212766,"0","0",0.173497267759563
12798,6,3,"M","1","0",4.2,1440,"Math & Science","1","0",NA,1,0.896933560477002,"0","0",0.123106060606061
12800,6,7,"M","1","0",3.37,1250,"Arts & Letters","1","0",NA,0,0.05676072418855,"0","0",0.00160901045856798
12801,6,7,"M","0","1",4.1,1490,"Math & Science","1","0",NA,1,0.896933560477002,"0","0",0.123106060606061
12804,7,7,"M","1","0",3.67,1190,"Business & Economics","1","1",2.738,1,0.855172413793103,"1","1",1
12805,6,5,"F","1","0",3.74,1470,"Arts & Letters","1","0",NA,1,0.764705882352941,"0","0",0.173497267759563
12809,6,6,"M","1","0",3.96,1310,"Math & Science","1","0",NA,1,0.73936170212766,"0","0",0.173497267759563
12816,3,5,"M","1","0",3.92,1030,"Business & Economics","1","1",3.084,1,0.854901960784314,"1","1",1
12818,7,4,"M","1","0",3.44,1220,"Business & Economics","1","1",3.418,1,0.855172413793103,"1","1",1
12819,3,3,"F","1","0",3.59,1370,"Business & Economics","1","1",3.298,1,0.855172413793103,"1","1",1
12821,6,7,"F","1","0",4.18,1370,"Math & Science","1","0",NA,1,0.896933560477002,"0","0",0.123106060606061
12825,4,7,"M","1","0",3.82,1340,"Math & Science","1","0",NA,0,0.378048780487805,"0","0",0.00160901045856798
12828,6,6,"F","0","0",3.87,1180,"Arts & Letters","1","0",NA,0,0.245187436676798,"0","0",0.00160901045856798
12829,7,4,"F","1","0",3.8,1470,"Math & Science","1","0",NA,1,0.896933560477002,"0","0",0.123106060606061
12830,6,4,"M","0","1",4,1420,"Math & Science","1","0",NA,1,0.896933560477002,"0","0",0.123106060606061
12835,5,5,"F","0","1",3.7,1130,"Math & Science","1","0",NA,0,0.05676072418855,"0","0",0.00160901045856798
12838,7,5,"M","0","0",3.5,1340,"Math & Science","1","1",2.644,1,0.855172413793103,"1","1",1
12840,6,7,"F","1","0",4,1230,"Arts & Letters","1","0",NA,0,0.245187436676798,"0","0",0.00160901045856798
12841,6,6,"M","1","0",4.07,1500,"Arts & Letters","1","0",NA,1,0.896933560477002,"0","0",0.123106060606061
12843,7,7,"F","1","0",4.14,1430,"Arts & Letters","1","0",NA,1,0.896933560477002,"0","0",0.123106060606061
12844,7,6,"M","1","0",3.94,1450,"Business & Economics","1","0",NA,1,0.896933560477002,"0","0",0.123106060606061
12846,6,7,"F","1","0",3.41,1410,"Arts & Letters","1","0",NA,0,0.156017830609212,"0","0",0.00160901045856798
12849,4,4,"F","1","0",3.82,1460,"Business & Economics","1","0",NA,1,0.896933560477002,"0","0",0.123106060606061
12850,6,6,"F","0","1",4.11,1440,"Math & Science","1","0",NA,1,0.896933560477002,"0","0",0.123106060606061
12851,6,7,"M","1","0",4.09,1280,"Business & Economics","1","0",NA,1,0.73936170212766,"0","0",0.173497267759563
12854,6,6,"M","0","1",4.05,1450,"Math & Science","1","0",NA,1,0.896933560477002,"0","0",0.123106060606061
12855,7,6,"F","0","0",4.08,1450,"Math & Science","1","0",NA,1,0.896933560477002,"0","0",0.123106060606061
12856,1,1,"F","0","1",4,1390,"Business & Economics","1","0",NA,1,0.896933560477002,"0","0",0.123106060606061
12857,1,1,"F","0","1",3.55,1250,"Math & Science","1","0",NA,0,0.05676072418855,"0","0",0.00160901045856798
12859,6,6,"F","0","1",3.65,1470,"Arts & Letters","1","0",NA,1,0.764705882352941,"0","0",0.173497267759563
12861,3,3,"M","1","0",4.33,1170,"Business & Economics","1","0",NA,1,0.717948717948718,"0","0",0.00160901045856798
12862,6,3,"M","0","0",3.6,1270,"Math & Science","1","1",3.028,1,0.855172413793103,"1","1",1
12865,6,6,"F","1","0",3.86,1330,"Arts & Letters","1","1",3.206,1,0.903225806451613,"1","1",1
12867,6,6,"M","1","0",4.27,1380,"Math & Science","1","0",NA,1,0.896933560477002,"0","0",0.123106060606061
12870,6,3,"M","1","0",3.36,1320,"Arts & Letters","1","0",NA,0,0.156017830609212,"0","0",0.00160901045856798
12871,6,6,"F","1","0",3.59,1290,"Math & Science","1","0",NA,0,0.26978417266187,"0","0",0.00160901045856798
12878,6,6,"F","1","0",3.57,1370,"Arts & Letters","1","1",3.629,1,0.855172413793103,"1","1",1
12879,5,6,"M","1","0",3.3,1370,"Business & Economics","1","0",NA,0,0.156017830609212,"0","0",0.00160901045856798
12880,4,4,"F","0","0",4.18,1370,"Math & Science","1","1",3.138,1,0.896933560477002,"1","0",0.123106060606061
12881,7,7,"M","1","0",3.59,1250,"Math & Science","1","0",NA,0,0.05676072418855,"0","0",0.00160901045856798
12888,6,6,"M","0","1",3.62,1440,"Business & Economics","1","0",NA,1,0.880952380952381,"0","0",0.123106060606061
12890,7,6,"F","1","0",3.59,1170,"Arts & Letters","1","1",3.075,1,0.855172413793103,"1","1",1
12891,6,6,"F","0","0",3.79,1210,"Arts & Letters","1","0",NA,0,0.245187436676798,"0","0",0.00160901045856798
12893,7,7,"M","1","0",4.05,1270,"Business & Economics","1","0",NA,1,0.73936170212766,"0","0",0.173497267759563
12894,6,7,"M","1","0",3.85,1360,"Business & Economics","1","0",NA,1,0.896933560477002,"0","0",0.123106060606061
12897,7,7,"M","1","0",4.1,1460,"Business & Economics","1","0",NA,1,0.896933560477002,"0","0",0.123106060606061
12898,7,6,"M","1","0",3.71,1430,"Business & Economics","1","0",NA,1,0.880952380952381,"0","0",0.123106060606061
12902,6,6,"M","1","0",4,1380,"Business & Economics","1","1",3.012,1,0.896933560477002,"1","0",0.123106060606061
12904,7,7,"F","0","1",3.92,1410,"Math & Science","1","0",NA,1,0.896933560477002,"0","0",0.123106060606061
12909,6,6,"F","1","0",4.04,1230,"Business & Economics","1","0",NA,1,0.717948717948718,"0","0",0.00160901045856798
12910,7,7,"F","0","0",4.04,1450,"Arts & Letters","1","0",NA,1,0.896933560477002,"0","0",0.123106060606061
12911,7,7,"F","0","0",4.32,1440,"Arts & Letters","1","0",NA,1,0.896933560477002,"0","0",0.123106060606061
12914,7,7,"M","1","0",3.83,1360,"Arts & Letters","1","0",NA,1,0.896933560477002,"0","0",0.123106060606061
12916,6,4,"F","0","0",3.3,1410,"Arts & Letters","1","0",NA,0,0.156017830609212,"0","0",0.00160901045856798
12917,6,5,"M","0","1",4.33,1370,"Math & Science","1","0",NA,1,0.896933560477002,"0","0",0.123106060606061
12918,6,7,"F","1","0",4,1300,"Business & Economics","1","0",NA,1,0.73936170212766,"0","0",0.173497267759563
12919,3,4,"F","1","0",4.08,1170,"Business & Economics","1","0",NA,1,0.717948717948718,"0","0",0.00160901045856798
12929,7,5,"F","1","0",4.36,1550,"Math & Science","1","0",NA,1,0.896933560477002,"0","0",0.123106060606061
12931,5,6,"F","1","0",3.9,1560,"Math & Science","1","0",NA,1,0.896933560477002,"0","0",0.123106060606061
12932,6,3,"F","1","0",4.36,1360,"Arts & Letters","1","0",NA,1,0.896933560477002,"0","0",0.123106060606061
12937,6,6,"F","0","0",3.84,1200,"Business & Economics","1","0",NA,0,0.245187436676798,"0","0",0.00160901045856798
12940,7,7,"M","0","1",3.39,1320,"Business & Economics","1","1",2.399,1,0.855172413793103,"1","1",1
12941,6,7,"F","0","0",4.14,1270,"Math & Science","1","0",NA,1,0.73936170212766,"0","0",0.173497267759563
12943,7,7,"M","1","0",3.87,1500,"Math & Science","1","0",NA,1,0.896933560477002,"0","0",0.123106060606061
12944,7,5,"M","1","0",3.23,1150,"Business & Economics","1","1",2.608,1,0.84,"1","1",1
12947,5,3,"M","1","0",4.36,1550,"Math & Science","1","0",NA,1,0.896933560477002,"0","0",0.123106060606061
12951,6,6,"M","0","1",3.31,1500,"Math & Science","1","0",NA,0,0.156017830609212,"0","0",0.00160901045856798
12956,7,6,"M","1","0",4.25,1170,"Math & Science","1","1",3.708,1,0.854901960784314,"1","1",1
12958,6,6,"M","0","0",3.61,1360,"Arts & Letters","1","0",NA,0,0.26978417266187,"0","0",0.00160901045856798
12959,4,3,"M","0","0",3.95,1370,"Business & Economics","1","0",NA,1,0.896933560477002,"0","0",0.123106060606061
12961,7,7,"F","0","1",4.09,1510,"Math & Science","1","0",NA,1,0.896933560477002,"0","0",0.123106060606061
12964,6,6,"F","0","0",4.17,1420,"Math & Science","1","0",NA,1,0.896933560477002,"0","0",0.123106060606061
12968,6,3,"F","0","1",3.79,1550,"Math & Science","1","0",NA,1,0.896933560477002,"0","0",0.123106060606061
12969,3,6,"F","1","0",4.04,1400,"Math & Science","1","0",NA,1,0.896933560477002,"0","0",0.123106060606061
12971,6,7,"M","1","0",4.3,1170,"Business & Economics","1","1",1.65,1,0.854901960784314,"1","1",1
12972,6,4,"F","1","0",4.08,1270,"Business & Economics","1","0",NA,1,0.73936170212766,"0","0",0.173497267759563
12974,7,7,"M","1","0",4.12,1410,"Math & Science","1","0",NA,1,0.896933560477002,"0","0",0.123106060606061
12975,6,6,"F","1","0",4.2,1210,"Business & Economics","1","0",NA,1,0.717948717948718,"0","0",0.00160901045856798
12976,6,6,"F","1","0",4.24,1380,"Math & Science","1","0",NA,1,0.896933560477002,"0","0",0.123106060606061
12977,7,7,"M","0","0",4.14,1470,"Math & Science","1","0",NA,1,0.896933560477002,"0","0",0.123106060606061
12981,7,3,"F","0","1",3.95,1270,"Math & Science","1","0",NA,1,0.73936170212766,"0","0",0.173497267759563
12985,7,6,"F","0","1",3.73,1250,"Arts & Letters","1","0",NA,0,0.05676072418855,"0","0",0.00160901045856798
12990,7,7,"F","0","1",4.12,1310,"Math & Science","1","0",NA,1,0.73936170212766,"0","0",0.173497267759563
12991,5,3,"M","0","1",3.82,1340,"Business & Economics","1","0",NA,0,0.378048780487805,"0","0",0.00160901045856798
12992,4,4,"F","0","1",3.73,1230,"Math & Science","1","0",NA,0,0.05676072418855,"0","0",0.00160901045856798
12993,6,7,"F","1","0",4.3,1260,"Business & Economics","1","0",NA,1,0.73936170212766,"0","0",0.173497267759563
12995,6,6,"M","1","0",4.05,1280,"Math & Science","1","0",NA,1,0.73936170212766,"0","0",0.173497267759563
12997,6,4,"F","0","1",4.31,1480,"Math & Science","1","0",NA,1,0.896933560477002,"0","0",0.123106060606061
12998,3,3,"F","0","1",4.21,1330,"Business & Economics","1","0",NA,1,0.73936170212766,"0","0",0.173497267759563
13000,4,5,"F","1","0",3.88,1270,"Arts & Letters","1","0",NA,0,0.378048780487805,"0","0",0.00160901045856798
13003,4,4,"M","1","0",3.44,1230,"Arts & Letters","1","1",3.164,1,0.855172413793103,"1","1",1
13005,7,7,"F","1","0",4.36,1410,"Math & Science","1","0",NA,1,0.896933560477002,"0","0",0.123106060606061
13007,5,5,"F","1","0",4,1340,"Business & Economics","1","1",3.171,1,0.73936170212766,"1","0",0.173497267759563
13008,7,6,"M","1","0",3.74,1550,"Math & Science","1","0",NA,1,0.764705882352941,"0","0",0.173497267759563
13009,6,5,"F","0","1",3.75,1440,"Math & Science","1","1",2.988,1,0.855172413793103,"1","1",1
13011,6,6,"M","1","0",3.91,1210,"Business & Economics","1","0",NA,0,0.245187436676798,"0","0",0.00160901045856798
13013,6,7,"F","0","0",3.93,1190,"Math & Science","1","0",NA,0,0.245187436676798,"0","0",0.00160901045856798
13014,5,6,"F","1","0",4.04,1430,"Math & Science","1","0",NA,1,0.896933560477002,"0","0",0.123106060606061
13016,6,2,"M","1","0",3.52,1070,"Business & Economics","1","1",2.682,1,0.855172413793103,"1","1",1
13018,4,4,"F","1","0",3.21,1250,"Business & Economics","1","1",3.139,1,0.84,"1","1",1
13023,6,4,"F","1","0",3.6,1370,"Math & Science","1","1",2.395,1,0.855172413793103,"1","1",1
13024,7,7,"M","1","0",3.92,1430,"Arts & Letters","1","1",2.895,1,0.896933560477002,"1","0",0.123106060606061
13027,6,6,"F","0","0",4.21,1270,"Business & Economics","1","0",NA,1,0.73936170212766,"0","0",0.173497267759563
13031,7,7,"F","0","1",3.92,1310,"Math & Science","1","0",NA,1,0.73936170212766,"0","0",0.173497267759563
13034,6,7,"F","1","0",3.41,1140,"Arts & Letters","1","0",NA,0,0.05676072418855,"0","0",0.00160901045856798
13036,6,4,"F","1","0",4.15,1260,"Business & Economics","1","0",NA,1,0.73936170212766,"0","0",0.173497267759563
13038,6,6,"F","0","0",4,1120,"Math & Science","1","0",NA,0,0.245187436676798,"0","0",0.00160901045856798
13039,6,6,"F","0","1",4,1310,"Math & Science","1","0",NA,1,0.73936170212766,"0","0",0.173497267759563
13041,6,6,"F","0","1",3.71,1390,"Business & Economics","1","0",NA,1,0.631578947368421,"0","0",0.00160901045856798
13043,5,6,"F","0","1",3.77,1190,"Arts & Letters","1","0",NA,0,0.05676072418855,"0","0",0.00160901045856798
13045,3,3,"F","0","1",4.33,1210,"Math & Science","1","0",NA,1,0.652777777777778,"0","0",0.00160901045856798
13048,7,7,"F","1","0",4.05,1410,"Business & Economics","1","0",NA,1,0.896933560477002,"0","0",0.123106060606061
13049,4,5,"F","0","1",4.24,1470,"Math & Science","1","0",NA,1,0.896933560477002,"0","0",0.123106060606061
13051,7,6,"F","1","0",4.31,1280,"Business & Economics","1","0",NA,1,0.73936170212766,"0","0",0.173497267759563
13053,4,7,"F","1","0",4.25,1190,"Arts & Letters","1","0",NA,1,0.652777777777778,"0","0",0.00160901045856798
13054,6,6,"F","1","0",4.25,1330,"Math & Science","1","0",NA,1,0.73936170212766,"0","0",0.173497267759563
13057,6,4,"F","1","0",4,1290,"Business & Economics","1","0",NA,1,0.73936170212766,"0","0",0.173497267759563
13058,6,7,"M","1","0",3.91,1270,"Business & Economics","1","1",2.774,1,0.73936170212766,"1","0",0.173497267759563
13064,4,4,"M","0","1",3.77,1510,"Math & Science","1","0",NA,1,0.764705882352941,"0","0",0.173497267759563
13066,6,6,"F","1","0",4.12,1270,"Math & Science","1","0",NA,1,0.73936170212766,"0","0",0.173497267759563
13067,6,7,"F","1","0",4.36,1500,"Math & Science","1","0",NA,1,0.896933560477002,"0","0",0.123106060606061
13068,6,7,"F","1","0",3.9,1300,"Arts & Letters","1","0",NA,1,0.73936170212766,"0","0",0.173497267759563
13073,6,6,"F","1","0",3.96,1340,"Math & Science","1","0",NA,1,0.73936170212766,"0","0",0.173497267759563
13074,5,6,"M","0","0",3.8,1080,"Arts & Letters","1","0",NA,0,0.245187436676798,"0","0",0.00160901045856798
13075,6,5,"F","0","1",3.86,1170,"Business & Economics","1","0",NA,0,0.245187436676798,"0","0",0.00160901045856798
13076,6,6,"F","1","0",4.35,1210,"Math & Science","1","0",NA,1,0.652777777777778,"0","0",0.00160901045856798
13079,4,4,"M","1","0",4.4,1400,"Math & Science","1","0",NA,1,0.896933560477002,"0","0",0.123106060606061
13081,6,4,"F","1","0",4.14,1370,"Business & Economics","1","0",NA,1,0.896933560477002,"0","0",0.123106060606061
13084,5,6,"F","0","1",3.53,1040,"Arts & Letters","1","1",2.798,1,0.855172413793103,"1","1",1
13085,6,4,"F","1","0",3.88,1300,"Math & Science","1","0",NA,0,0.378048780487805,"0","0",0.00160901045856798
13091,6,4,"M","0","1",4.12,1170,"Arts & Letters","1","0",NA,1,0.652777777777778,"0","0",0.00160901045856798
13094,5,5,"F","1","0",4.18,1380,"Arts & Letters","1","0",NA,1,0.896933560477002,"0","0",0.123106060606061
13096,6,6,"F","1","0",3.95,1390,"Math & Science","1","1",2.745,1,0.896933560477002,"1","0",0.123106060606061
13098,7,6,"F","1","0",3.59,1270,"Arts & Letters","1","0",NA,0,0.26978417266187,"0","0",0.00160901045856798
13099,7,6,"M","0","0",3.95,1320,"Arts & Letters","1","0",NA,1,0.73936170212766,"0","0",0.173497267759563
13101,7,7,"M","1","0",3.71,1460,"Math & Science","1","0",NA,1,0.764705882352941,"0","0",0.173497267759563
13102,7,7,"F","1","0",4.33,1230,"Math & Science","1","0",NA,1,0.652777777777778,"0","0",0.00160901045856798
13104,7,6,"F","1","0",3.87,1440,"Arts & Letters","1","0",NA,1,0.896933560477002,"0","0",0.123106060606061
13108,7,6,"F","1","0",4.04,1440,"Arts & Letters","1","0",NA,1,0.896933560477002,"0","0",0.123106060606061
13110,7,6,"F","1","0",3.79,1380,"Arts & Letters","1","1",3.329,1,0.896933560477002,"1","0",0.123106060606061
13111,7,6,"F","1","0",4.05,1330,"Arts & Letters","1","0",NA,1,0.73936170212766,"0","0",0.173497267759563
13114,7,4,"M","0","1",3.89,1310,"Math & Science","1","0",NA,0,0.378048780487805,"0","0",0.00160901045856798
13115,7,7,"M","1","0",3.68,1330,"Arts & Letters","1","0",NA,0,0.26978417266187,"0","0",0.00160901045856798
13116,2,5,"M","0","0",3.64,1310,"Math & Science","1","0",NA,1,0.916666666666667,"0","0",0
13118,5,7,"F","1","0",3.83,1450,"Math & Science","1","0",NA,1,0.896933560477002,"0","0",0.123106060606061
13122,6,7,"M","1","0",4.35,1540,"Math & Science","1","0",NA,1,0.896933560477002,"0","0",0.123106060606061
13125,7,7,"F","0","0",4.18,1430,"Math & Science","1","0",NA,1,0.896933560477002,"0","0",0.123106060606061
13126,6,4,"M","1","0",3.9,1310,"Math & Science","1","0",NA,1,0.73936170212766,"0","0",0.173497267759563
13127,7,6,"M","1","0",3.32,1020,"Arts & Letters","1","0",NA,0,0.05676072418855,"0","0",0.00160901045856798
13129,7,7,"M","0","1",4.13,1590,"Business & Economics","1","0",NA,1,0.896933560477002,"0","0",0.123106060606061
13130,6,5,"F","1","0",3.54,1290,"Math & Science","1","0",NA,0,0.26978417266187,"0","0",0.00160901045856798
13137,6,6,"M","0","0",4.36,1520,"Math & Science","1","0",NA,1,0.896933560477002,"0","0",0.123106060606061
13139,7,7,"M","1","0",3.91,1550,"Math & Science","1","0",NA,1,0.896933560477002,"0","0",0.123106060606061
13143,6,6,"F","1","0",4.09,1430,"Arts & Letters","1","0",NA,1,0.896933560477002,"0","0",0.123106060606061
13146,2,2,"F","0","1",3.81,1330,"Math & Science","1","0",NA,1,0.909090909090909,"0","0",0
13148,5,6,"F","0","0",3.94,1390,"Arts & Letters","1","0",NA,1,0.896933560477002,"0","0",0.123106060606061
13151,6,6,"M","1","0",3.79,1580,"Math & Science","1","0",NA,1,0.896933560477002,"0","0",0.123106060606061
13152,5,7,"F","1","0",4.15,1280,"Arts & Letters","1","1",3.475,1,0.73936170212766,"1","0",0.173497267759563
13155,6,7,"M","1","0",4.1,1420,"Arts & Letters","1","0",NA,1,0.896933560477002,"0","0",0.123106060606061
13156,4,3,"M","0","0",4.14,1450,"Math & Science","1","0",NA,1,0.896933560477002,"0","0",0.123106060606061
13158,5,5,"F","0","0",4,1130,"Arts & Letters","1","0",NA,0,0.245187436676798,"0","0",0.00160901045856798
13159,7,7,"F","0","0",3.5,1380,"Math & Science","1","1",2.637,1,0.855172413793103,"1","1",1
13163,6,6,"M","1","0",4.18,1290,"Arts & Letters","1","0",NA,1,0.73936170212766,"0","0",0.173497267759563
13165,6,4,"F","1","0",3.42,1390,"Arts & Letters","1","0",NA,0,0.156017830609212,"0","0",0.00160901045856798
13167,7,6,"F","1","0",4.27,1250,"Math & Science","1","0",NA,1,0.652777777777778,"0","0",0.00160901045856798
13169,7,6,"F","1","0",3.67,1380,"Arts & Letters","1","0",NA,0,0.26978417266187,"0","0",0.00160901045856798
13171,7,7,"M","0","1",3.92,1560,"Arts & Letters","1","0",NA,1,0.896933560477002,"0","0",0.123106060606061
13172,1,1,"M","0","1",3.85,1270,"Business & Economics","1","0",NA,1,0.909090909090909,"0","0",0
13174,1,1,"F","0","0",4.36,1300,"Arts & Letters","1","0",NA,1,0.73936170212766,"0","0",0.173497267759563
13178,7,6,"M","1","0",3.42,1450,"Business & Economics","1","1",3.056,1,0.855172413793103,"1","1",1
13179,4,4,"F","1","0",4.17,1260,"Arts & Letters","1","0",NA,1,0.73936170212766,"0","0",0.173497267759563
13184,6,7,"M","0","1",3.94,1480,"Arts & Letters","1","0",NA,1,0.896933560477002,"0","0",0.123106060606061
13185,6,5,"M","1","0",3.85,1280,"Arts & Letters","1","1",3.606,1,0.903225806451613,"1","1",1
13188,6,6,"F","1","0",4,1140,"Math & Science","1","1",2.863,1,0.854901960784314,"1","1",1
13191,6,6,"M","1","0",3.95,1240,"Math & Science","1","1",3.172,1,0.854901960784314,"1","1",1
13197,4,6,"M","0","0",4.15,1330,"Arts & Letters","1","0",NA,1,0.73936170212766,"0","0",0.173497267759563
13200,7,6,"M","1","0",4.05,1440,"Business & Economics","1","0",NA,1,0.896933560477002,"0","0",0.123106060606061
13204,6,6,"M","1","0",4.09,1490,"Arts & Letters","1","0",NA,1,0.896933560477002,"0","0",0.123106060606061
13205,6,6,"F","1","0",3.72,1430,"Arts & Letters","1","1",3.526,1,0.855172413793103,"1","1",1
13211,7,6,"M","0","1",3.92,1440,"Math & Science","1","0",NA,1,0.896933560477002,"0","0",0.123106060606061
13212,6,6,"M","1","0",3.93,1300,"Arts & Letters","1","0",NA,1,0.73936170212766,"0","0",0.173497267759563
13216,4,2,"F","1","0",4.04,1400,"Math & Science","1","0",NA,1,0.896933560477002,"0","0",0.123106060606061
13218,6,7,"F","1","0",3.45,1230,"Arts & Letters","1","0",NA,0,0.05676072418855,"0","0",0.00160901045856798
13223,4,7,"M","1","0",3.43,1220,"Business & Economics","1","1",3.141,1,0.855172413793103,"1","1",1
13225,3,4,"F","1","0",3.96,1310,"Math & Science","1","0",NA,1,0.73936170212766,"0","0",0.173497267759563
13226,4,4,"F","0","1",4.29,1430,"Math & Science","1","0",NA,1,0.896933560477002,"0","0",0.123106060606061
13230,7,6,"F","0","0",4.2,1460,"Arts & Letters","1","0",NA,1,0.896933560477002,"0","0",0.123106060606061
13232,3,3,"F","1","0",4,1150,"Business & Economics","1","0",NA,0,0.245187436676798,"0","0",0.00160901045856798
13233,4,3,"F","0","0",4.14,1250,"Business & Economics","1","0",NA,1,0.717948717948718,"0","0",0.00160901045856798
13234,6,6,"M","1","0",4.2,1440,"Math & Science","1","0",NA,1,0.896933560477002,"0","0",0.123106060606061
13235,5,4,"M","1","0",3.92,1460,"Business & Economics","1","0",NA,1,0.896933560477002,"0","0",0.123106060606061
13236,2,3,"F","0","1",3.96,1250,"Business & Economics","1","0",NA,1,0.8,"0","0",0.173497267759563
13237,5,6,"F","1","0",4.05,1340,"Arts & Letters","1","1",3.165,1,0.73936170212766,"1","0",0.173497267759563
13242,6,6,"M","1","0",3.55,1380,"Arts & Letters","1","0",NA,0,0.26978417266187,"0","0",0.00160901045856798
13243,7,5,"F","0","1",4.2,1400,"Arts & Letters","1","0",NA,1,0.896933560477002,"0","0",0.123106060606061
13244,7,7,"F","1","0",3.95,1190,"Arts & Letters","1","0",NA,0,0.245187436676798,"0","0",0.00160901045856798
13245,3,3,"M","1","0",3.95,1530,"Math & Science","1","0",NA,1,0.896933560477002,"0","0",0.123106060606061
13246,6,6,"F","0","1",4.18,1430,"Math & Science","1","0",NA,1,0.896933560477002,"0","0",0.123106060606061
13247,7,7,"F","0","1",3.89,1540,"Arts & Letters","1","0",NA,1,0.896933560477002,"0","0",0.123106060606061
13251,7,7,"F","1","0",3.93,1270,"Math & Science","1","0",NA,1,0.73936170212766,"0","0",0.173497267759563
13253,4,6,"F","1","0",3.92,1120,"Business & Economics","1","1",2.942,1,0.854901960784314,"1","1",1
13257,7,6,"F","1","0",4.04,1270,"Business & Economics","1","1",2.94,1,0.73936170212766,"1","0",0.173497267759563
13259,5,5,"M","1","0",3.5,1440,"Arts & Letters","1","0",NA,0,0.156017830609212,"0","0",0.00160901045856798
13265,6,6,"F","0","1",4.27,1250,"Math & Science","1","0",NA,1,0.652777777777778,"0","0",0.00160901045856798
13266,6,6,"F","0","1",3.85,1210,"Math & Science","1","1",3.003,1,0.854901960784314,"1","1",1
13267,7,6,"M","1","0",4.17,1330,"Math & Science","1","0",NA,1,0.73936170212766,"0","0",0.173497267759563
13268,7,6,"M","0","0",4.04,1290,"Arts & Letters","1","0",NA,1,0.73936170212766,"0","0",0.173497267759563
13269,7,7,"F","0","0",3.84,1150,"Math & Science","1","1",3.9,1,0.854901960784314,"1","1",1
13270,7,7,"F","1","0",4.4,1240,"Math & Science","1","0",NA,1,0.652777777777778,"0","0",0.00160901045856798
13275,7,7,"F","1","0",4.26,1270,"Math & Science","1","1",3.159,1,0.73936170212766,"1","0",0.173497267759563
13276,6,4,"F","0","1",4.14,1360,"Arts & Letters","1","0",NA,1,0.896933560477002,"0","0",0.123106060606061
13283,6,6,"M","1","0",4.21,1290,"Math & Science","1","0",NA,1,0.73936170212766,"0","0",0.173497267759563
13285,1,5,"M","0","1",3.8,1250,"Math & Science","1","0",NA,1,0.8,"0","0",0.173497267759563
13288,7,6,"M","0","1",4.05,1530,"Business & Economics","1","0",NA,1,0.896933560477002,"0","0",0.123106060606061
13289,6,3,"F","1","0",3.68,1190,"Arts & Letters","1","1",3.458,1,0.855172413793103,"1","1",1
13292,6,2,"M","0","0",3.64,1220,"Business & Economics","1","1",3.063,1,0.855172413793103,"1","1",1
13293,4,4,"F","0","0",4.07,1490,"Math & Science","1","0",NA,1,0.896933560477002,"0","0",0.123106060606061
13294,6,6,"F","1","0",3.95,1390,"Math & Science","1","0",NA,1,0.896933560477002,"0","0",0.123106060606061
13295,1,1,"F","0","0",4.05,1110,"Arts & Letters","1","1",2.436,1,0.854901960784314,"1","1",1
13297,6,6,"M","1","0",3.38,1140,"Business & Economics","1","0",NA,0,0.05676072418855,"0","0",0.00160901045856798
13299,3,4,"F","1","0",4.09,1340,"Business & Economics","1","1",3.365,1,0.73936170212766,"1","0",0.173497267759563
13301,7,7,"F","0","0",4.04,1260,"Math & Science","1","0",NA,1,0.73936170212766,"0","0",0.173497267759563
13302,6,7,"F","0","0",3.7,1530,"Business & Economics","1","0",NA,1,0.880952380952381,"0","0",0.123106060606061
13305,6,6,"F","1","0",3.48,1360,"Math & Science","1","0",NA,0,0.156017830609212,"0","0",0.00160901045856798
13307,7,7,"M","1","0",4,1400,"Business & Economics","1","0",NA,1,0.896933560477002,"0","0",0.123106060606061
13308,6,6,"M","1","0",4.03,1250,"Business & Economics","1","0",NA,1,0.717948717948718,"0","0",0.00160901045856798
13310,6,6,"M","0","1",3.71,1500,"Business & Economics","1","0",NA,1,0.880952380952381,"0","0",0.123106060606061
13311,7,6,"F","1","0",3.96,1410,"Math & Science","1","0",NA,1,0.896933560477002,"0","0",0.123106060606061
13312,6,7,"M","1","0",4.25,1330,"Arts & Letters","1","0",NA,1,0.73936170212766,"0","0",0.173497267759563
13316,4,6,"F","1","0",3.73,1300,"Business & Economics","1","0",NA,1,0.631578947368421,"0","0",0.00160901045856798
13317,6,6,"F","1","0",4.25,1420,"Math & Science","1","0",NA,1,0.896933560477002,"0","0",0.123106060606061
13318,7,6,"F","1","0",3.15,1460,"Arts & Letters","1","1",3.136,1,0.84,"1","1",1
13320,6,4,"M","0","0",3.83,1240,"Business & Economics","1","0",NA,0,0.245187436676798,"0","0",0.00160901045856798
13321,6,7,"M","1","0",3.79,1350,"Business & Economics","1","0",NA,1,0.896933560477002,"0","0",0.123106060606061
13322,7,7,"F","0","1",3.91,1230,"Arts & Letters","1","0",NA,0,0.245187436676798,"0","0",0.00160901045856798
13324,6,6,"F","1","0",4.14,1460,"Business & Economics","1","0",NA,1,0.896933560477002,"0","0",0.123106060606061
13325,7,7,"F","0","1",3.88,1440,"Business & Economics","1","0",NA,1,0.896933560477002,"0","0",0.123106060606061
13330,6,6,"F","1","0",4.36,1540,"Business & Economics","1","0",NA,1,0.896933560477002,"0","0",0.123106060606061
13334,7,7,"M","0","1",3.71,1520,"Math & Science","1","0",NA,1,0.764705882352941,"0","0",0.173497267759563
13336,7,6,"M","1","0",3.59,1270,"Business & Economics","1","0",NA,0,0.26978417266187,"0","0",0.00160901045856798
13337,4,1,"F","0","1",4.12,1330,"Business & Economics","1","0",NA,1,0.73936170212766,"0","0",0.173497267759563
13338,6,6,"M","1","0",3.59,1490,"Business & Economics","1","0",NA,1,0.880952380952381,"0","0",0.123106060606061
13341,5,4,"M","1","0",3.65,1360,"Business & Economics","1","0",NA,0,0.26978417266187,"0","0",0.00160901045856798
13349,4,4,"F","1","0",3.35,1210,"Business & Economics","1","1",2.532,1,0.855172413793103,"1","1",1
13351,4,4,"F","0","1",3.92,1260,"Math & Science","1","0",NA,1,0.73936170212766,"0","0",0.173497267759563
13354,6,6,"F","1","0",3.83,1210,"Math & Science","1","1",3.202,1,0.854901960784314,"1","1",1
13358,7,7,"M","1","0",3.86,1110,"Business & Economics","1","1",2.992,1,0.854901960784314,"1","1",1
13362,6,7,"F","1","0",4.36,1320,"Arts & Letters","1","0",NA,1,0.73936170212766,"0","0",0.173497267759563
13364,6,4,"M","1","0",3.67,1410,"Math & Science","1","1",3.173,1,0.855172413793103,"1","1",1
13365,7,5,"M","1","0",4.32,1380,"Math & Science","1","0",NA,1,0.896933560477002,"0","0",0.123106060606061
13376,6,6,"F","1","0",4.36,1400,"Math & Science","1","0",NA,1,0.896933560477002,"0","0",0.123106060606061
13382,4,4,"M","1","0",3.82,1140,"Arts & Letters","1","0",NA,0,0.245187436676798,"0","0",0.00160901045856798
13383,6,6,"M","1","0",4.32,1540,"Business & Economics","1","0",NA,1,0.896933560477002,"0","0",0.123106060606061
13386,6,7,"F","1","0",3.79,1230,"Arts & Letters","1","0",NA,0,0.245187436676798,"0","0",0.00160901045856798
13394,5,3,"F","0","0",3.54,1400,"Math & Science","1","0",NA,1,1,"0","0",0.123106060606061
13402,6,4,"M","0","1",3.5,1060,"Arts & Letters","1","1",2.674,1,0.855172413793103,"1","1",1
13403,7,7,"F","0","1",3.46,1410,"Business & Economics","1","1",3.085,1,0.855172413793103,"1","1",1
13409,7,7,"M","1","0",3.95,1340,"Business & Economics","1","1",3.727,1,0.73936170212766,"1","0",0.173497267759563
13413,7,7,"F","0","0",3.67,970,"Arts & Letters","1","0",NA,0,0.05676072418855,"0","0",0.00160901045856798
13414,7,6,"F","1","0",3.76,1400,"Arts & Letters","1","0",NA,1,0.818181818181818,"0","0",0.173497267759563
13425,5,5,"M","1","0",4.22,1250,"Arts & Letters","1","0",NA,1,0.652777777777778,"0","0",0.00160901045856798
13427,1,4,"M","1","0",4.14,1210,"Math & Science","1","0",NA,1,0.8,"0","0",0.173497267759563
13431,6,3,"M","1","0",4,1310,"Business & Economics","1","1",3.586,1,0.73936170212766,"1","0",0.173497267759563
13434,3,6,"M","1","0",4.17,1280,"Arts & Letters","1","0",NA,1,0.73936170212766,"0","0",0.173497267759563
13436,6,7,"F","1","0",4.12,1390,"Math & Science","1","0",NA,1,0.896933560477002,"0","0",0.123106060606061
13437,3,3,"F","1","0",3.53,1100,"Arts & Letters","1","0",NA,0,0.05676072418855,"0","0",0.00160901045856798
13442,4,5,"F","0","0",3.45,1170,"Arts & Letters","1","0",NA,0,0.05676072418855,"0","0",0.00160901045856798
13443,6,6,"F","1","0",4.23,1170,"Business & Economics","1","0",NA,1,0.717948717948718,"0","0",0.00160901045856798
13446,6,6,"M","0","0",3.45,1440,"Business & Economics","1","0",NA,0,0.156017830609212,"0","0",0.00160901045856798
13450,7,6,"M","0","0",3.67,1230,"Business & Economics","1","0",NA,0,0.05676072418855,"0","0",0.00160901045856798
13451,7,6,"F","0","1",3.83,1410,"Arts & Letters","1","0",NA,1,0.896933560477002,"0","0",0.123106060606061
13458,6,4,"F","0","0",4.1,1260,"Arts & Letters","1","0",NA,1,0.73936170212766,"0","0",0.173497267759563
13459,3,3,"M","1","0",4.18,1170,"Math & Science","1","0",NA,1,0.652777777777778,"0","0",0.00160901045856798
13460,7,7,"M","0","1",3,1270,"Math & Science","1","0",NA,0,0.156017830609212,"0","0",0
13461,7,7,"M","0","1",4.2,1430,"Math & Science","1","0",NA,1,0.896933560477002,"0","0",0.123106060606061
13462,7,6,"M","0","1",3.88,1280,"Math & Science","1","0",NA,0,0.378048780487805,"0","0",0.00160901045856798
13463,6,3,"F","0","1",4.35,1250,"Math & Science","1","0",NA,1,0.652777777777778,"0","0",0.00160901045856798
13464,6,7,"F","0","1",4.31,1390,"Business & Economics","1","0",NA,1,0.896933560477002,"0","0",0.123106060606061
13467,6,6,"F","1","0",3.58,1210,"Business & Economics","1","1",3.133,1,0.855172413793103,"1","1",1
13468,4,5,"F","1","0",4.16,1150,"Arts & Letters","1","0",NA,0,0.308370044052863,"0","0",0.00160901045856798
13471,7,7,"F","1","0",4.14,1390,"Arts & Letters","1","0",NA,1,0.896933560477002,"0","0",0.123106060606061
13473,3,6,"F","0","1",3.71,1340,"Arts & Letters","1","0",NA,1,0.769230769230769,"0","0",0.173497267759563
13479,6,6,"M","1","0",4.1,1490,"Arts & Letters","1","0",NA,1,0.896933560477002,"0","0",0.123106060606061
13481,6,6,"F","1","0",3.62,1320,"Arts & Letters","1","0",NA,0,0.26978417266187,"0","0",0.00160901045856798
13482,7,7,"F","1","0",4,1290,"Business & Economics","1","0",NA,1,0.73936170212766,"0","0",0.173497267759563
13484,6,7,"F","1","0",4.04,1350,"Math & Science","1","1",2.858,1,0.896933560477002,"1","0",0.123106060606061
13491,6,7,"M","1","0",3.65,1390,"Math & Science","1","0",NA,0,0.26978417266187,"0","0",0.00160901045856798
13492,3,3,"M","0","1",3.27,1600,"Math & Science","1","0",NA,0,0.156017830609212,"0","0",0.00160901045856798
13495,7,7,"F","0","1",3.65,1380,"Business & Economics","1","0",NA,0,0.26978417266187,"0","0",0.00160901045856798
13496,7,6,"M","0","1",3.85,1250,"Math & Science","1","0",NA,0,0.245187436676798,"0","0",0.00160901045856798
13501,4,7,"F","0","0",3.93,1220,"Arts & Letters","1","1",3.308,1,0.854901960784314,"1","1",1
13507,7,7,"F","1","0",4.16,1250,"Arts & Letters","1","1",3.7,1,0.854901960784314,"1","1",1
13512,6,6,"F","0","1",4.14,1320,"Business & Economics","1","0",NA,1,0.73936170212766,"0","0",0.173497267759563
13513,6,4,"M","0","0",3.5,1270,"Arts & Letters","1","0",NA,0,0.156017830609212,"0","0",0.00160901045856798
13514,6,3,"M","1","0",3.86,1350,"Business & Economics","1","0",NA,1,0.896933560477002,"0","0",0.123106060606061
13517,2,6,"F","0","1",3.86,1270,"Math & Science","1","1",3.691,1,0.903225806451613,"1","1",1
13518,4,2,"F","0","0",4.08,1180,"Math & Science","1","0",NA,1,0.652777777777778,"0","0",0.00160901045856798
13519,5,4,"F","0","1",3.41,1250,"Business & Economics","1","1",3.234,1,0.855172413793103,"1","1",1
13524,5,5,"M","0","0",3.92,1260,"Math & Science","1","0",NA,1,0.73936170212766,"0","0",0.173497267759563
13530,5,7,"M","0","0",3.79,1330,"Business & Economics","1","1",2.781,1,0.903225806451613,"1","1",1
13533,6,3,"F","0","1",4.09,1200,"Business & Economics","1","0",NA,1,0.717948717948718,"0","0",0.00160901045856798
13534,3,6,"F","1","0",4.15,1330,"Business & Economics","1","0",NA,1,0.73936170212766,"0","0",0.173497267759563
13539,6,6,"M","1","0",4.14,1390,"Math & Science","1","0",NA,1,0.896933560477002,"0","0",0.123106060606061
13543,7,6,"F","1","0",4.09,1300,"Business & Economics","1","0",NA,1,0.73936170212766,"0","0",0.173497267759563
13548,6,6,"F","1","0",4.27,1260,"Arts & Letters","1","1",3.785,1,0.73936170212766,"1","0",0.173497267759563
13549,7,7,"F","1","0",3.62,1190,"Arts & Letters","1","0",NA,0,0.05676072418855,"0","0",0.00160901045856798
13559,6,7,"F","1","0",3.73,1290,"Math & Science","1","0",NA,0,0.336,"0","0",0.00160901045856798
13560,6,6,"F","1","0",3.03,1240,"Arts & Letters","1","1",2.642,1,0.84,"1","1",1
13565,3,3,"F","0","0",3.68,1130,"Arts & Letters","1","0",NA,0,0.05676072418855,"0","0",0.00160901045856798
13567,7,7,"F","1","0",4.18,1450,"Math & Science","1","0",NA,1,0.896933560477002,"0","0",0.123106060606061
13568,7,7,"M","1","0",4.08,1310,"Math & Science","1","1",3.709,1,0.73936170212766,"1","0",0.173497267759563
13571,6,4,"F","1","0",4.4,1480,"Arts & Letters","1","0",NA,1,0.896933560477002,"0","0",0.123106060606061
13575,2,1,"F","0","0",4.25,1370,"Math & Science","1","0",NA,1,0.896933560477002,"0","0",0.123106060606061
13578,6,5,"M","0","1",4,1420,"Math & Science","1","0",NA,1,0.896933560477002,"0","0",0.123106060606061
13579,3,3,"M","0","0",4.14,1300,"Math & Science","1","0",NA,1,0.73936170212766,"0","0",0.173497267759563
13581,7,7,"M","0","1",3.73,1280,"Math & Science","1","0",NA,0,0.336,"0","0",0.00160901045856798
13587,7,6,"F","0","0",4.06,1450,"Arts & Letters","1","0",NA,1,0.896933560477002,"0","0",0.123106060606061
13588,6,6,"M","1","0",4.18,1270,"Arts & Letters","1","0",NA,1,0.73936170212766,"0","0",0.173497267759563
13595,1,1,"F","0","0",4.05,1150,"Arts & Letters","1","0",NA,1,0.793939393939394,"0","0",0.173497267759563
13596,2,2,"F","0","1",3.73,1060,"Math & Science","1","0",NA,0,0.05676072418855,"0","0",0.00160901045856798
13597,6,6,"M","0","1",4.09,1490,"Business & Economics","1","0",NA,1,0.896933560477002,"0","0",0.123106060606061
13598,3,2,"F","0","0",4.35,1140,"Math & Science","1","0",NA,0,0.308370044052863,"0","0",0.00160901045856798
13600,1,1,"M","0","0",3.39,1110,"Business & Economics","1","0",NA,0,0.05676072418855,"0","0",0.00160901045856798
13601,7,6,"M","0","0",4.05,1330,"Business & Economics","1","0",NA,1,0.73936170212766,"0","0",0.173497267759563
13602,7,7,"M","1","0",3.75,1210,"Business & Economics","1","0",NA,0,0.05676072418855,"0","0",0.00160901045856798
13607,7,7,"F","0","1",4.15,1250,"Arts & Letters","1","0",NA,1,0.652777777777778,"0","0",0.00160901045856798
13609,7,7,"M","1","0",4.14,1440,"Business & Economics","1","0",NA,1,0.896933560477002,"0","0",0.123106060606061
13610,1,1,"F","0","0",3.67,1170,"Business & Economics","1","0",NA,0,0.05676072418855,"0","0",0.00160901045856798
13612,3,7,"F","0","1",3.68,1310,"Business & Economics","1","1",3.21,1,0.855172413793103,"1","1",1
13613,4,4,"F","0","0",4.2,1180,"Business & Economics","1","0",NA,1,0.717948717948718,"0","0",0.00160901045856798
13615,6,6,"F","0","1",3.85,1320,"Business & Economics","1","0",NA,0,0.378048780487805,"0","0",0.00160901045856798
13616,1,1,"M","0","1",3.27,1260,"Business & Economics","1","0",NA,0,0.05676072418855,"0","0",0.00160901045856798
13618,7,7,"F","0","1",3.75,1540,"Business & Economics","1","0",NA,1,0.880952380952381,"0","0",0.123106060606061
13619,1,1,"M","0","0",3.71,1430,"Math & Science","1","0",NA,1,0.818181818181818,"0","0",0.173497267759563
13620,7,6,"F","0","1",3.85,1250,"Arts & Letters","1","0",NA,0,0.245187436676798,"0","0",0.00160901045856798
13626,2,1,"M","0","1",3.79,1300,"Business & Economics","1","0",NA,1,0.909090909090909,"0","0",0
13628,4,4,"F","1","0",4.05,1380,"Business & Economics","1","1",3.057,1,0.896933560477002,"1","0",0.123106060606061
13630,6,7,"M","1","0",3.79,1520,"Math & Science","1","0",NA,1,0.896933560477002,"0","0",0.123106060606061
13636,6,4,"F","1","0",3.8,1260,"Math & Science","1","1",2.821,1,0.903225806451613,"1","1",1
13637,6,7,"M","1","0",3.9,1290,"Business & Economics","1","0",NA,1,0.73936170212766,"0","0",0.173497267759563
13639,1,1,"F","0","0",3.45,1090,"Math & Science","1","1",2.587,1,0.855172413793103,"1","1",1
13650,6,3,"M","1","0",4.1,1350,"Business & Economics","1","0",NA,1,0.896933560477002,"0","0",0.123106060606061
13651,7,6,"F","1","0",4.21,1540,"Math & Science","1","0",NA,1,0.896933560477002,"0","0",0.123106060606061
13654,1,1,"M","0","0",3.83,1300,"Arts & Letters","1","0",NA,1,0.909090909090909,"0","0",0
13655,6,6,"F","0","0",4.09,1330,"Business & Economics","1","0",NA,1,0.73936170212766,"0","0",0.173497267759563
13656,6,7,"M","1","0",4.09,1440,"Math & Science","1","0",NA,1,0.896933560477002,"0","0",0.123106060606061
13664,2,2,"F","1","0",3.5,1120,"Arts & Letters","1","1",2.586,1,0.855172413793103,"1","1",1
13666,5,5,"F","0","0",4.2,1110,"Arts & Letters","1","0",NA,0,0.308370044052863,"0","0",0.00160901045856798
13671,6,6,"M","0","1",3.46,1400,"Arts & Letters","1","1",3.128,1,0.855172413793103,"1","1",1
13673,7,6,"F","0","0",3.79,1230,"Math & Science","1","0",NA,0,0.245187436676798,"0","0",0.00160901045856798
13674,1,2,"M","0","0",4.26,1230,"Math & Science","1","0",NA,1,0.793939393939394,"0","0",0.173497267759563
13684,7,7,"M","1","0",3.77,1240,"Arts & Letters","1","0",NA,0,0.05676072418855,"0","0",0.00160901045856798
13687,7,7,"F","1","0",4.17,1340,"Math & Science","1","0",NA,1,0.73936170212766,"0","0",0.173497267759563
13704,6,6,"M","1","0",4.17,1320,"Business & Economics","1","0",NA,1,0.73936170212766,"0","0",0.173497267759563
13724,6,6,"F","1","0",3.71,1250,"Arts & Letters","1","0",NA,0,0.05676072418855,"0","0",0.00160901045856798
13726,6,7,"F","0","0",3.54,1260,"Arts & Letters","1","1",3.051,1,0.855172413793103,"1","1",1
13728,7,7,"F","0","1",3.83,1330,"Math & Science","1","0",NA,0,0.378048780487805,"0","0",0.00160901045856798
13732,6,6,"M","0","1",3.73,1180,"Arts & Letters","1","0",NA,0,0.05676072418855,"0","0",0.00160901045856798
13745,6,6,"F","1","0",4.21,1500,"Math & Science","1","0",NA,1,0.896933560477002,"0","0",0.123106060606061
13749,7,7,"M","1","0",3.64,1480,"Math & Science","1","0",NA,1,0.764705882352941,"0","0",0.173497267759563
13751,4,4,"F","0","0",4,1190,"Business & Economics","1","0",NA,0,0.245187436676798,"0","0",0.00160901045856798
13753,7,7,"M","0","1",3.45,1380,"Arts & Letters","1","1",3.667,1,0.855172413793103,"1","1",1
13755,6,6,"F","0","1",3.92,1140,"Arts & Letters","1","0",NA,0,0.245187436676798,"0","0",0.00160901045856798
13757,6,6,"M","0","0",3.42,1270,"Arts & Letters","1","0",NA,0,0.156017830609212,"0","0",0.00160901045856798
13761,7,7,"M","0","0",3.62,1260,"Business & Economics","1","0",NA,0,0.05676072418855,"0","0",0.00160901045856798
13763,7,4,"M","0","0",3.83,1470,"Math & Science","1","1",3.493,1,0.896933560477002,"1","0",0.123106060606061
13766,1,1,"F","0","0",4.18,960,"Math & Science","1","0",NA,1,0.793939393939394,"0","0",0.173497267759563
13768,7,6,"M","1","0",3.59,1190,"Arts & Letters","1","1",3.017,1,0.855172413793103,"1","1",1
13772,7,6,"M","1","0",3.57,1210,"Math & Science","1","1",2.1,1,0.855172413793103,"1","1",1
13774,7,6,"M","1","0",3.77,1280,"Business & Economics","1","0",NA,1,0.631578947368421,"0","0",0.00160901045856798
13778,6,6,"M","0","0",3.91,1210,"Business & Economics","1","0",NA,0,0.245187436676798,"0","0",0.00160901045856798
13779,4,6,"F","0","0",3.52,1000,"Arts & Letters","1","0",NA,0,0.05676072418855,"0","0",0.00160901045856798
13784,3,3,"F","0","1",4.04,1190,"Math & Science","1","0",NA,1,0.652777777777778,"0","0",0.00160901045856798
13786,6,6,"F","0","0",3.97,1090,"Arts & Letters","1","0",NA,0,0.245187436676798,"0","0",0.00160901045856798
13787,7,7,"F","0","1",3.76,1390,"Math & Science","1","0",NA,0,0.336,"0","0",0.00160901045856798
13788,7,7,"F","0","1",4.3,1410,"Business & Economics","1","1",3.872,1,0.896933560477002,"1","0",0.123106060606061
13791,4,4,"F","1","0",4.3,1140,"Business & Economics","1","0",NA,0,0.308370044052863,"0","0",0.00160901045856798
13797,4,4,"F","0","1",3.44,1300,"Math & Science","1","0",NA,0,0.156017830609212,"0","0",0.00160901045856798
13801,3,3,"F","1","0",4.18,1280,"Arts & Letters","1","0",NA,1,0.73936170212766,"0","0",0.173497267759563
13806,3,6,"M","0","1",4,1350,"Math & Science","1","0",NA,1,0.896933560477002,"0","0",0.123106060606061
13807,7,6,"F","0","1",3.54,1340,"Arts & Letters","1","1",3.301,1,0.855172413793103,"1","1",1
13810,4,1,"M","0","1",3.82,1370,"Math & Science","1","0",NA,1,0.896933560477002,"0","0",0.123106060606061
13820,4,4,"M","0","1",3.62,1520,"Math & Science","1","0",NA,1,0.764705882352941,"0","0",0.173497267759563
13824,6,7,"M","1","0",4.05,1100,"Arts & Letters","1","0",NA,0,0.308370044052863,"0","0",0.00160901045856798
13829,1,1,"M","0","0",4,1180,"Math & Science","1","0",NA,1,0.793939393939394,"0","0",0.173497267759563
13832,5,5,"M","0","0",3.09,1100,"Math & Science","1","0",NA,0,0.05676072418855,"0","0",0
13836,6,6,"M","1","0",3.86,1330,"Business & Economics","1","0",NA,0,0.378048780487805,"0","0",0.00160901045856798
13837,7,7,"F","1","0",4.21,1300,"Arts & Letters","1","0",NA,1,0.73936170212766,"0","0",0.173497267759563
13842,4,6,"F","1","0",4.23,1090,"Arts & Letters","1","0",NA,0,0.308370044052863,"0","0",0.00160901045856798
13847,2,4,"F","0","1",4,1210,"Math & Science","1","1",2.814,1,0.854901960784314,"1","1",1
13852,6,6,"M","1","0",4.14,1280,"Math & Science","1","0",NA,1,0.73936170212766,"0","0",0.173497267759563
13858,1,3,"F","0","1",3.72,1280,"Business & Economics","1","0",NA,1,0.916666666666667,"0","0",0
13860,7,6,"F","1","0",3.9,1310,"Arts & Letters","1","0",NA,1,0.73936170212766,"0","0",0.173497267759563
13862,7,6,"F","0","1",4.12,1440,"Arts & Letters","1","0",NA,1,0.896933560477002,"0","0",0.123106060606061
13863,7,7,"F","0","0",4.25,1170,"Math & Science","1","1",3.026,1,0.854901960784314,"1","1",1
13868,4,3,"F","0","1",4.32,1330,"Math & Science","1","0",NA,1,0.73936170212766,"0","0",0.173497267759563
13873,6,6,"F","0","0",3.55,1110,"Arts & Letters","1","1",3.288,1,0.855172413793103,"1","1",1
13875,4,3,"F","1","0",4,1260,"Math & Science","1","0",NA,1,0.73936170212766,"0","0",0.173497267759563
13877,4,6,"F","1","0",4.04,1270,"Math & Science","1","0",NA,1,0.73936170212766,"0","0",0.173497267759563
13878,7,6,"M","0","1",3.92,1400,"Business & Economics","1","0",NA,1,0.896933560477002,"0","0",0.123106060606061
13880,3,3,"F","0","0",4.04,1200,"Math & Science","1","0",NA,1,0.652777777777778,"0","0",0.00160901045856798
13881,5,5,"F","0","0",4.2,1420,"Math & Science","1","0",NA,1,0.896933560477002,"0","0",0.123106060606061
13886,1,1,"M","0","0",4.05,1130,"Math & Science","1","0",NA,1,0.793939393939394,"0","0",0.173497267759563
13888,6,6,"M","1","0",3.59,1210,"Arts & Letters","1","1",2.123,1,0.855172413793103,"1","1",1
13891,4,6,"F","0","1",4.04,1550,"Math & Science","1","0",NA,1,0.896933560477002,"0","0",0.123106060606061
13892,3,3,"F","0","1",4.3,900,"Math & Science","1","0",NA,0,0.308370044052863,"0","0",0.00160901045856798
13894,3,3,"M","0","1",4,1350,"Math & Science","1","0",NA,1,0.896933560477002,"0","0",0.123106060606061
13895,6,6,"M","0","1",4.21,1330,"Math & Science","1","0",NA,1,0.73936170212766,"0","0",0.173497267759563
13896,3,3,"M","0","0",3.58,1320,"Business & Economics","1","0",NA,0,0.26978417266187,"0","0",0.00160901045856798
13916,7,7,"M","0","1",4.09,1200,"Business & Economics","1","0",NA,1,0.717948717948718,"0","0",0.00160901045856798
13920,6,6,"M","0","1",3.67,1350,"Business & Economics","1","1",2.898,1,0.855172413793103,"1","1",1
13923,2,2,"F","0","0",3.59,1100,"Business & Economics","1","0",NA,0,0.05676072418855,"0","0",0.00160901045856798
13927,1,1,"F","0","0",3.59,1020,"Math & Science","1","0",NA,0,0.05676072418855,"0","0",0.00160901045856798
13933,4,4,"F","1","0",4.31,1360,"Math & Science","1","0",NA,1,0.896933560477002,"0","0",0.123106060606061
13947,6,5,"M","0","0",3.25,1070,"Arts & Letters","1","1",2.381,1,0.855172413793103,"1","1",1
13950,2,3,"F","1","0",4.18,1170,"Arts & Letters","1","0",NA,0,0.393939393939394,"0","0",0.00160901045856798
13952,1,1,"M","0","0",3.77,1180,"Arts & Letters","1","0",NA,0,0.05676072418855,"0","0",0.00160901045856798
13964,2,3,"F","1","0",4.09,1110,"Arts & Letters","1","0",NA,0,0.393939393939394,"0","0",0.00160901045856798
13972,4,6,"M","1","0",3.85,1190,"Arts & Letters","1","0",NA,0,0.245187436676798,"0","0",0.00160901045856798
13978,6,6,"F","1","0",4.23,1280,"Math & Science","1","0",NA,1,0.73936170212766,"0","0",0.173497267759563
13979,5,6,"M","1","0",3.19,1130,"Arts & Letters","1","1",2.738,1,0.84,"1","1",1
13981,6,4,"F","0","0",4.16,1340,"Business & Economics","1","1",3.833,1,0.73936170212766,"1","0",0.173497267759563
13983,7,7,"F","0","0",3.91,1040,"Arts & Letters","1","0",NA,0,0.245187436676798,"0","0",0.00160901045856798
13992,5,3,"M","0","1",4,1470,"Business & Economics","1","0",NA,1,0.896933560477002,"0","0",0.123106060606061
13993,4,4,"F","1","0",3.73,1200,"Arts & Letters","1","0",NA,0,0.05676072418855,"0","0",0.00160901045856798
13994,6,7,"M","1","0",4.05,1250,"Math & Science","1","1",2.433,1,0.854901960784314,"1","1",1
13998,4,6,"M","0","1",3.5,1120,"Math & Science","1","1",0.717,1,0.855172413793103,"1","1",1
14002,7,7,"M","0","1",3.47,1320,"Business & Economics","1","0",NA,0,0.156017830609212,"0","0",0.00160901045856798
14006,7,5,"F","0","1",3.94,1370,"Arts & Letters","1","0",NA,1,0.896933560477002,"0","0",0.123106060606061
14010,6,2,"F","1","0",3.73,1260,"Math & Science","1","1",3.492,1,0.855172413793103,"1","1",1
14022,7,7,"M","0","1",4.3,1550,"Math & Science","1","1",3.618,1,0.896933560477002,"1","0",0.123106060606061
14023,7,6,"F","1","0",4,1180,"Arts & Letters","1","0",NA,0,0.245187436676798,"0","0",0.00160901045856798
14024,4,7,"M","1","0",3.88,1270,"Math & Science","1","0",NA,0,0.378048780487805,"0","0",0.00160901045856798
14037,4,4,"M","0","1",3.82,1440,"Business & Economics","1","1",3.28,1,0.896933560477002,"1","0",0.123106060606061
14044,7,6,"F","1","0",3.95,1150,"Business & Economics","1","0",NA,0,0.245187436676798,"0","0",0.00160901045856798
14046,3,3,"F","1","0",4.33,1340,"Arts & Letters","1","1",3.833,1,0.73936170212766,"1","0",0.173497267759563
14048,6,6,"F","1","0",3.84,1400,"Arts & Letters","1","1",3.252,1,0.896933560477002,"1","0",0.123106060606061
14050,7,6,"F","1","0",4,1260,"Math & Science","1","0",NA,1,0.73936170212766,"0","0",0.173497267759563
14053,6,7,"F","1","0",4.31,1450,"Math & Science","1","0",NA,1,0.896933560477002,"0","0",0.123106060606061
14060,2,2,"F","0","0",4,1150,"Math & Science","1","0",NA,1,0.793939393939394,"0","0",0.173497267759563
14061,4,5,"F","1","0",4.15,1330,"Arts & Letters","1","0",NA,1,0.73936170212766,"0","0",0.173497267759563
14073,6,3,"M","1","0",4,1040,"Arts & Letters","1","1",3.03,1,0.854901960784314,"1","1",1
14075,6,3,"M","0","1",3.68,1190,"Math & Science","1","0",NA,0,0.05676072418855,"0","0",0.00160901045856798
14079,1,1,"F","0","0",3.64,920,"Math & Science","1","1",2.845,1,0.855172413793103,"1","1",1
14083,7,6,"M","1","0",4.18,1260,"Math & Science","1","0",NA,1,0.73936170212766,"0","0",0.173497267759563
14086,6,6,"F","0","0",3.94,1240,"Arts & Letters","1","0",NA,0,0.245187436676798,"0","0",0.00160901045856798
14087,4,5,"M","0","0",4.06,1320,"Math & Science","1","0",NA,1,0.73936170212766,"0","0",0.173497267759563
14097,7,6,"M","0","1",3.92,1400,"Math & Science","1","0",NA,1,0.896933560477002,"0","0",0.123106060606061
14100,7,7,"F","1","0",3.91,1190,"Math & Science","1","0",NA,0,0.245187436676798,"0","0",0.00160901045856798
14109,7,7,"M","0","1",3.68,1470,"Arts & Letters","1","0",NA,1,0.764705882352941,"0","0",0.173497267759563
14112,7,7,"M","1","0",3.95,1360,"Math & Science","1","0",NA,1,0.896933560477002,"0","0",0.123106060606061
14114,6,4,"F","1","0",4,1280,"Math & Science","1","1",2.773,1,0.73936170212766,"1","0",0.173497267759563
14119,7,4,"F","0","0",4.08,1350,"Math & Science","1","1",2.966,1,0.896933560477002,"1","0",0.123106060606061
14124,1,1,"M","0","1",3.82,1370,"Math & Science","1","0",NA,1,0.896933560477002,"0","0",0.123106060606061
14126,7,7,"F","1","0",3.64,1230,"Arts & Letters","1","0",NA,0,0.05676072418855,"0","0",0.00160901045856798
14128,6,7,"F","1","0",3.64,1430,"Arts & Letters","1","0",NA,1,0.818181818181818,"0","0",0.173497267759563
14131,7,6,"M","1","0",3.93,1110,"Business & Economics","1","0",NA,0,0.245187436676798,"0","0",0.00160901045856798
14143,4,7,"F","1","0",3.11,1160,"Arts & Letters","1","0",NA,0,0.05676072418855,"0","0",0
14144,1,3,"M","0","1",4.05,1390,"Arts & Letters","1","0",NA,1,0.896933560477002,"0","0",0.123106060606061
14149,6,4,"F","0","1",4.09,1380,"Math & Science","1","0",NA,1,0.896933560477002,"0","0",0.123106060606061
14153,2,2,"M","0","1",3.06,1110,"Math & Science","1","1",2.704,1,0.84,"1","1",1
14157,7,6,"F","0","1",4.09,1550,"Math & Science","1","0",NA,1,0.896933560477002,"0","0",0.123106060606061
14159,4,4,"F","1","0",3.54,1290,"Arts & Letters","1","0",NA,0,0.26978417266187,"0","0",0.00160901045856798
14166,6,6,"F","0","0",3.85,1260,"Arts & Letters","1","0",NA,0,0.378048780487805,"0","0",0.00160901045856798
14170,3,4,"F","0","1",4.25,1510,"Math & Science","1","0",NA,1,0.896933560477002,"0","0",0.123106060606061
14181,5,4,"F","0","1",3.91,1300,"Math & Science","1","0",NA,1,0.73936170212766,"0","0",0.173497267759563
14185,4,4,"F","1","0",3.88,1440,"Math & Science","1","0",NA,1,0.896933560477002,"0","0",0.123106060606061
14186,4,4,"F","1","0",3.88,1360,"Arts & Letters","1","1",3.146,1,0.896933560477002,"1","0",0.123106060606061
14191,6,4,"F","1","0",3.9,1110,"Math & Science","1","0",NA,0,0.245187436676798,"0","0",0.00160901045856798
14192,4,6,"F","1","0",3.86,1190,"Arts & Letters","1","0",NA,0,0.245187436676798,"0","0",0.00160901045856798
14193,7,6,"M","1","0",4.05,1540,"Business & Economics","1","0",NA,1,0.896933560477002,"0","0",0.123106060606061
14197,7,7,"F","1","0",4.4,1380,"Math & Science","1","0",NA,1,0.896933560477002,"0","0",0.123106060606061
14198,7,7,"F","0","0",3.67,1320,"Arts & Letters","1","0",NA,0,0.26978417266187,"0","0",0.00160901045856798
14200,1,1,"F","0","1",3.52,960,"Arts & Letters","1","0",NA,0,0.05676072418855,"0","0",0.00160901045856798
14205,2,4,"F","1","0",3.68,1180,"Business & Economics","1","0",NA,0,0.05676072418855,"0","0",0.00160901045856798
14206,7,7,"M","1","0",3.86,1370,"Math & Science","1","1",2.886,1,0.896933560477002,"1","0",0.123106060606061
14208,6,4,"M","0","0",3.17,1290,"Arts & Letters","1","0",NA,0,0.156017830609212,"0","0",0.00160901045856798
14209,6,6,"F","0","1",4,1300,"Arts & Letters","1","0",NA,1,0.73936170212766,"0","0",0.173497267759563
14218,7,6,"M","0","0",3.2,1180,"Arts & Letters","1","1",2.395,1,0.84,"1","1",1
14219,5,3,"M","1","0",3.28,1240,"Arts & Letters","1","1",2.571,1,0.855172413793103,"1","1",1
14225,3,1,"M","0","0",3.73,1300,"Business & Economics","1","0",NA,1,0.631578947368421,"0","0",0.00160901045856798
14228,2,2,"F","1","0",3.62,1080,"Arts & Letters","1","1",1.792,1,0.855172413793103,"1","1",1
14229,1,1,"F","0","1",4,920,"Math & Science","1","0",NA,0,0.320754716981132,"0","0",0.00160901045856798
14235,2,4,"M","0","1",3.86,1420,"Math & Science","1","0",NA,1,0.896933560477002,"0","0",0.123106060606061
14239,6,6,"F","0","1",2.88,1140,"Math & Science","1","0",NA,0,0.05676072418855,"0","0",0
14242,1,7,"M","0","1",4.17,1580,"Math & Science","1","0",NA,1,0.896933560477002,"0","0",0.123106060606061
14247,7,7,"F","1","0",4.15,1190,"Arts & Letters","1","0",NA,1,0.652777777777778,"0","0",0.00160901045856798
14248,7,7,"F","0","1",3.89,1400,"Math & Science","1","0",NA,1,0.896933560477002,"0","0",0.123106060606061
14250,4,6,"F","0","1",3.62,1410,"Arts & Letters","1","0",NA,1,0.818181818181818,"0","0",0.173497267759563
14253,3,6,"F","1","0",4,1230,"Business & Economics","1","0",NA,0,0.245187436676798,"0","0",0.00160901045856798
14254,7,7,"F","0","1",4.04,1070,"Business & Economics","1","0",NA,0,0.308370044052863,"0","0",0.00160901045856798
14257,3,3,"F","0","1",3.61,1340,"Math & Science","1","0",NA,0,0.26978417266187,"0","0",0.00160901045856798
14261,7,7,"M","0","1",3.83,1370,"Math & Science","1","0",NA,1,0.896933560477002,"0","0",0.123106060606061
14263,6,6,"F","0","0",4.1,1480,"Math & Science","1","0",NA,1,0.896933560477002,"0","0",0.123106060606061
14265,2,2,"F","0","1",4.09,1080,"Math & Science","1","0",NA,1,0.793939393939394,"0","0",0.173497267759563
14267,7,7,"F","0","0",3.65,1110,"Arts & Letters","1","0",NA,0,0.05676072418855,"0","0",0.00160901045856798
14270,1,1,"F","0","1",3.77,1280,"Arts & Letters","1","0",NA,1,0.916666666666667,"0","0",0
14273,3,3,"F","0","1",3.45,1090,"Arts & Letters","1","0",NA,0,0.05676072418855,"0","0",0.00160901045856798
14277,6,6,"M","1","0",4.27,1260,"Math & Science","1","0",NA,1,0.73936170212766,"0","0",0.173497267759563
14280,6,2,"M","0","1",4.17,1210,"Math & Science","1","0",NA,1,0.652777777777778,"0","0",0.00160901045856798
14287,6,4,"F","1","0",3.83,1070,"Business & Economics","1","1",2.736,1,0.854901960784314,"1","1",1
14293,6,7,"M","1","0",3.82,1290,"Arts & Letters","1","0",NA,0,0.378048780487805,"0","0",0.00160901045856798
14295,6,6,"F","1","0",4.04,1370,"Math & Science","1","0",NA,1,0.896933560477002,"0","0",0.123106060606061
14300,6,6,"F","0","0",4.25,1490,"Arts & Letters","1","0",NA,1,0.896933560477002,"0","0",0.123106060606061
14306,1,6,"F","1","0",3.89,1210,"Math & Science","1","0",NA,1,0.8,"0","0",0.173497267759563
14307,3,7,"F","0","0",4.05,1180,"Math & Science","1","0",NA,1,0.652777777777778,"0","0",0.00160901045856798
14311,6,6,"M","0","0",3.5,1190,"Business & Economics","1","0",NA,0,0.05676072418855,"0","0",0.00160901045856798
14313,7,7,"F","0","1",3.91,1430,"Arts & Letters","1","0",NA,1,0.896933560477002,"0","0",0.123106060606061
14317,7,7,"F","1","0",4.05,1280,"Arts & Letters","1","0",NA,1,0.73936170212766,"0","0",0.173497267759563
14318,4,4,"F","1","0",3.96,1130,"Math & Science","1","0",NA,0,0.245187436676798,"0","0",0.00160901045856798
14324,7,4,"F","1","0",3.82,1180,"Arts & Letters","1","0",NA,0,0.245187436676798,"0","0",0.00160901045856798
14327,4,7,"M","0","0",3.88,1280,"Arts & Letters","1","0",NA,0,0.378048780487805,"0","0",0.00160901045856798
14335,2,3,"F","0","0",3.96,1050,"Math & Science","1","0",NA,0,0.393939393939394,"0","0",0.00160901045856798
14340,3,4,"F","0","1",3.54,1260,"Business & Economics","1","0",NA,0,0.05676072418855,"0","0",0.00160901045856798
14341,1,1,"F","0","1",4.18,1180,"Business & Economics","1","0",NA,1,0.793939393939394,"0","0",0.173497267759563
14343,2,2,"F","0","0",3.52,990,"Math & Science","1","0",NA,0,0.05676072418855,"0","0",0.00160901045856798
14348,7,3,"M","0","0",3.82,1220,"Math & Science","1","0",NA,0,0.245187436676798,"0","0",0.00160901045856798
14350,7,6,"F","1","0",3.68,1390,"Arts & Letters","1","1",3.56,1,0.855172413793103,"1","1",1
14351,6,7,"F","1","0",4.05,1270,"Math & Science","1","0",NA,1,0.73936170212766,"0","0",0.173497267759563
14356,6,6,"M","0","0",3.59,1470,"Business & Economics","1","1",2.844,1,0.855172413793103,"1","1",1
14361,7,3,"F","1","0",4.32,1470,"Math & Science","1","0",NA,1,0.896933560477002,"0","0",0.123106060606061
14364,7,7,"M","0","0",4.21,1330,"Arts & Letters","1","0",NA,1,0.73936170212766,"0","0",0.173497267759563
14366,7,6,"F","1","0",4.24,1240,"Business & Economics","1","0",NA,1,0.717948717948718,"0","0",0.00160901045856798
14368,4,3,"F","1","0",3.53,960,"Math & Science","1","1",2.365,1,0.855172413793103,"1","1",1
14371,3,3,"M","1","0",3.64,1260,"Business & Economics","1","1",2.051,1,0.855172413793103,"1","1",1
14373,6,6,"M","1","0",4.17,1370,"Business & Economics","1","0",NA,1,0.896933560477002,"0","0",0.123106060606061
14375,6,3,"M","0","0",3.65,1370,"Arts & Letters","1","0",NA,0,0.26978417266187,"0","0",0.00160901045856798
14377,1,1,"F","0","0",4.15,1250,"Business & Economics","1","0",NA,1,0.793939393939394,"0","0",0.173497267759563
14380,5,7,"F","1","0",3.85,1410,"Arts & Letters","1","0",NA,1,0.896933560477002,"0","0",0.123106060606061
14381,7,7,"F","1","0",3.69,1230,"Arts & Letters","1","1",3.429,1,0.855172413793103,"1","1",1
14382,1,1,"M","0","0",4,1370,"Math & Science","1","0",NA,1,0.896933560477002,"0","0",0.123106060606061
14383,3,6,"F","1","0",4.05,1330,"Business & Economics","1","0",NA,1,0.73936170212766,"0","0",0.173497267759563
14384,6,6,"F","1","0",3.94,1330,"Arts & Letters","1","0",NA,1,0.73936170212766,"0","0",0.173497267759563
14386,7,7,"F","1","0",3.83,1520,"Arts & Letters","1","0",NA,1,0.896933560477002,"0","0",0.123106060606061
14387,4,4,"F","1","0",4.12,1380,"Math & Science","1","0",NA,1,0.896933560477002,"0","0",0.123106060606061
14395,6,6,"F","1","0",3.86,1200,"Arts & Letters","1","0",NA,0,0.245187436676798,"0","0",0.00160901045856798
14398,2,4,"F","0","0",3.91,1250,"Arts & Letters","1","0",NA,1,0.8,"0","0",0.173497267759563
14403,2,3,"M","0","1",3.86,1160,"Business & Economics","1","1",3.122,1,0.854901960784314,"1","1",1
14424,3,2,"F","0","0",4.32,1090,"Math & Science","1","0",NA,0,0.308370044052863,"0","0",0.00160901045856798
14425,6,6,"F","1","0",3.91,1190,"Arts & Letters","1","1",3.507,1,0.854901960784314,"1","1",1
14432,6,6,"M","1","0",3.5,1180,"Business & Economics","1","0",NA,0,0.05676072418855,"0","0",0.00160901045856798
14440,3,4,"M","1","0",4.33,1470,"Math & Science","1","0",NA,1,0.896933560477002,"0","0",0.123106060606061
14441,7,7,"M","1","0",4.36,1350,"Business & Economics","1","0",NA,1,0.896933560477002,"0","0",0.123106060606061
14442,6,7,"F","0","1",4,1370,"Arts & Letters","1","0",NA,1,0.896933560477002,"0","0",0.123106060606061
14443,5,6,"F","1","0",4.05,1350,"Math & Science","1","0",NA,1,0.896933560477002,"0","0",0.123106060606061
14446,7,6,"F","1","0",4.04,1200,"Math & Science","1","1",2.655,1,0.854901960784314,"1","1",1
14449,3,3,"M","0","1",3.29,1280,"Business & Economics","1","0",NA,0,0.156017830609212,"0","0",0.00160901045856798
14450,6,3,"M","1","0",3.43,1100,"Arts & Letters","1","1",3.155,1,0.855172413793103,"1","1",1
14452,6,5,"M","1","0",3.88,1460,"Math & Science","1","0",NA,1,0.896933560477002,"0","0",0.123106060606061
14454,7,6,"F","0","0",4.2,1190,"Math & Science","1","0",NA,1,0.652777777777778,"0","0",0.00160901045856798
14458,2,2,"F","0","0",4,1120,"Math & Science","1","0",NA,1,0.793939393939394,"0","0",0.173497267759563
14459,6,6,"M","1","0",3.91,1210,"Math & Science","1","0",NA,0,0.245187436676798,"0","0",0.00160901045856798
14462,6,6,"F","0","0",3.83,1370,"Math & Science","1","0",NA,1,0.896933560477002,"0","0",0.123106060606061
14466,7,7,"F","1","0",3.67,1250,"Business & Economics","1","0",NA,0,0.05676072418855,"0","0",0.00160901045856798
14471,7,7,"F","1","0",3.9,1330,"Business & Economics","1","0",NA,1,0.73936170212766,"0","0",0.173497267759563
14479,3,3,"F","0","1",3.96,1380,"Business & Economics","1","0",NA,1,0.896933560477002,"0","0",0.123106060606061
14488,7,6,"M","1","0",4.21,1390,"Math & Science","1","0",NA,1,0.896933560477002,"0","0",0.123106060606061
14494,7,7,"F","0","1",3.8,1360,"Math & Science","1","0",NA,1,0.896933560477002,"0","0",0.123106060606061
14495,6,6,"F","1","0",4.09,1370,"Math & Science","1","0",NA,1,0.896933560477002,"0","0",0.123106060606061
14497,1,1,"F","0","0",4.36,1090,"Arts & Letters","1","0",NA,1,0.793939393939394,"0","0",0.173497267759563
14507,1,1,"F","0","1",4.09,1110,"Math & Science","1","0",NA,1,0.793939393939394,"0","0",0.173497267759563
14510,3,7,"F","1","0",3.46,1420,"Arts & Letters","1","0",NA,0,0.156017830609212,"0","0",0.00160901045856798
14513,6,6,"F","1","0",4.14,1300,"Arts & Letters","1","0",NA,1,0.73936170212766,"0","0",0.173497267759563
14517,6,6,"F","0","0",4.08,1340,"Math & Science","1","0",NA,1,0.73936170212766,"0","0",0.173497267759563
14520,7,6,"F","1","0",4.19,1310,"Arts & Letters","1","0",NA,1,0.73936170212766,"0","0",0.173497267759563
14521,2,2,"M","0","1",3.96,1430,"Business & Economics","1","1",2.192,1,0.896933560477002,"1","0",0.123106060606061
14522,7,6,"M","1","0",3.65,1100,"Arts & Letters","1","0",NA,0,0.05676072418855,"0","0",0.00160901045856798
14523,3,1,"M","0","0",3.35,1130,"Math & Science","1","0",NA,0,0.05676072418855,"0","0",0.00160901045856798
14525,7,7,"M","1","0",4.21,1470,"Math & Science","1","0",NA,1,0.896933560477002,"0","0",0.123106060606061
14527,6,7,"F","1","0",4,1220,"Arts & Letters","1","0",NA,0,0.245187436676798,"0","0",0.00160901045856798
14529,4,4,"F","0","1",3.58,1420,"Business & Economics","1","0",NA,1,0.880952380952381,"0","0",0.123106060606061
14536,6,6,"M","1","0",4.35,1280,"Math & Science","1","0",NA,1,0.73936170212766,"0","0",0.173497267759563
14540,6,6,"M","0","0",3.67,1340,"Arts & Letters","1","1",2.757,1,0.855172413793103,"1","1",1
14547,6,6,"F","0","0",3.75,1410,"Math & Science","1","1",3.069,1,0.855172413793103,"1","1",1
14554,6,6,"F","1","0",4.18,1420,"Arts & Letters","1","0",NA,1,0.896933560477002,"0","0",0.123106060606061
14556,4,6,"F","1","0",4.25,1300,"Arts & Letters","1","0",NA,1,0.73936170212766,"0","0",0.173497267759563
14564,6,5,"F","0","1",3.64,1310,"Arts & Letters","1","0",NA,0,0.26978417266187,"0","0",0.00160901045856798
14567,7,7,"M","1","0",3.74,1330,"Arts & Letters","1","0",NA,0,0.336,"0","0",0.00160901045856798
14572,4,5,"F","1","0",4.13,1390,"Math & Science","1","1",3.183,1,0.896933560477002,"1","0",0.123106060606061
14576,7,6,"F","1","0",4.12,1540,"Math & Science","1","0",NA,1,0.896933560477002,"0","0",0.123106060606061
14578,2,1,"F","0","1",2.74,1210,"Arts & Letters","1","0",NA,0,0.05676072418855,"0","0",0
14579,4,6,"M","1","0",4.23,1400,"Arts & Letters","1","0",NA,1,0.896933560477002,"0","0",0.123106060606061
14584,7,7,"M","0","1",4.04,1410,"Math & Science","1","0",NA,1,0.896933560477002,"0","0",0.123106060606061
14585,7,6,"M","1","0",3.77,1170,"Business & Economics","1","0",NA,0,0.05676072418855,"0","0",0.00160901045856798
14589,4,6,"F","0","1",3.62,1210,"Business & Economics","1","0",NA,0,0.05676072418855,"0","0",0.00160901045856798
14592,7,6,"M","0","0",4.12,1390,"Business & Economics","1","0",NA,1,0.896933560477002,"0","0",0.123106060606061
14598,2,2,"M","0","1",4,1180,"Business & Economics","1","0",NA,1,0.793939393939394,"0","0",0.173497267759563
14599,6,3,"M","1","0",3.41,1290,"Math & Science","1","0",NA,0,0.156017830609212,"0","0",0.00160901045856798
14611,7,7,"M","0","0",3.62,1240,"Business & Economics","1","0",NA,0,0.05676072418855,"0","0",0.00160901045856798
14612,1,2,"F","0","0",3.59,850,"Business & Economics","1","0",NA,0,0.05676072418855,"0","0",0.00160901045856798
14618,3,4,"F","0","0",3.95,980,"Business & Economics","1","0",NA,0,0.245187436676798,"0","0",0.00160901045856798
14621,1,2,"F","0","0",3.83,1040,"Arts & Letters","1","0",NA,1,0.793939393939394,"0","0",0.173497267759563
14624,4,3,"F","1","0",4.17,1120,"Business & Economics","1","0",NA,0,0.308370044052863,"0","0",0.00160901045856798
14627,6,2,"F","1","0",3.96,1330,"Business & Economics","1","1",3.329,1,0.73936170212766,"1","0",0.173497267759563
14636,7,7,"F","0","1",4.08,1380,"Math & Science","1","0",NA,1,0.896933560477002,"0","0",0.123106060606061
14638,7,5,"M","1","0",3.35,1370,"Math & Science","1","0",NA,0,0.156017830609212,"0","0",0.00160901045856798
14642,7,7,"F","0","1",3.48,1480,"Arts & Letters","1","0",NA,0,0.156017830609212,"0","0",0.00160901045856798
14645,2,2,"M","0","1",3.75,1120,"Business & Economics","1","0",NA,0,0.05676072418855,"0","0",0.00160901045856798
14652,7,4,"F","1","0",4.08,1300,"Arts & Letters","1","0",NA,1,0.73936170212766,"0","0",0.173497267759563
14653,7,5,"F","0","0",3.86,1330,"Arts & Letters","1","0",NA,0,0.378048780487805,"0","0",0.00160901045856798
14657,6,4,"F","0","1",4.31,1280,"Math & Science","1","1",3.021,1,0.73936170212766,"1","0",0.173497267759563
14660,6,6,"M","0","0",3.75,1250,"Business & Economics","1","0",NA,0,0.05676072418855,"0","0",0.00160901045856798
14661,3,4,"F","1","0",4.09,1200,"Arts & Letters","1","0",NA,1,0.652777777777778,"0","0",0.00160901045856798
14663,3,4,"F","0","1",4.08,1440,"Math & Science","1","0",NA,1,0.896933560477002,"0","0",0.123106060606061
14664,1,1,"F","0","0",3.9,1070,"Arts & Letters","1","0",NA,1,0.793939393939394,"0","0",0.173497267759563
14667,6,6,"F","0","1",4,1180,"Math & Science","1","0",NA,0,0.245187436676798,"0","0",0.00160901045856798
14668,4,6,"M","0","0",3.68,1140,"Business & Economics","1","0",NA,0,0.05676072418855,"0","0",0.00160901045856798
14669,6,7,"F","0","0",4.05,1210,"Arts & Letters","1","0",NA,1,0.652777777777778,"0","0",0.00160901045856798
14670,6,6,"M","1","0",4.11,1410,"Business & Economics","1","0",NA,1,0.896933560477002,"0","0",0.123106060606061
14677,6,6,"M","0","1",3.91,1370,"Business & Economics","1","0",NA,1,0.896933560477002,"0","0",0.123106060606061
14680,6,6,"M","0","1",3.86,1280,"Business & Economics","1","0",NA,0,0.378048780487805,"0","0",0.00160901045856798
14681,6,6,"M","0","1",3.88,1310,"Business & Economics","1","0",NA,0,0.378048780487805,"0","0",0.00160901045856798
14688,1,1,"F","0","0",4.05,1300,"Business & Economics","1","0",NA,1,0.73936170212766,"0","0",0.173497267759563
14690,7,6,"M","0","0",3.52,1220,"Arts & Letters","1","0",NA,0,0.05676072418855,"0","0",0.00160901045856798
14702,6,6,"M","0","0",3.5,1240,"Arts & Letters","1","0",NA,0,0.05676072418855,"0","0",0.00160901045856798
14704,2,3,"F","1","0",3.68,1460,"Math & Science","1","0",NA,1,0.764705882352941,"0","0",0.173497267759563
14706,7,7,"F","0","0",3.75,1310,"Math & Science","1","0",NA,0,0.336,"0","0",0.00160901045856798
14711,6,6,"M","0","1",3.68,1300,"Business & Economics","1","1",2.957,1,0.855172413793103,"1","1",1
14721,7,7,"F","0","0",4.23,1160,"Math & Science","1","0",NA,1,0.652777777777778,"0","0",0.00160901045856798
14733,7,6,"M","1","0",3.82,1350,"Math & Science","1","0",NA,1,0.896933560477002,"0","0",0.123106060606061
14734,6,6,"M","0","1",3.67,1410,"Math & Science","1","0",NA,1,0.818181818181818,"0","0",0.173497267759563
14735,5,7,"M","0","0",3.45,1170,"Business & Economics","1","0",NA,0,0.05676072418855,"0","0",0.00160901045856798
14737,6,7,"M","0","0",4.3,1320,"Business & Economics","1","0",NA,1,0.73936170212766,"0","0",0.173497267759563
14738,6,6,"F","0","0",3.88,1310,"Arts & Letters","1","0",NA,0,0.378048780487805,"0","0",0.00160901045856798
14742,2,3,"M","0","0",4.17,1280,"Business & Economics","1","0",NA,1,0.73936170212766,"0","0",0.173497267759563
14745,4,6,"F","1","0",4.1,1210,"Business & Economics","1","0",NA,1,0.717948717948718,"0","0",0.00160901045856798
14755,6,4,"M","1","0",3.78,1500,"Arts & Letters","1","0",NA,1,0.764705882352941,"0","0",0.173497267759563
14756,7,6,"F","0","0",4,1430,"Math & Science","1","0",NA,1,0.896933560477002,"0","0",0.123106060606061
14763,7,6,"M","1","0",4.05,1410,"Arts & Letters","1","0",NA,1,0.896933560477002,"0","0",0.123106060606061
14764,3,4,"F","0","1",3.3,1100,"Math & Science","1","1",3.149,1,0.855172413793103,"1","1",1
14767,2,2,"M","0","1",3.46,1410,"Math & Science","1","0",NA,0,0.156017830609212,"0","0",0.00160901045856798
14769,2,1,"F","0","0",4.27,1460,"Arts & Letters","1","0",NA,1,0.896933560477002,"0","0",0.123106060606061
14774,1,1,"M","0","0",3.75,1210,"Math & Science","1","0",NA,0,0.05676072418855,"0","0",0.00160901045856798
14779,6,4,"F","1","0",3.75,1060,"Arts & Letters","1","1",2.679,1,0.855172413793103,"1","1",1
14781,6,5,"F","0","1",4.25,1230,"Business & Economics","1","0",NA,1,0.717948717948718,"0","0",0.00160901045856798
14784,7,7,"F","1","0",4.04,1350,"Arts & Letters","1","0",NA,1,0.896933560477002,"0","0",0.123106060606061
14787,6,6,"M","1","0",4.44,1570,"Math & Science","1","0",NA,1,0.896933560477002,"0","0",0.123106060606061
14788,2,1,"F","0","1",3.19,1100,"Math & Science","1","0",NA,0,0.05676072418855,"0","0",0.00160901045856798
14791,6,6,"F","1","0",3.95,1290,"Arts & Letters","1","1",3.472,1,0.73936170212766,"1","0",0.173497267759563
14809,4,5,"M","1","0",4.29,1390,"Math & Science","1","0",NA,1,0.896933560477002,"0","0",0.123106060606061
14813,7,4,"F","1","0",3.61,1220,"Math & Science","1","0",NA,0,0.05676072418855,"0","0",0.00160901045856798
14820,4,3,"M","0","0",3.86,1370,"Math & Science","1","0",NA,1,0.896933560477002,"0","0",0.123106060606061
14821,2,4,"F","0","0",3.95,1240,"Arts & Letters","1","0",NA,1,0.8,"0","0",0.173497267759563
14823,6,6,"M","1","0",3.82,1120,"Arts & Letters","1","0",NA,0,0.245187436676798,"0","0",0.00160901045856798
14828,6,6,"F","1","0",4.14,1220,"Arts & Letters","1","0",NA,1,0.652777777777778,"0","0",0.00160901045856798
14829,6,6,"M","1","0",3.8,1230,"Business & Economics","1","1",3.22,1,0.854901960784314,"1","1",1
14835,6,5,"F","0","0",4.35,1310,"Business & Economics","1","0",NA,1,0.73936170212766,"0","0",0.173497267759563
14842,7,7,"F","1","0",4.11,1330,"Business & Economics","1","0",NA,1,0.73936170212766,"0","0",0.173497267759563
14843,2,2,"F","0","0",3.55,1210,"Business & Economics","1","0",NA,0,0.05676072418855,"0","0",0.00160901045856798
14846,6,3,"F","0","0",4.1,1080,"Business & Economics","1","0",NA,0,0.308370044052863,"0","0",0.00160901045856798
14847,7,3,"M","0","0",3.39,1200,"Business & Economics","1","1",1.844,1,0.855172413793103,"1","1",1
14848,1,1,"M","0","1",4.17,1190,"Business & Economics","1","0",NA,1,0.793939393939394,"0","0",0.173497267759563
14855,3,3,"F","0","1",4.04,1260,"Math & Science","1","0",NA,1,0.73936170212766,"0","0",0.173497267759563
14857,7,7,"F","1","0",4.08,1150,"Arts & Letters","1","0",NA,0,0.308370044052863,"0","0",0.00160901045856798
14858,7,4,"F","1","0",3.62,1250,"Arts & Letters","1","0",NA,0,0.05676072418855,"0","0",0.00160901045856798
14859,7,7,"F","0","1",3.83,1190,"Business & Economics","1","0",NA,0,0.245187436676798,"0","0",0.00160901045856798
14860,7,7,"M","0","1",3.95,1430,"Business & Economics","1","0",NA,1,0.896933560477002,"0","0",0.123106060606061
14869,7,6,"F","1","0",3.88,1380,"Business & Economics","1","0",NA,1,0.896933560477002,"0","0",0.123106060606061
14875,4,3,"F","0","0",3.71,1140,"Arts & Letters","1","0",NA,0,0.05676072418855,"0","0",0.00160901045856798
14876,5,6,"F","1","0",3.64,1080,"Arts & Letters","1","1",3.584,1,0.855172413793103,"1","1",1
14879,1,1,"F","0","1",4.04,1110,"Math & Science","1","0",NA,1,0.793939393939394,"0","0",0.173497267759563
14887,7,7,"F","0","1",3.94,1280,"Arts & Letters","1","0",NA,1,0.73936170212766,"0","0",0.173497267759563
14892,3,4,"M","0","0",3.62,1320,"Math & Science","1","0",NA,0,0.26978417266187,"0","0",0.00160901045856798
14894,7,7,"M","1","0",3.5,1120,"Business & Economics","1","0",NA,0,0.05676072418855,"0","0",0.00160901045856798
14896,6,6,"F","1","0",4.05,1240,"Arts & Letters","1","1",3.473,1,0.854901960784314,"1","1",1
14903,6,3,"M","0","1",3.04,1370,"Arts & Letters","1","0",NA,0,0.156017830609212,"0","0",0
14906,1,1,"F","0","0",4.36,1070,"Business & Economics","1","0",NA,1,0.793939393939394,"0","0",0.173497267759563
14908,7,6,"F","1","0",3.62,920,"Math & Science","1","0",NA,0,0.05676072418855,"0","0",0.00160901045856798
14910,6,6,"F","1","0",3.68,1210,"Arts & Letters","1","0",NA,0,0.05676072418855,"0","0",0.00160901045856798
14914,7,7,"F","1","0",4.12,1290,"Arts & Letters","1","0",NA,1,0.73936170212766,"0","0",0.173497267759563
14916,6,7,"F","1","0",3.6,1180,"Math & Science","1","0",NA,0,0.05676072418855,"0","0",0.00160901045856798
14919,7,6,"F","1","0",3.79,1280,"Arts & Letters","1","0",NA,0,0.378048780487805,"0","0",0.00160901045856798
14926,3,4,"F","1","0",3.91,1300,"Math & Science","1","0",NA,1,0.73936170212766,"0","0",0.173497267759563
14928,7,7,"F","1","0",4.29,1360,"Math & Science","1","0",NA,1,0.896933560477002,"0","0",0.123106060606061
14932,7,6,"F","0","0",4.05,1260,"Arts & Letters","1","0",NA,1,0.73936170212766,"0","0",0.173497267759563
14936,4,6,"F","0","1",4.12,1360,"Math & Science","1","0",NA,1,0.896933560477002,"0","0",0.123106060606061
14939,6,4,"F","1","0",4.36,1300,"Arts & Letters","1","0",NA,1,0.73936170212766,"0","0",0.173497267759563
14942,6,6,"F","1","0",3.32,1320,"Arts & Letters","1","0",NA,0,0.156017830609212,"0","0",0.00160901045856798
14943,6,4,"F","1","0",3.81,1070,"Arts & Letters","1","1",2.327,1,0.854901960784314,"1","1",1
14946,6,7,"F","1","0",4.33,1280,"Arts & Letters","1","0",NA,1,0.73936170212766,"0","0",0.173497267759563
14948,6,6,"M","0","1",3.7,1550,"Math & Science","1","0",NA,1,0.764705882352941,"0","0",0.173497267759563
14952,3,3,"M","0","0",3.86,1320,"Math & Science","1","0",NA,0,0.378048780487805,"0","0",0.00160901045856798
14954,4,6,"M","1","0",3.9,1270,"Business & Economics","1","0",NA,1,0.73936170212766,"0","0",0.173497267759563
14957,3,3,"M","0","1",3.62,980,"Math & Science","1","0",NA,0,0.05676072418855,"0","0",0.00160901045856798
14959,7,6,"M","1","0",3.82,1200,"Math & Science","1","0",NA,0,0.245187436676798,"0","0",0.00160901045856798
14965,7,7,"M","0","1",3.75,1500,"Business & Economics","1","0",NA,1,0.880952380952381,"0","0",0.123106060606061
14967,6,6,"F","1","0",4,1260,"Math & Science","1","1",1.9,1,0.73936170212766,"1","0",0.173497267759563
14968,7,6,"F","1","0",4.05,1390,"Arts & Letters","1","0",NA,1,0.896933560477002,"0","0",0.123106060606061
14971,5,6,"M","1","0",4.32,1450,"Business & Economics","1","0",NA,1,0.896933560477002,"0","0",0.123106060606061
14972,3,3,"M","0","1",3.91,1170,"Math & Science","1","0",NA,0,0.245187436676798,"0","0",0.00160901045856798
14974,6,6,"M","0","1",4.04,1440,"Math & Science","1","0",NA,1,0.896933560477002,"0","0",0.123106060606061
14977,7,7,"M","1","0",3.9,1180,"Math & Science","1","0",NA,0,0.245187436676798,"0","0",0.00160901045856798
14982,6,6,"M","1","0",3.6,1020,"Business & Economics","1","1",1.678,1,0.855172413793103,"1","1",1
14989,3,3,"F","0","1",3.95,1080,"Math & Science","1","0",NA,0,0.245187436676798,"0","0",0.00160901045856798
14994,3,5,"F","0","0",4.09,1250,"Math & Science","1","0",NA,1,0.652777777777778,"0","0",0.00160901045856798
14995,4,7,"F","0","0",3.79,1310,"Arts & Letters","1","0",NA,0,0.378048780487805,"0","0",0.00160901045856798
14996,2,2,"F","0","1",3.79,1110,"Arts & Letters","1","0",NA,1,0.793939393939394,"0","0",0.173497267759563
15004,3,1,"M","0","1",4.23,1270,"Math & Science","1","0",NA,1,0.73936170212766,"0","0",0.173497267759563
15006,3,3,"F","0","0",3.95,1200,"Arts & Letters","1","0",NA,0,0.245187436676798,"0","0",0.00160901045856798
15008,3,4,"F","1","0",3.91,1130,"Business & Economics","1","0",NA,0,0.245187436676798,"0","0",0.00160901045856798
15010,6,4,"F","1","0",4.29,1050,"Arts & Letters","1","0",NA,0,0.308370044052863,"0","0",0.00160901045856798
15017,3,6,"F","1","0",3.78,1290,"Math & Science","1","0",NA,1,0.769230769230769,"0","0",0.173497267759563
15018,7,6,"M","1","0",4.15,1340,"Business & Economics","1","0",NA,1,0.73936170212766,"0","0",0.173497267759563
15025,7,7,"M","0","1",4.08,1390,"Arts & Letters","1","0",NA,1,0.896933560477002,"0","0",0.123106060606061
15033,3,5,"F","0","0",3.45,1090,"Business & Economics","1","0",NA,0,0.05676072418855,"0","0",0.00160901045856798
15035,7,3,"M","1","0",4,1220,"Business & Economics","1","0",NA,0,0.245187436676798,"0","0",0.00160901045856798
15036,3,4,"F","0","0",3.58,1110,"Arts & Letters","1","1",2.784,1,0.855172413793103,"1","1",1
15042,7,6,"M","1","0",3.77,1120,"Business & Economics","1","0",NA,0,0.05676072418855,"0","0",0.00160901045856798
15044,2,1,"M","0","1",3.91,960,"Math & Science","1","0",NA,1,0.793939393939394,"0","0",0.173497267759563
15051,3,3,"M","0","0",4.04,1240,"Arts & Letters","1","0",NA,1,0.652777777777778,"0","0",0.00160901045856798
15052,1,1,"F","0","0",4.5,1460,"Math & Science","1","0",NA,1,0.896933560477002,"0","0",0.123106060606061
15055,4,2,"M","0","1",3.45,1290,"Business & Economics","1","0",NA,0,0.156017830609212,"0","0",0.00160901045856798
15059,6,6,"F","1","0",3.71,1270,"Business & Economics","1","1",3.476,1,0.855172413793103,"1","1",1
15063,7,3,"F","1","0",3.96,1350,"Arts & Letters","1","1",3.626,1,0.896933560477002,"1","0",0.123106060606061
15064,5,5,"M","0","0",4.15,1300,"Math & Science","1","0",NA,1,0.73936170212766,"0","0",0.173497267759563
15071,1,1,"F","0","0",4.15,790,"Business & Economics","1","0",NA,0,0.320754716981132,"0","0",0.00160901045856798
15076,7,6,"F","1","0",3.86,1350,"Math & Science","1","0",NA,1,0.896933560477002,"0","0",0.123106060606061
15082,3,4,"M","1","0",4,1440,"Arts & Letters","1","1",3.689,1,0.896933560477002,"1","0",0.123106060606061
15083,7,7,"M","1","0",4.18,1330,"Math & Science","1","0",NA,1,0.73936170212766,"0","0",0.173497267759563
15084,4,5,"F","1","0",3.57,1150,"Business & Economics","1","0",NA,0,0.05676072418855,"0","0",0.00160901045856798
15085,3,3,"F","0","1",3.65,1060,"Math & Science","1","0",NA,0,0.05676072418855,"0","0",0.00160901045856798
15086,7,6,"F","0","0",3.95,1320,"Arts & Letters","1","0",NA,1,0.73936170212766,"0","0",0.173497267759563
15087,4,6,"M","1","0",4.1,1420,"Math & Science","1","0",NA,1,0.896933560477002,"0","0",0.123106060606061
15097,7,4,"M","1","0",3.59,1360,"Math & Science","1","0",NA,0,0.26978417266187,"0","0",0.00160901045856798
15105,6,6,"F","1","0",3.68,1340,"Math & Science","1","0",NA,0,0.26978417266187,"0","0",0.00160901045856798
15106,4,3,"M","1","0",4.27,1330,"Math & Science","1","0",NA,1,0.73936170212766,"0","0",0.173497267759563
15112,7,7,"F","1","0",3.79,1260,"Arts & Letters","1","0",NA,0,0.378048780487805,"0","0",0.00160901045856798
15115,1,1,"F","0","0",3.59,1150,"Arts & Letters","1","0",NA,0,0.05676072418855,"0","0",0.00160901045856798
15118,1,1,"M","0","1",3.79,1140,"Math & Science","1","0",NA,1,0.793939393939394,"0","0",0.173497267759563
15121,6,4,"M","1","0",3.83,1220,"Business & Economics","1","1",1.182,1,0.854901960784314,"1","1",1
15129,3,3,"F","0","0",3.91,1060,"Arts & Letters","1","0",NA,0,0.245187436676798,"0","0",0.00160901045856798
15133,7,7,"F","1","0",3.82,1250,"Arts & Letters","1","0",NA,0,0.245187436676798,"0","0",0.00160901045856798
15135,7,5,"F","0","1",4.23,1180,"Math & Science","1","0",NA,1,0.652777777777778,"0","0",0.00160901045856798
15137,4,6,"F","1","0",4.19,1340,"Math & Science","1","0",NA,1,0.73936170212766,"0","0",0.173497267759563
15140,5,4,"F","1","0",4.05,1410,"Arts & Letters","1","0",NA,1,0.896933560477002,"0","0",0.123106060606061
15155,7,7,"F","0","0",4.12,1230,"Arts & Letters","1","0",NA,1,0.652777777777778,"0","0",0.00160901045856798
15159,6,3,"M","1","0",4,1350,"Math & Science","1","0",NA,1,0.896933560477002,"0","0",0.123106060606061
15165,2,3,"M","0","0",4.21,1120,"Math & Science","1","0",NA,0,0.393939393939394,"0","0",0.00160901045856798
15168,6,6,"M","1","0",4,1380,"Business & Economics","1","0",NA,1,0.896933560477002,"0","0",0.123106060606061
15170,3,3,"M","1","0",4.12,1390,"Math & Science","1","0",NA,1,0.896933560477002,"0","0",0.123106060606061
15172,6,5,"M","1","0",4.09,1470,"Math & Science","1","1",3.204,1,0.896933560477002,"1","0",0.123106060606061
15174,6,5,"F","0","1",3.32,960,"Math & Science","1","0",NA,0,0.05676072418855,"0","0",0.00160901045856798
15175,1,1,"F","0","1",3.54,1000,"Business & Economics","1","0",NA,0,0.05676072418855,"0","0",0.00160901045856798
15181,6,6,"F","1","0",3.59,1450,"Business & Economics","1","0",NA,1,0.880952380952381,"0","0",0.123106060606061
15183,4,7,"M","1","0",3.79,1480,"Arts & Letters","1","0",NA,1,0.896933560477002,"0","0",0.123106060606061
15190,7,7,"F","1","0",4.27,1290,"Math & Science","1","0",NA,1,0.73936170212766,"0","0",0.173497267759563
15193,3,3,"F","0","0",3.5,1350,"Business & Economics","1","0",NA,0,0.156017830609212,"0","0",0.00160901045856798
15197,6,7,"M","0","0",4.06,1220,"Math & Science","1","0",NA,1,0.652777777777778,"0","0",0.00160901045856798
15198,6,7,"M","0","1",3.69,1110,"Math & Science","1","0",NA,0,0.05676072418855,"0","0",0.00160901045856798
15200,6,4,"M","1","0",3.91,1280,"Math & Science","1","0",NA,1,0.73936170212766,"0","0",0.173497267759563
15202,4,4,"F","0","0",3.44,1130,"Arts & Letters","1","0",NA,0,0.05676072418855,"0","0",0.00160901045856798
15203,6,7,"M","0","1",4,1470,"Math & Science","1","0",NA,1,0.896933560477002,"0","0",0.123106060606061
15204,6,7,"M","0","1",4,1540,"Math & Science","1","0",NA,1,0.896933560477002,"0","0",0.123106060606061
15206,3,3,"M","0","0",4.06,1090,"Math & Science","1","0",NA,0,0.308370044052863,"0","0",0.00160901045856798
15208,7,7,"F","1","0",3.73,1320,"Math & Science","1","0",NA,0,0.336,"0","0",0.00160901045856798
15214,3,3,"F","0","1",3.73,1270,"Math & Science","1","0",NA,1,0.769230769230769,"0","0",0.173497267759563
15218,3,6,"F","0","1",3.96,1380,"Math & Science","1","0",NA,1,0.896933560477002,"0","0",0.123106060606061
15219,6,6,"F","1","0",4.3,1450,"Business & Economics","1","1",3.6,1,0.896933560477002,"1","0",0.123106060606061
15223,6,6,"F","0","1",3.45,1180,"Business & Economics","1","0",NA,0,0.05676072418855,"0","0",0.00160901045856798
15224,7,6,"F","0","1",3.81,1490,"Math & Science","1","0",NA,1,0.896933560477002,"0","0",0.123106060606061
15225,7,5,"F","1","0",3.64,1310,"Math & Science","1","0",NA,0,0.26978417266187,"0","0",0.00160901045856798
15226,6,6,"F","0","0",4.05,1270,"Math & Science","1","0",NA,1,0.73936170212766,"0","0",0.173497267759563
15227,7,6,"M","1","0",3.92,1270,"Arts & Letters","1","0",NA,1,0.73936170212766,"0","0",0.173497267759563
15228,4,5,"F","0","0",4.07,1270,"Math & Science","1","1",3.685,1,0.73936170212766,"1","0",0.173497267759563
15235,7,7,"M","1","0",4.08,1430,"Math & Science","1","0",NA,1,0.896933560477002,"0","0",0.123106060606061
15239,6,3,"M","0","1",3.96,1220,"Math & Science","1","0",NA,0,0.245187436676798,"0","0",0.00160901045856798
15241,7,5,"M","0","1",2.88,1230,"Business & Economics","1","0",NA,0,0.05676072418855,"0","0",0
15242,4,4,"F","0","0",4,1360,"Arts & Letters","1","0",NA,1,0.896933560477002,"0","0",0.123106060606061
15249,5,3,"M","0","1",4.23,1350,"Math & Science","1","0",NA,1,0.896933560477002,"0","0",0.123106060606061
15253,2,4,"M","0","1",3.65,1320,"Business & Economics","1","0",NA,1,0.916666666666667,"0","0",0
15256,5,6,"M","0","1",3.82,1330,"Business & Economics","1","1",3.237,1,0.903225806451613,"1","1",1
15257,7,5,"F","1","0",4,1540,"Arts & Letters","1","0",NA,1,0.896933560477002,"0","0",0.123106060606061
15258,7,7,"F","1","0",3.07,1150,"Math & Science","1","1",3.161,1,0.84,"1","1",1
15259,6,7,"F","0","1",4.25,1230,"Math & Science","1","1",3.305,1,0.854901960784314,"1","1",1
15260,6,7,"F","1","0",4,1120,"Math & Science","1","1",2.97,1,0.854901960784314,"1","1",1
15262,6,4,"F","1","0",3.82,1120,"Arts & Letters","1","0",NA,0,0.245187436676798,"0","0",0.00160901045856798
15269,6,6,"F","1","0",4.28,1510,"Arts & Letters","1","0",NA,1,0.896933560477002,"0","0",0.123106060606061
15271,4,3,"M","1","0",4.26,1300,"Business & Economics","1","1",3.912,1,0.73936170212766,"1","0",0.173497267759563
15273,7,7,"M","1","0",3.32,1490,"Business & Economics","1","0",NA,0,0.156017830609212,"0","0",0.00160901045856798
15275,7,7,"M","1","0",4.14,1480,"Math & Science","1","0",NA,1,0.896933560477002,"0","0",0.123106060606061
15278,3,2,"M","0","1",3.7,1290,"Arts & Letters","1","0",NA,1,0.769230769230769,"0","0",0.173497267759563
15287,7,6,"F","0","1",3.61,1560,"Arts & Letters","1","0",NA,1,0.764705882352941,"0","0",0.173497267759563
15290,7,4,"M","0","0",3.5,1190,"Business & Economics","1","1",2.466,1,0.855172413793103,"1","1",1
15293,1,1,"F","0","0",4.36,1060,"Business & Economics","1","0",NA,1,0.793939393939394,"0","0",0.173497267759563
15294,2,6,"M","0","0",3.73,990,"Arts & Letters","1","1",1.338,1,0.855172413793103,"1","1",1
15298,3,1,"F","0","0",4.11,1060,"Math & Science","1","0",NA,0,0.308370044052863,"0","0",0.00160901045856798
15300,3,5,"M","0","1",3.86,1290,"Business & Economics","1","0",NA,0,0.378048780487805,"0","0",0.00160901045856798
15305,7,4,"F","1","0",3.3,1270,"Arts & Letters","1","0",NA,0,0.156017830609212,"0","0",0.00160901045856798
15306,7,7,"M","1","0",3.74,1270,"Business & Economics","1","1",2.72,1,0.855172413793103,"1","1",1
15307,7,4,"F","1","0",4.12,1310,"Math & Science","1","0",NA,1,0.73936170212766,"0","0",0.173497267759563
15310,6,6,"F","1","0",3.81,1260,"Arts & Letters","1","0",NA,0,0.378048780487805,"0","0",0.00160901045856798
15312,7,7,"M","1","0",3.76,1380,"Arts & Letters","1","0",NA,0,0.336,"0","0",0.00160901045856798
15316,6,6,"M","1","0",3.22,1200,"Business & Economics","1","0",NA,0,0.05676072418855,"0","0",0.00160901045856798
15321,7,7,"F","0","0",3.58,1340,"Arts & Letters","1","0",NA,0,0.26978417266187,"0","0",0.00160901045856798
15326,3,5,"M","1","0",4.4,1250,"Business & Economics","1","0",NA,1,0.717948717948718,"0","0",0.00160901045856798
15330,7,7,"F","0","0",3.96,990,"Arts & Letters","1","1",2.814,1,0.854901960784314,"1","1",1
15331,7,7,"M","1","0",3.58,1390,"Math & Science","1","0",NA,0,0.26978417266187,"0","0",0.00160901045856798
15335,1,1,"F","0","1",3.69,1330,"Math & Science","1","0",NA,1,0.916666666666667,"0","0",0
15338,6,3,"F","0","1",3.67,1150,"Math & Science","1","0",NA,0,0.05676072418855,"0","0",0.00160901045856798
15341,6,5,"F","0","0",4.32,1330,"Arts & Letters","1","0",NA,1,0.73936170212766,"0","0",0.173497267759563
15343,3,3,"F","1","0",3.35,1180,"Arts & Letters","1","0",NA,0,0.05676072418855,"0","0",0.00160901045856798
15349,6,6,"F","0","1",4.09,1370,"Math & Science","1","0",NA,1,0.896933560477002,"0","0",0.123106060606061
15360,6,7,"F","0","1",3.42,1540,"Business & Economics","1","0",NA,0,0.156017830609212,"0","0",0.00160901045856798
15366,4,1,"M","0","0",3.74,1180,"Arts & Letters","1","0",NA,0,0.05676072418855,"0","0",0.00160901045856798
15367,7,7,"F","0","1",3.68,1170,"Business & Economics","1","0",NA,0,0.05676072418855,"0","0",0.00160901045856798
15368,6,6,"F","0","0",3.65,1190,"Math & Science","1","1",2.993,1,0.855172413793103,"1","1",1
15371,6,6,"F","1","0",4,1100,"Arts & Letters","1","0",NA,0,0.245187436676798,"0","0",0.00160901045856798
15382,3,3,"M","0","0",3.91,1250,"Math & Science","1","0",NA,0,0.245187436676798,"0","0",0.00160901045856798
15384,1,1,"M","0","1",3.45,1160,"Business & Economics","1","1",2.212,1,0.855172413793103,"1","1",1
15386,7,7,"F","0","1",4.14,1400,"Arts & Letters","1","0",NA,1,0.896933560477002,"0","0",0.123106060606061
15389,3,3,"F","1","0",4.18,1370,"Arts & Letters","1","0",NA,1,0.896933560477002,"0","0",0.123106060606061
15396,6,3,"M","1","0",3.88,1030,"Business & Economics","1","0",NA,0,0.245187436676798,"0","0",0.00160901045856798
15398,2,2,"M","0","1",3.38,1120,"Business & Economics","1","0",NA,0,0.05676072418855,"0","0",0.00160901045856798
15401,7,7,"F","0","0",4.11,1260,"Arts & Letters","1","0",NA,1,0.73936170212766,"0","0",0.173497267759563
15402,7,6,"F","1","0",3.76,1370,"Arts & Letters","1","0",NA,0,0.336,"0","0",0.00160901045856798
15408,7,6,"F","0","1",3.88,1570,"Math & Science","1","0",NA,1,0.896933560477002,"0","0",0.123106060606061
15416,6,6,"M","1","0",4.14,1490,"Math & Science","1","0",NA,1,0.896933560477002,"0","0",0.123106060606061
15420,7,6,"M","1","0",3.45,1260,"Arts & Letters","1","0",NA,0,0.05676072418855,"0","0",0.00160901045856798
15423,1,1,"F","0","1",3.87,1170,"Business & Economics","1","1",2.725,1,0.854901960784314,"1","1",1
15424,4,6,"M","0","0",4.25,1300,"Business & Economics","1","0",NA,1,0.73936170212766,"0","0",0.173497267759563
15434,6,6,"F","1","0",4.32,1370,"Math & Science","1","1",3.859,1,0.896933560477002,"1","0",0.123106060606061
15442,3,3,"F","0","1",3.45,1090,"Math & Science","1","0",NA,0,0.05676072418855,"0","0",0.00160901045856798
15449,4,7,"F","1","0",4.25,1420,"Arts & Letters","1","0",NA,1,0.896933560477002,"0","0",0.123106060606061
15453,7,6,"M","0","0",4.15,1360,"Math & Science","1","0",NA,1,0.896933560477002,"0","0",0.123106060606061
15459,6,6,"F","0","1",3.86,1140,"Math & Science","1","1",3.75,1,0.854901960784314,"1","1",1
15463,3,4,"F","1","0",3.62,980,"Business & Economics","1","1",1.941,1,0.855172413793103,"1","1",1
15469,7,7,"M","0","1",3.71,1480,"Arts & Letters","1","0",NA,1,0.764705882352941,"0","0",0.173497267759563
15476,6,6,"M","0","1",3.56,1350,"Business & Economics","1","1",2.784,1,0.855172413793103,"1","1",1
15482,3,2,"M","0","0",3.4,1210,"Business & Economics","1","0",NA,0,0.05676072418855,"0","0",0.00160901045856798
15484,3,3,"M","1","0",4.05,1190,"Arts & Letters","1","0",NA,1,0.652777777777778,"0","0",0.00160901045856798
15485,2,1,"M","0","1",3.42,1420,"Math & Science","1","0",NA,0,0.156017830609212,"0","0",0.00160901045856798
15488,6,3,"F","1","0",4.31,1390,"Business & Economics","1","0",NA,1,0.896933560477002,"0","0",0.123106060606061
15493,7,4,"M","1","0",3.46,1210,"Business & Economics","1","0",NA,0,0.05676072418855,"0","0",0.00160901045856798
15495,4,4,"F","0","1",3.58,1120,"Arts & Letters","1","1",3.028,1,0.855172413793103,"1","1",1
15503,4,7,"M","0","0",4.15,1460,"Math & Science","1","0",NA,1,0.896933560477002,"0","0",0.123106060606061
15506,1,1,"F","0","0",4.17,1050,"Arts & Letters","1","0",NA,1,0.793939393939394,"0","0",0.173497267759563
15507,6,6,"F","0","0",3.37,1100,"Arts & Letters","1","1",2.734,1,0.855172413793103,"1","1",1
15519,7,6,"M","1","0",3.86,1230,"Business & Economics","1","1",3.748,1,0.854901960784314,"1","1",1
15522,6,6,"F","1","0",3.75,1170,"Arts & Letters","1","0",NA,0,0.05676072418855,"0","0",0.00160901045856798
15524,3,4,"F","0","1",4.17,1330,"Business & Economics","1","0",NA,1,0.73936170212766,"0","0",0.173497267759563
15525,7,7,"F","1","0",3.95,1510,"Math & Science","1","0",NA,1,0.896933560477002,"0","0",0.123106060606061
15526,3,3,"F","0","0",3.41,1310,"Arts & Letters","1","0",NA,0,0.156017830609212,"0","0",0.00160901045856798
15532,7,7,"M","1","0",3.91,1550,"Math & Science","1","0",NA,1,0.896933560477002,"0","0",0.123106060606061
15533,6,6,"M","0","1",3.35,1440,"Math & Science","1","0",NA,0,0.156017830609212,"0","0",0.00160901045856798
15535,5,4,"M","0","0",4.36,1370,"Math & Science","1","0",NA,1,0.896933560477002,"0","0",0.123106060606061
15537,7,7,"F","1","0",3.96,1370,"Arts & Letters","1","0",NA,1,0.896933560477002,"0","0",0.123106060606061
15543,6,6,"M","0","0",3.48,1410,"Arts & Letters","1","0",NA,0,0.156017830609212,"0","0",0.00160901045856798
15553,7,6,"F","0","1",3.79,1360,"Math & Science","1","0",NA,1,0.896933560477002,"0","0",0.123106060606061
15558,6,6,"M","1","0",3.91,1410,"Math & Science","1","0",NA,1,0.896933560477002,"0","0",0.123106060606061
15560,7,4,"F","1","0",4.08,1350,"Arts & Letters","1","1",3.374,1,0.896933560477002,"1","0",0.123106060606061
15561,3,3,"F","0","0",4.08,1100,"Business & Economics","1","1",2.977,1,0.854901960784314,"1","1",1
15564,7,6,"M","0","0",3.11,1340,"Arts & Letters","1","0",NA,0,0.156017830609212,"0","0",0
15574,4,4,"M","1","0",4.05,1250,"Math & Science","1","0",NA,1,0.652777777777778,"0","0",0.00160901045856798
15575,3,3,"M","1","0",4.05,1370,"Business & Economics","1","0",NA,1,0.896933560477002,"0","0",0.123106060606061
15576,2,1,"F","0","1",4,1100,"Arts & Letters","1","0",NA,1,0.793939393939394,"0","0",0.173497267759563
15578,6,6,"M","1","0",3.86,1180,"Business & Economics","1","0",NA,0,0.245187436676798,"0","0",0.00160901045856798
15580,6,6,"F","1","0",3.55,1430,"Arts & Letters","1","0",NA,0,0.227272727272727,"0","0",0.00160901045856798
15581,6,6,"M","1","0",3.77,1200,"Business & Economics","1","1",2.806,1,0.855172413793103,"1","1",1
15583,1,1,"F","0","0",3.54,1220,"Arts & Letters","1","0",NA,0,0.05676072418855,"0","0",0.00160901045856798
15590,6,4,"M","1","0",3.95,1370,"Business & Economics","1","1",2.472,1,0.896933560477002,"1","0",0.123106060606061
15597,3,4,"M","1","0",3.88,1150,"Math & Science","1","0",NA,0,0.245187436676798,"0","0",0.00160901045856798
15601,7,2,"F","0","1",3.91,1380,"Business & Economics","1","0",NA,1,0.896933560477002,"0","0",0.123106060606061
15608,6,4,"M","1","0",3.57,1280,"Math & Science","1","1",3.25,1,0.855172413793103,"1","1",1
15612,3,3,"M","1","0",4.05,1390,"Business & Economics","1","0",NA,1,0.896933560477002,"0","0",0.123106060606061
15613,6,6,"M","1","0",4.04,1440,"Business & Economics","1","0",NA,1,0.896933560477002,"0","0",0.123106060606061
15616,5,6,"M","0","1",3.95,1300,"Math & Science","1","0",NA,1,0.73936170212766,"0","0",0.173497267759563
15619,4,6,"F","1","0",4.32,1470,"Arts & Letters","1","0",NA,1,0.896933560477002,"0","0",0.123106060606061
15620,4,5,"F","1","0",4.09,1230,"Arts & Letters","1","0",NA,1,0.652777777777778,"0","0",0.00160901045856798
15635,7,7,"M","1","0",4.15,1340,"Math & Science","1","0",NA,1,0.73936170212766,"0","0",0.173497267759563
15641,7,7,"F","1","0",4.36,1580,"Math & Science","1","0",NA,1,0.896933560477002,"0","0",0.123106060606061
15659,7,6,"M","0","1",3.31,1360,"Arts & Letters","1","0",NA,0,0.156017830609212,"0","0",0.00160901045856798
15666,6,3,"M","1","0",4.05,1410,"Business & Economics","1","0",NA,1,0.896933560477002,"0","0",0.123106060606061
15669,1,1,"F","0","1",4.14,910,"Math & Science","1","1",2.681,1,0.854901960784314,"1","1",1
15670,2,2,"M","0","1",4.14,1270,"Math & Science","1","0",NA,1,0.73936170212766,"0","0",0.173497267759563
15671,6,6,"M","0","0",3.5,1120,"Business & Economics","1","1",2.108,1,0.855172413793103,"1","1",1
15672,7,7,"F","1","0",4.17,1490,"Math & Science","1","0",NA,1,0.896933560477002,"0","0",0.123106060606061
15677,6,4,"M","0","0",3.55,1260,"Arts & Letters","1","0",NA,0,0.05676072418855,"0","0",0.00160901045856798
15680,2,3,"F","0","0",3.77,940,"Math & Science","1","0",NA,0,0.05676072418855,"0","0",0.00160901045856798
15683,7,6,"F","1","0",3.71,1150,"Arts & Letters","1","1",3.188,1,0.855172413793103,"1","1",1
15686,6,5,"M","0","0",4.12,1070,"Business & Economics","1","0",NA,0,0.308370044052863,"0","0",0.00160901045856798
15687,7,7,"M","0","0",3.8,1340,"Business & Economics","1","0",NA,0,0.378048780487805,"0","0",0.00160901045856798
15691,5,6,"M","0","0",4,1280,"Business & Economics","1","0",NA,1,0.73936170212766,"0","0",0.173497267759563
15692,4,2,"F","0","0",3.54,1310,"Arts & Letters","1","0",NA,0,0.26978417266187,"0","0",0.00160901045856798
15697,7,6,"M","0","0",3.64,1350,"Arts & Letters","1","0",NA,0,0.26978417266187,"0","0",0.00160901045856798
15699,7,4,"M","0","0",4.33,1440,"Arts & Letters","1","0",NA,1,0.896933560477002,"0","0",0.123106060606061
15704,4,4,"M","1","0",3.56,1310,"Business & Economics","1","0",NA,0,0.26978417266187,"0","0",0.00160901045856798
15708,4,4,"F","1","0",4,1090,"Math & Science","1","1",3.076,1,0.854901960784314,"1","1",1
15711,5,6,"M","1","0",4.05,1150,"Math & Science","1","1",3.22,1,0.854901960784314,"1","1",1
15712,6,4,"F","1","0",3.86,1440,"Arts & Letters","1","0",NA,1,0.896933560477002,"0","0",0.123106060606061
15719,7,6,"F","1","0",3.39,1380,"Math & Science","1","0",NA,0,0.156017830609212,"0","0",0.00160901045856798
15722,3,3,"F","0","1",3.81,1230,"Business & Economics","1","0",NA,0,0.245187436676798,"0","0",0.00160901045856798
15728,6,6,"F","1","0",3.6,1280,"Arts & Letters","1","0",NA,0,0.26978417266187,"0","0",0.00160901045856798
15731,1,4,"F","0","0",3.58,1310,"Arts & Letters","1","0",NA,1,0.916666666666667,"0","0",0
15735,7,7,"M","0","0",3.13,1210,"Math & Science","1","1",3.522,1,0.84,"1","1",1
15737,4,4,"M","0","0",4.09,1040,"Math & Science","1","1",2.352,1,0.854901960784314,"1","1",1
15744,1,3,"F","0","0",3.91,1170,"Arts & Letters","1","0",NA,0,0.393939393939394,"0","0",0.00160901045856798
15747,7,5,"F","1","0",4.21,1370,"Arts & Letters","1","1",3.719,1,0.896933560477002,"1","0",0.123106060606061
15748,5,6,"F","0","1",4.4,1300,"Business & Economics","1","0",NA,1,0.73936170212766,"0","0",0.173497267759563
15750,2,2,"M","0","1",3.96,1060,"Math & Science","1","0",NA,1,0.793939393939394,"0","0",0.173497267759563
15755,7,6,"F","1","0",4.09,1070,"Arts & Letters","1","0",NA,0,0.308370044052863,"0","0",0.00160901045856798
15756,7,6,"F","1","0",4.25,1360,"Math & Science","1","0",NA,1,0.896933560477002,"0","0",0.123106060606061
15761,6,6,"F","1","0",3.88,1190,"Business & Economics","1","1",3.094,1,0.854901960784314,"1","1",1
15765,7,6,"F","1","0",3.95,1340,"Arts & Letters","1","0",NA,1,0.73936170212766,"0","0",0.173497267759563
15767,7,7,"M","1","0",4.25,1260,"Arts & Letters","1","0",NA,1,0.73936170212766,"0","0",0.173497267759563
15771,7,6,"M","0","0",3.45,1270,"Business & Economics","1","1",2.649,1,0.855172413793103,"1","1",1
15778,6,6,"F","0","1",3.95,1380,"Math & Science","1","0",NA,1,0.896933560477002,"0","0",0.123106060606061
15781,7,7,"F","0","0",4,1390,"Math & Science","1","0",NA,1,0.896933560477002,"0","0",0.123106060606061
15789,7,5,"M","0","1",4.09,1420,"Business & Economics","1","0",NA,1,0.896933560477002,"0","0",0.123106060606061
15791,7,4,"F","1","0",4.15,1110,"Math & Science","1","1",1.72,1,0.854901960784314,"1","1",1
15796,4,4,"F","0","0",4.35,1320,"Math & Science","1","0",NA,1,0.73936170212766,"0","0",0.173497267759563
15801,7,6,"M","1","0",4.31,1550,"Math & Science","1","0",NA,1,0.896933560477002,"0","0",0.123106060606061
15808,3,4,"F","1","0",4.35,1340,"Arts & Letters","1","1",3.361,1,0.73936170212766,"1","0",0.173497267759563
15812,6,2,"M","1","0",4,1330,"Math & Science","1","0",NA,1,0.73936170212766,"0","0",0.173497267759563
15813,7,6,"F","1","0",4.36,1290,"Arts & Letters","1","0",NA,1,0.73936170212766,"0","0",0.173497267759563
15823,7,6,"F","1","0",3.95,1310,"Business & Economics","1","0",NA,1,0.73936170212766,"0","0",0.173497267759563
15825,2,4,"M","1","0",3.81,1340,"Business & Economics","1","1",3.074,1,0.903225806451613,"1","1",1
15826,4,6,"F","1","0",3.38,1240,"Arts & Letters","1","0",NA,0,0.05676072418855,"0","0",0.00160901045856798
15833,4,3,"F","0","0",3.77,1190,"Math & Science","1","0",NA,0,0.05676072418855,"0","0",0.00160901045856798
15837,6,4,"M","0","0",4.04,1330,"Math & Science","1","1",3.38,1,0.73936170212766,"1","0",0.173497267759563
15840,6,7,"F","1","0",3.75,1460,"Math & Science","1","0",NA,1,0.764705882352941,"0","0",0.173497267759563
15847,2,1,"M","0","1",3.38,1250,"Math & Science","1","0",NA,0,0.05676072418855,"0","0",0.00160901045856798
15851,1,3,"F","0","1",3.96,1190,"Math & Science","1","0",NA,0,0.393939393939394,"0","0",0.00160901045856798
15855,7,7,"M","1","0",3.68,1290,"Arts & Letters","1","0",NA,0,0.26978417266187,"0","0",0.00160901045856798
15865,7,7,"F","1","0",4.24,1400,"Arts & Letters","1","0",NA,1,0.896933560477002,"0","0",0.123106060606061
15875,3,7,"M","1","0",4.08,1160,"Arts & Letters","1","0",NA,1,0.652777777777778,"0","0",0.00160901045856798
15876,6,7,"M","0","0",3.95,1230,"Business & Economics","1","0",NA,0,0.245187436676798,"0","0",0.00160901045856798
15879,1,1,"F","0","0",3.89,1130,"Math & Science","1","0",NA,1,0.793939393939394,"0","0",0.173497267759563
15881,3,3,"F","0","0",3.65,1320,"Business & Economics","1","0",NA,0,0.26978417266187,"0","0",0.00160901045856798
15882,7,7,"M","1","0",3.71,1340,"Arts & Letters","1","0",NA,0,0.336,"0","0",0.00160901045856798
15883,6,3,"F","1","0",4.18,1490,"Arts & Letters","1","0",NA,1,0.896933560477002,"0","0",0.123106060606061
15887,6,5,"F","0","0",3.88,1240,"Arts & Letters","1","0",NA,0,0.245187436676798,"0","0",0.00160901045856798
15897,7,7,"F","0","0",3.62,1310,"Math & Science","1","0",NA,0,0.26978417266187,"0","0",0.00160901045856798
15898,2,1,"M","0","1",4.08,1000,"Math & Science","1","0",NA,1,0.793939393939394,"0","0",0.173497267759563
15902,7,4,"M","1","0",3.79,1400,"Business & Economics","1","0",NA,1,0.896933560477002,"0","0",0.123106060606061
15903,6,5,"F","0","1",3.96,1370,"Business & Economics","1","1",3.555,1,0.896933560477002,"1","0",0.123106060606061
15914,7,7,"M","1","0",4,1120,"Business & Economics","1","1",2.647,1,0.854901960784314,"1","1",1
15926,2,4,"F","0","0",3.86,900,"Business & Economics","1","1",2.802,1,0.854901960784314,"1","1",1
15927,1,1,"F","0","0",4.2,1200,"Business & Economics","1","0",NA,1,0.793939393939394,"0","0",0.173497267759563
15929,7,5,"F","1","0",4.04,1030,"Arts & Letters","1","0",NA,0,0.308370044052863,"0","0",0.00160901045856798
15931,2,2,"M","1","0",3.32,1180,"Arts & Letters","1","0",NA,0,0.05676072418855,"0","0",0.00160901045856798
15932,6,4,"M","1","0",3.78,1240,"Business & Economics","1","1",2.981,1,0.855172413793103,"1","1",1
15934,6,6,"F","0","1",3.95,1530,"Arts & Letters","1","0",NA,1,0.896933560477002,"0","0",0.123106060606061
15936,5,4,"F","0","0",4.33,1230,"Math & Science","1","0",NA,1,0.652777777777778,"0","0",0.00160901045856798
15943,1,1,"M","0","1",3.9,1130,"Math & Science","1","0",NA,1,0.793939393939394,"0","0",0.173497267759563
15953,2,2,"M","0","1",3.91,1120,"Math & Science","1","0",NA,1,0.793939393939394,"0","0",0.173497267759563
15957,1,1,"M","0","0",3.79,1230,"Math & Science","1","0",NA,1,0.793939393939394,"0","0",0.173497267759563
15961,7,6,"M","1","0",4.2,1300,"Business & Economics","1","0",NA,1,0.73936170212766,"0","0",0.173497267759563
15969,1,2,"F","0","0",3.85,1070,"Arts & Letters","1","0",NA,1,0.793939393939394,"0","0",0.173497267759563
15971,4,6,"M","1","0",3.85,1340,"Math & Science","1","1",2.736,1,0.903225806451613,"1","1",1
15972,4,4,"M","0","0",3.85,1110,"Business & Economics","1","0",NA,0,0.245187436676798,"0","0",0.00160901045856798
15974,7,4,"M","1","0",4.25,1180,"Business & Economics","1","1",3.195,1,0.854901960784314,"1","1",1
15977,6,6,"M","1","0",4.08,1250,"Math & Science","1","0",NA,1,0.652777777777778,"0","0",0.00160901045856798
15980,1,1,"M","0","0",3.4,1140,"Math & Science","1","0",NA,0,0.05676072418855,"0","0",0.00160901045856798
15981,7,3,"M","1","0",3.9,1070,"Arts & Letters","1","0",NA,0,0.245187436676798,"0","0",0.00160901045856798
15988,7,3,"M","1","0",3.45,1450,"Math & Science","1","0",NA,0,0.156017830609212,"0","0",0.00160901045856798
15993,3,1,"F","0","0",4.14,1230,"Business & Economics","1","0",NA,1,0.717948717948718,"0","0",0.00160901045856798
15996,7,4,"M","0","0",3.6,1140,"Math & Science","1","0",NA,0,0.05676072418855,"0","0",0.00160901045856798
16004,6,6,"M","1","0",4.23,1200,"Math & Science","1","0",NA,1,0.652777777777778,"0","0",0.00160901045856798
16007,3,3,"F","0","0",3.93,1250,"Business & Economics","1","0",NA,0,0.245187436676798,"0","0",0.00160901045856798
16008,6,6,"M","0","0",4.05,1470,"Math & Science","1","0",NA,1,0.896933560477002,"0","0",0.123106060606061
16017,6,4,"F","1","0",3.95,1320,"Math & Science","1","0",NA,1,0.73936170212766,"0","0",0.173497267759563
16020,1,2,"M","0","0",3.96,1240,"Math & Science","1","0",NA,1,0.793939393939394,"0","0",0.173497267759563
16024,7,6,"F","0","1",3.88,1370,"Business & Economics","1","0",NA,1,0.896933560477002,"0","0",0.123106060606061
16036,4,4,"M","0","0",3.97,1310,"Math & Science","1","0",NA,1,0.73936170212766,"0","0",0.173497267759563
16038,6,6,"F","1","0",3.83,1170,"Arts & Letters","1","1",3.338,1,0.854901960784314,"1","1",1
16045,2,2,"F","0","1",3.5,1250,"Math & Science","1","0",NA,0,0.05676072418855,"0","0",0.00160901045856798
16049,3,7,"F","1","0",4.05,1320,"Math & Science","1","0",NA,1,0.73936170212766,"0","0",0.173497267759563
16053,3,2,"M","0","0",3.25,1330,"Arts & Letters","1","0",NA,0,0.156017830609212,"0","0",0.00160901045856798
16055,1,1,"M","0","0",3.85,1290,"Business & Economics","1","0",NA,1,0.909090909090909,"0","0",0
16058,6,6,"F","1","0",4.25,1360,"Arts & Letters","1","0",NA,1,0.896933560477002,"0","0",0.123106060606061
16060,1,4,"F","0","0",3.37,1130,"Arts & Letters","1","0",NA,0,0.05676072418855,"0","0",0.00160901045856798
16062,3,4,"F","0","1",4.05,1220,"Math & Science","1","0",NA,1,0.652777777777778,"0","0",0.00160901045856798
16065,7,5,"F","0","1",3.91,1460,"Math & Science","1","0",NA,1,0.896933560477002,"0","0",0.123106060606061
16067,4,4,"M","0","1",4.05,1240,"Arts & Letters","1","0",NA,1,0.652777777777778,"0","0",0.00160901045856798
16068,3,3,"M","0","1",4.04,1500,"Math & Science","1","0",NA,1,0.896933560477002,"0","0",0.123106060606061
16071,6,6,"M","1","0",3.62,1410,"Arts & Letters","1","0",NA,1,0.818181818181818,"0","0",0.173497267759563
16074,1,1,"M","0","0",3.9,1200,"Business & Economics","1","0",NA,1,0.793939393939394,"0","0",0.173497267759563
16082,6,6,"M","0","1",3.6,1060,"Business & Economics","1","0",NA,0,0.05676072418855,"0","0",0.00160901045856798
16087,6,6,"F","1","0",3.67,1400,"Business & Economics","1","0",NA,1,0.880952380952381,"0","0",0.123106060606061
16091,3,3,"F","0","0",4.04,960,"Math & Science","1","0",NA,0,0.308370044052863,"0","0",0.00160901045856798
16093,4,7,"M","1","0",3.14,1290,"Arts & Letters","1","0",NA,0,0.156017830609212,"0","0",0.00160901045856798
16094,7,6,"M","1","0",3.77,1210,"Math & Science","1","1",2.836,1,0.855172413793103,"1","1",1
16096,6,7,"M","1","0",3.96,1030,"Arts & Letters","1","0",NA,0,0.245187436676798,"0","0",0.00160901045856798
16100,7,6,"M","0","0",3.1,1520,"Math & Science","1","0",NA,0,0.156017830609212,"0","0",0
16104,6,4,"F","0","1",4.27,1280,"Math & Science","1","0",NA,1,0.73936170212766,"0","0",0.173497267759563
16108,7,3,"M","1","0",3.7,1360,"Math & Science","1","0",NA,0,0.336,"0","0",0.00160901045856798
16109,7,7,"M","0","0",4.3,1310,"Business & Economics","1","0",NA,1,0.73936170212766,"0","0",0.173497267759563
16110,7,4,"M","0","0",3.95,1500,"Business & Economics","1","0",NA,1,0.896933560477002,"0","0",0.123106060606061
16116,3,6,"M","1","0",3.85,1350,"Arts & Letters","1","0",NA,1,0.896933560477002,"0","0",0.123106060606061
16118,6,6,"F","0","0",4.12,1010,"Math & Science","1","0",NA,0,0.308370044052863,"0","0",0.00160901045856798
16123,6,6,"F","1","0",4.1,1340,"Arts & Letters","1","0",NA,1,0.73936170212766,"0","0",0.173497267759563
16124,7,7,"F","0","1",3.92,1400,"Math & Science","1","0",NA,1,0.896933560477002,"0","0",0.123106060606061
16129,4,6,"M","1","0",4.09,1470,"Math & Science","1","0",NA,1,0.896933560477002,"0","0",0.123106060606061
16137,6,6,"F","0","0",3.19,1200,"Arts & Letters","1","0",NA,0,0.05676072418855,"0","0",0.00160901045856798
16139,1,1,"M","0","1",3.55,1220,"Business & Economics","1","1",2.045,1,0.855172413793103,"1","1",1
16140,6,6,"M","1","0",3.5,980,"Math & Science","1","0",NA,0,0.05676072418855,"0","0",0.00160901045856798
16144,1,1,"M","0","0",3.59,980,"Math & Science","1","0",NA,0,0.05676072418855,"0","0",0.00160901045856798
16146,7,7,"F","0","1",3.92,1450,"Math & Science","1","0",NA,1,0.896933560477002,"0","0",0.123106060606061
16151,6,6,"M","0","1",3.77,1180,"Arts & Letters","1","0",NA,0,0.05676072418855,"0","0",0.00160901045856798
16155,7,6,"M","1","0",3.73,1380,"Business & Economics","1","0",NA,1,0.631578947368421,"0","0",0.00160901045856798
16162,7,7,"F","0","1",3.8,1490,"Business & Economics","1","0",NA,1,0.896933560477002,"0","0",0.123106060606061
16164,2,1,"M","0","1",3.67,1130,"Business & Economics","1","0",NA,0,0.05676072418855,"0","0",0.00160901045856798
16167,6,6,"F","1","0",4.3,1270,"Math & Science","1","0",NA,1,0.73936170212766,"0","0",0.173497267759563
16170,3,7,"M","1","0",3.74,1420,"Business & Economics","1","0",NA,1,0.880952380952381,"0","0",0.123106060606061
16173,6,3,"M","1","0",4,1550,"Business & Economics","1","1",3.46,1,0.896933560477002,"1","0",0.123106060606061
16180,1,1,"M","0","1",3.68,1230,"Business & Economics","1","0",NA,0,0.05676072418855,"0","0",0.00160901045856798
16187,7,6,"M","0","0",3.33,1220,"Arts & Letters","1","0",NA,0,0.05676072418855,"0","0",0.00160901045856798
16191,6,5,"F","0","1",3.5,1410,"Math & Science","1","0",NA,0,0.156017830609212,"0","0",0.00160901045856798
16194,7,6,"F","1","0",3.64,1100,"Arts & Letters","1","0",NA,0,0.05676072418855,"0","0",0.00160901045856798
16195,7,6,"M","0","1",3.54,1360,"Arts & Letters","1","0",NA,0,0.26978417266187,"0","0",0.00160901045856798
16196,4,4,"M","0","1",4.18,1170,"Math & Science","1","0",NA,1,0.652777777777778,"0","0",0.00160901045856798
16199,3,3,"M","0","0",3.65,1310,"Arts & Letters","1","0",NA,0,0.26978417266187,"0","0",0.00160901045856798
16200,7,5,"F","1","0",3.97,1400,"Business & Economics","1","1",3.704,1,0.896933560477002,"1","0",0.123106060606061
16203,2,4,"F","0","1",4,1100,"Math & Science","1","0",NA,0,0.393939393939394,"0","0",0.00160901045856798
16210,2,5,"F","0","1",3.8,1230,"Math & Science","1","0",NA,1,0.8,"0","0",0.173497267759563
16218,7,6,"F","1","0",4.29,1300,"Math & Science","1","0",NA,1,0.73936170212766,"0","0",0.173497267759563
16219,7,7,"M","0","0",3.75,1310,"Math & Science","1","0",NA,0,0.336,"0","0",0.00160901045856798
16222,7,5,"F","0","0",3.4,1070,"Business & Economics","1","0",NA,0,0.05676072418855,"0","0",0.00160901045856798
16226,2,1,"M","0","1",3.64,1180,"Math & Science","1","0",NA,0,0.05676072418855,"0","0",0.00160901045856798
16237,6,6,"M","1","0",4.15,1460,"Arts & Letters","1","0",NA,1,0.896933560477002,"0","0",0.123106060606061
16241,4,7,"F","0","0",4.05,1150,"Arts & Letters","1","0",NA,0,0.308370044052863,"0","0",0.00160901045856798
16249,7,7,"M","1","0",4.25,1280,"Math & Science","1","0",NA,1,0.73936170212766,"0","0",0.173497267759563
16252,4,6,"M","1","0",3.45,1330,"Math & Science","1","1",2.07,1,0.855172413793103,"1","1",1
16255,3,6,"F","0","0",4.04,1240,"Arts & Letters","1","0",NA,1,0.652777777777778,"0","0",0.00160901045856798
16261,7,6,"F","0","1",3.95,1390,"Business & Economics","1","0",NA,1,0.896933560477002,"0","0",0.123106060606061
16270,6,6,"F","0","0",4.14,1360,"Math & Science","1","0",NA,1,0.896933560477002,"0","0",0.123106060606061
16273,7,7,"M","1","0",3.92,1470,"Business & Economics","1","0",NA,1,0.896933560477002,"0","0",0.123106060606061
16275,4,3,"F","1","0",3.9,1380,"Arts & Letters","1","0",NA,1,0.896933560477002,"0","0",0.123106060606061
16282,6,6,"M","1","0",4,1410,"Math & Science","1","0",NA,1,0.896933560477002,"0","0",0.123106060606061
16283,6,6,"M","0","0",4.12,1470,"Math & Science","1","0",NA,1,0.896933560477002,"0","0",0.123106060606061
16290,6,7,"M","1","0",3.75,1450,"Arts & Letters","1","0",NA,1,0.818181818181818,"0","0",0.173497267759563
16309,4,6,"F","0","0",4.17,1170,"Arts & Letters","1","0",NA,1,0.652777777777778,"0","0",0.00160901045856798
16313,3,6,"F","1","0",3.9,1250,"Math & Science","1","0",NA,0,0.245187436676798,"0","0",0.00160901045856798
16321,6,5,"M","1","0",3.92,1350,"Business & Economics","1","1",3.336,1,0.896933560477002,"1","0",0.123106060606061
16332,5,3,"F","0","0",3.59,1220,"Math & Science","1","0",NA,0,0.05676072418855,"0","0",0.00160901045856798
16337,1,1,"M","0","1",3.85,1070,"Arts & Letters","1","0",NA,1,0.793939393939394,"0","0",0.173497267759563
16340,7,7,"M","1","0",4.17,1260,"Arts & Letters","1","0",NA,1,0.73936170212766,"0","0",0.173497267759563
16350,3,2,"F","0","0",3.5,930,"Math & Science","1","0",NA,0,0.05676072418855,"0","0",0.00160901045856798
16355,7,4,"M","0","1",4.04,1410,"Math & Science","1","0",NA,1,0.896933560477002,"0","0",0.123106060606061
16363,7,7,"M","0","0",3.41,1300,"Arts & Letters","1","0",NA,0,0.156017830609212,"0","0",0.00160901045856798
16364,6,3,"F","0","0",4,1310,"Math & Science","1","0",NA,1,0.73936170212766,"0","0",0.173497267759563
16365,1,1,"M","0","0",4.25,1050,"Math & Science","1","0",NA,1,0.793939393939394,"0","0",0.173497267759563
16368,7,7,"F","1","0",3.71,1280,"Business & Economics","1","0",NA,1,0.631578947368421,"0","0",0.00160901045856798
16373,4,6,"F","1","0",4,1320,"Arts & Letters","1","0",NA,1,0.73936170212766,"0","0",0.173497267759563
16374,7,6,"M","0","1",3.88,1300,"Math & Science","1","0",NA,0,0.378048780487805,"0","0",0.00160901045856798
16375,3,3,"F","1","0",4.15,1390,"Math & Science","1","0",NA,1,0.896933560477002,"0","0",0.123106060606061
16378,5,3,"M","1","0",3.83,1430,"Business & Economics","1","1",3.096,1,0.896933560477002,"1","0",0.123106060606061
16388,6,4,"F","1","0",4.36,1400,"Arts & Letters","1","1",3.806,1,0.896933560477002,"1","0",0.123106060606061
16400,1,1,"F","0","1",3.82,1080,"Math & Science","1","0",NA,1,0.793939393939394,"0","0",0.173497267759563
16401,1,1,"F","0","1",4.21,1280,"Math & Science","1","0",NA,1,0.73936170212766,"0","0",0.173497267759563
16413,4,7,"M","0","0",3.55,1360,"Arts & Letters","1","0",NA,0,0.26978417266187,"0","0",0.00160901045856798
16414,4,6,"F","1","0",3.85,1400,"Math & Science","1","0",NA,1,0.896933560477002,"0","0",0.123106060606061
16425,3,4,"F","0","0",3.74,1210,"Business & Economics","1","0",NA,0,0.05676072418855,"0","0",0.00160901045856798
16429,2,2,"M","0","0",4.27,1080,"Business & Economics","1","0",NA,1,0.793939393939394,"0","0",0.173497267759563
16437,3,5,"F","0","0",3.7,1400,"Math & Science","1","0",NA,1,0.818181818181818,"0","0",0.173497267759563
16438,6,4,"F","1","0",4.32,1480,"Math & Science","1","1",3.528,1,0.896933560477002,"1","0",0.123106060606061
16439,4,4,"F","1","0",3.35,1150,"Math & Science","1","1",3.17,1,0.855172413793103,"1","1",1
16441,7,1,"F","0","0",3.69,970,"Arts & Letters","1","0",NA,0,0.05676072418855,"0","0",0.00160901045856798
16451,4,6,"F","0","1",3.9,1050,"Math & Science","1","0",NA,0,0.245187436676798,"0","0",0.00160901045856798
16462,4,1,"F","0","0",3.83,1060,"Business & Economics","1","1",2.728,1,0.854901960784314,"1","1",1
16466,6,6,"F","1","0",4.19,1250,"Arts & Letters","1","0",NA,1,0.652777777777778,"0","0",0.00160901045856798
16471,3,3,"F","0","1",3.83,1050,"Math & Science","1","0",NA,0,0.245187436676798,"0","0",0.00160901045856798
16473,7,7,"F","0","0",3.54,990,"Math & Science","1","1",2.974,1,0.855172413793103,"1","1",1
16476,6,7,"F","0","0",3.73,1210,"Arts & Letters","1","0",NA,0,0.05676072418855,"0","0",0.00160901045856798
16483,6,3,"M","0","1",3.9,1100,"Arts & Letters","1","0",NA,0,0.245187436676798,"0","0",0.00160901045856798
16484,7,3,"M","1","0",4.04,1200,"Math & Science","1","1",3.363,1,0.854901960784314,"1","1",1
16485,4,4,"F","0","1",4.31,1370,"Math & Science","1","0",NA,1,0.896933560477002,"0","0",0.123106060606061
16493,7,7,"F","1","0",4.07,1420,"Math & Science","1","1",3.832,1,0.896933560477002,"1","0",0.123106060606061
16499,1,1,"F","1","0",4.33,1280,"Business & Economics","1","0",NA,1,0.73936170212766,"0","0",0.173497267759563
16507,7,4,"F","0","0",3.8,960,"Math & Science","1","1",0.94,1,0.854901960784314,"1","1",1
16510,3,4,"F","1","0",3.77,1200,"Math & Science","1","0",NA,0,0.05676072418855,"0","0",0.00160901045856798
16522,2,2,"F","0","1",3.71,1080,"Math & Science","1","0",NA,0,0.05676072418855,"0","0",0.00160901045856798
16529,7,4,"F","1","0",3.88,1270,"Math & Science","1","0",NA,0,0.378048780487805,"0","0",0.00160901045856798
16531,1,1,"M","0","0",4.07,1260,"Math & Science","1","0",NA,1,0.73936170212766,"0","0",0.173497267759563
16534,6,6,"M","0","1",4.05,1480,"Math & Science","1","0",NA,1,0.896933560477002,"0","0",0.123106060606061
16535,3,6,"F","0","1",4.24,1190,"Arts & Letters","1","0",NA,1,0.652777777777778,"0","0",0.00160901045856798
16544,7,7,"M","1","0",3.72,1270,"Math & Science","1","1",3.445,1,0.855172413793103,"1","1",1
16550,6,5,"M","1","0",3.61,1190,"Arts & Letters","1","0",NA,0,0.05676072418855,"0","0",0.00160901045856798
16555,1,1,"F","0","1",3.68,1260,"Arts & Letters","1","0",NA,0,0.05676072418855,"0","0",0.00160901045856798
16565,6,4,"M","1","0",3.74,1450,"Math & Science","1","1",2.66,1,0.855172413793103,"1","1",1
16572,6,5,"F","0","0",4.22,1600,"Math & Science","1","0",NA,1,0.896933560477002,"0","0",0.123106060606061
16573,2,2,"F","0","0",3.67,1070,"Business & Economics","1","1",2.699,1,0.855172413793103,"1","1",1
16576,1,1,"F","0","1",4.25,1140,"Math & Science","1","0",NA,1,0.793939393939394,"0","0",0.173497267759563
16581,3,3,"M","0","0",3.55,1300,"Business & Economics","1","0",NA,0,0.26978417266187,"0","0",0.00160901045856798
16582,3,3,"F","1","0",3.2,1140,"Math & Science","1","1",2.755,1,0.84,"1","1",1
16586,6,6,"F","1","0",3.64,1180,"Arts & Letters","1","0",NA,0,0.05676072418855,"0","0",0.00160901045856798
16588,7,7,"M","0","0",4.04,1290,"Arts & Letters","1","0",NA,1,0.73936170212766,"0","0",0.173497267759563
16592,2,5,"M","0","0",3.67,790,"Arts & Letters","1","0",NA,0,0.05676072418855,"0","0",0.00160901045856798
16607,7,7,"M","0","0",3.41,1160,"Math & Science","1","1",0.891,1,0.855172413793103,"1","1",1
16610,5,6,"F","0","0",4.04,1290,"Math & Science","1","0",NA,1,0.73936170212766,"0","0",0.173497267759563
16614,1,1,"F","0","1",4,930,"Math & Science","1","0",NA,0,0.320754716981132,"0","0",0.00160901045856798
16619,7,7,"M","0","0",3.82,1400,"Math & Science","1","0",NA,1,0.896933560477002,"0","0",0.123106060606061
16621,1,1,"F","0","1",3.57,1170,"Business & Economics","1","1",1.515,1,0.855172413793103,"1","1",1
16622,7,7,"F","1","0",4.15,1360,"Arts & Letters","1","0",NA,1,0.896933560477002,"0","0",0.123106060606061
16624,7,7,"F","0","0",3.83,1260,"Arts & Letters","1","0",NA,0,0.378048780487805,"0","0",0.00160901045856798
16628,2,2,"M","0","0",3.73,1070,"Arts & Letters","1","0",NA,0,0.05676072418855,"0","0",0.00160901045856798
16631,3,4,"M","0","0",4.12,1210,"Math & Science","1","0",NA,1,0.652777777777778,"0","0",0.00160901045856798
16632,6,5,"M","0","0",3.93,1290,"Math & Science","1","0",NA,1,0.73936170212766,"0","0",0.173497267759563
16634,3,2,"F","0","0",4.04,1160,"Math & Science","1","0",NA,1,0.652777777777778,"0","0",0.00160901045856798
16641,7,6,"F","0","1",4.17,1560,"Math & Science","1","0",NA,1,0.896933560477002,"0","0",0.123106060606061
16643,1,1,"F","0","1",4.18,1070,"Business & Economics","1","0",NA,1,0.793939393939394,"0","0",0.173497267759563
16646,7,7,"M","1","0",3.88,1420,"Arts & Letters","1","0",NA,1,0.896933560477002,"0","0",0.123106060606061
16650,7,6,"M","1","0",3.6,1350,"Arts & Letters","1","0",NA,0,0.26978417266187,"0","0",0.00160901045856798
16651,1,1,"M","0","0",4.25,1190,"Math & Science","1","0",NA,1,0.793939393939394,"0","0",0.173497267759563
16652,1,1,"M","0","1",3.2,1260,"Math & Science","1","0",NA,0,0.05676072418855,"0","0",0.00160901045856798
16656,1,1,"F","0","0",4.04,1470,"Math & Science","1","0",NA,1,0.896933560477002,"0","0",0.123106060606061
16662,6,4,"M","1","0",3.95,1150,"Business & Economics","1","1",3.366,1,0.854901960784314,"1","1",1
16664,7,7,"F","0","1",3.32,1250,"Math & Science","1","0",NA,0,0.05676072418855,"0","0",0.00160901045856798
16671,3,4,"M","0","0",3.8,1180,"Business & Economics","1","0",NA,0,0.245187436676798,"0","0",0.00160901045856798
16673,7,6,"M","0","1",3.04,1270,"Business & Economics","1","0",NA,0,0.156017830609212,"0","0",0
16674,3,3,"F","1","0",4.23,1190,"Math & Science","1","0",NA,1,0.652777777777778,"0","0",0.00160901045856798
16675,1,3,"F","0","0",4,900,"Math & Science","1","0",NA,0,0.320754716981132,"0","0",0.00160901045856798
16676,4,3,"M","1","0",3.46,1260,"Arts & Letters","1","1",2.176,1,0.855172413793103,"1","1",1
16683,6,7,"F","0","0",4.05,1410,"Arts & Letters","1","0",NA,1,0.896933560477002,"0","0",0.123106060606061
16687,4,6,"F","0","0",4,1270,"Math & Science","1","0",NA,1,0.73936170212766,"0","0",0.173497267759563
16688,1,1,"F","0","0",3.59,1140,"Arts & Letters","1","0",NA,0,0.05676072418855,"0","0",0.00160901045856798
16700,1,3,"M","0","0",3.67,1320,"Math & Science","1","0",NA,1,0.916666666666667,"0","0",0
16702,7,6,"M","0","0",3.66,1370,"Business & Economics","1","0",NA,0,0.26978417266187,"0","0",0.00160901045856798
16708,6,6,"F","0","0",3.8,1180,"Arts & Letters","1","0",NA,0,0.245187436676798,"0","0",0.00160901045856798
16709,2,5,"F","0","1",4,1430,"Math & Science","1","0",NA,1,0.896933560477002,"0","0",0.123106060606061
16710,3,6,"F","1","0",4,1180,"Business & Economics","1","0",NA,0,0.245187436676798,"0","0",0.00160901045856798
16713,1,1,"F","0","0",3.5,1030,"Arts & Letters","1","1",0.889,1,0.855172413793103,"1","1",1
16714,6,6,"F","0","0",3.82,1270,"Business & Economics","1","1",3.245,1,0.903225806451613,"1","1",1
16717,3,3,"M","0","0",3.46,1120,"Math & Science","1","0",NA,0,0.05676072418855,"0","0",0.00160901045856798
16718,3,3,"M","1","0",4.09,1320,"Math & Science","1","0",NA,1,0.73936170212766,"0","0",0.173497267759563
16721,6,6,"F","0","1",3.82,1440,"Arts & Letters","1","0",NA,1,0.896933560477002,"0","0",0.123106060606061
16728,7,6,"F","0","0",4.12,1170,"Arts & Letters","1","0",NA,1,0.652777777777778,"0","0",0.00160901045856798
16736,6,5,"F","1","0",3.73,1140,"Arts & Letters","1","0",NA,0,0.05676072418855,"0","0",0.00160901045856798
16739,5,6,"M","1","0",3.73,1290,"Business & Economics","1","1",2.872,1,0.855172413793103,"1","1",1
16745,3,3,"F","1","0",4.1,1250,"Business & Economics","1","0",NA,1,0.717948717948718,"0","0",0.00160901045856798
16746,3,1,"F","0","1",4.22,1240,"Business & Economics","1","0",NA,1,0.717948717948718,"0","0",0.00160901045856798
16752,6,4,"F","1","0",3.92,1220,"Arts & Letters","1","1",3.574,1,0.854901960784314,"1","1",1
16754,6,5,"F","1","0",3.45,1220,"Arts & Letters","1","1",2.759,1,0.855172413793103,"1","1",1
16756,4,7,"M","1","0",4.4,1320,"Math & Science","1","0",NA,1,0.73936170212766,"0","0",0.173497267759563
16759,4,3,"M","0","1",3.5,1160,"Business & Economics","1","1",2.859,1,0.855172413793103,"1","1",1
16766,4,7,"M","0","0",3.09,1510,"Math & Science","1","1",2.961,1,0.84,"1","1",1
16774,7,6,"M","1","0",3.91,1420,"Math & Science","1","0",NA,1,0.896933560477002,"0","0",0.123106060606061
16777,7,4,"M","0","0",4,1410,"Math & Science","1","1",3.079,1,0.896933560477002,"1","0",0.123106060606061
16782,7,7,"F","1","0",4,1190,"Arts & Letters","1","0",NA,0,0.245187436676798,"0","0",0.00160901045856798
16785,1,6,"F","0","0",4,1040,"Math & Science","1","1",2.33,1,0.854901960784314,"1","1",1
16786,3,3,"M","1","0",4.11,1390,"Math & Science","1","1",3.523,1,0.896933560477002,"1","0",0.123106060606061
16791,2,3,"M","0","0",4.36,1250,"Math & Science","1","0",NA,1,0.8,"0","0",0.173497267759563
16799,3,1,"F","0","1",3.74,1280,"Arts & Letters","1","0",NA,1,0.769230769230769,"0","0",0.173497267759563
16801,6,6,"M","1","0",3.8,1470,"Math & Science","1","0",NA,1,0.896933560477002,"0","0",0.123106060606061
16809,6,6,"M","0","1",3.92,1330,"Math & Science","1","0",NA,1,0.73936170212766,"0","0",0.173497267759563
16810,4,3,"F","0","1",3.54,1340,"Business & Economics","1","1",3.172,1,0.855172413793103,"1","1",1
16814,2,2,"F","0","1",3.5,1410,"Math & Science","1","1",2.733,1,0.855172413793103,"1","1",1
16822,6,4,"F","0","1",4.09,1300,"Math & Science","1","0",NA,1,0.73936170212766,"0","0",0.173497267759563
16826,1,1,"M","0","0",3.94,1140,"Math & Science","1","0",NA,1,0.793939393939394,"0","0",0.173497267759563
16830,3,3,"F","0","1",3.33,1370,"Arts & Letters","1","0",NA,0,0.156017830609212,"0","0",0.00160901045856798
16831,7,7,"F","0","0",4.03,1320,"Math & Science","1","0",NA,1,0.73936170212766,"0","0",0.173497267759563
16835,7,7,"F","0","1",3.88,1350,"Business & Economics","1","0",NA,1,0.896933560477002,"0","0",0.123106060606061
16837,2,2,"F","0","0",4.09,900,"Math & Science","1","0",NA,0,0.320754716981132,"0","0",0.00160901045856798
16841,7,7,"F","1","0",4.22,1430,"Arts & Letters","1","0",NA,1,0.896933560477002,"0","0",0.123106060606061
16855,6,3,"M","0","0",3.94,1210,"Business & Economics","1","1",3.568,1,0.854901960784314,"1","1",1
16856,5,6,"F","1","0",3.81,1520,"Business & Economics","1","0",NA,1,0.896933560477002,"0","0",0.123106060606061
16861,7,7,"M","1","0",4.24,1320,"Arts & Letters","1","0",NA,1,0.73936170212766,"0","0",0.173497267759563
16864,6,5,"M","1","0",3.91,1260,"Arts & Letters","1","1",3.207,1,0.73936170212766,"1","0",0.173497267759563
16870,6,5,"F","0","0",3.96,1400,"Arts & Letters","1","0",NA,1,0.896933560477002,"0","0",0.123106060606061
16879,6,7,"F","0","0",4.3,1470,"Arts & Letters","1","0",NA,1,0.896933560477002,"0","0",0.123106060606061
16880,7,7,"M","1","0",4.05,1420,"Arts & Letters","1","0",NA,1,0.896933560477002,"0","0",0.123106060606061
16883,6,5,"M","0","1",4,1310,"Business & Economics","1","0",NA,1,0.73936170212766,"0","0",0.173497267759563
16887,7,6,"F","1","0",4.28,1330,"Arts & Letters","1","0",NA,1,0.73936170212766,"0","0",0.173497267759563
16888,1,1,"F","0","0",4.15,1000,"Math & Science","1","0",NA,1,0.793939393939394,"0","0",0.173497267759563
16894,3,6,"F","0","0",3.52,990,"Arts & Letters","1","0",NA,0,0.05676072418855,"0","0",0.00160901045856798
16901,7,7,"F","1","0",4.18,1440,"Math & Science","1","0",NA,1,0.896933560477002,"0","0",0.123106060606061
16906,4,4,"F","0","0",3.8,900,"Math & Science","1","1",1.857,1,0.854901960784314,"1","1",1
16912,6,5,"M","0","0",4.04,1420,"Math & Science","1","0",NA,1,0.896933560477002,"0","0",0.123106060606061
16916,3,5,"M","0","0",4.33,1260,"Math & Science","1","0",NA,1,0.73936170212766,"0","0",0.173497267759563
16921,1,1,"F","0","0",3.46,1210,"Math & Science","1","0",NA,0,0.05676072418855,"0","0",0.00160901045856798
16925,7,7,"M","0","1",3.3,1390,"Math & Science","1","0",NA,0,0.156017830609212,"0","0",0.00160901045856798
16928,3,7,"F","1","0",3.88,1300,"Arts & Letters","1","0",NA,0,0.378048780487805,"0","0",0.00160901045856798
16936,3,7,"F","0","0",3.27,1080,"Arts & Letters","1","0",NA,0,0.05676072418855,"0","0",0.00160901045856798
16941,4,4,"F","0","0",3.82,1020,"Arts & Letters","1","0",NA,0,0.245187436676798,"0","0",0.00160901045856798
16942,7,7,"F","1","0",3.77,1350,"Arts & Letters","1","0",NA,1,0.857142857142857,"0","0",0.123106060606061
16947,6,6,"M","1","0",3.59,1060,"Math & Science","1","0",NA,0,0.05676072418855,"0","0",0.00160901045856798
16948,6,6,"F","1","0",4.41,1340,"Math & Science","1","0",NA,1,0.73936170212766,"0","0",0.173497267759563
16956,4,6,"F","0","0",3.96,1140,"Math & Science","1","0",NA,0,0.245187436676798,"0","0",0.00160901045856798
16959,5,7,"F","1","0",3.62,1090,"Arts & Letters","1","0",NA,0,0.05676072418855,"0","0",0.00160901045856798
16963,3,1,"M","0","0",3.68,1370,"Math & Science","1","0",NA,1,0.857142857142857,"0","0",0.123106060606061
16964,6,7,"F","0","1",4.04,1350,"Math & Science","1","0",NA,1,0.896933560477002,"0","0",0.123106060606061
16970,7,6,"M","1","0",3.18,1230,"Business & Economics","1","0",NA,0,0.05676072418855,"0","0",0.00160901045856798
16975,4,4,"M","1","0",4.18,1150,"Math & Science","1","0",NA,0,0.308370044052863,"0","0",0.00160901045856798
16976,6,6,"F","0","0",4.05,1160,"Math & Science","1","0",NA,1,0.652777777777778,"0","0",0.00160901045856798
16978,7,6,"F","1","0",4.05,1420,"Arts & Letters","1","0",NA,1,0.896933560477002,"0","0",0.123106060606061
16979,6,6,"M","0","1",4.04,1340,"Business & Economics","1","0",NA,1,0.73936170212766,"0","0",0.173497267759563
16980,7,3,"M","0","0",4.07,1320,"Arts & Letters","1","0",NA,1,0.73936170212766,"0","0",0.173497267759563
16984,7,6,"M","1","0",4.27,1500,"Business & Economics","1","0",NA,1,0.896933560477002,"0","0",0.123106060606061
16992,1,2,"M","0","0",3.63,940,"Math & Science","1","0",NA,0,0.05676072418855,"0","0",0.00160901045856798
17005,1,1,"F","0","1",4.17,1390,"Math & Science","1","0",NA,1,0.896933560477002,"0","0",0.123106060606061
17012,6,4,"F","1","0",3.7,1130,"Math & Science","1","0",NA,0,0.05676072418855,"0","0",0.00160901045856798
17014,6,6,"F","1","0",3.96,1170,"Arts & Letters","1","0",NA,0,0.245187436676798,"0","0",0.00160901045856798
17016,7,7,"F","1","0",3.66,1430,"Math & Science","1","0",NA,1,0.818181818181818,"0","0",0.173497267759563
17020,3,4,"M","0","0",3.77,1190,"Arts & Letters","1","0",NA,0,0.05676072418855,"0","0",0.00160901045856798
17041,1,1,"M","0","0",3.75,1010,"Math & Science","1","0",NA,0,0.05676072418855,"0","0",0.00160901045856798
17044,7,6,"M","1","0",3.86,1340,"Business & Economics","1","0",NA,0,0.378048780487805,"0","0",0.00160901045856798
17051,6,4,"M","0","1",3.65,1360,"Business & Economics","1","0",NA,1,0.857142857142857,"0","0",0.123106060606061
17053,3,3,"M","0","0",4.14,1200,"Math & Science","1","0",NA,1,0.652777777777778,"0","0",0.00160901045856798
17056,7,6,"M","1","0",3.82,1390,"Arts & Letters","1","0",NA,1,0.896933560477002,"0","0",0.123106060606061
17057,7,6,"M","0","1",3.78,1320,"Business & Economics","1","0",NA,1,0.857142857142857,"0","0",0
17059,6,7,"M","0","1",4.27,1340,"Math & Science","1","0",NA,1,0.73936170212766,"0","0",0.173497267759563
17060,7,4,"F","1","0",4.18,1410,"Business & Economics","1","0",NA,1,0.896933560477002,"0","0",0.123106060606061
17065,6,5,"M","0","0",4.12,1010,"Arts & Letters","1","0",NA,0,0.308370044052863,"0","0",0.00160901045856798
17068,7,3,"M","1","0",4.12,1120,"Math & Science","1","1",2.557,1,0.854901960784314,"1","1",1
17071,7,3,"M","0","1",4.14,1440,"Math & Science","1","0",NA,1,0.896933560477002,"0","0",0.123106060606061
17073,7,6,"F","0","0",4.38,1510,"Math & Science","1","0",NA,1,0.896933560477002,"0","0",0.123106060606061
17074,7,5,"M","0","1",4,1440,"Math & Science","1","0",NA,1,0.896933560477002,"0","0",0.123106060606061
17079,1,1,"F","0","1",3.54,1140,"Math & Science","1","0",NA,0,0.05676072418855,"0","0",0.00160901045856798
17089,6,6,"F","0","0",3.79,1230,"Math & Science","1","0",NA,0,0.245187436676798,"0","0",0.00160901045856798
17091,5,7,"F","0","0",4.21,1140,"Math & Science","1","0",NA,0,0.308370044052863,"0","0",0.00160901045856798
17100,6,7,"M","0","0",4.23,1280,"Math & Science","1","0",NA,1,0.73936170212766,"0","0",0.173497267759563
17101,6,3,"M","0","1",3.82,1390,"Business & Economics","1","0",NA,1,0.896933560477002,"0","0",0.123106060606061
17108,4,7,"F","0","0",4.25,1250,"Arts & Letters","1","0",NA,1,0.652777777777778,"0","0",0.00160901045856798
17112,7,5,"M","0","1",3.6,1360,"Arts & Letters","1","0",NA,1,0.857142857142857,"0","0",0.123106060606061
17115,7,7,"M","1","0",3.79,1420,"Arts & Letters","1","0",NA,1,0.896933560477002,"0","0",0.123106060606061
17116,1,6,"M","0","1",3.32,1350,"Math & Science","1","0",NA,0,0.156017830609212,"0","0",0.00160901045856798
17117,5,3,"F","0","1",4.06,1150,"Arts & Letters","1","0",NA,0,0.308370044052863,"0","0",0.00160901045856798
17118,1,1,"M","0","0",3.48,1180,"Math & Science","1","0",NA,0,0.05676072418855,"0","0",0.00160901045856798
17122,7,4,"M","1","0",3.8,1040,"Math & Science","1","0",NA,0,0.245187436676798,"0","0",0.00160901045856798
17126,7,7,"F","0","1",3.91,1440,"Arts & Letters","1","0",NA,1,0.896933560477002,"0","0",0.123106060606061
17127,7,6,"M","1","0",3.68,1290,"Math & Science","1","0",NA,1,0.857142857142857,"0","0",0
17132,6,6,"F","1","0",4.05,1160,"Math & Science","1","0",NA,1,0.652777777777778,"0","0",0.00160901045856798
17134,7,4,"M","0","0",4,1440,"Math & Science","1","0",NA,1,0.896933560477002,"0","0",0.123106060606061
17135,4,5,"F","0","1",4.32,1270,"Math & Science","1","0",NA,1,0.73936170212766,"0","0",0.173497267759563
17137,3,2,"F","0","1",4,1190,"Arts & Letters","1","0",NA,0,0.245187436676798,"0","0",0.00160901045856798
17141,4,4,"M","0","0",3.65,1040,"Arts & Letters","1","0",NA,0,0.05676072418855,"0","0",0.00160901045856798
17142,7,3,"M","0","0",3.7,1250,"Math & Science","1","1",2.288,1,0.855172413793103,"1","1",1
17143,3,3,"M","0","1",3.54,1320,"Arts & Letters","1","0",NA,1,0.857142857142857,"0","0",0
17150,4,5,"M","1","0",3.25,1390,"Business & Economics","1","0",NA,0,0.156017830609212,"0","0",0.00160901045856798
17157,6,7,"F","1","0",3.69,1350,"Business & Economics","1","0",NA,1,0.857142857142857,"0","0",0.123106060606061
17161,7,7,"F","1","0",4.11,1400,"Math & Science","1","0",NA,1,0.896933560477002,"0","0",0.123106060606061
17162,6,5,"M","1","0",3.23,1400,"Arts & Letters","1","0",NA,0,0.156017830609212,"0","0",0.00160901045856798
17165,4,1,"M","1","0",3.69,1120,"Math & Science","1","0",NA,0,0.05676072418855,"0","0",0.00160901045856798
17168,7,7,"F","0","1",4.12,1390,"Math & Science","1","0",NA,1,0.896933560477002,"0","0",0.123106060606061
17172,6,6,"M","1","0",4.08,1400,"Business & Economics","1","0",NA,1,0.896933560477002,"0","0",0.123106060606061
17182,3,3,"M","0","1",3.59,1200,"Arts & Letters","1","0",NA,0,0.05676072418855,"0","0",0.00160901045856798
17183,3,3,"F","0","0",4.31,1430,"Math & Science","1","0",NA,1,0.896933560477002,"0","0",0.123106060606061
17185,5,4,"M","0","0",4.2,1190,"Math & Science","1","0",NA,1,0.652777777777778,"0","0",0.00160901045856798
17199,6,6,"F","1","0",4.03,1360,"Math & Science","1","0",NA,1,0.896933560477002,"0","0",0.123106060606061
17201,6,6,"F","1","0",3.42,1300,"Arts & Letters","1","0",NA,0,0.156017830609212,"0","0",0.00160901045856798
17208,1,1,"F","0","0",4.1,980,"Arts & Letters","1","0",NA,1,0.793939393939394,"0","0",0.173497267759563
17217,7,7,"F","0","1",3.68,1340,"Math & Science","1","0",NA,1,0.857142857142857,"0","0",0
17218,7,5,"F","1","0",4.05,1160,"Business & Economics","1","0",NA,1,0.717948717948718,"0","0",0.00160901045856798
17219,6,4,"F","1","0",3.75,1280,"Arts & Letters","1","0",NA,1,0.857142857142857,"0","0",0
17223,7,6,"F","0","0",4.05,1420,"Math & Science","1","0",NA,1,0.896933560477002,"0","0",0.123106060606061
17225,7,7,"F","1","0",4.36,1430,"Math & Science","1","0",NA,1,0.896933560477002,"0","0",0.123106060606061
17226,7,3,"M","0","1",3.65,1370,"Arts & Letters","1","0",NA,1,0.857142857142857,"0","0",0.123106060606061
17231,7,6,"M","0","1",3.75,1170,"Business & Economics","1","1",3.065,1,0.855172413793103,"1","1",1
17234,3,4,"F","0","1",3.24,1010,"Math & Science","1","0",NA,0,0.05676072418855,"0","0",0.00160901045856798
17235,6,2,"M","0","0",3.77,1330,"Business & Economics","1","0",NA,1,0.857142857142857,"0","0",0
17238,1,1,"F","0","0",3.88,870,"Business & Economics","1","0",NA,0,0.320754716981132,"0","0",0.00160901045856798
17243,6,7,"M","0","0",3.55,1240,"Arts & Letters","1","1",2.953,1,0.855172413793103,"1","1",1
17250,4,2,"F","0","1",4.15,1120,"Math & Science","1","0",NA,0,0.308370044052863,"0","0",0.00160901045856798
17251,6,7,"M","1","0",3.3,1170,"Arts & Letters","1","0",NA,0,0.05676072418855,"0","0",0.00160901045856798
17260,4,4,"F","1","0",3.86,1230,"Math & Science","1","0",NA,0,0.245187436676798,"0","0",0.00160901045856798
17262,7,7,"F","0","1",3.73,1360,"Arts & Letters","1","0",NA,1,0.857142857142857,"0","0",0.123106060606061
17270,2,4,"M","1","0",4,1180,"Business & Economics","1","0",NA,0,0.393939393939394,"0","0",0.00160901045856798
17272,7,6,"F","0","1",4.05,1430,"Business & Economics","1","0",NA,1,0.896933560477002,"0","0",0.123106060606061
17275,7,6,"M","1","0",3.3,1520,"Arts & Letters","1","0",NA,0,0.156017830609212,"0","0",0.00160901045856798
17276,6,6,"M","0","1",3.92,1340,"Math & Science","1","0",NA,1,0.73936170212766,"0","0",0.173497267759563
17277,5,5,"F","0","1",3.88,1200,"Math & Science","1","0",NA,0,0.245187436676798,"0","0",0.00160901045856798
17279,1,2,"F","0","0",4.36,1130,"Math & Science","1","0",NA,1,0.793939393939394,"0","0",0.173497267759563
17281,4,4,"F","0","0",3.71,1200,"Arts & Letters","1","1",3.268,1,0.855172413793103,"1","1",1
17282,4,3,"M","1","0",4.05,1480,"Math & Science","1","0",NA,1,0.896933560477002,"0","0",0.123106060606061
17286,4,4,"M","1","0",3.68,1410,"Business & Economics","1","0",NA,1,0.880952380952381,"0","0",0.123106060606061
17289,1,1,"M","0","1",4.3,1110,"Math & Science","1","0",NA,1,0.793939393939394,"0","0",0.173497267759563
17293,6,5,"M","1","0",3.29,1040,"Arts & Letters","1","0",NA,0,0.05676072418855,"0","0",0.00160901045856798
17297,7,6,"F","0","0",4,1400,"Arts & Letters","1","0",NA,1,0.896933560477002,"0","0",0.123106060606061
17298,2,3,"F","0","0",3.75,970,"Arts & Letters","1","0",NA,0,0.05676072418855,"0","0",0.00160901045856798
17301,6,5,"M","0","1",3.9,1170,"Math & Science","1","0",NA,0,0.245187436676798,"0","0",0.00160901045856798
17306,4,6,"F","0","1",4.04,1270,"Math & Science","1","0",NA,1,0.73936170212766,"0","0",0.173497267759563
17309,7,6,"F","1","0",3.75,1480,"Math & Science","1","0",NA,1,0.880952380952381,"0","0",0.123106060606061
17312,6,6,"F","0","0",4.18,1260,"Math & Science","1","0",NA,1,0.73936170212766,"0","0",0.173497267759563
17313,1,1,"F","0","0",3.83,1250,"Math & Science","1","0",NA,1,0.793939393939394,"0","0",0.173497267759563
17317,3,3,"M","0","1",3.9,1560,"Math & Science","1","0",NA,1,0.896933560477002,"0","0",0.123106060606061
17318,6,6,"F","0","0",3.91,1360,"Arts & Letters","1","1",3.854,1,0.896933560477002,"1","0",0.123106060606061
17321,6,7,"F","0","1",3.65,1230,"Business & Economics","1","0",NA,0,0.05676072418855,"0","0",0.00160901045856798
17323,6,6,"M","1","0",4.23,1350,"Business & Economics","1","0",NA,1,0.896933560477002,"0","0",0.123106060606061
17324,3,3,"F","0","0",3.9,1190,"Business & Economics","1","0",NA,0,0.245187436676798,"0","0",0.00160901045856798
17325,1,1,"M","0","0",4.04,910,"Business & Economics","1","0",NA,0,0.320754716981132,"0","0",0.00160901045856798
17329,7,7,"F","1","0",3.8,1120,"Math & Science","1","1",3.338,1,0.854901960784314,"1","1",1
17330,4,4,"M","0","0",3.28,1090,"Business & Economics","1","1",2.552,1,0.855172413793103,"1","1",1
17331,2,5,"M","0","0",2.8,1010,"Arts & Letters","1","1",2.555,0,0.24,"1","1",1
17333,7,4,"M","1","0",3.04,1130,"Business & Economics","1","1",3.296,1,0.84,"1","1",1
17334,4,6,"M","1","0",2.8,1210,"Math & Science","1","1",1.578,1,0.84,"1","1",1
17335,7,6,"M","0","0",3.42,1000,"Math & Science","1","1",1.947,1,0.855172413793103,"1","1",1
17337,6,6,"M","1","0",3.32,1240,"Business & Economics","1","0",NA,0,0.05676072418855,"0","0",0.00160901045856798
17338,7,6,"M","1","0",3.05,1130,"Business & Economics","1","1",2.939,1,0.84,"1","1",1
