"Applicant","Edu_Parent1","Edu_Parent2","Sex","White","Asian","HSGPA","SAT_ACT","College","Admitted","Enrolled","College_GPA"
1,4,4,"M",0,1,4.08,1460,"Business & Economics",1,0,NA
2,3,3,"F",0,0,3.59,1180,"Math & Science",0,0,NA
3,7,7,"M",1,0,4.25,1340,"Arts & Letters",1,0,NA
4,6,6,"M",0,1,3,1190,"Business & Economics",0,0,NA
5,6,7,"F",1,0,3.9,1290,"Business & Economics",0,0,NA
6,1,2,"F",0,0,3.36,1090,"Arts & Letters",0,0,NA
7,6,6,"F",1,0,4.26,1430,"Math & Science",1,1,3.956
8,7,6,"F",1,0,4.32,1240,"Math & Science",1,0,NA
9,7,6,"F",1,0,3.41,1230,"Arts & Letters",0,0,NA
10,6,6,"M",0,1,3.75,1510,"Arts & Letters",1,0,NA
11,7,7,"M",1,0,2.62,1330,"Arts & Letters",0,0,NA
12,7,7,"M",1,0,2.46,1170,"Arts & Letters",0,0,NA
13,4,6,"F",1,0,3.83,1210,"Business & Economics",0,0,NA
14,6,6,"M",0,0,3.88,1340,"Business & Economics",1,0,NA
15,7,6,"M",1,0,3.21,1190,"Math & Science",0,0,NA
16,7,7,"M",1,0,3.62,1460,"Business & Economics",1,0,NA
17,7,7,"M",0,0,3.72,1270,"Arts & Letters",0,0,NA
18,7,7,"M",1,0,4.12,1460,"Math & Science",1,0,NA
19,6,6,"F",0,0,3.11,930,"Arts & Letters",0,0,NA
20,1,1,"M",0,0,3.11,880,"Math & Science",0,0,NA
21,7,6,"M",1,0,4.25,1560,"Business & Economics",1,0,NA
22,7,7,"M",1,0,3.23,1510,"Math & Science",0,0,NA
23,3,3,"M",0,0,3.67,1430,"Math & Science",1,0,NA
24,6,6,"M",1,0,3.52,1450,"Math & Science",1,0,NA
25,4,7,"M",0,0,3.6,1040,"Arts & Letters",0,0,NA
26,5,5,"F",1,0,3.88,1220,"Arts & Letters",0,0,NA
27,6,7,"F",0,1,4.05,1360,"Arts & Letters",1,0,NA
28,6,7,"M",1,0,4.06,1220,"Business & Economics",0,0,NA
29,7,6,"M",1,0,3.95,1340,"Math & Science",1,1,3.361
30,7,6,"F",0,1,3.96,1340,"Math & Science",1,0,NA
31,4,7,"M",1,0,3.2,1480,"Arts & Letters",0,0,NA
32,3,6,"F",1,0,3.37,930,"Arts & Letters",0,0,NA
33,6,6,"F",1,0,3.43,1220,"Business & Economics",1,0,NA
34,6,6,"M",1,0,3.43,1000,"Math & Science",0,0,NA
35,7,6,"F",0,1,4,1210,"Business & Economics",0,0,NA
36,3,7,"M",1,0,3.76,1110,"Business & Economics",0,0,NA
37,2,1,"F",0,1,4.09,1210,"Arts & Letters",0,0,NA
38,6,6,"F",0,0,4.32,1300,"Arts & Letters",1,0,NA
39,4,6,"M",1,0,3,1220,"Math & Science",0,0,NA
40,6,5,"M",0,0,3.55,1400,"Math & Science",1,0,NA
41,6,4,"F",1,0,4.27,1150,"Arts & Letters",1,0,NA
42,6,6,"F",1,0,4.33,1440,"Math & Science",1,0,NA
43,7,7,"M",1,0,4,1250,"Arts & Letters",1,0,NA
44,4,3,"F",1,0,3.15,1190,"Math & Science",0,0,NA
45,7,7,"M",1,0,3.29,1250,"Arts & Letters",0,0,NA
46,6,6,"F",1,0,3.75,1250,"Math & Science",1,0,NA
47,3,6,"M",1,0,4.33,1200,"Business & Economics",0,1,3.433
48,7,6,"M",1,0,4.14,1360,"Business & Economics",1,0,NA
49,6,6,"M",1,0,3.54,1350,"Math & Science",0,0,NA
50,7,7,"F",1,0,2.61,980,"Business & Economics",0,0,NA
51,7,6,"F",1,0,4.14,1270,"Business & Economics",1,0,NA
52,6,6,"F",0,1,4.17,1380,"Math & Science",1,0,NA
53,6,6,"F",0,0,3.8,1210,"Math & Science",0,0,NA
54,6,4,"F",0,0,3.69,1190,"Arts & Letters",1,0,NA
55,7,7,"F",0,0,4.29,1400,"Math & Science",1,0,NA
56,6,6,"M",1,0,4.15,1510,"Business & Economics",1,0,NA
57,4,4,"M",0,0,4.18,1350,"Arts & Letters",0,0,NA
58,7,6,"M",1,0,3.42,1310,"Math & Science",0,0,NA
59,7,7,"M",0,1,4.09,1450,"Math & Science",1,0,NA
60,6,7,"M",0,0,4.29,1550,"Math & Science",1,0,NA
61,6,6,"M",1,0,3.78,1200,"Math & Science",0,0,NA
62,7,7,"F",1,0,4.27,1530,"Business & Economics",0,1,3.89
63,7,6,"F",1,0,4,1340,"Math & Science",0,0,NA
64,4,6,"F",0,0,3.6,1110,"Business & Economics",0,0,NA
65,7,7,"F",0,0,4,1260,"Math & Science",0,0,NA
66,6,7,"F",0,0,4.04,1270,"Math & Science",1,1,3.025
67,1,2,"M",0,0,3.75,1010,"Business & Economics",0,0,NA
68,7,4,"F",1,0,3.59,1170,"Arts & Letters",0,0,NA
69,7,7,"F",1,0,4.33,1440,"Math & Science",1,0,NA
70,6,6,"F",1,0,4.08,1200,"Business & Economics",1,0,NA
71,7,7,"F",1,0,3.56,1280,"Arts & Letters",1,1,2.564
72,6,6,"M",1,0,4.33,1410,"Math & Science",1,0,NA
73,7,6,"M",1,0,4.15,1390,"Math & Science",1,1,3.825
74,6,6,"M",1,0,3.65,1280,"Math & Science",0,0,NA
75,7,7,"F",1,0,3.86,1350,"Arts & Letters",1,0,NA
76,6,7,"M",0,0,3.67,1170,"Business & Economics",1,0,NA
77,7,7,"M",0,1,3.15,1370,"Arts & Letters",0,0,NA
78,4,4,"M",0,0,4,1330,"Business & Economics",1,1,3.525
79,6,6,"M",1,0,3.2,1400,"Arts & Letters",0,0,NA
80,7,6,"F",1,0,4.09,1150,"Math & Science",1,1,3.595
81,6,6,"M",1,0,4.18,1480,"Business & Economics",0,0,NA
82,6,6,"F",1,0,3.83,1250,"Arts & Letters",1,0,NA
83,6,6,"F",1,0,4.05,1300,"Arts & Letters",1,0,NA
84,7,6,"F",1,0,3.67,1170,"Arts & Letters",0,0,NA
85,7,6,"M",0,0,3.24,1000,"Math & Science",0,0,NA
86,7,7,"F",0,0,3.36,1130,"Arts & Letters",1,1,3.058
87,7,6,"M",0,0,0,1540,"Math & Science",0,0,NA
88,7,6,"M",1,0,3.77,1310,"Business & Economics",1,0,NA
89,4,6,"F",1,0,4.07,1270,"Math & Science",0,0,NA
90,7,7,"M",1,0,4,1190,"Business & Economics",1,0,NA
91,6,6,"M",0,0,4.14,1310,"Math & Science",1,0,NA
92,7,7,"M",0,1,3.38,1330,"Math & Science",0,0,NA
93,1,1,"M",0,0,3.58,1300,"Math & Science",1,0,NA
94,7,7,"M",1,0,3.5,1230,"Math & Science",0,0,NA
95,7,6,"M",0,0,3.75,1240,"Business & Economics",1,1,3.344
96,6,5,"M",1,0,2.95,1260,"Business & Economics",0,0,NA
97,7,6,"F",1,0,3.95,1250,"Business & Economics",1,0,NA
98,6,6,"F",1,0,3.71,1190,"Math & Science",0,0,NA
99,5,7,"M",1,0,3.82,1240,"Math & Science",0,0,NA
100,6,6,"F",0,0,4.23,1340,"Math & Science",1,0,NA
101,6,6,"F",1,0,4.33,1450,"Arts & Letters",1,0,NA
102,7,7,"M",0,0,3.62,1240,"Math & Science",0,0,NA
103,6,7,"F",1,0,3.82,1270,"Math & Science",1,1,3.106
104,6,7,"F",1,0,4.04,1270,"Arts & Letters",1,0,NA
105,6,6,"M",0,1,2.6,1410,"Arts & Letters",0,0,NA
106,6,6,"M",0,1,3.75,1340,"Math & Science",1,0,NA
107,4,5,"F",0,1,3.86,1230,"Arts & Letters",0,0,NA
108,6,6,"F",1,0,3.38,970,"Arts & Letters",0,0,NA
109,3,3,"F",0,0,3.6,1040,"Arts & Letters",0,0,NA
110,6,6,"M",1,0,4.25,1270,"Business & Economics",1,0,NA
111,5,5,"M",1,0,2.89,1490,"Arts & Letters",0,0,NA
112,6,6,"M",1,0,4.32,1500,"Math & Science",1,1,3.426
113,7,7,"M",1,0,4,1130,"Arts & Letters",0,0,NA
114,6,6,"M",0,1,4.33,1380,"Math & Science",1,0,NA
115,7,7,"F",0,0,4.2,1230,"Arts & Letters",0,1,3.116
116,7,7,"M",1,0,3.46,1230,"Arts & Letters",0,0,NA
117,7,6,"F",1,0,3.92,1320,"Math & Science",1,1,3.396
118,7,7,"M",0,0,2.95,1430,"Math & Science",0,0,NA
119,6,6,"F",1,0,3.83,1240,"Arts & Letters",1,1,3.926
120,5,4,"M",0,0,0,880,"Business & Economics",0,0,NA
121,7,7,"M",1,0,4,1410,"Business & Economics",1,0,NA
122,1,2,"F",0,0,3.29,880,"Arts & Letters",0,0,NA
123,6,6,"F",1,0,3.95,1140,"Math & Science",0,0,NA
124,6,5,"M",0,1,2.78,1200,"Math & Science",0,0,NA
125,7,7,"M",1,0,3.95,1300,"Arts & Letters",0,1,3.277
126,6,1,"F",0,0,3.05,920,"Arts & Letters",0,0,NA
127,6,6,"M",0,1,3.68,1430,"Math & Science",0,0,NA
128,6,5,"F",0,0,4.17,1460,"Math & Science",1,0,NA
129,7,6,"M",1,0,3.14,1150,"Business & Economics",0,0,NA
130,1,1,"F",0,0,3.86,850,"Arts & Letters",0,0,NA
131,7,4,"F",0,0,3.89,1250,"Math & Science",1,1,3.357
132,6,6,"M",1,0,3.6,1130,"Math & Science",0,0,NA
133,7,6,"M",1,0,3.45,1410,"Math & Science",0,0,NA
134,6,5,"M",1,0,3.26,1100,"Business & Economics",0,0,NA
135,6,6,"M",1,0,3.5,1270,"Math & Science",0,0,NA
136,6,7,"F",0,0,3.87,1170,"Arts & Letters",1,1,2.733
137,1,1,"M",0,0,4.2,980,"Business & Economics",1,0,NA
138,5,5,"M",1,0,4.17,1250,"Math & Science",0,0,NA
139,7,7,"F",1,0,3.7,1220,"Arts & Letters",0,0,NA
140,6,6,"M",0,0,2.73,1060,"Business & Economics",0,0,NA
141,7,6,"M",1,0,3.82,1440,"Math & Science",1,1,1.847
142,7,7,"M",1,0,3.25,1160,"Arts & Letters",0,0,NA
143,7,4,"F",0,0,3.88,1180,"Business & Economics",0,0,NA
144,7,7,"M",1,0,3.92,1200,"Arts & Letters",1,0,NA
145,6,6,"M",1,0,3.03,1190,"Arts & Letters",0,0,NA
146,4,4,"F",0,0,2.79,940,"Arts & Letters",0,0,NA
147,2,3,"M",0,0,3.73,1190,"Math & Science",1,0,NA
148,7,7,"M",1,0,3.96,1120,"Math & Science",1,1,3.471
149,7,7,"F",1,0,4.21,1360,"Math & Science",1,1,3.123
150,6,6,"F",0,0,3.36,1240,"Arts & Letters",0,0,NA
151,7,7,"M",1,0,0,1120,"Arts & Letters",0,0,NA
152,3,4,"M",1,0,3.5,1030,"Business & Economics",0,0,NA
153,7,6,"F",1,0,3.8,1270,"Arts & Letters",0,0,NA
154,7,7,"M",1,0,3.06,1230,"Math & Science",0,0,NA
155,6,4,"M",1,0,2.65,1160,"Business & Economics",0,0,NA
156,7,6,"F",0,0,2.92,1250,"Math & Science",0,0,NA
157,6,6,"F",1,0,2.91,1140,"Business & Economics",0,0,NA
158,6,6,"M",1,0,4.25,1350,"Business & Economics",1,0,NA
159,6,4,"M",1,0,3.7,1130,"Business & Economics",0,0,NA
160,7,7,"F",1,0,4.04,1450,"Arts & Letters",1,0,NA
161,4,3,"F",1,0,3.73,1230,"Arts & Letters",0,0,NA
162,6,6,"M",1,0,3.27,1240,"Math & Science",0,0,NA
163,5,6,"F",0,1,3.85,1120,"Math & Science",1,0,NA
164,7,7,"M",1,0,3.95,1430,"Business & Economics",1,0,NA
165,7,7,"M",0,0,3.9,1280,"Math & Science",0,0,NA
166,7,7,"F",1,0,3.59,950,"Arts & Letters",1,1,2.255
167,6,5,"F",0,0,3.29,1200,"Arts & Letters",0,0,NA
168,6,6,"M",1,0,4.23,1400,"Arts & Letters",1,0,NA
169,7,7,"F",0,0,2.68,930,"Math & Science",0,0,NA
170,6,7,"M",1,0,4,1340,"Math & Science",0,1,3.372
171,6,6,"F",1,0,3.4,1000,"Business & Economics",1,1,2.919
172,7,6,"F",1,0,4.27,1140,"Arts & Letters",1,1,3.386
173,6,5,"F",0,0,3.43,1130,"Arts & Letters",0,0,NA
174,6,6,"M",1,0,3.44,1290,"Math & Science",0,0,NA
175,7,7,"F",1,0,4,1210,"Business & Economics",0,1,3.079
176,3,7,"M",0,0,3.71,1360,"Math & Science",1,0,NA
177,7,7,"F",1,0,4.11,1300,"Arts & Letters",1,0,NA
178,6,6,"M",0,1,4,1250,"Arts & Letters",1,1,3.296
179,3,3,"F",0,0,3.61,1050,"Business & Economics",1,1,2.88
180,6,6,"M",1,0,3.25,1140,"Arts & Letters",0,0,NA
181,7,7,"M",1,0,4.24,1280,"Business & Economics",0,0,NA
182,3,6,"F",0,0,3.45,1150,"Math & Science",0,0,NA
183,7,7,"F",1,0,4.04,1320,"Math & Science",0,0,NA
184,7,7,"M",1,0,4.08,1280,"Math & Science",1,0,NA
185,4,4,"M",0,0,2.86,860,"Arts & Letters",0,0,NA
186,7,7,"M",1,0,3.5,1060,"Business & Economics",0,0,NA
187,4,6,"M",1,0,3.5,1530,"Arts & Letters",1,0,NA
188,7,6,"M",0,0,3.95,1400,"Business & Economics",1,0,NA
189,6,6,"M",1,0,3.67,1190,"Arts & Letters",1,0,NA
190,6,6,"F",0,0,4.09,1190,"Arts & Letters",1,0,NA
191,2,1,"F",0,0,3.44,960,"Business & Economics",1,0,NA
192,7,4,"M",0,0,3.95,1240,"Business & Economics",0,0,NA
193,7,7,"M",1,0,3.9,1240,"Arts & Letters",1,0,NA
194,7,7,"F",1,0,4,1390,"Math & Science",1,0,NA
195,7,6,"M",1,0,3.22,1330,"Arts & Letters",0,0,NA
196,5,7,"M",1,0,3.3,1130,"Arts & Letters",0,0,NA
197,7,7,"F",1,0,4.12,1290,"Arts & Letters",1,0,NA
198,7,4,"M",1,0,3.14,1010,"Business & Economics",0,0,NA
199,7,7,"M",0,0,3.94,1360,"Arts & Letters",0,0,NA
200,4,4,"M",0,1,0,1000,"Math & Science",0,0,NA
201,6,3,"F",0,0,3,1050,"Math & Science",0,0,NA
202,6,5,"M",0,1,3.23,1250,"Math & Science",0,0,NA
203,5,5,"M",1,0,3.64,910,"Business & Economics",0,0,NA
204,4,6,"M",0,0,3.05,1230,"Math & Science",0,0,NA
205,7,7,"F",0,0,4.23,1150,"Math & Science",0,0,NA
206,7,7,"M",1,0,4.27,1550,"Math & Science",1,0,NA
207,7,6,"M",1,0,4,1130,"Math & Science",0,0,NA
208,6,5,"M",1,0,3.64,1350,"Business & Economics",1,0,NA
209,7,7,"M",1,0,3.4,1110,"Arts & Letters",0,0,NA
210,3,3,"M",0,0,3.42,720,"Arts & Letters",0,0,NA
211,2,1,"M",0,0,2.76,1160,"Arts & Letters",0,0,NA
212,7,6,"M",1,0,4,1150,"Business & Economics",0,0,NA
213,3,4,"M",0,0,3.32,750,"Math & Science",0,0,NA
214,2,2,"F",0,0,2.94,520,"Arts & Letters",0,0,NA
215,1,2,"F",0,1,3.36,1130,"Math & Science",0,0,NA
216,7,6,"M",1,0,3.64,1260,"Arts & Letters",0,0,NA
217,4,3,"M",0,0,4.33,1320,"Math & Science",1,1,3.935
218,5,4,"F",1,0,3.14,1060,"Math & Science",0,0,NA
219,3,3,"M",0,1,3.68,1170,"Math & Science",0,0,NA
220,3,3,"F",1,0,4.05,1100,"Arts & Letters",0,0,NA
221,6,7,"M",1,0,3.73,1040,"Business & Economics",1,0,NA
222,6,6,"M",1,0,3.74,1260,"Business & Economics",1,1,2.81
223,3,2,"F",1,0,3.14,1000,"Arts & Letters",0,0,NA
224,5,3,"M",0,0,4.25,1310,"Math & Science",1,1,2.498
225,3,7,"M",0,0,3.58,1300,"Arts & Letters",1,0,NA
226,7,6,"F",1,0,3.45,1440,"Business & Economics",1,0,NA
227,7,6,"F",1,0,4.25,1250,"Math & Science",0,0,NA
228,7,4,"F",1,0,4.3,1500,"Arts & Letters",1,0,NA
229,6,6,"F",0,1,3.62,1290,"Arts & Letters",0,0,NA
230,6,6,"M",1,0,3.33,990,"Business & Economics",0,0,NA
231,6,4,"M",0,0,2.71,1070,"Business & Economics",0,0,NA
232,1,1,"F",0,1,3.56,930,"Arts & Letters",0,0,NA
233,7,7,"M",1,0,4.04,1140,"Business & Economics",1,1,2.932
234,6,6,"F",1,0,3.45,1170,"Business & Economics",0,0,NA
235,6,4,"F",1,0,4,1320,"Math & Science",1,0,NA
236,5,5,"M",1,0,3.26,910,"Business & Economics",0,0,NA
237,6,6,"F",1,0,3.95,1230,"Arts & Letters",1,0,NA
238,7,6,"F",1,0,3.8,1210,"Arts & Letters",1,1,3.128
239,4,6,"F",1,0,4.2,1140,"Business & Economics",1,1,3.641
240,4,4,"F",1,0,3.95,1340,"Arts & Letters",1,1,3.58
241,7,7,"M",1,0,4.35,1230,"Arts & Letters",0,0,NA
242,6,6,"M",0,0,3,1130,"Business & Economics",0,0,NA
243,6,4,"F",0,0,4,1170,"Arts & Letters",1,0,NA
244,6,6,"F",0,1,3.67,940,"Math & Science",0,0,NA
245,6,6,"F",1,0,3.72,1210,"Math & Science",1,1,2.287
246,6,6,"M",1,0,3.43,1250,"Arts & Letters",0,0,NA
247,6,6,"F",0,0,4.04,1310,"Math & Science",1,0,NA
248,6,6,"F",1,0,3.91,1480,"Business & Economics",1,0,NA
249,6,6,"F",1,0,4.1,1450,"Business & Economics",1,0,NA
250,7,4,"F",0,0,3.58,1200,"Arts & Letters",1,1,3.08
251,6,7,"M",1,0,3.52,1210,"Math & Science",0,0,NA
252,6,6,"M",0,1,3.45,1320,"Math & Science",1,1,2.27
253,6,4,"M",0,0,3.31,1270,"Business & Economics",0,0,NA
254,7,6,"M",1,0,3.55,1380,"Business & Economics",0,0,NA
255,6,4,"M",1,0,2.75,1040,"Math & Science",0,0,NA
256,7,7,"F",0,0,3.8,1090,"Arts & Letters",0,0,NA
257,2,2,"F",0,1,2.86,980,"Business & Economics",0,0,NA
258,7,6,"F",1,0,4.17,1360,"Business & Economics",1,1,2.986
259,6,6,"F",1,0,3.64,1420,"Math & Science",1,0,NA
260,7,7,"M",1,0,4,1460,"Math & Science",1,0,NA
261,6,7,"F",1,0,3.7,1150,"Arts & Letters",0,1,2.947
262,6,6,"F",1,0,4.05,1230,"Math & Science",1,1,3.602
263,6,6,"F",1,0,4,1210,"Arts & Letters",1,1,3.176
264,6,5,"M",1,0,3.85,1160,"Business & Economics",1,0,NA
265,7,6,"F",1,0,4.33,1430,"Business & Economics",1,1,3.472
266,6,6,"F",1,0,3.04,1170,"Math & Science",0,1,2.88
267,6,3,"F",1,0,3.42,1540,"Math & Science",0,0,NA
268,5,6,"F",0,0,3.79,1090,"Arts & Letters",0,0,NA
269,7,6,"M",0,1,3.55,970,"Business & Economics",0,0,NA
270,6,5,"F",1,0,2.86,840,"Business & Economics",0,0,NA
271,7,6,"M",1,0,4.36,1480,"Business & Economics",1,0,NA
272,6,6,"F",0,1,4.33,1290,"Arts & Letters",0,0,NA
273,6,7,"M",1,0,4.27,1130,"Math & Science",0,0,NA
274,6,7,"F",1,0,3.75,1320,"Arts & Letters",0,0,NA
275,6,7,"F",0,0,3.14,790,"Arts & Letters",0,0,NA
276,7,6,"F",1,0,3.86,1330,"Business & Economics",1,1,3.599
277,3,5,"M",0,1,3.77,1170,"Business & Economics",1,1,2.671
278,6,6,"F",0,1,4.32,1390,"Math & Science",1,0,NA
279,3,6,"M",1,0,3.77,950,"Business & Economics",1,0,NA
280,5,6,"F",1,0,4.13,1100,"Math & Science",0,0,NA
281,7,6,"F",1,0,3.91,1250,"Math & Science",0,0,NA
282,6,6,"F",1,0,3.88,1310,"Business & Economics",1,1,3.468
283,4,6,"M",1,0,3.05,1060,"Arts & Letters",0,0,NA
284,5,4,"M",0,0,3.15,1180,"Business & Economics",0,0,NA
285,7,7,"F",0,0,3.96,1240,"Arts & Letters",1,1,2.988
286,6,6,"M",1,0,4.3,1520,"Math & Science",1,0,NA
287,6,6,"M",0,1,3.55,1230,"Business & Economics",1,1,2.859
288,7,7,"M",0,0,3.32,1230,"Business & Economics",1,1,2.58
289,7,6,"M",1,0,3.5,1120,"Arts & Letters",0,0,NA
290,6,6,"F",0,0,4.17,1190,"Math & Science",1,0,NA
291,7,6,"F",1,0,3.91,1350,"Business & Economics",1,0,NA
292,4,4,"M",0,1,3.5,1270,"Business & Economics",1,0,NA
293,3,6,"F",0,1,3.75,1370,"Arts & Letters",1,1,3.467
294,6,6,"F",0,1,3.74,1220,"Arts & Letters",0,0,NA
295,4,6,"M",1,0,4.36,1390,"Arts & Letters",1,0,NA
296,7,7,"F",1,0,3.8,1090,"Business & Economics",0,0,NA
297,7,6,"F",1,0,4.28,1550,"Business & Economics",1,0,NA
298,5,6,"F",1,0,3.95,1290,"Math & Science",0,0,NA
299,6,6,"F",1,0,4.27,1160,"Arts & Letters",0,0,NA
300,7,7,"F",1,0,4.14,1090,"Math & Science",0,0,NA
301,6,6,"M",0,0,2.5,930,"Business & Economics",0,0,NA
302,7,7,"F",1,0,4.25,1300,"Business & Economics",0,1,3.71
303,6,7,"F",0,1,4.4,1340,"Arts & Letters",1,0,NA
304,6,6,"F",1,0,3.77,1140,"Business & Economics",0,0,NA
305,6,6,"F",0,0,4.09,1290,"Business & Economics",1,0,NA
306,7,7,"M",1,0,4.25,1350,"Math & Science",1,0,NA
307,6,7,"M",0,1,3.23,1220,"Arts & Letters",0,0,NA
308,6,6,"F",0,0,4.13,1200,"Arts & Letters",1,0,NA
309,7,6,"M",1,0,3.5,1370,"Math & Science",0,0,NA
310,6,6,"F",1,0,4.18,1290,"Business & Economics",0,1,3.039
311,1,1,"M",0,0,3.17,1020,"Arts & Letters",0,0,NA
312,6,7,"F",0,0,4.23,1310,"Math & Science",1,0,NA
313,6,6,"F",1,0,3.86,1330,"Math & Science",0,0,NA
314,6,3,"M",1,0,2.89,1200,"Business & Economics",0,0,NA
315,7,7,"M",1,0,3.15,1180,"Math & Science",0,0,NA
316,5,6,"F",1,0,3.7,1210,"Arts & Letters",0,0,NA
317,6,6,"M",1,0,3.96,1230,"Math & Science",0,0,NA
318,1,2,"F",0,0,3.94,660,"Business & Economics",0,0,NA
319,6,7,"M",1,0,3.29,1100,"Math & Science",0,0,NA
320,1,1,"M",0,1,3.83,1140,"Math & Science",1,0,NA
321,3,6,"F",0,1,4,1250,"Math & Science",0,0,NA
322,6,4,"F",0,0,3.71,1190,"Business & Economics",0,0,NA
323,6,7,"F",0,0,3.5,970,"Business & Economics",0,0,NA
324,3,4,"F",0,0,3.96,980,"Arts & Letters",1,0,NA
325,7,6,"F",1,0,3.35,1100,"Arts & Letters",0,0,NA
326,1,1,"M",0,0,3.57,1020,"Business & Economics",1,0,NA
327,5,6,"M",1,0,4.25,1350,"Math & Science",1,1,3.159
328,7,4,"M",1,0,3.62,1210,"Business & Economics",0,0,NA
329,1,2,"F",0,0,2.67,940,"Math & Science",0,0,NA
330,4,6,"M",1,0,3,1060,"Math & Science",0,0,NA
331,3,4,"F",1,0,3.57,1210,"Arts & Letters",0,0,NA
332,7,7,"F",1,0,3.2,1480,"Arts & Letters",0,0,NA
333,6,6,"F",1,0,4.29,1170,"Arts & Letters",0,0,NA
334,3,3,"M",0,0,2.54,980,"Arts & Letters",0,0,NA
335,6,6,"F",1,0,3.85,1280,"Math & Science",1,0,NA
336,6,7,"F",1,0,3.9,1070,"Business & Economics",0,0,NA
337,5,3,"M",1,0,4.14,1210,"Math & Science",1,0,NA
338,4,4,"M",1,0,3.5,1140,"Business & Economics",0,0,NA
339,1,1,"M",0,0,3.55,1170,"Arts & Letters",0,0,NA
340,7,6,"F",0,1,3.08,1150,"Arts & Letters",0,0,NA
341,6,6,"F",1,0,4.08,1300,"Math & Science",0,0,NA
342,7,7,"M",0,0,3.05,1160,"Math & Science",0,0,NA
343,5,6,"M",0,0,3.26,1040,"Business & Economics",0,0,NA
344,5,4,"M",1,0,4,1230,"Business & Economics",0,0,NA
345,3,7,"M",1,0,4.35,1310,"Business & Economics",1,0,NA
346,5,5,"M",0,0,4,1430,"Math & Science",1,0,NA
347,1,1,"M",0,0,3.73,1160,"Math & Science",1,1,3.133
348,6,4,"M",0,0,4.04,1350,"Arts & Letters",0,0,NA
349,4,3,"F",0,0,3.58,890,"Math & Science",0,0,NA
350,6,6,"M",1,0,3.86,1250,"Arts & Letters",1,1,3.503
351,7,6,"M",1,0,3.55,1210,"Business & Economics",0,0,NA
352,4,4,"M",0,0,2.86,1220,"Math & Science",0,0,NA
353,7,7,"M",0,0,4.12,1250,"Arts & Letters",0,0,NA
354,3,3,"M",1,0,3.27,1170,"Math & Science",0,0,NA
355,6,6,"M",1,0,3.46,1150,"Arts & Letters",0,0,NA
356,1,1,"F",0,0,4,940,"Math & Science",1,0,NA
357,2,2,"F",0,1,3.68,1030,"Math & Science",1,1,2.479
358,3,4,"M",0,1,3.59,1380,"Math & Science",0,0,NA
359,2,2,"F",0,1,4.29,1190,"Math & Science",1,0,NA
360,7,7,"M",1,0,4.33,1270,"Math & Science",0,0,NA
361,6,6,"F",1,0,3.92,1160,"Arts & Letters",0,1,2.997
362,6,5,"F",0,0,3.6,1160,"Arts & Letters",0,0,NA
363,3,3,"F",0,1,3.75,1110,"Arts & Letters",0,0,NA
364,3,3,"F",0,0,4.2,1070,"Math & Science",1,0,NA
365,1,1,"F",0,0,3.6,950,"Arts & Letters",0,0,NA
366,4,7,"F",1,0,3.8,1170,"Arts & Letters",0,0,NA
367,3,3,"F",0,0,3.54,1020,"Arts & Letters",1,1,3.395
368,6,6,"M",0,0,3.5,1140,"Business & Economics",0,0,NA
369,7,6,"F",0,0,3.64,1340,"Arts & Letters",1,0,NA
370,7,5,"F",0,0,3.05,1190,"Business & Economics",0,0,NA
371,7,6,"F",1,0,4.08,1430,"Business & Economics",1,0,NA
372,7,6,"M",1,0,3.94,1260,"Business & Economics",1,1,3.1
373,5,4,"F",0,0,3.85,1170,"Arts & Letters",0,1,3.397
374,6,6,"F",1,0,3.58,1170,"Arts & Letters",0,0,NA
375,6,7,"F",1,0,2.68,830,"Math & Science",0,0,NA
376,6,6,"F",1,0,3.9,1300,"Math & Science",1,1,3.205
377,6,4,"F",1,0,3.09,1090,"Business & Economics",0,0,NA
378,7,7,"M",1,0,4.33,1470,"Math & Science",1,0,NA
379,6,7,"M",1,0,3.59,1090,"Arts & Letters",0,0,NA
380,6,3,"M",1,0,3.8,1320,"Math & Science",1,1,3.09
381,6,6,"M",1,0,3.45,1040,"Arts & Letters",0,0,NA
382,4,5,"F",1,0,3.84,1390,"Arts & Letters",0,1,3.338
383,6,6,"F",1,0,4.08,1320,"Business & Economics",1,0,NA
384,5,4,"M",1,0,3.35,1320,"Math & Science",0,0,NA
385,6,6,"F",0,1,3.5,1160,"Business & Economics",0,0,NA
386,4,4,"F",1,0,3,1170,"Math & Science",0,0,NA
387,6,6,"M",0,1,3.2,1190,"Math & Science",0,0,NA
388,3,3,"M",0,0,3.79,1130,"Math & Science",1,0,NA
389,6,7,"F",0,0,3.53,1290,"Math & Science",0,0,NA
390,6,6,"F",1,0,3.8,1250,"Business & Economics",0,0,NA
391,4,6,"F",1,0,4,1110,"Arts & Letters",0,0,NA
392,4,6,"M",0,0,3.52,1160,"Business & Economics",0,0,NA
393,3,5,"F",0,0,3.91,1230,"Math & Science",1,1,2.918
394,7,6,"F",1,0,3.91,1200,"Arts & Letters",0,0,NA
395,6,4,"M",1,0,4.06,1540,"Arts & Letters",1,0,NA
396,6,6,"F",1,0,3.15,1220,"Arts & Letters",0,0,NA
397,4,4,"M",0,0,2.43,850,"Math & Science",0,0,NA
398,6,7,"M",1,0,3.55,1220,"Arts & Letters",0,0,NA
399,1,1,"F",0,0,3.89,1120,"Math & Science",1,0,NA
400,1,7,"M",0,0,3.92,1310,"Business & Economics",1,0,NA
401,6,6,"M",0,0,4,1170,"Math & Science",1,0,NA
402,6,6,"M",0,1,3.69,1240,"Arts & Letters",0,0,NA
403,7,7,"M",1,0,3.41,1110,"Arts & Letters",0,0,NA
404,6,6,"F",0,0,3.33,930,"Business & Economics",0,0,NA
405,6,4,"M",1,0,3.38,1250,"Business & Economics",0,0,NA
406,6,6,"M",0,1,3.5,1130,"Math & Science",0,0,NA
407,7,7,"F",1,0,4.25,1400,"Math & Science",1,1,3.639
408,3,3,"F",1,0,3.64,1290,"Math & Science",1,1,3.431
409,6,4,"M",0,0,2.95,1120,"Business & Economics",0,0,NA
410,6,7,"F",1,0,3.91,1350,"Math & Science",0,0,NA
411,6,6,"F",1,0,3.72,1190,"Arts & Letters",0,0,NA
412,7,7,"M",0,0,3.17,1230,"Arts & Letters",0,0,NA
413,3,6,"F",1,0,3.62,1260,"Arts & Letters",0,0,NA
414,6,6,"M",1,0,3.05,1280,"Math & Science",0,0,NA
415,7,7,"M",1,0,3.55,1250,"Arts & Letters",0,0,NA
416,3,3,"F",0,0,2.94,910,"Arts & Letters",0,0,NA
417,6,7,"M",1,0,3.85,1340,"Math & Science",1,0,NA
418,7,7,"M",1,0,3.43,950,"Math & Science",0,0,NA
419,6,6,"F",0,1,3.65,1190,"Math & Science",0,0,NA
420,6,6,"F",1,0,4.21,1190,"Math & Science",1,0,NA
421,4,4,"M",1,0,3.45,960,"Math & Science",0,0,NA
422,7,6,"F",0,0,3.95,1230,"Business & Economics",1,1,3.465
423,7,7,"M",1,0,4.1,1170,"Business & Economics",1,0,NA
424,6,4,"M",1,0,3.64,1150,"Math & Science",0,0,NA
425,6,4,"M",1,0,3.31,1430,"Business & Economics",0,0,NA
426,4,4,"F",0,1,3.36,1060,"Business & Economics",0,0,NA
427,6,6,"F",0,1,3.95,1170,"Business & Economics",1,1,2.496
428,3,3,"F",1,0,4.11,1280,"Business & Economics",1,1,3.5
429,6,4,"M",1,0,4.23,1260,"Arts & Letters",1,1,3.351
430,7,6,"F",1,0,4.05,1320,"Arts & Letters",0,1,3.131
431,3,4,"F",1,0,3.52,1130,"Arts & Letters",0,0,NA
432,4,6,"F",1,0,4.09,1130,"Arts & Letters",1,1,3.699
433,1,1,"F",0,0,3.14,900,"Arts & Letters",0,0,NA
434,4,6,"F",1,0,4.23,1160,"Math & Science",0,0,NA
435,6,7,"M",1,0,4.2,1430,"Math & Science",1,1,3.631
436,3,6,"M",1,0,3.14,950,"Arts & Letters",0,0,NA
437,4,7,"M",1,0,3.23,1230,"Arts & Letters",0,0,NA
438,3,3,"M",1,0,3.9,1290,"Math & Science",0,0,NA
439,3,6,"M",1,0,3.83,980,"Arts & Letters",0,0,NA
440,7,7,"F",1,0,4.27,1260,"Arts & Letters",1,1,4
441,7,6,"M",0,0,2.95,1330,"Math & Science",0,0,NA
442,7,6,"M",1,0,3.25,1120,"Math & Science",1,1,2.83
443,6,7,"F",1,0,3.52,1300,"Arts & Letters",0,0,NA
444,6,6,"F",1,0,2.95,1310,"Arts & Letters",0,0,NA
445,7,7,"F",1,0,3.52,1290,"Arts & Letters",0,0,NA
446,7,7,"F",1,0,3.8,1380,"Math & Science",0,0,NA
447,3,6,"M",0,1,2.52,1200,"Math & Science",0,0,NA
448,7,6,"F",0,0,3.9,1290,"Math & Science",1,1,2.953
449,7,7,"F",0,0,3,950,"Arts & Letters",0,0,NA
450,6,4,"F",1,0,3.78,1260,"Math & Science",1,1,3.678
451,6,6,"M",1,0,4.27,1550,"Math & Science",1,0,NA
452,6,6,"F",1,0,3.86,1370,"Arts & Letters",0,0,NA
453,3,4,"M",0,0,3.48,1330,"Math & Science",0,0,NA
454,7,7,"F",1,0,4.05,1310,"Arts & Letters",1,1,3.878
455,4,4,"F",1,0,3.9,1230,"Arts & Letters",0,0,NA
456,2,2,"M",0,0,3.23,910,"Business & Economics",0,0,NA
457,3,6,"F",1,0,3.88,1140,"Arts & Letters",1,1,3.374
458,7,4,"M",1,0,2.92,940,"Math & Science",0,0,NA
459,4,4,"F",1,0,3.5,1310,"Business & Economics",0,0,NA
460,6,6,"F",0,0,3.91,1190,"Math & Science",0,0,NA
461,4,4,"F",1,0,3.31,1080,"Math & Science",0,0,NA
462,7,7,"M",1,0,3.32,1220,"Math & Science",1,1,2.992
463,4,7,"M",0,1,3.67,1190,"Arts & Letters",0,1,3.288
464,6,6,"F",1,0,3.7,1190,"Arts & Letters",0,0,NA
465,7,7,"M",1,0,3.75,1310,"Arts & Letters",0,0,NA
466,6,7,"F",1,0,4.2,1430,"Math & Science",1,0,NA
467,3,3,"F",1,0,3.3,1170,"Arts & Letters",0,0,NA
468,5,5,"M",1,0,3.32,1270,"Math & Science",0,0,NA
469,6,6,"F",0,0,3.5,1080,"Math & Science",0,0,NA
470,7,4,"M",1,0,3.7,1180,"Math & Science",0,0,NA
471,3,3,"M",0,0,4.3,1270,"Math & Science",0,0,NA
472,6,7,"M",1,0,3.83,1110,"Business & Economics",0,0,NA
473,6,4,"F",0,0,4.35,1460,"Math & Science",1,0,NA
474,4,7,"F",0,0,4.36,1360,"Math & Science",1,0,NA
475,6,6,"M",0,0,3.5,1300,"Arts & Letters",0,0,NA
476,7,6,"M",1,0,3.55,1260,"Math & Science",1,0,NA
477,7,7,"M",1,0,3.9,1360,"Business & Economics",1,0,NA
478,7,6,"F",1,0,4.2,1440,"Arts & Letters",1,0,NA
479,6,6,"F",0,0,3.88,1150,"Math & Science",1,0,NA
480,6,4,"M",1,0,3.35,1400,"Arts & Letters",0,0,NA
481,6,6,"M",1,0,2.95,1210,"Business & Economics",0,0,NA
482,6,6,"F",1,0,3.7,1270,"Business & Economics",1,0,NA
483,3,6,"M",0,0,3.35,1340,"Business & Economics",1,0,NA
484,7,6,"F",1,0,4.25,1290,"Business & Economics",1,0,NA
485,7,7,"F",1,0,4.12,1300,"Math & Science",1,0,NA
486,7,6,"M",1,0,3.36,1140,"Business & Economics",0,0,NA
487,3,4,"F",1,0,3.3,1080,"Arts & Letters",0,0,NA
488,6,6,"F",1,0,4.15,1170,"Business & Economics",1,0,NA
489,6,3,"M",1,0,4.23,1340,"Math & Science",0,0,NA
490,3,6,"F",1,0,3.59,1180,"Arts & Letters",1,1,2.854
491,4,7,"M",1,0,3.45,1250,"Arts & Letters",0,0,NA
492,3,7,"F",1,0,3.86,1110,"Math & Science",1,1,0.757
493,6,6,"F",0,0,3.59,1280,"Arts & Letters",0,0,NA
494,7,7,"M",1,0,3.95,1410,"Business & Economics",1,0,NA
495,4,6,"F",1,0,4.33,1540,"Math & Science",1,1,3.245
496,4,6,"M",1,0,4.3,1280,"Math & Science",1,1,3.182
497,7,7,"M",1,0,4,1400,"Arts & Letters",0,0,NA
498,7,7,"M",1,0,2.7,950,"Math & Science",0,0,NA
499,6,7,"F",1,0,3.29,1380,"Business & Economics",0,0,NA
500,6,4,"F",1,0,3.1,1060,"Arts & Letters",0,0,NA
501,4,4,"M",1,0,4,1260,"Math & Science",1,1,2.926
502,7,7,"M",0,1,4.17,1290,"Math & Science",1,0,NA
503,3,4,"F",0,0,4.25,1520,"Math & Science",1,0,NA
504,6,6,"F",1,0,3.75,1190,"Business & Economics",1,1,2.691
505,7,7,"M",0,0,3.35,990,"Math & Science",0,0,NA
506,7,6,"F",1,0,3.38,1370,"Arts & Letters",0,0,NA
507,6,6,"F",1,0,3.59,1040,"Arts & Letters",0,0,NA
508,6,1,"M",0,0,3.71,930,"Business & Economics",1,1,3.024
509,7,4,"M",1,0,4.09,1560,"Math & Science",1,0,NA
510,7,6,"M",1,0,4.4,1600,"Math & Science",1,0,NA
511,6,6,"M",1,0,4.3,1380,"Arts & Letters",0,0,NA
512,7,6,"M",1,0,3.79,1370,"Business & Economics",1,1,3.376
513,3,4,"F",1,0,4.12,1020,"Math & Science",0,0,NA
514,7,7,"M",1,0,3.65,1180,"Arts & Letters",0,0,NA
515,7,6,"M",0,0,3.41,1000,"Arts & Letters",0,0,NA
516,6,7,"F",1,0,3.97,1170,"Business & Economics",1,0,NA
517,4,3,"M",0,0,3.24,1140,"Math & Science",1,0,NA
518,7,6,"F",1,0,3.55,1280,"Business & Economics",0,0,NA
519,4,6,"F",1,0,3.9,1460,"Math & Science",1,0,NA
520,4,4,"M",1,0,4.27,1310,"Math & Science",1,0,NA
521,3,6,"F",0,1,2.96,810,"Math & Science",0,0,NA
522,7,5,"F",1,0,4.12,1150,"Arts & Letters",0,0,NA
523,7,7,"F",0,0,3.64,1180,"Math & Science",0,0,NA
524,4,5,"F",0,1,4.14,1250,"Business & Economics",1,1,3.474
525,6,4,"F",1,0,3.73,1420,"Math & Science",1,1,3.813
526,6,6,"M",1,0,4.09,1240,"Business & Economics",0,0,NA
527,6,6,"F",1,0,3.48,1240,"Arts & Letters",0,0,NA
528,6,6,"F",1,0,3.95,1370,"Arts & Letters",0,1,3.68
529,7,4,"M",1,0,3.2,1100,"Math & Science",0,0,NA
530,4,4,"M",0,0,3.36,1190,"Math & Science",0,0,NA
531,6,6,"F",1,0,4.33,1460,"Arts & Letters",1,0,NA
532,4,7,"F",1,0,4.07,1380,"Math & Science",1,0,NA
533,6,7,"M",0,0,3,1490,"Math & Science",0,0,NA
534,3,6,"F",0,0,3.6,1200,"Business & Economics",0,0,NA
535,7,6,"F",1,0,3.94,1140,"Business & Economics",0,0,NA
536,6,3,"M",0,0,3.45,1060,"Math & Science",0,0,NA
537,1,1,"F",0,1,4.42,1170,"Math & Science",1,0,NA
538,7,6,"F",1,0,3.85,1280,"Business & Economics",1,1,2.094
539,4,5,"F",1,0,3.86,1250,"Math & Science",0,0,NA
540,7,6,"M",1,0,4.17,1300,"Math & Science",1,0,NA
541,7,6,"F",1,0,3.67,1270,"Math & Science",0,0,NA
542,6,6,"M",0,0,3.52,1160,"Business & Economics",0,0,NA
543,2,3,"F",0,0,3.76,1210,"Arts & Letters",0,0,NA
544,7,3,"F",1,0,3.59,1210,"Arts & Letters",0,0,NA
545,4,7,"F",1,0,3.92,1340,"Arts & Letters",0,0,NA
546,6,6,"M",1,0,3.1,1100,"Math & Science",0,0,NA
547,5,6,"F",0,1,4,1100,"Arts & Letters",1,0,NA
548,7,7,"M",1,0,4.21,1270,"Arts & Letters",0,0,NA
549,6,6,"M",0,0,3.43,1000,"Business & Economics",0,0,NA
550,4,6,"F",0,0,3.75,1390,"Math & Science",0,0,NA
551,5,6,"M",0,0,3.35,1110,"Math & Science",0,0,NA
552,6,6,"F",1,0,3.89,940,"Arts & Letters",0,0,NA
553,7,5,"F",1,0,4.17,1190,"Arts & Letters",0,1,3.788
554,4,4,"F",1,0,3.72,1320,"Math & Science",0,0,NA
555,6,6,"F",1,0,4.04,1320,"Arts & Letters",1,0,NA
556,6,4,"F",0,0,3.62,1180,"Math & Science",1,1,3.23
557,7,6,"F",0,0,4.22,1200,"Arts & Letters",1,0,NA
558,6,6,"M",1,0,3.2,1150,"Arts & Letters",0,0,NA
559,4,7,"F",1,0,3.91,1190,"Arts & Letters",1,1,2.686
560,6,5,"M",1,0,3.73,1300,"Math & Science",1,0,NA
561,7,6,"F",1,0,3.33,1200,"Arts & Letters",0,0,NA
562,7,6,"F",1,0,3.5,1210,"Business & Economics",1,0,NA
563,6,7,"F",1,0,3.6,1170,"Math & Science",0,0,NA
564,6,7,"M",1,0,3.19,1090,"Business & Economics",0,0,NA
565,6,4,"F",1,0,4.35,1210,"Math & Science",1,1,3.83
566,2,3,"F",0,0,4,1350,"Business & Economics",1,0,NA
567,5,6,"F",0,0,3.95,1110,"Arts & Letters",1,1,3.036
568,6,4,"F",0,0,3.54,950,"Math & Science",0,0,NA
569,6,6,"M",0,0,3.36,1330,"Arts & Letters",0,0,NA
570,7,5,"M",0,1,3,970,"Business & Economics",0,0,NA
571,4,6,"F",1,0,3.16,1070,"Arts & Letters",0,0,NA
572,4,6,"F",1,0,3.27,1110,"Math & Science",0,0,NA
573,3,3,"F",0,0,3.83,1440,"Business & Economics",1,1,3.823
574,6,7,"M",1,0,3.25,1300,"Arts & Letters",0,0,NA
575,7,6,"F",0,1,4.08,1340,"Math & Science",1,0,NA
576,7,5,"M",1,0,2.86,920,"Math & Science",0,1,2.722
577,3,7,"F",1,0,4,1320,"Business & Economics",1,1,3.028
578,7,7,"M",1,0,3.83,1280,"Math & Science",0,0,NA
579,7,3,"F",1,0,3.62,1060,"Arts & Letters",0,0,NA
580,6,4,"M",1,0,3.76,1260,"Arts & Letters",1,0,NA
581,7,7,"M",1,0,3.95,1270,"Business & Economics",1,1,3.066
582,4,5,"M",1,0,3.84,1440,"Math & Science",1,1,3.306
583,7,6,"F",1,0,3.55,1070,"Arts & Letters",0,0,NA
584,7,7,"M",1,0,3.64,1230,"Arts & Letters",1,1,3.347
585,7,7,"F",1,0,3.95,1480,"Math & Science",1,0,NA
586,4,5,"F",0,1,3.55,1150,"Arts & Letters",0,0,NA
587,7,6,"F",1,0,4.27,1120,"Math & Science",1,0,NA
588,7,6,"M",1,0,4.21,1190,"Math & Science",1,1,3.704
589,7,6,"M",0,1,3.5,1180,"Math & Science",0,0,NA
590,3,2,"M",1,0,3.88,1160,"Arts & Letters",0,0,NA
591,7,6,"F",1,0,4.23,1160,"Math & Science",1,0,NA
592,4,4,"M",0,0,3.46,1120,"Arts & Letters",0,0,NA
593,4,5,"F",0,0,3.95,1240,"Math & Science",1,0,NA
594,4,7,"M",1,0,4.14,1350,"Arts & Letters",1,0,NA
595,7,7,"M",0,0,3.41,1280,"Math & Science",0,0,NA
596,7,6,"M",1,0,3.45,1230,"Arts & Letters",0,0,NA
597,4,4,"M",1,0,3.94,1150,"Arts & Letters",0,1,2.865
598,6,7,"M",1,0,3.6,1370,"Business & Economics",0,1,3.132
599,6,6,"F",1,0,3.95,1250,"Business & Economics",1,1,3.136
600,6,7,"F",1,0,4.15,1370,"Arts & Letters",0,1,2.504
601,6,6,"M",1,0,3.17,1290,"Math & Science",0,0,NA
602,6,6,"F",1,0,3.41,1050,"Math & Science",0,0,NA
603,7,6,"M",1,0,3.85,1350,"Math & Science",0,0,NA
604,5,5,"F",1,0,3.85,1500,"Math & Science",1,1,2.704
605,3,6,"F",1,0,3.64,1290,"Business & Economics",0,0,NA
606,7,7,"F",1,0,3.48,1390,"Business & Economics",1,0,NA
607,7,7,"M",0,1,3.88,1130,"Arts & Letters",1,0,NA
608,6,6,"M",0,0,3.29,1280,"Math & Science",1,1,2.979
609,7,6,"M",1,0,4.3,1470,"Arts & Letters",0,0,NA
610,7,7,"M",1,0,3.73,1520,"Arts & Letters",1,0,NA
611,6,4,"F",1,0,3.77,1210,"Arts & Letters",0,1,2.97
612,7,4,"F",0,0,3.62,930,"Arts & Letters",0,0,NA
613,7,7,"F",1,0,3.73,1300,"Math & Science",1,1,2.818
614,6,5,"F",1,0,4,1260,"Business & Economics",1,0,NA
615,6,5,"M",0,0,3.29,1090,"Business & Economics",0,0,NA
616,7,7,"F",0,0,3.96,1310,"Arts & Letters",1,0,NA
617,6,7,"F",1,0,4.12,1290,"Math & Science",1,1,2.929
618,6,7,"F",0,1,3.48,1090,"Arts & Letters",0,0,NA
619,7,6,"F",1,0,3.39,1400,"Arts & Letters",0,0,NA
620,7,7,"M",1,0,3.62,1230,"Business & Economics",0,0,NA
621,4,6,"F",0,0,3.58,1100,"Arts & Letters",1,0,NA
622,7,6,"F",1,0,4.17,1170,"Math & Science",1,1,3.302
623,7,7,"M",1,0,3.4,1050,"Business & Economics",0,0,NA
624,6,3,"M",1,0,4.04,1250,"Math & Science",0,0,NA
625,1,1,"F",0,0,4.4,1110,"Math & Science",1,0,NA
626,2,2,"M",0,0,4,950,"Arts & Letters",1,1,3.381
627,6,6,"M",0,0,3.9,1100,"Math & Science",0,0,NA
628,7,6,"M",1,0,3.47,930,"Math & Science",0,0,NA
629,7,7,"F",1,0,4.33,1290,"Math & Science",1,1,3.47
630,6,6,"M",1,0,3.56,1050,"Arts & Letters",0,0,NA
631,4,7,"M",1,0,4.05,1100,"Business & Economics",1,1,3.078
632,7,7,"M",1,0,3.52,1180,"Business & Economics",0,0,NA
633,6,7,"M",0,1,3,1020,"Business & Economics",0,0,NA
634,6,7,"F",1,0,3.36,1200,"Math & Science",0,0,NA
635,7,6,"M",1,0,4,1400,"Business & Economics",1,0,NA
636,4,7,"M",1,0,4.05,1410,"Business & Economics",1,1,3.325
637,7,7,"M",1,0,3.33,1380,"Math & Science",0,0,NA
638,3,3,"M",1,0,3.65,1400,"Math & Science",0,0,NA
639,4,6,"F",0,0,3.64,1070,"Math & Science",1,1,3.336
640,3,6,"M",0,0,3.5,1320,"Business & Economics",0,0,NA
641,7,4,"M",1,0,3.77,1370,"Math & Science",1,1,2.787
642,6,6,"M",0,1,3.85,1190,"Math & Science",1,0,NA
643,6,6,"M",1,0,3.62,1230,"Business & Economics",0,0,NA
644,3,2,"M",0,0,3.73,1090,"Business & Economics",1,0,NA
645,4,4,"F",1,0,3.75,1190,"Math & Science",1,1,3.028
646,7,6,"F",0,1,4.14,1280,"Business & Economics",0,0,NA
647,7,7,"M",1,0,3.81,1410,"Math & Science",0,0,NA
648,6,6,"M",1,0,4.27,1540,"Business & Economics",1,1,3.764
649,6,7,"F",1,0,3.73,1130,"Arts & Letters",0,0,NA
650,1,2,"F",0,0,3.35,1010,"Arts & Letters",0,0,NA
651,7,6,"F",1,0,3.58,1270,"Arts & Letters",0,1,3.219
652,5,6,"F",1,0,3.6,1120,"Math & Science",0,0,NA
653,6,6,"F",1,0,4.12,1190,"Arts & Letters",1,0,NA
654,6,6,"M",1,0,3.62,1280,"Arts & Letters",1,1,3.362
655,7,4,"M",1,0,3.35,1260,"Math & Science",0,0,NA
656,2,7,"F",1,0,3.6,1150,"Math & Science",0,0,NA
657,6,6,"F",1,0,3.09,1140,"Business & Economics",0,0,NA
658,7,7,"M",1,0,3.88,1230,"Math & Science",0,0,NA
659,6,6,"M",1,0,3.54,1360,"Math & Science",0,0,NA
660,7,6,"F",0,0,4.15,1300,"Math & Science",1,0,NA
661,4,7,"M",1,0,3.4,1310,"Math & Science",0,0,NA
662,5,7,"M",0,0,2.72,990,"Arts & Letters",0,0,NA
663,4,4,"F",0,1,3.92,1190,"Math & Science",0,0,NA
664,3,3,"F",0,1,4.18,1270,"Math & Science",1,0,NA
665,6,6,"F",0,1,4.17,1410,"Math & Science",1,0,NA
666,6,6,"M",0,1,3.27,1290,"Business & Economics",0,0,NA
667,7,7,"F",0,0,4.32,1410,"Arts & Letters",1,0,NA
668,6,6,"F",1,0,4.12,1280,"Business & Economics",1,0,NA
669,4,6,"F",0,1,4.04,1330,"Arts & Letters",1,0,NA
670,2,3,"F",0,0,3.73,1000,"Math & Science",0,0,NA
671,6,3,"M",1,0,3.72,1350,"Business & Economics",1,0,NA
672,3,5,"M",1,0,2.85,1090,"Math & Science",0,0,NA
673,2,2,"F",0,1,4.23,1190,"Math & Science",1,0,NA
674,3,6,"F",0,1,3.46,1250,"Arts & Letters",0,0,NA
675,6,4,"F",0,1,4.17,1380,"Math & Science",1,0,NA
676,4,7,"F",1,0,4,1260,"Math & Science",0,0,NA
677,1,1,"F",0,0,2.67,770,"Arts & Letters",0,0,NA
678,1,1,"F",0,0,3.65,880,"Math & Science",0,0,NA
679,6,4,"F",0,0,4,1300,"Arts & Letters",0,0,NA
680,2,1,"M",0,0,3.86,1090,"Arts & Letters",1,0,NA
681,6,6,"M",0,0,3,1020,"Math & Science",0,0,NA
682,4,3,"F",0,0,3.75,1170,"Math & Science",0,0,NA
683,2,2,"M",1,0,4.15,1550,"Math & Science",1,0,NA
684,3,5,"F",0,0,3.87,1330,"Arts & Letters",0,0,NA
685,3,3,"M",0,0,3.92,1200,"Math & Science",1,0,NA
686,2,6,"M",0,0,2.6,770,"Arts & Letters",0,0,NA
687,3,4,"F",1,0,2.5,950,"Arts & Letters",0,0,NA
688,2,5,"F",0,0,4.07,1230,"Math & Science",1,1,3.078
689,6,6,"M",0,1,3.22,1210,"Math & Science",1,0,NA
690,6,6,"F",0,1,4.08,1100,"Math & Science",1,0,NA
691,3,5,"F",0,1,3.69,1170,"Arts & Letters",0,0,NA
692,2,4,"F",0,0,2.63,1130,"Arts & Letters",0,0,NA
693,4,4,"F",1,0,3.82,1100,"Business & Economics",0,0,NA
694,7,6,"F",1,0,3.84,1230,"Math & Science",1,0,NA
695,1,1,"F",0,0,3.5,660,"Arts & Letters",0,0,NA
696,7,7,"F",1,0,3.4,1050,"Arts & Letters",0,0,NA
697,7,7,"F",0,0,4.27,1450,"Math & Science",1,0,NA
698,5,5,"F",0,0,4,950,"Business & Economics",0,0,NA
699,1,2,"M",0,1,3.25,690,"Business & Economics",0,0,NA
700,3,3,"F",0,0,3.29,1010,"Math & Science",0,0,NA
701,7,7,"F",1,0,3.75,910,"Math & Science",1,1,2.876
702,7,6,"F",1,0,3.54,1290,"Math & Science",0,0,NA
703,6,7,"F",1,0,2.83,1040,"Math & Science",0,0,NA
704,1,1,"F",0,0,4.27,1230,"Arts & Letters",1,0,NA
705,3,2,"F",1,0,2.93,1100,"Math & Science",0,0,NA
706,1,1,"F",0,0,3.91,990,"Math & Science",1,0,NA
707,6,6,"F",1,0,3.86,980,"Arts & Letters",0,1,3.026
708,4,3,"F",0,1,4.12,1390,"Math & Science",1,0,NA
709,2,1,"M",0,1,4.15,1150,"Math & Science",0,0,NA
710,5,4,"F",0,0,3.36,1280,"Math & Science",1,1,1.981
711,7,7,"F",1,0,3.55,1020,"Math & Science",0,0,NA
712,7,6,"M",1,0,3.45,1350,"Business & Economics",0,0,NA
713,6,6,"M",1,0,4.09,1210,"Business & Economics",1,0,NA
714,4,4,"M",1,0,3.56,1130,"Business & Economics",0,0,NA
715,6,5,"M",1,0,3.9,1200,"Business & Economics",1,1,3.575
716,7,7,"F",1,0,3.78,1360,"Math & Science",0,0,NA
717,7,6,"M",0,0,3.57,1390,"Business & Economics",0,0,NA
718,6,4,"F",1,0,3.18,940,"Business & Economics",0,0,NA
719,3,3,"M",0,1,2.87,1200,"Math & Science",0,0,NA
720,5,5,"F",1,0,3.48,1150,"Business & Economics",0,0,NA
721,4,5,"F",1,0,3.4,1030,"Arts & Letters",0,0,NA
722,7,6,"F",1,0,3.86,1250,"Business & Economics",1,0,NA
723,6,3,"M",0,0,3.73,1230,"Business & Economics",0,0,NA
724,7,6,"F",1,0,3.64,1310,"Math & Science",1,1,2.292
725,6,7,"M",0,0,3.6,1190,"Math & Science",0,0,NA
726,7,6,"M",1,0,4.18,1470,"Business & Economics",1,0,NA
727,1,2,"F",0,0,2.62,770,"Arts & Letters",0,0,NA
728,6,6,"M",1,0,2.42,1210,"Arts & Letters",0,0,NA
729,6,6,"F",0,1,3.59,1070,"Math & Science",0,0,NA
730,6,6,"F",1,0,4.05,1390,"Arts & Letters",0,0,NA
731,7,6,"F",1,0,3.55,1370,"Business & Economics",0,0,NA
732,6,6,"F",1,0,3.95,1120,"Math & Science",1,1,3.013
733,6,6,"M",0,0,3.56,1140,"Arts & Letters",0,0,NA
734,3,6,"M",1,0,3.62,1430,"Arts & Letters",0,0,NA
735,7,6,"F",1,0,3.45,1250,"Business & Economics",1,1,2.876
736,6,7,"M",1,0,3.81,1170,"Arts & Letters",0,0,NA
737,5,7,"M",1,0,3.45,1080,"Business & Economics",1,0,NA
738,6,7,"F",1,0,3.62,1270,"Math & Science",1,0,NA
739,7,7,"F",1,0,3.73,1110,"Arts & Letters",1,0,NA
740,6,5,"M",1,0,3.85,1150,"Math & Science",0,0,NA
741,1,1,"F",0,1,3.85,1270,"Arts & Letters",0,0,NA
742,7,6,"M",1,0,4.4,1290,"Math & Science",1,0,NA
743,4,4,"F",1,0,4.15,1160,"Math & Science",1,0,NA
744,7,6,"M",1,0,3.5,1130,"Arts & Letters",0,0,NA
745,5,7,"M",1,0,3.6,1390,"Arts & Letters",1,1,3.817
746,3,3,"F",1,0,3.46,1010,"Business & Economics",0,0,NA
747,7,6,"M",1,0,3.3,1150,"Business & Economics",0,0,NA
748,7,6,"M",1,0,4.1,1460,"Business & Economics",1,0,NA
749,3,3,"M",0,1,3.64,1170,"Math & Science",0,0,NA
750,6,6,"M",0,0,3.58,1330,"Arts & Letters",1,0,NA
751,7,6,"M",0,1,4.14,1420,"Business & Economics",1,0,NA
752,7,7,"M",0,0,3.62,1100,"Arts & Letters",0,0,NA
753,6,6,"M",0,1,4,1170,"Math & Science",0,0,NA
754,6,5,"F",1,0,3.5,1060,"Business & Economics",0,0,NA
755,6,6,"F",1,0,3.5,950,"Arts & Letters",0,0,NA
756,6,6,"M",1,0,4.17,1150,"Math & Science",1,0,NA
757,6,6,"F",1,0,3.55,1430,"Arts & Letters",0,1,3.73
758,6,7,"M",1,0,4.09,1170,"Math & Science",0,0,NA
759,4,4,"M",1,0,4.22,1390,"Math & Science",1,0,NA
760,7,6,"F",1,0,4.07,1230,"Math & Science",1,0,NA
761,7,7,"M",1,0,2.82,1380,"Arts & Letters",1,1,2.719
762,7,4,"F",1,0,3.6,1160,"Business & Economics",0,0,NA
763,3,3,"M",0,0,3.05,1070,"Business & Economics",0,0,NA
764,6,4,"F",0,1,4.4,1320,"Arts & Letters",0,0,NA
765,7,5,"M",0,1,3.1,1130,"Business & Economics",0,0,NA
766,7,5,"M",0,1,3.77,1340,"Business & Economics",0,0,NA
767,1,1,"M",0,0,3,990,"Math & Science",0,0,NA
768,6,4,"M",1,0,3.17,1020,"Business & Economics",0,0,NA
769,6,6,"F",1,0,3.82,1140,"Math & Science",0,0,NA
770,4,4,"M",1,0,3.5,1300,"Math & Science",0,0,NA
771,3,5,"F",0,0,3.36,1000,"Math & Science",0,0,NA
772,2,2,"F",0,1,3.41,1260,"Math & Science",1,1,3.276
773,6,6,"M",1,0,4.09,1270,"Arts & Letters",0,0,NA
774,7,3,"M",1,0,2.45,1240,"Math & Science",0,0,NA
775,7,7,"F",0,1,4.04,1300,"Business & Economics",1,1,2.966
776,6,4,"F",1,0,4.17,1270,"Arts & Letters",0,0,NA
777,6,4,"F",1,0,4.04,1140,"Arts & Letters",0,0,NA
778,5,4,"F",0,0,3.17,1060,"Math & Science",0,0,NA
779,6,4,"M",1,0,3.73,1030,"Business & Economics",0,0,NA
780,6,3,"F",1,0,3.23,1220,"Arts & Letters",0,0,NA
781,6,7,"F",1,0,4.17,1390,"Math & Science",1,0,NA
782,7,7,"F",1,0,3.96,1160,"Math & Science",1,1,3.146
783,3,5,"M",1,0,3.58,1240,"Math & Science",0,0,NA
784,6,6,"F",1,0,4.17,1430,"Arts & Letters",1,1,3.932
785,7,7,"M",1,0,3.5,1240,"Math & Science",0,0,NA
786,6,6,"F",1,0,3.14,1250,"Math & Science",0,0,NA
787,4,4,"F",1,0,4.29,1150,"Arts & Letters",1,0,NA
788,4,4,"F",0,0,3.29,1060,"Math & Science",0,0,NA
789,6,4,"M",0,0,3.52,1140,"Math & Science",0,0,NA
790,6,6,"M",1,0,4.21,1280,"Business & Economics",1,0,NA
791,3,7,"F",1,0,3.47,1480,"Math & Science",1,0,NA
792,7,7,"F",1,0,4.27,1290,"Business & Economics",1,1,3.937
793,6,7,"F",1,0,4.18,1170,"Arts & Letters",0,0,NA
794,6,6,"M",1,0,3.5,1240,"Arts & Letters",1,1,3.331
795,6,6,"F",1,0,4.15,1410,"Math & Science",1,0,NA
796,1,3,"F",0,0,3.37,1040,"Arts & Letters",0,0,NA
797,7,7,"M",0,0,3.19,1060,"Business & Economics",0,0,NA
798,4,4,"M",0,1,3.75,1270,"Math & Science",0,0,NA
799,7,6,"M",1,0,3.59,980,"Business & Economics",0,0,NA
800,2,4,"F",1,0,3.96,1170,"Math & Science",1,1,2.938
801,6,5,"F",0,1,3.88,1250,"Math & Science",0,0,NA
802,3,3,"F",0,0,3.55,1350,"Arts & Letters",0,0,NA
803,7,7,"M",0,0,4.17,1300,"Math & Science",1,0,NA
804,1,3,"M",0,0,3.54,1210,"Math & Science",0,0,NA
805,6,5,"F",1,0,2.83,1050,"Business & Economics",0,0,NA
806,4,4,"M",1,0,3.58,1290,"Arts & Letters",0,0,NA
807,6,4,"F",0,1,3.2,1250,"Arts & Letters",0,0,NA
808,3,3,"M",1,0,3.64,1020,"Business & Economics",0,0,NA
809,6,7,"M",1,0,3.55,1410,"Business & Economics",0,1,2.975
810,7,6,"F",1,0,4,1130,"Math & Science",1,1,3.249
811,4,6,"F",0,0,3,740,"Arts & Letters",0,0,NA
812,6,4,"F",1,0,4.14,1190,"Arts & Letters",0,0,NA
813,6,6,"F",1,0,3.93,1360,"Math & Science",0,0,NA
814,7,6,"M",1,0,3.38,1240,"Math & Science",0,0,NA
815,4,7,"F",0,0,3.18,1000,"Arts & Letters",0,0,NA
816,6,3,"F",1,0,3.16,1040,"Arts & Letters",0,0,NA
817,5,4,"F",0,0,3.52,1180,"Arts & Letters",0,0,NA
818,7,3,"M",1,0,4.25,1400,"Business & Economics",1,0,NA
819,4,4,"M",0,0,3.64,1130,"Arts & Letters",0,0,NA
820,6,6,"M",1,0,3.4,1310,"Business & Economics",0,0,NA
821,4,7,"M",0,0,3.5,1170,"Arts & Letters",0,0,NA
822,4,4,"M",1,0,3.79,1220,"Business & Economics",0,0,NA
823,5,3,"F",1,0,4.17,1080,"Arts & Letters",1,1,3.478
824,4,5,"F",1,0,3.55,1040,"Arts & Letters",0,0,NA
825,4,4,"F",1,0,3.28,1220,"Arts & Letters",0,0,NA
826,6,4,"F",0,0,3.71,1370,"Math & Science",1,0,NA
827,6,4,"M",0,0,3.5,950,"Math & Science",0,0,NA
828,6,6,"M",0,0,3.17,980,"Business & Economics",0,0,NA
829,7,4,"M",1,0,3.62,1340,"Math & Science",0,0,NA
830,7,7,"F",1,0,3.95,1140,"Math & Science",0,0,NA
831,7,7,"F",1,0,3.71,1260,"Business & Economics",0,0,NA
832,3,3,"F",1,0,3.89,940,"Business & Economics",0,0,NA
833,7,6,"F",1,0,4.27,1560,"Arts & Letters",1,0,NA
834,3,2,"F",0,1,3.62,1130,"Business & Economics",0,0,NA
835,3,4,"F",0,0,3.85,1130,"Math & Science",0,0,NA
836,3,3,"M",0,0,3.26,1250,"Math & Science",0,0,NA
837,3,3,"F",1,0,4.2,1150,"Business & Economics",1,1,3.373
838,7,7,"M",1,0,3.05,1350,"Math & Science",0,0,NA
839,7,6,"M",1,0,3.05,1150,"Business & Economics",0,0,NA
840,7,7,"M",0,0,3.14,1180,"Business & Economics",0,0,NA
841,4,4,"F",1,0,2.75,1000,"Business & Economics",0,1,2.595
842,6,4,"F",1,0,4.33,1220,"Math & Science",0,0,NA
843,5,7,"M",1,0,3.6,1060,"Business & Economics",0,0,NA
844,6,6,"F",0,1,3.35,990,"Arts & Letters",0,0,NA
845,6,7,"M",1,0,2.92,1270,"Business & Economics",0,0,NA
846,3,6,"M",1,0,3.65,1310,"Business & Economics",0,0,NA
847,6,6,"M",1,0,3.75,1300,"Business & Economics",1,1,2.98
848,6,6,"M",1,0,4.4,1410,"Business & Economics",1,0,NA
849,6,7,"M",1,0,3.71,1210,"Arts & Letters",0,0,NA
850,6,6,"M",1,0,3.75,1430,"Business & Economics",1,0,NA
851,6,6,"M",1,0,2.37,1060,"Business & Economics",0,0,NA
852,7,7,"F",1,0,3.68,1160,"Math & Science",0,0,NA
853,3,3,"F",1,0,4.18,1490,"Arts & Letters",0,1,3.04
854,7,6,"F",1,0,4.05,1200,"Math & Science",1,1,3.069
855,6,6,"F",1,0,3.45,1230,"Arts & Letters",0,0,NA
856,4,6,"F",1,0,3.33,1070,"Arts & Letters",1,0,NA
857,6,6,"F",1,0,4.33,1500,"Business & Economics",1,0,NA
858,7,5,"F",0,1,3.23,1190,"Math & Science",0,0,NA
859,6,6,"F",1,0,3.78,1240,"Math & Science",0,0,NA
860,6,6,"M",0,1,3.6,1060,"Business & Economics",0,0,NA
861,7,6,"M",1,0,4.36,1540,"Math & Science",1,0,NA
862,6,5,"M",1,0,4.24,1270,"Math & Science",1,1,3.748
863,6,2,"F",0,1,3.05,970,"Math & Science",0,0,NA
864,7,7,"M",0,0,3.63,1420,"Math & Science",0,0,NA
865,7,7,"M",0,0,3.29,1370,"Business & Economics",1,0,NA
866,6,6,"M",1,0,4.25,1560,"Math & Science",1,0,NA
867,4,3,"F",0,0,3.7,1080,"Arts & Letters",0,0,NA
868,3,3,"M",0,0,3.2,1170,"Business & Economics",0,0,NA
869,3,4,"M",0,1,3.55,1130,"Arts & Letters",0,0,NA
870,6,6,"M",0,1,3.25,880,"Math & Science",0,0,NA
871,2,2,"M",0,0,3.95,1230,"Math & Science",1,0,NA
872,3,6,"F",1,0,3.33,1130,"Business & Economics",0,0,NA
873,5,3,"F",1,0,3.95,1150,"Math & Science",0,0,NA
874,7,6,"M",1,0,3.91,1280,"Business & Economics",1,1,3.264
875,7,7,"F",0,0,3.17,1150,"Business & Economics",0,0,NA
876,7,6,"F",1,0,3.65,1130,"Arts & Letters",1,0,NA
877,6,6,"M",1,0,3.78,1210,"Math & Science",0,0,NA
878,6,6,"F",1,0,4,1100,"Business & Economics",1,0,NA
879,6,5,"F",1,0,3.3,1130,"Math & Science",0,0,NA
880,7,7,"F",1,0,4,1390,"Math & Science",1,0,NA
881,7,7,"M",1,0,3.83,1010,"Arts & Letters",0,0,NA
882,7,7,"M",1,0,3.91,1400,"Arts & Letters",0,0,NA
883,7,6,"F",1,0,3.96,1310,"Arts & Letters",1,0,NA
884,6,6,"M",1,0,3.8,1210,"Math & Science",0,0,NA
885,6,4,"M",1,0,3.27,1320,"Math & Science",0,0,NA
886,6,7,"F",1,0,3.82,1230,"Arts & Letters",0,1,3.113
887,1,1,"F",0,0,3.25,840,"Math & Science",0,0,NA
888,1,1,"M",0,0,3.15,950,"Arts & Letters",0,0,NA
889,2,1,"F",0,0,2.68,940,"Arts & Letters",0,0,NA
890,6,6,"F",0,0,4.4,990,"Math & Science",1,0,NA
891,6,6,"M",0,1,2.7,1140,"Business & Economics",0,0,NA
892,6,3,"F",1,0,3.62,1030,"Math & Science",0,0,NA
893,5,4,"F",0,1,3.23,1230,"Arts & Letters",0,0,NA
894,6,2,"F",0,0,3.5,900,"Business & Economics",0,0,NA
895,7,7,"M",1,0,3.79,1500,"Math & Science",1,0,NA
896,6,7,"M",1,0,4,1320,"Arts & Letters",1,1,2.881
897,4,4,"F",1,0,3.92,1560,"Business & Economics",0,1,3.92
898,6,7,"F",0,1,3.18,1130,"Arts & Letters",0,0,NA
899,7,6,"F",1,0,4.15,1320,"Arts & Letters",1,0,NA
900,2,2,"F",0,0,4.09,960,"Math & Science",1,0,NA
901,7,7,"F",0,0,3.7,1070,"Arts & Letters",0,0,NA
902,3,4,"F",0,0,3.05,970,"Arts & Letters",0,0,NA
903,7,7,"F",1,0,3.95,1490,"Business & Economics",1,0,NA
904,6,6,"M",1,0,3.9,1230,"Math & Science",1,1,3.547
905,3,3,"F",0,0,2.95,930,"Math & Science",0,0,NA
906,6,7,"F",1,0,4.25,1510,"Math & Science",1,0,NA
907,6,5,"M",1,0,3.36,1300,"Arts & Letters",1,1,2.886
908,6,6,"F",1,0,4.17,1310,"Business & Economics",1,1,3.537
909,6,6,"M",1,0,3.8,1370,"Business & Economics",1,0,NA
910,7,7,"M",1,0,3.84,1240,"Business & Economics",1,1,2.825
911,3,3,"M",1,0,3.22,1170,"Math & Science",0,0,NA
912,6,6,"F",1,0,3.52,1130,"Arts & Letters",1,1,3.511
913,4,4,"F",1,0,4.19,1230,"Business & Economics",1,0,NA
914,6,4,"F",1,0,3.91,1270,"Math & Science",1,0,NA
915,6,4,"M",0,0,2.87,1110,"Business & Economics",0,0,NA
916,3,3,"M",1,0,4.05,1480,"Math & Science",1,1,2.674
917,6,3,"M",0,0,3.75,960,"Math & Science",0,0,NA
918,3,3,"M",0,0,3,730,"Business & Economics",0,0,NA
919,5,6,"M",0,0,2.92,920,"Business & Economics",0,0,NA
920,4,6,"F",1,0,4.12,1400,"Arts & Letters",1,1,3.298
921,6,6,"F",0,1,3.91,1100,"Business & Economics",0,0,NA
922,6,6,"M",1,0,4,1220,"Arts & Letters",1,1,3.618
923,4,7,"M",1,0,3.53,1080,"Business & Economics",0,0,NA
924,6,4,"F",1,0,3.28,1030,"Arts & Letters",0,0,NA
925,5,5,"M",0,0,3.95,1110,"Business & Economics",1,1,3.046
926,6,6,"M",1,0,3.35,1270,"Math & Science",0,0,NA
927,6,7,"F",1,0,3.88,1190,"Arts & Letters",1,1,3.479
928,6,6,"F",1,0,3.92,1170,"Math & Science",1,1,2.862
929,4,3,"F",0,0,3.25,1000,"Math & Science",0,0,NA
930,7,6,"F",1,0,3.95,1310,"Arts & Letters",0,0,NA
931,7,7,"F",1,0,3.35,1300,"Arts & Letters",0,0,NA
932,7,5,"F",1,0,3.14,1260,"Math & Science",0,0,NA
933,6,7,"F",1,0,3.45,1110,"Arts & Letters",0,0,NA
934,6,6,"M",1,0,4.18,1310,"Business & Economics",1,0,NA
935,3,3,"M",0,0,3.03,1160,"Arts & Letters",0,0,NA
936,7,6,"F",1,0,3.58,900,"Math & Science",0,0,NA
937,3,5,"M",0,0,3.5,1040,"Math & Science",0,0,NA
938,4,6,"F",1,0,3.9,1100,"Arts & Letters",0,0,NA
939,4,5,"M",0,0,3.62,1000,"Business & Economics",0,0,NA
940,6,6,"M",1,0,4.18,1540,"Math & Science",1,0,NA
941,6,6,"M",1,0,2.96,1130,"Math & Science",0,0,NA
942,4,6,"M",1,0,4.4,1340,"Math & Science",1,0,NA
943,7,6,"F",1,0,4.3,1300,"Math & Science",1,0,NA
944,6,6,"F",1,0,3.38,1270,"Arts & Letters",0,0,NA
945,6,4,"F",1,0,3.82,1130,"Business & Economics",0,0,NA
946,7,7,"M",1,0,3.59,1110,"Math & Science",0,0,NA
947,7,6,"F",1,0,4,1100,"Arts & Letters",1,0,NA
948,6,5,"M",1,0,3.9,1330,"Business & Economics",1,1,3.576
949,6,7,"M",1,0,3.44,1130,"Arts & Letters",0,0,NA
950,6,6,"F",1,0,3.32,1100,"Arts & Letters",0,0,NA
951,7,7,"M",0,0,3.92,1190,"Business & Economics",0,0,NA
952,6,3,"F",1,0,2.46,920,"Arts & Letters",0,0,NA
953,4,4,"F",1,0,4,1230,"Business & Economics",1,0,NA
954,6,7,"F",0,0,4.27,1190,"Arts & Letters",1,0,NA
955,6,6,"F",1,0,3.58,1260,"Math & Science",0,0,NA
956,7,4,"F",1,0,3.39,1050,"Arts & Letters",0,0,NA
957,7,7,"F",1,0,2.83,830,"Arts & Letters",0,0,NA
958,6,7,"F",1,0,3,1200,"Math & Science",0,0,NA
959,6,6,"F",1,0,3.64,1050,"Arts & Letters",0,0,NA
960,6,6,"F",1,0,3.86,1170,"Arts & Letters",1,1,3.664
961,1,3,"F",0,0,3.89,1040,"Math & Science",0,0,NA
962,5,6,"F",1,0,3.6,1150,"Business & Economics",0,0,NA
963,6,6,"M",1,0,3.41,1030,"Arts & Letters",0,0,NA
964,7,7,"M",1,0,3.75,1270,"Math & Science",0,0,NA
965,4,4,"F",1,0,3.95,990,"Math & Science",0,0,NA
966,7,6,"M",0,1,4.08,1320,"Business & Economics",1,0,NA
967,3,7,"F",1,0,3.8,1200,"Arts & Letters",0,0,NA
968,6,7,"F",1,0,4.13,1300,"Math & Science",1,1,3.483
969,4,6,"F",1,0,3.57,1110,"Math & Science",0,0,NA
970,7,7,"F",0,0,3.46,1290,"Math & Science",0,0,NA
971,4,7,"M",1,0,3.16,1250,"Arts & Letters",0,0,NA
972,4,4,"M",1,0,3.9,1310,"Arts & Letters",0,0,NA
973,6,5,"F",1,0,3.42,1180,"Arts & Letters",0,0,NA
974,4,6,"F",0,0,4.2,1140,"Math & Science",0,0,NA
975,6,7,"M",0,1,2.9,1060,"Math & Science",0,0,NA
976,6,4,"M",1,0,3.48,1110,"Business & Economics",0,0,NA
977,7,5,"F",1,0,4,1110,"Arts & Letters",1,0,NA
978,4,4,"F",1,0,3.7,820,"Math & Science",0,0,NA
979,6,7,"F",1,0,4,1550,"Math & Science",1,0,NA
980,7,6,"M",0,1,4.04,1360,"Business & Economics",1,0,NA
981,7,6,"F",1,0,3.29,1470,"Arts & Letters",1,0,NA
982,6,7,"M",1,0,3.65,1060,"Business & Economics",0,0,NA
983,7,6,"M",1,0,3.2,1140,"Arts & Letters",0,0,NA
984,6,7,"M",0,0,4.27,1210,"Math & Science",1,0,NA
985,5,6,"M",1,0,4.11,1430,"Business & Economics",0,1,3.643
986,4,6,"M",1,0,3.44,1240,"Arts & Letters",0,0,NA
987,7,6,"M",1,0,3.7,1310,"Math & Science",0,0,NA
988,5,6,"F",1,0,4.12,1350,"Math & Science",1,0,NA
989,5,6,"M",1,0,3.14,1120,"Business & Economics",0,0,NA
990,7,4,"M",0,1,3.86,1100,"Business & Economics",0,0,NA
991,1,4,"M",0,1,3.86,980,"Arts & Letters",0,0,NA
992,7,6,"F",1,0,3.86,1420,"Arts & Letters",0,0,NA
993,6,4,"M",0,1,4.05,1210,"Math & Science",1,0,NA
994,6,6,"F",0,0,3.79,1190,"Arts & Letters",0,0,NA
995,3,2,"F",1,0,3.83,1120,"Math & Science",0,0,NA
996,4,4,"F",0,1,4,1080,"Math & Science",1,0,NA
997,4,6,"F",1,0,3.5,1090,"Arts & Letters",0,0,NA
998,7,7,"F",0,0,4.14,1300,"Arts & Letters",0,0,NA
999,6,4,"F",1,0,4.12,1320,"Math & Science",0,0,NA
1000,7,6,"M",1,0,4.12,1070,"Business & Economics",1,0,NA
1001,7,6,"M",1,0,4.09,1390,"Math & Science",1,1,3.244
1002,6,6,"M",0,0,3.8,1440,"Math & Science",1,0,NA
1003,4,3,"M",1,0,2.65,1220,"Math & Science",0,0,NA
1004,7,7,"F",1,0,3.3,1080,"Math & Science",0,0,NA
1005,6,6,"F",0,0,3.4,1230,"Math & Science",0,0,NA
1006,6,4,"F",1,0,3.67,1080,"Arts & Letters",0,0,NA
1007,6,6,"F",1,0,3.5,1360,"Math & Science",0,0,NA
1008,6,6,"M",1,0,3.68,1290,"Arts & Letters",0,0,NA
1009,7,6,"F",1,0,4.33,1140,"Math & Science",1,0,NA
1010,2,2,"M",0,0,4,1270,"Math & Science",1,0,NA
1011,3,7,"M",1,0,3.55,950,"Math & Science",0,0,NA
1012,7,6,"M",1,0,4.26,1360,"Math & Science",1,0,NA
1013,6,6,"M",1,0,3.2,1150,"Business & Economics",0,1,2.451
1014,6,5,"F",1,0,4.2,1330,"Arts & Letters",1,0,NA
1015,6,7,"F",0,0,3.92,1280,"Arts & Letters",1,0,NA
1016,7,7,"F",1,0,3.69,1360,"Arts & Letters",1,0,NA
1017,5,6,"F",1,0,3.62,1090,"Arts & Letters",0,0,NA
1018,6,7,"M",1,0,3.46,1220,"Arts & Letters",0,0,NA
1019,5,6,"F",1,0,3.81,1340,"Math & Science",1,1,2.884
1020,6,7,"F",0,0,3.1,940,"Math & Science",0,0,NA
1021,6,6,"M",0,1,3.08,1040,"Business & Economics",0,0,NA
1022,6,6,"M",1,0,3.57,1090,"Math & Science",0,0,NA
1023,6,5,"F",1,0,3.73,1210,"Business & Economics",1,1,2.701
1024,7,7,"F",1,0,4.05,1060,"Math & Science",0,0,NA
1025,6,6,"F",1,0,3.95,1350,"Arts & Letters",1,0,NA
1026,6,5,"F",0,0,4.15,980,"Arts & Letters",0,1,2.851
1027,6,6,"M",0,0,2.83,1270,"Business & Economics",0,0,NA
1028,4,4,"M",1,0,3.56,1200,"Arts & Letters",0,0,NA
1029,3,4,"F",0,0,4.13,1170,"Arts & Letters",1,0,NA
1030,7,6,"M",1,0,3.5,1180,"Arts & Letters",0,0,NA
1031,6,7,"F",0,0,4.19,1320,"Business & Economics",1,0,NA
1032,6,6,"M",1,0,4.3,1550,"Arts & Letters",1,0,NA
1033,6,6,"M",0,0,2.7,1310,"Business & Economics",0,0,NA
1034,6,7,"M",1,0,4.33,1440,"Business & Economics",1,0,NA
1035,7,6,"M",0,0,2.6,1340,"Math & Science",0,0,NA
1036,7,6,"M",1,0,3.5,980,"Arts & Letters",0,0,NA
1037,6,6,"F",1,0,3.82,1020,"Math & Science",0,0,NA
1038,7,7,"M",1,0,4.04,1390,"Math & Science",1,1,3.392
1039,5,7,"M",1,0,4,1240,"Math & Science",0,0,NA
1040,7,7,"M",1,0,3.45,1260,"Business & Economics",0,0,NA
1041,7,7,"M",1,0,2.75,1200,"Arts & Letters",0,0,NA
1042,5,4,"M",1,0,2.95,1080,"Arts & Letters",0,0,NA
1043,7,6,"F",1,0,3.22,1120,"Business & Economics",0,0,NA
1044,6,6,"F",1,0,3.62,1170,"Math & Science",0,0,NA
1045,6,4,"F",1,0,4.3,1250,"Arts & Letters",0,0,NA
1046,6,7,"F",1,0,3.79,1230,"Math & Science",1,1,3.521
1047,4,7,"F",1,0,3.35,1040,"Business & Economics",0,0,NA
1048,7,7,"F",1,0,3.53,1270,"Arts & Letters",0,0,NA
1049,6,5,"M",1,0,2.8,830,"Arts & Letters",0,0,NA
1050,6,7,"F",1,0,3.96,1420,"Arts & Letters",1,0,NA
1051,3,6,"F",1,0,4.04,1380,"Arts & Letters",1,1,3.812
1052,7,6,"M",1,0,3.33,1220,"Arts & Letters",0,0,NA
1053,6,7,"F",1,0,3.79,1080,"Arts & Letters",0,0,NA
1054,1,1,"F",0,0,3.22,890,"Arts & Letters",0,0,NA
1055,6,6,"M",0,0,2.96,1050,"Math & Science",0,0,NA
1056,2,3,"F",1,0,3.83,1140,"Math & Science",0,0,NA
1057,6,7,"M",1,0,3.75,1150,"Math & Science",0,0,NA
1058,3,5,"F",1,0,3.85,940,"Business & Economics",0,0,NA
1059,2,1,"M",0,1,2.37,1000,"Math & Science",0,0,NA
1060,5,3,"M",0,0,3.95,1220,"Math & Science",1,0,NA
1061,6,7,"F",1,0,3.38,1110,"Arts & Letters",1,1,3.193
1062,6,6,"M",1,0,3.5,1190,"Business & Economics",0,0,NA
1063,6,7,"F",1,0,3.23,1280,"Arts & Letters",1,0,NA
1064,7,7,"F",1,0,3,1220,"Business & Economics",0,0,NA
1065,4,3,"F",0,0,3.64,1270,"Arts & Letters",1,0,NA
1066,6,6,"F",0,0,4,1190,"Business & Economics",0,0,NA
1067,3,3,"M",0,0,3.17,990,"Arts & Letters",0,0,NA
1068,6,5,"F",1,0,4.19,1390,"Business & Economics",1,1,3.391
1069,7,7,"F",1,0,3.55,1120,"Arts & Letters",0,0,NA
1070,6,5,"F",1,0,3.88,1280,"Math & Science",0,0,NA
1071,7,7,"F",1,0,3.9,1190,"Arts & Letters",0,1,3.288
1072,3,3,"F",1,0,3.84,1210,"Math & Science",0,0,NA
1073,7,6,"M",1,0,3.3,1060,"Business & Economics",0,0,NA
1074,7,6,"F",1,0,3.24,1250,"Math & Science",0,0,NA
1075,3,4,"F",1,0,4.17,1260,"Business & Economics",1,0,NA
1076,6,6,"F",0,0,3.52,1040,"Math & Science",0,0,NA
1077,7,7,"M",1,0,3.45,1140,"Business & Economics",1,0,NA
1078,6,6,"M",1,0,2.73,1080,"Math & Science",0,0,NA
1079,6,6,"F",1,0,3.92,1060,"Math & Science",0,0,NA
1080,3,6,"M",1,0,4.12,1430,"Business & Economics",1,1,3.477
1081,4,3,"M",0,0,3.17,960,"Math & Science",0,0,NA
1082,6,4,"F",1,0,4.19,1270,"Arts & Letters",1,1,3.86
1083,3,7,"M",1,0,3.27,1170,"Math & Science",0,0,NA
1084,7,7,"F",1,0,4.4,1180,"Math & Science",1,0,NA
1085,7,6,"M",1,0,3.73,1070,"Math & Science",0,0,NA
1086,6,6,"M",0,0,4.17,1410,"Math & Science",1,0,NA
1087,3,3,"M",1,0,3.44,1220,"Business & Economics",1,0,NA
1088,4,4,"F",0,0,2.92,850,"Arts & Letters",0,0,NA
1089,7,6,"F",1,0,4.18,1240,"Arts & Letters",1,1,3.634
1090,6,6,"F",1,0,4.25,1230,"Math & Science",0,0,NA
1091,6,7,"M",0,1,3.77,1310,"Math & Science",1,0,NA
1092,3,3,"F",1,0,4.11,1290,"Arts & Letters",0,0,NA
1093,6,6,"M",0,0,3.15,1130,"Business & Economics",0,0,NA
1094,4,4,"M",0,0,3.5,1320,"Arts & Letters",1,0,NA
1095,4,6,"F",1,0,3.41,1090,"Math & Science",0,0,NA
1096,2,4,"M",0,0,3,820,"Math & Science",0,0,NA
1097,3,6,"M",1,0,4.1,1110,"Math & Science",0,0,NA
1098,7,7,"F",1,0,3.85,1110,"Arts & Letters",0,0,NA
1099,3,3,"F",1,0,3.48,1050,"Arts & Letters",0,0,NA
1100,2,3,"F",0,0,3,800,"Business & Economics",0,0,NA
1101,6,4,"F",1,0,3.77,1270,"Business & Economics",0,0,NA
1102,7,3,"F",0,0,4,1150,"Math & Science",0,0,NA
1103,6,5,"F",0,1,3.8,1160,"Arts & Letters",0,0,NA
1104,5,5,"F",0,0,3.17,900,"Business & Economics",0,0,NA
1105,7,6,"M",0,0,3.86,1280,"Math & Science",0,0,NA
1106,6,4,"M",1,0,3.05,1290,"Business & Economics",0,0,NA
1107,7,7,"M",0,0,3.77,1310,"Business & Economics",0,0,NA
1108,6,4,"M",1,0,3.36,1340,"Business & Economics",1,0,NA
1109,7,7,"M",1,0,4.03,1270,"Arts & Letters",1,0,NA
1110,5,4,"M",1,0,3.59,920,"Arts & Letters",0,0,NA
1111,7,7,"F",1,0,3.68,1320,"Arts & Letters",0,0,NA
1112,7,7,"M",1,0,3.82,1310,"Arts & Letters",0,0,NA
1113,7,5,"F",0,1,3.23,1090,"Arts & Letters",0,0,NA
1114,7,7,"M",1,0,3.42,1370,"Math & Science",0,0,NA
1115,6,6,"F",1,0,3.73,1150,"Arts & Letters",0,0,NA
1116,6,6,"M",1,0,3.64,1520,"Business & Economics",1,0,NA
1117,7,6,"M",1,0,3.09,1360,"Math & Science",0,0,NA
1118,3,5,"F",1,0,3.75,1010,"Math & Science",0,0,NA
1119,6,3,"F",1,0,4.32,1550,"Math & Science",1,0,NA
1120,3,3,"F",0,1,3.77,1100,"Math & Science",1,0,NA
1121,7,7,"M",1,0,4.04,1260,"Business & Economics",0,0,NA
1122,6,6,"M",0,1,3.7,1190,"Math & Science",0,0,NA
1123,1,4,"F",0,0,4.04,1200,"Math & Science",0,0,NA
1124,3,5,"F",0,0,4.22,1270,"Math & Science",1,0,NA
1125,7,7,"F",1,0,3.76,1390,"Arts & Letters",1,0,NA
1126,7,7,"M",1,0,3.54,1230,"Business & Economics",0,1,3.541
1127,6,6,"F",1,0,4.16,1330,"Arts & Letters",0,0,NA
1128,6,6,"F",1,0,3.89,1480,"Arts & Letters",1,0,NA
1129,6,6,"M",1,0,3.7,1040,"Arts & Letters",0,0,NA
1130,6,7,"F",1,0,4.05,1290,"Business & Economics",1,0,NA
1131,3,4,"F",1,0,3.6,1290,"Arts & Letters",1,0,NA
1132,7,4,"F",0,0,3.42,1080,"Arts & Letters",0,0,NA
1133,4,5,"F",1,0,3.93,1320,"Business & Economics",1,0,NA
1134,6,7,"M",1,0,3.58,1190,"Business & Economics",1,1,2.507
1135,6,7,"M",0,0,3.17,1100,"Business & Economics",0,0,NA
1136,7,7,"M",0,1,4.22,1090,"Arts & Letters",0,0,NA
1137,7,6,"M",1,0,3.09,1160,"Arts & Letters",0,0,NA
1138,7,7,"F",1,0,4.05,1350,"Arts & Letters",1,0,NA
1139,6,6,"M",1,0,3.76,1190,"Arts & Letters",0,1,2.547
1140,6,6,"F",1,0,3.52,1150,"Arts & Letters",0,0,NA
1141,6,4,"M",1,0,4.17,1330,"Arts & Letters",1,0,NA
1142,5,7,"F",0,1,4.35,1240,"Business & Economics",1,0,NA
1143,6,3,"M",1,0,3.84,1150,"Arts & Letters",1,0,NA
1144,6,6,"M",1,0,4.13,1480,"Math & Science",1,0,NA
1145,6,7,"M",0,0,2.9,930,"Business & Economics",0,0,NA
1146,3,7,"M",0,0,2.5,980,"Business & Economics",0,0,NA
1147,7,7,"F",0,1,3.77,1320,"Arts & Letters",1,0,NA
1148,6,4,"F",1,0,3.62,1220,"Math & Science",0,0,NA
1149,4,6,"M",1,0,3.55,950,"Math & Science",0,0,NA
1150,7,7,"M",1,0,3.45,1050,"Arts & Letters",0,0,NA
1151,7,7,"F",1,0,4.14,1260,"Arts & Letters",1,1,3.486
1152,2,5,"F",0,0,3.55,1060,"Arts & Letters",0,0,NA
1153,1,1,"F",0,0,4.05,1110,"Math & Science",1,0,NA
1154,7,7,"F",1,0,3.45,1210,"Arts & Letters",1,0,NA
1155,7,6,"M",1,0,4.05,1410,"Business & Economics",1,0,NA
1156,1,1,"F",0,0,3.68,1060,"Arts & Letters",0,0,NA
1157,7,6,"F",1,0,4.14,1380,"Math & Science",1,0,NA
1158,7,7,"M",1,0,3.35,1210,"Business & Economics",0,0,NA
1159,6,6,"F",1,0,4.35,1440,"Math & Science",1,0,NA
1160,6,5,"M",1,0,2.91,1230,"Math & Science",0,0,NA
1161,7,6,"F",1,0,4.2,1440,"Math & Science",1,0,NA
1162,4,7,"F",1,0,3.5,1090,"Math & Science",0,0,NA
1163,6,4,"F",1,0,4,1100,"Business & Economics",1,1,3.099
1164,6,7,"M",1,0,4,1190,"Math & Science",1,0,NA
1165,6,6,"F",1,0,3.1,1080,"Arts & Letters",0,0,NA
1166,4,4,"F",1,0,3.55,950,"Arts & Letters",0,0,NA
1167,7,6,"F",0,0,3.96,1350,"Math & Science",0,0,NA
1168,3,4,"F",1,0,4.21,1100,"Math & Science",1,0,NA
1169,7,5,"M",1,0,3.38,1210,"Business & Economics",0,0,NA
1170,4,6,"F",1,0,3.72,1180,"Business & Economics",0,0,NA
1171,4,4,"F",1,0,3.45,1150,"Arts & Letters",0,0,NA
1172,4,4,"F",1,0,3.52,1210,"Arts & Letters",0,0,NA
1173,5,4,"F",1,0,3.65,1200,"Arts & Letters",0,0,NA
1174,5,4,"F",1,0,4.17,1520,"Math & Science",1,1,3.929
1175,3,4,"F",1,0,3.57,1140,"Math & Science",0,0,NA
1176,6,6,"F",0,0,3.79,1150,"Business & Economics",1,0,NA
1177,7,6,"F",0,1,3.55,880,"Arts & Letters",0,0,NA
1178,6,6,"F",0,0,3.68,1090,"Math & Science",0,0,NA
1179,4,6,"M",0,0,3,1290,"Business & Economics",1,0,NA
1180,6,6,"M",1,0,4.25,1420,"Arts & Letters",1,1,3.408
1181,7,7,"M",0,0,3.85,1170,"Math & Science",0,0,NA
1182,6,5,"F",1,0,3.95,1410,"Arts & Letters",0,0,NA
1183,7,7,"F",1,0,3.7,1190,"Math & Science",0,0,NA
1184,4,6,"M",1,0,2.94,1250,"Business & Economics",0,0,NA
1185,6,6,"M",1,0,3.81,1140,"Arts & Letters",0,0,NA
1186,6,6,"M",0,1,3.59,1000,"Arts & Letters",1,1,2.287
1187,6,7,"M",1,0,3.4,1100,"Business & Economics",0,0,NA
1188,4,5,"F",1,0,3.92,1300,"Business & Economics",1,0,NA
1189,4,3,"M",0,0,3.89,1240,"Arts & Letters",1,0,NA
1190,6,3,"M",1,0,3.73,1150,"Arts & Letters",0,0,NA
1191,4,7,"M",0,0,3.57,1010,"Math & Science",0,0,NA
1192,6,6,"F",0,1,3.89,1200,"Arts & Letters",0,0,NA
1193,7,7,"F",1,0,3.81,1290,"Arts & Letters",1,1,3.29
1194,3,6,"F",1,0,3.54,1010,"Arts & Letters",1,0,NA
1195,7,7,"F",1,0,3.65,1450,"Math & Science",0,0,NA
1196,4,4,"M",0,0,3.91,940,"Business & Economics",0,0,NA
1197,7,7,"M",1,0,4.04,1220,"Math & Science",1,0,NA
1198,6,6,"F",0,1,3.5,890,"Math & Science",0,0,NA
1199,7,6,"F",0,1,3.77,1300,"Arts & Letters",0,0,NA
1200,4,3,"M",0,0,3.59,1200,"Business & Economics",0,0,NA
1201,7,6,"F",1,0,4.29,1280,"Math & Science",1,1,3.791
1202,7,6,"M",1,0,4.4,1380,"Math & Science",1,0,NA
1203,3,3,"F",0,1,3.86,900,"Math & Science",0,0,NA
1204,6,6,"F",0,1,4.27,1500,"Business & Economics",1,0,NA
1205,2,2,"M",0,1,3.21,1280,"Math & Science",0,0,NA
1206,7,6,"F",0,1,3.88,1550,"Business & Economics",1,0,NA
1207,4,6,"M",1,0,3.41,1130,"Business & Economics",0,0,NA
1208,6,6,"F",0,0,4.14,1320,"Business & Economics",0,1,3.284
1209,7,6,"F",1,0,3.1,1220,"Arts & Letters",0,0,NA
1210,6,6,"M",1,0,3.38,930,"Math & Science",0,0,NA
1211,6,6,"M",1,0,3.81,1320,"Arts & Letters",0,0,NA
1212,3,3,"M",0,0,3.83,1310,"Arts & Letters",0,0,NA
1213,7,7,"F",0,0,3.64,1260,"Arts & Letters",0,0,NA
1214,6,3,"M",0,0,3.82,1240,"Business & Economics",0,0,NA
1215,6,5,"F",0,0,2.36,640,"Arts & Letters",0,0,NA
1216,7,6,"F",1,0,4.36,1550,"Arts & Letters",1,0,NA
1217,6,6,"M",1,0,3.91,1380,"Arts & Letters",1,1,3.221
1218,7,6,"M",1,0,3.26,1240,"Arts & Letters",0,0,NA
1219,7,7,"F",1,0,4.36,1530,"Math & Science",1,0,NA
1220,3,3,"M",1,0,2.89,1160,"Business & Economics",0,0,NA
1221,6,7,"F",1,0,3.9,1240,"Math & Science",0,0,NA
1222,3,3,"M",1,0,3.23,1280,"Math & Science",0,0,NA
1223,4,6,"M",0,0,3.78,1140,"Math & Science",0,0,NA
1224,7,7,"F",1,0,3.7,1390,"Math & Science",0,0,NA
1225,7,7,"M",1,0,4.15,1330,"Math & Science",1,1,3.099
1226,6,7,"F",1,0,4.1,1210,"Math & Science",1,1,2.96
1227,6,6,"F",1,0,3.91,1210,"Arts & Letters",0,0,NA
1228,7,6,"F",1,0,3.17,1230,"Math & Science",0,0,NA
1229,6,6,"F",1,0,4,1190,"Arts & Letters",1,1,3.007
1230,7,7,"F",0,0,3.55,1190,"Math & Science",0,0,NA
1231,6,6,"M",0,0,4.25,1190,"Business & Economics",1,0,NA
1232,4,4,"M",0,1,3.59,1160,"Arts & Letters",0,1,2.703
1233,6,5,"M",1,0,3.35,1180,"Arts & Letters",0,0,NA
1234,7,6,"M",1,0,3.83,1470,"Business & Economics",1,0,NA
1235,7,5,"M",0,0,3.58,1380,"Arts & Letters",1,0,NA
1236,7,7,"M",1,0,3.54,1090,"Arts & Letters",0,0,NA
1237,4,6,"F",1,0,3.25,1330,"Math & Science",0,0,NA
1238,4,4,"F",1,0,3.95,1260,"Arts & Letters",1,1,1.742
1239,6,6,"F",1,0,3.04,1140,"Arts & Letters",0,0,NA
1240,4,7,"F",1,0,4.06,1210,"Math & Science",0,0,NA
1241,7,7,"F",0,0,3.5,1130,"Arts & Letters",0,0,NA
1242,7,6,"F",1,0,3.7,1320,"Math & Science",1,0,NA
1243,2,2,"F",0,0,4.12,1010,"Arts & Letters",0,0,NA
1244,4,5,"F",0,0,3.64,980,"Math & Science",0,0,NA
1245,1,3,"M",0,0,4.04,950,"Arts & Letters",1,0,NA
1246,3,2,"F",0,0,3.14,720,"Arts & Letters",0,0,NA
1247,3,3,"F",0,1,3.87,990,"Math & Science",0,0,NA
1248,1,1,"M",0,0,2.95,660,"Business & Economics",0,0,NA
1249,6,3,"F",1,0,4,1270,"Arts & Letters",0,0,NA
1250,4,4,"F",0,1,3.95,1150,"Math & Science",0,0,NA
1251,6,6,"F",1,0,3.59,1230,"Arts & Letters",1,0,NA
1252,4,7,"F",1,0,2.67,1100,"Arts & Letters",0,0,NA
1253,4,6,"F",0,0,3.61,870,"Arts & Letters",0,0,NA
1254,2,4,"F",0,0,3.22,920,"Arts & Letters",0,0,NA
1255,6,3,"M",0,0,3.5,1010,"Math & Science",0,0,NA
1256,6,4,"F",0,0,2.9,1020,"Arts & Letters",0,0,NA
1257,4,4,"M",1,0,4.36,1270,"Math & Science",0,0,NA
1258,6,4,"F",1,0,3.91,1390,"Math & Science",1,0,NA
1259,4,6,"F",1,0,2.32,1240,"Arts & Letters",0,0,NA
1260,3,3,"M",1,0,4.04,1420,"Math & Science",1,0,NA
1261,6,7,"M",0,0,4.05,1350,"Arts & Letters",1,0,NA
1262,2,2,"M",0,0,3.35,930,"Arts & Letters",0,0,NA
1263,6,6,"F",1,0,3.95,1430,"Math & Science",1,1,3.769
1264,3,7,"F",1,0,4.3,1170,"Arts & Letters",0,0,NA
1265,7,6,"M",1,0,3.88,1290,"Business & Economics",0,0,NA
1266,7,5,"M",1,0,4.09,1200,"Math & Science",1,0,NA
1267,7,5,"M",1,0,3.38,1130,"Business & Economics",1,0,NA
1268,4,6,"F",1,0,4.27,1300,"Arts & Letters",1,0,NA
1269,6,7,"F",1,0,3.61,950,"Arts & Letters",0,0,NA
1270,2,2,"M",0,0,3.5,1080,"Business & Economics",1,0,NA
1271,6,6,"M",0,0,3.61,1170,"Math & Science",0,0,NA
1272,2,3,"F",0,0,3.67,870,"Arts & Letters",1,0,NA
1273,7,6,"M",1,0,3.82,1470,"Math & Science",1,0,NA
1274,1,1,"M",0,0,3.95,910,"Math & Science",0,0,NA
1275,4,4,"M",0,1,4.18,1300,"Math & Science",1,0,NA
1276,1,1,"F",0,1,4.08,1010,"Math & Science",1,0,NA
1277,6,7,"F",1,0,3.62,1010,"Arts & Letters",0,0,NA
1278,6,6,"F",0,1,4.14,1130,"Math & Science",0,0,NA
1279,3,3,"M",0,0,3.64,1020,"Math & Science",0,0,NA
1280,3,3,"F",0,0,3.44,990,"Math & Science",0,0,NA
1281,4,5,"F",0,0,2.52,950,"Math & Science",0,0,NA
1282,4,4,"F",1,0,3.31,1040,"Business & Economics",0,0,NA
1283,4,6,"F",1,0,4.19,1110,"Arts & Letters",0,0,NA
1284,7,7,"M",0,0,3.04,1300,"Math & Science",0,0,NA
1285,2,3,"F",0,0,2.92,930,"Arts & Letters",0,0,NA
1286,2,3,"F",0,0,3.77,740,"Math & Science",0,0,NA
1287,6,4,"F",1,0,3.38,860,"Business & Economics",0,0,NA
1288,1,1,"M",0,0,3.72,1060,"Math & Science",1,0,NA
1289,1,1,"F",0,0,3.44,1150,"Math & Science",0,0,NA
1290,6,6,"M",1,0,3.8,1220,"Arts & Letters",1,0,NA
1291,2,7,"F",0,0,3.21,1080,"Math & Science",0,0,NA
1292,2,3,"F",0,0,2.89,1030,"Arts & Letters",0,0,NA
1293,6,7,"F",1,0,3.79,1100,"Arts & Letters",0,0,NA
1294,4,4,"F",0,1,3.7,890,"Arts & Letters",1,1,2.878
1295,3,6,"F",0,0,3.65,970,"Arts & Letters",0,0,NA
1296,4,4,"F",0,0,3.65,1000,"Arts & Letters",0,0,NA
1297,1,1,"F",0,0,3.78,980,"Math & Science",0,0,NA
1298,2,2,"M",0,0,4.17,870,"Business & Economics",0,0,NA
1299,4,6,"M",0,1,3.92,1190,"Math & Science",0,0,NA
1300,7,7,"F",1,0,3.58,1250,"Arts & Letters",1,1,3.299
1301,1,3,"M",0,0,2.89,820,"Arts & Letters",0,0,NA
1302,1,1,"M",0,0,3.58,810,"Business & Economics",0,0,NA
1303,6,6,"F",1,0,3.84,1190,"Arts & Letters",1,0,NA
1304,7,5,"F",0,0,3.95,1130,"Arts & Letters",0,0,NA
1305,2,1,"M",0,0,2.71,800,"Math & Science",0,0,NA
1306,1,1,"M",0,1,3.15,820,"Business & Economics",0,0,NA
1307,6,6,"M",0,0,2.6,500,"Arts & Letters",0,0,NA
1308,1,1,"F",0,1,4.19,1250,"Math & Science",1,0,NA
1309,2,1,"F",0,0,3.45,1010,"Math & Science",0,0,NA
1310,1,1,"F",0,0,4.21,1250,"Math & Science",1,0,NA
1311,7,4,"F",1,0,3.73,1010,"Business & Economics",0,0,NA
1312,2,4,"F",1,0,4.09,1020,"Math & Science",0,0,NA
1313,6,7,"F",1,0,4.26,1280,"Math & Science",1,0,NA
1314,5,4,"M",0,0,3.8,900,"Math & Science",0,0,NA
1315,1,1,"F",0,1,3.95,790,"Arts & Letters",0,0,NA
1316,7,7,"F",1,0,3.05,1130,"Arts & Letters",0,0,NA
1317,4,3,"F",0,0,3.94,930,"Arts & Letters",0,0,NA
1318,6,6,"M",0,1,3.85,1340,"Business & Economics",1,0,NA
1319,6,6,"F",1,0,3.91,1300,"Math & Science",0,0,NA
1320,4,2,"F",0,1,3.39,930,"Math & Science",0,0,NA
1321,1,1,"F",0,0,4.23,1000,"Math & Science",1,0,NA
1322,6,6,"F",1,0,3.79,1200,"Arts & Letters",1,1,3.587
1323,1,3,"M",0,1,4.15,1200,"Math & Science",0,0,NA
1324,3,3,"M",1,0,3.59,1050,"Arts & Letters",0,0,NA
1325,6,6,"F",0,0,3.44,1080,"Arts & Letters",0,0,NA
1326,3,4,"F",1,0,3.95,1170,"Arts & Letters",0,0,NA
1327,4,4,"M",0,0,3.79,820,"Arts & Letters",0,0,NA
1328,6,2,"M",0,1,2.55,1220,"Math & Science",0,0,NA
1329,1,5,"M",0,0,3.54,1000,"Arts & Letters",1,0,NA
1330,2,2,"M",0,1,4.32,1380,"Arts & Letters",1,0,NA
1331,1,2,"F",0,1,4.33,1200,"Math & Science",1,0,NA
1332,3,1,"F",0,0,3.12,1000,"Business & Economics",0,0,NA
1333,1,1,"M",0,0,3.08,840,"Math & Science",0,0,NA
1334,1,1,"F",0,0,3.17,910,"Arts & Letters",0,0,NA
1335,6,5,"M",0,0,3.45,1140,"Business & Economics",0,0,NA
1336,7,6,"F",1,0,4.21,1330,"Business & Economics",1,0,NA
1337,4,4,"F",1,0,3.43,1250,"Math & Science",0,0,NA
1338,5,2,"F",0,1,3.87,890,"Math & Science",0,0,NA
1339,1,2,"M",0,0,3.3,1140,"Business & Economics",1,1,2.535
1340,1,1,"F",0,0,4.14,1250,"Math & Science",1,0,NA
1341,1,1,"F",0,0,3.85,1100,"Math & Science",0,0,NA
1342,3,3,"M",0,0,2.86,1100,"Math & Science",0,0,NA
1343,3,2,"F",0,0,4,1210,"Arts & Letters",1,0,NA
1344,3,1,"M",0,0,3.5,930,"Business & Economics",0,0,NA
1345,2,2,"M",0,0,3.79,1080,"Math & Science",1,0,NA
1346,1,1,"M",0,0,2.88,1010,"Business & Economics",0,0,NA
1347,3,4,"F",0,1,4.28,1150,"Math & Science",1,0,NA
1348,6,4,"M",0,0,2.89,1120,"Business & Economics",0,0,NA
1349,3,1,"F",0,0,3.05,930,"Arts & Letters",0,0,NA
1350,3,2,"F",0,0,3.15,1000,"Arts & Letters",0,0,NA
1351,1,1,"M",0,0,3.44,1210,"Arts & Letters",0,0,NA
1352,1,1,"M",0,0,3.65,1030,"Business & Economics",1,0,NA
1353,6,5,"M",1,0,2.43,1010,"Business & Economics",0,0,NA
1354,1,1,"F",0,0,3.06,1000,"Arts & Letters",0,0,NA
1355,6,6,"F",1,0,4.27,1510,"Arts & Letters",1,0,NA
1356,2,2,"F",0,0,3.8,960,"Arts & Letters",1,0,NA
1357,1,3,"F",0,0,3.9,1160,"Math & Science",1,0,NA
1358,7,5,"F",1,0,3.55,1320,"Math & Science",0,0,NA
1359,6,7,"F",1,0,3.75,1100,"Math & Science",0,0,NA
1360,5,5,"M",1,0,3.74,1090,"Math & Science",1,1,2.446
1361,1,2,"F",0,0,3.2,750,"Arts & Letters",0,0,NA
1362,6,6,"F",1,0,3.2,1290,"Arts & Letters",0,0,NA
1363,3,6,"F",0,0,3.35,1070,"Arts & Letters",0,0,NA
1364,7,7,"M",1,0,3.18,1240,"Business & Economics",0,0,NA
1365,7,4,"M",1,0,4.18,1020,"Business & Economics",0,0,NA
1366,1,1,"M",0,0,3.35,1100,"Business & Economics",1,0,NA
1367,1,1,"F",0,0,3.05,860,"Business & Economics",0,0,NA
1368,6,6,"M",1,0,3.22,1250,"Arts & Letters",0,0,NA
1369,6,6,"F",1,0,3.88,1280,"Math & Science",0,0,NA
1370,4,7,"M",1,0,3.54,1140,"Arts & Letters",0,0,NA
1371,4,4,"F",1,0,3.84,1410,"Arts & Letters",0,0,NA
1372,6,6,"F",0,1,3.74,1140,"Math & Science",1,1,2.283
1373,6,3,"M",1,0,2.86,1410,"Arts & Letters",0,0,NA
1374,5,6,"M",1,0,3.5,950,"Arts & Letters",0,0,NA
1375,7,6,"M",0,0,2.96,1350,"Arts & Letters",0,0,NA
1376,7,7,"F",1,0,4.07,1210,"Math & Science",1,0,NA
1377,6,6,"F",1,0,4,1140,"Math & Science",0,0,NA
1378,6,7,"M",1,0,3.95,970,"Business & Economics",0,0,NA
1379,6,6,"F",0,1,3.5,1190,"Math & Science",0,0,NA
1380,5,6,"F",0,0,3.73,1150,"Math & Science",0,0,NA
1381,3,3,"F",1,0,3.52,1080,"Arts & Letters",1,1,2.777
1382,7,3,"F",0,1,3.8,1120,"Math & Science",1,1,1.35
1383,6,4,"M",0,0,3.86,1170,"Arts & Letters",1,1,2.909
1384,4,4,"F",1,0,3.79,1060,"Business & Economics",1,1,2.03
1385,7,7,"F",1,0,4.18,1320,"Math & Science",1,0,NA
1386,5,6,"F",1,0,3.1,1060,"Arts & Letters",0,0,NA
1387,7,6,"F",1,0,4.26,1250,"Math & Science",1,0,NA
1388,6,6,"M",1,0,3.75,1140,"Math & Science",0,0,NA
1389,4,6,"F",0,0,2.96,1100,"Math & Science",0,0,NA
1390,3,6,"M",0,0,3.72,1190,"Arts & Letters",0,0,NA
1391,7,7,"F",0,0,4.4,1140,"Math & Science",1,0,NA
1392,6,7,"F",1,0,4.08,1440,"Arts & Letters",1,0,NA
1393,3,7,"F",1,0,4.1,1430,"Arts & Letters",1,0,NA
1394,7,6,"F",1,0,3.64,1220,"Business & Economics",0,1,3.298
1395,6,6,"F",1,0,3.91,1020,"Math & Science",1,0,NA
1396,5,7,"F",1,0,3.7,1150,"Math & Science",0,0,NA
1397,7,7,"M",1,0,4.04,1550,"Math & Science",1,1,2.987
1398,6,6,"F",1,0,4.36,1360,"Math & Science",1,0,NA
1399,6,6,"M",1,0,3.5,1280,"Business & Economics",1,1,3.048
1400,6,4,"M",1,0,3.64,1310,"Business & Economics",1,1,3.153
1401,7,4,"F",0,0,3.92,1000,"Math & Science",0,0,NA
1402,7,7,"F",1,0,2.79,1080,"Arts & Letters",0,0,NA
1403,4,7,"F",1,0,4.24,1460,"Arts & Letters",1,1,3.174
1404,1,1,"F",0,0,3.17,820,"Math & Science",0,0,NA
1405,4,7,"M",1,0,3.08,1210,"Arts & Letters",0,0,NA
1406,4,6,"F",0,0,3.95,1250,"Math & Science",0,0,NA
1407,7,7,"F",1,0,4.05,1370,"Math & Science",1,0,NA
1408,3,6,"M",1,0,3.26,1190,"Business & Economics",0,0,NA
1409,6,6,"M",0,0,3.78,1420,"Business & Economics",1,1,2.889
1410,5,4,"F",0,0,3.6,1270,"Arts & Letters",1,0,NA
1411,4,4,"M",1,0,3.68,1110,"Math & Science",0,0,NA
1412,1,3,"M",0,0,3.89,1150,"Arts & Letters",0,0,NA
1413,4,6,"F",1,0,3.3,1040,"Business & Economics",1,1,2.888
1414,6,7,"M",0,0,3.54,1010,"Math & Science",0,0,NA
1415,6,7,"M",1,0,2.95,930,"Arts & Letters",0,0,NA
1416,6,4,"M",1,0,3.83,1480,"Math & Science",1,0,NA
1417,7,6,"M",1,0,4.21,1280,"Math & Science",1,0,NA
1418,6,6,"F",1,0,3.71,1150,"Arts & Letters",1,1,3.258
1419,3,7,"M",0,0,3.73,1050,"Business & Economics",0,0,NA
1420,4,6,"F",0,1,3.5,1120,"Business & Economics",0,0,NA
1421,7,6,"F",1,0,3.33,1030,"Arts & Letters",0,0,NA
1422,3,6,"M",0,0,2.85,1230,"Arts & Letters",0,0,NA
1423,7,7,"M",1,0,3.62,1260,"Arts & Letters",0,0,NA
1424,4,4,"M",1,0,4,1190,"Arts & Letters",0,0,NA
1425,3,3,"F",1,0,4.25,1170,"Math & Science",0,0,NA
1426,6,6,"M",1,0,4.1,1270,"Math & Science",0,0,NA
1427,7,6,"F",1,0,3.82,1360,"Math & Science",1,1,3.338
1428,6,6,"M",0,0,3.69,1300,"Business & Economics",0,0,NA
1429,6,6,"M",1,0,3.88,1290,"Math & Science",1,1,3.57
1430,4,1,"M",0,0,2.79,880,"Math & Science",0,0,NA
1431,7,7,"M",1,0,3.15,1380,"Math & Science",0,0,NA
1432,6,6,"F",1,0,3.95,1420,"Math & Science",1,0,NA
1433,6,7,"M",1,0,3.65,1160,"Math & Science",0,0,NA
1434,6,6,"F",0,1,3.7,1270,"Business & Economics",0,0,NA
1435,3,2,"F",0,0,3.5,1110,"Arts & Letters",0,0,NA
1436,6,4,"F",1,0,4.17,1300,"Arts & Letters",1,1,3.465
1437,6,6,"F",1,0,3.89,1300,"Arts & Letters",1,0,NA
1438,6,6,"M",1,0,3.08,1190,"Arts & Letters",1,1,3.51
1439,4,6,"M",1,0,3.75,1240,"Arts & Letters",1,0,NA
1440,7,7,"F",1,0,3.55,1040,"Math & Science",0,0,NA
1441,7,7,"F",1,0,4.25,1340,"Arts & Letters",1,0,NA
1442,6,7,"F",1,0,3.79,1300,"Math & Science",0,0,NA
1443,4,4,"M",1,0,2.88,1090,"Arts & Letters",0,0,NA
1444,3,3,"M",0,0,3.29,1110,"Math & Science",0,0,NA
1445,4,6,"M",1,0,3.75,940,"Math & Science",0,0,NA
1446,6,5,"F",0,0,4.33,1230,"Math & Science",1,1,3.231
1447,5,5,"M",1,0,3.35,1060,"Business & Economics",0,0,NA
1448,7,5,"M",1,0,3.39,1060,"Business & Economics",0,0,NA
1449,6,5,"M",1,0,4.14,1320,"Math & Science",1,0,NA
1450,7,7,"M",1,0,3.32,1260,"Arts & Letters",1,1,2.569
1451,6,7,"F",1,0,3.58,1130,"Arts & Letters",0,0,NA
1452,3,6,"F",1,0,4.27,1190,"Arts & Letters",0,0,NA
1453,3,5,"M",1,0,3.39,840,"Math & Science",0,0,NA
1454,7,6,"F",1,0,2.77,1120,"Arts & Letters",0,0,NA
1455,7,7,"M",1,0,3.75,1110,"Arts & Letters",0,0,NA
1456,6,4,"M",1,0,4.14,1520,"Math & Science",1,1,3.347
1457,7,6,"F",1,0,4.27,1450,"Math & Science",1,0,NA
1458,7,7,"M",1,0,3.43,1290,"Business & Economics",0,0,NA
1459,4,5,"F",1,0,3.91,1170,"Math & Science",0,0,NA
1460,6,7,"M",1,0,3.58,1280,"Arts & Letters",0,1,3.391
1461,4,4,"M",0,0,3.35,1140,"Business & Economics",1,1,1.815
1462,7,6,"F",1,0,3.89,1010,"Math & Science",0,0,NA
1463,7,6,"F",1,0,3.35,1360,"Arts & Letters",0,0,NA
1464,7,6,"F",1,0,4.36,1530,"Math & Science",1,0,NA
1465,4,3,"M",0,0,3.59,1130,"Arts & Letters",0,0,NA
1466,3,3,"M",0,0,2.92,880,"Math & Science",0,0,NA
1467,6,6,"M",1,0,4.26,1310,"Math & Science",1,1,3.325
1468,4,6,"F",1,0,3.59,1410,"Math & Science",0,0,NA
1469,4,6,"M",1,0,3.15,740,"Business & Economics",0,0,NA
1470,7,7,"F",1,0,3.59,1260,"Arts & Letters",0,0,NA
1471,6,6,"M",0,1,3.95,1240,"Business & Economics",1,0,NA
1472,7,6,"M",0,0,3.85,1250,"Arts & Letters",0,0,NA
1473,4,6,"F",1,0,3.95,1100,"Math & Science",0,0,NA
1474,6,6,"M",1,0,3.95,1420,"Business & Economics",1,0,NA
1475,6,6,"F",1,0,3.33,1110,"Arts & Letters",0,1,3.087
1476,3,6,"M",1,0,3.05,1020,"Business & Economics",0,0,NA
1477,3,5,"F",1,0,3.21,970,"Math & Science",0,0,NA
1478,7,6,"M",0,0,2.75,1090,"Math & Science",0,0,NA
1479,6,5,"F",1,0,2.72,1110,"Arts & Letters",0,0,NA
1480,6,6,"M",1,0,3.94,1360,"Arts & Letters",0,0,NA
1481,3,3,"F",0,0,3.79,1060,"Math & Science",0,0,NA
1482,7,6,"M",1,0,3.79,1340,"Arts & Letters",1,1,3.604
1483,3,5,"M",1,0,3.77,1120,"Math & Science",0,0,NA
1484,3,3,"M",1,0,3.64,1020,"Business & Economics",0,0,NA
1485,4,7,"M",1,0,3.15,1150,"Arts & Letters",0,0,NA
1486,6,6,"F",1,0,4.2,1280,"Arts & Letters",1,1,3.542
1487,6,4,"M",1,0,4.05,1360,"Math & Science",1,1,3.449
1488,2,2,"F",0,0,3.64,1030,"Arts & Letters",0,0,NA
1489,6,7,"M",1,0,3.17,1380,"Business & Economics",0,0,NA
1490,7,6,"M",1,0,3.61,1110,"Math & Science",1,1,2.373
1491,7,7,"F",1,0,4.42,1330,"Business & Economics",1,1,3.959
1492,6,6,"F",1,0,3,910,"Business & Economics",0,0,NA
1493,7,3,"F",1,0,4.27,1300,"Arts & Letters",0,1,3.881
1494,6,6,"F",1,0,4.32,1060,"Math & Science",1,1,3.426
1495,4,4,"M",1,0,3.88,1260,"Business & Economics",1,1,2.947
1496,7,4,"M",1,0,3.2,1080,"Business & Economics",0,0,NA
1497,3,7,"M",1,0,3.76,1170,"Math & Science",1,1,3.378
1498,1,3,"F",0,0,3.7,960,"Arts & Letters",0,0,NA
1499,6,7,"M",1,0,4,1360,"Arts & Letters",1,0,NA
1500,6,4,"F",1,0,3.62,1130,"Math & Science",0,0,NA
1501,6,5,"F",0,0,3.77,1320,"Math & Science",1,0,NA
1502,4,4,"M",1,0,2.89,1070,"Business & Economics",0,0,NA
1503,6,6,"F",1,0,3.42,1120,"Business & Economics",0,0,NA
1504,3,3,"F",1,0,3.85,1170,"Arts & Letters",0,0,NA
1505,4,7,"F",1,0,3.86,1210,"Math & Science",0,0,NA
1506,1,7,"M",0,0,3.36,1250,"Business & Economics",0,0,NA
1507,3,5,"F",0,0,3.5,910,"Business & Economics",0,0,NA
1508,7,6,"M",1,0,3.55,890,"Math & Science",0,0,NA
1509,7,7,"F",1,0,4.05,1480,"Math & Science",1,0,NA
1510,7,6,"M",1,0,3.85,1270,"Business & Economics",0,0,NA
1511,7,6,"M",1,0,4,1360,"Math & Science",1,0,NA
1512,7,6,"F",1,0,3.88,1070,"Math & Science",0,0,NA
1513,6,4,"M",1,0,3.73,1330,"Math & Science",1,1,2.967
1514,6,6,"M",1,0,3.75,1120,"Math & Science",0,0,NA
1515,5,3,"M",0,1,2.86,1080,"Math & Science",0,0,NA
1516,6,3,"M",0,0,2.85,990,"Math & Science",0,0,NA
1517,7,7,"F",1,0,3.9,1310,"Math & Science",1,1,2.869
1518,6,6,"M",0,0,3.5,1130,"Business & Economics",1,1,3.029
1519,5,5,"M",1,0,3.78,1170,"Arts & Letters",0,0,NA
1520,6,6,"F",0,0,3.92,1210,"Math & Science",0,0,NA
1521,7,7,"F",1,0,3.88,1390,"Arts & Letters",0,1,3.784
1522,7,7,"M",1,0,3.4,1350,"Arts & Letters",1,1,2.544
1523,7,7,"M",1,0,3.44,990,"Arts & Letters",0,0,NA
1524,7,7,"M",1,0,3.94,1440,"Arts & Letters",1,0,NA
1525,3,2,"M",0,0,2.9,930,"Math & Science",0,0,NA
1526,2,2,"F",0,0,3.7,940,"Math & Science",1,0,NA
1527,6,6,"M",1,0,3.76,1110,"Math & Science",1,1,3.169
1528,6,3,"M",1,0,3.43,1150,"Math & Science",0,0,NA
1529,7,6,"M",1,0,3.44,1400,"Math & Science",0,0,NA
1530,6,7,"F",1,0,3.95,1290,"Business & Economics",1,0,NA
1531,6,6,"F",1,0,4.14,1460,"Math & Science",1,1,3.261
1532,5,7,"M",1,0,4.05,1160,"Arts & Letters",1,0,NA
1533,7,4,"M",1,0,2.9,1320,"Arts & Letters",0,0,NA
1534,7,7,"F",1,0,4.19,1110,"Math & Science",0,0,NA
1535,6,6,"F",1,0,3.77,1100,"Arts & Letters",0,0,NA
1536,4,4,"F",1,0,3.29,1050,"Math & Science",0,0,NA
1537,4,7,"F",0,0,4.05,1310,"Business & Economics",1,1,3.204
1538,6,7,"F",0,1,3.23,1160,"Math & Science",0,0,NA
1539,7,7,"F",1,0,4,1030,"Math & Science",0,0,NA
1540,7,5,"F",1,0,3.59,1150,"Math & Science",0,0,NA
1541,7,6,"F",1,0,3.28,1300,"Arts & Letters",0,0,NA
1542,6,6,"F",0,1,3.76,1030,"Business & Economics",1,1,2.576
1543,3,3,"F",0,1,4.15,1280,"Math & Science",1,0,NA
1544,7,6,"M",1,0,3.32,1170,"Math & Science",0,0,NA
1545,4,4,"F",1,0,3.73,1200,"Arts & Letters",1,0,NA
1546,7,6,"F",1,0,3.74,1130,"Business & Economics",1,1,2.789
1547,7,7,"F",1,0,4.14,1270,"Arts & Letters",0,1,3.687
1548,6,7,"M",1,0,3.14,1050,"Arts & Letters",0,0,NA
1549,6,6,"F",1,0,3.23,1080,"Arts & Letters",0,0,NA
1550,7,7,"M",0,0,3.82,1240,"Arts & Letters",0,0,NA
1551,6,6,"F",0,0,3.41,1170,"Arts & Letters",0,0,NA
1552,7,7,"F",1,0,4,1060,"Math & Science",0,0,NA
1553,3,3,"F",0,0,2.67,1000,"Arts & Letters",0,0,NA
1554,4,6,"F",1,0,3.73,1410,"Business & Economics",1,1,3.172
1555,6,6,"F",1,0,4.1,1210,"Arts & Letters",1,0,NA
1556,6,7,"F",1,0,4.04,1290,"Business & Economics",1,0,NA
1557,6,6,"F",1,0,3.78,1300,"Business & Economics",0,0,NA
1558,7,6,"M",1,0,3.78,1120,"Math & Science",0,0,NA
1559,6,4,"F",1,0,4.08,1400,"Business & Economics",1,0,NA
1560,4,6,"F",0,0,4.12,1120,"Math & Science",0,0,NA
1561,5,4,"F",0,0,4.27,1040,"Arts & Letters",0,0,NA
1562,6,6,"M",1,0,4,1190,"Math & Science",0,0,NA
1563,7,7,"F",1,0,4,1350,"Math & Science",1,0,NA
1564,6,7,"M",1,0,4.1,1440,"Math & Science",1,1,3.785
1565,6,7,"M",1,0,3.91,1340,"Math & Science",1,0,NA
1566,6,4,"F",1,0,3.52,1130,"Arts & Letters",0,0,NA
1567,3,6,"M",1,0,4.23,1430,"Business & Economics",1,0,NA
1568,3,3,"F",1,0,3,1060,"Arts & Letters",0,0,NA
1569,2,2,"F",0,1,4.36,1420,"Math & Science",1,0,NA
1570,4,4,"F",0,1,3.5,1260,"Business & Economics",0,0,NA
1571,7,7,"M",0,1,4.05,1220,"Math & Science",0,0,NA
1572,6,6,"M",1,0,3.45,1210,"Arts & Letters",1,0,NA
1573,7,5,"M",1,0,3.68,1240,"Math & Science",1,1,2.051
1574,6,4,"F",0,0,3.94,1310,"Math & Science",1,1,2.38
1575,4,6,"F",0,0,3,1450,"Arts & Letters",0,0,NA
1576,4,4,"M",1,0,3.23,920,"Business & Economics",0,0,NA
1577,6,7,"F",1,0,3.28,940,"Arts & Letters",0,0,NA
1578,7,4,"F",1,0,3.72,1030,"Math & Science",0,0,NA
1579,6,4,"M",1,0,3,1230,"Business & Economics",0,0,NA
1580,7,6,"F",1,0,3.4,1100,"Business & Economics",0,0,NA
1581,6,6,"M",0,0,3.25,1130,"Arts & Letters",0,0,NA
1582,6,7,"M",0,0,2.76,1150,"Arts & Letters",0,0,NA
1583,6,6,"M",0,0,3.95,1280,"Math & Science",1,0,NA
1584,7,4,"F",0,0,3.6,1060,"Math & Science",0,0,NA
1585,5,6,"F",1,0,3.05,1020,"Arts & Letters",0,0,NA
1586,6,6,"F",1,0,3.4,1000,"Math & Science",0,0,NA
1587,3,3,"F",1,0,4.19,1040,"Arts & Letters",0,0,NA
1588,6,7,"M",1,0,3.77,1190,"Arts & Letters",0,0,NA
1589,7,7,"F",1,0,3.89,1280,"Arts & Letters",0,0,NA
1590,5,5,"M",1,0,3.9,1390,"Math & Science",1,1,3.165
1591,4,4,"M",1,0,3.33,1290,"Arts & Letters",0,0,NA
1592,6,6,"F",1,0,3.22,1180,"Arts & Letters",1,0,NA
1593,6,6,"F",0,1,3.9,1240,"Math & Science",1,0,NA
1594,1,2,"F",0,0,4.3,1080,"Business & Economics",1,0,NA
1595,6,6,"F",1,0,3.07,1100,"Arts & Letters",0,0,NA
1596,6,6,"M",1,0,3.81,1110,"Arts & Letters",0,0,NA
1597,7,7,"F",0,0,3.25,1100,"Math & Science",0,0,NA
1598,6,6,"F",0,0,3.26,1060,"Arts & Letters",0,0,NA
1599,1,1,"F",0,0,3.74,1220,"Arts & Letters",0,0,NA
1600,6,6,"F",1,0,4.15,1060,"Arts & Letters",0,0,NA
1601,6,7,"M",1,0,3,1030,"Math & Science",0,0,NA
1602,6,7,"F",1,0,3.85,1210,"Arts & Letters",0,0,NA
1603,7,7,"F",1,0,3.29,970,"Math & Science",0,0,NA
1604,4,7,"M",1,0,3.38,1420,"Math & Science",0,0,NA
1605,6,7,"F",0,0,3.07,970,"Arts & Letters",0,0,NA
1606,3,6,"F",1,0,4,1550,"Business & Economics",1,1,3.272
1607,2,6,"M",0,0,3.1,890,"Arts & Letters",0,0,NA
1608,4,6,"M",1,0,3.65,1190,"Business & Economics",0,0,NA
1609,4,7,"M",0,0,3.5,1210,"Math & Science",0,0,NA
1610,5,7,"M",1,0,2.87,1000,"Arts & Letters",0,0,NA
1611,6,5,"F",0,0,3.46,1190,"Math & Science",0,0,NA
1612,4,7,"M",1,0,4.3,1510,"Math & Science",1,0,NA
1613,6,6,"F",1,0,4.14,1460,"Arts & Letters",1,0,NA
1614,6,6,"F",1,0,3.73,1270,"Arts & Letters",0,0,NA
1615,6,3,"F",0,0,4.08,1370,"Arts & Letters",1,1,3.332
1616,7,7,"F",1,0,3.46,1010,"Arts & Letters",0,0,NA
1617,3,6,"M",0,0,3.91,1430,"Business & Economics",1,0,NA
1618,7,6,"F",1,0,3.8,1170,"Business & Economics",1,0,NA
1619,6,6,"M",1,0,3.65,1320,"Math & Science",0,0,NA
1620,3,2,"F",0,0,4,1140,"Arts & Letters",0,0,NA
1621,7,7,"M",1,0,3.41,1350,"Math & Science",0,0,NA
1622,6,6,"M",1,0,3.2,1330,"Business & Economics",0,0,NA
1623,5,4,"M",1,0,2.9,1210,"Math & Science",0,0,NA
1624,1,1,"M",0,1,3.77,1100,"Arts & Letters",1,1,2.928
1625,7,7,"F",1,0,3.71,1140,"Math & Science",0,0,NA
1626,4,4,"M",1,0,3.9,1200,"Math & Science",1,1,3.519
1627,4,4,"F",0,0,3.73,1000,"Math & Science",0,0,NA
1628,6,4,"F",0,1,4.09,1400,"Math & Science",1,0,NA
1629,7,6,"M",1,0,3.59,1320,"Math & Science",0,0,NA
1630,4,6,"F",0,0,3.35,940,"Math & Science",0,0,NA
1631,4,4,"F",1,0,4,1150,"Math & Science",1,0,NA
1632,6,6,"F",1,0,3.86,1150,"Business & Economics",1,0,NA
1633,6,7,"F",0,0,4.36,1400,"Arts & Letters",1,0,NA
1634,6,6,"F",1,0,3.54,1110,"Arts & Letters",1,1,2.744
1635,3,3,"M",0,0,3.85,1000,"Business & Economics",0,0,NA
1636,1,1,"M",0,1,3.91,1200,"Math & Science",0,0,NA
1637,4,6,"F",0,0,3.45,1050,"Arts & Letters",0,0,NA
1638,6,7,"M",0,1,4.19,1220,"Math & Science",0,0,NA
1639,7,7,"F",1,0,3.95,1450,"Arts & Letters",0,1,3.458
1640,7,6,"M",1,0,3.92,1130,"Business & Economics",1,1,3.61
1641,6,6,"F",1,0,3.76,1200,"Arts & Letters",0,0,NA
1642,2,2,"M",0,1,3.85,1120,"Business & Economics",1,0,NA
1643,6,4,"F",1,0,4.12,1370,"Math & Science",1,1,3.878
1644,3,5,"M",0,0,3.56,1090,"Math & Science",0,0,NA
1645,6,5,"F",0,0,4.36,1200,"Math & Science",1,1,3.277
1646,4,3,"M",0,0,3.55,1160,"Arts & Letters",1,1,2.725
1647,3,3,"F",1,0,4.32,1280,"Math & Science",1,0,NA
1648,4,6,"F",1,0,4.33,1260,"Arts & Letters",1,1,3.471
1649,7,5,"F",1,0,4.32,1210,"Math & Science",1,0,NA
1650,6,7,"F",1,0,4.11,1290,"Arts & Letters",0,0,NA
1651,6,4,"M",1,0,3.29,1090,"Math & Science",0,0,NA
1652,7,7,"M",1,0,3.2,1130,"Arts & Letters",0,0,NA
1653,5,6,"M",0,0,4.15,1520,"Math & Science",1,0,NA
1654,6,6,"F",1,0,3.46,1260,"Arts & Letters",0,0,NA
1655,7,6,"M",0,1,3.32,1030,"Math & Science",0,0,NA
1656,4,4,"F",1,0,4,1170,"Math & Science",0,0,NA
1657,6,6,"F",0,0,3.73,940,"Business & Economics",0,0,NA
1658,5,5,"M",1,0,4.27,1440,"Arts & Letters",1,0,NA
1659,6,6,"F",0,1,4.29,1360,"Business & Economics",1,0,NA
1660,7,7,"F",1,0,3.5,1320,"Arts & Letters",0,0,NA
1661,6,6,"F",0,0,4.3,1360,"Math & Science",1,0,NA
1662,6,6,"M",1,0,3.9,1070,"Business & Economics",0,0,NA
1663,6,6,"M",0,1,3.93,1300,"Business & Economics",1,1,3.248
1664,7,7,"F",1,0,4.14,1290,"Math & Science",0,0,NA
1665,7,7,"F",1,0,3.1,1210,"Arts & Letters",0,0,NA
1666,4,6,"M",1,0,3.59,1120,"Math & Science",0,0,NA
1667,3,3,"F",1,0,3.91,1190,"Arts & Letters",0,1,3.108
1668,5,7,"F",1,0,3.42,1090,"Arts & Letters",0,0,NA
1669,4,3,"F",0,0,3.7,1340,"Math & Science",0,0,NA
1670,6,6,"F",1,0,3.9,1110,"Arts & Letters",0,0,NA
1671,3,3,"M",0,0,4.23,1280,"Arts & Letters",1,0,NA
1672,6,7,"F",0,0,4.36,1400,"Math & Science",1,0,NA
1673,4,6,"F",1,0,3.54,1270,"Business & Economics",0,0,NA
1674,4,7,"F",1,0,4.22,1400,"Arts & Letters",1,0,NA
1675,6,7,"F",0,0,3.68,1370,"Arts & Letters",1,0,NA
1676,6,7,"F",1,0,3.77,1140,"Arts & Letters",1,1,3.517
1677,7,6,"F",1,0,4.18,1540,"Math & Science",1,0,NA
1678,7,7,"F",0,0,3.67,1170,"Arts & Letters",0,0,NA
1679,7,6,"M",1,0,4.4,1450,"Math & Science",1,0,NA
1680,3,6,"M",1,0,3.48,1070,"Business & Economics",0,0,NA
1681,3,3,"F",0,1,3.66,1230,"Business & Economics",1,1,3.21
1682,5,4,"F",1,0,3.71,1360,"Arts & Letters",0,0,NA
1683,7,7,"F",1,0,4.04,1280,"Math & Science",0,0,NA
1684,7,6,"M",0,0,4.22,1430,"Math & Science",1,0,NA
1685,6,5,"F",1,0,3.52,1130,"Arts & Letters",0,0,NA
1686,6,6,"M",1,0,3.95,1350,"Business & Economics",1,0,NA
1687,7,6,"M",0,1,3.73,1440,"Math & Science",1,0,NA
1688,4,5,"F",1,0,4.32,1280,"Arts & Letters",0,1,3.513
1689,6,6,"M",0,0,3.91,1240,"Math & Science",1,0,NA
1690,6,4,"M",0,0,3.54,1320,"Arts & Letters",0,1,2.253
1691,6,6,"M",0,0,2.2,1550,"Arts & Letters",0,0,NA
1692,3,3,"M",1,0,3.95,1450,"Math & Science",1,0,NA
1693,6,7,"M",1,0,3.82,1540,"Math & Science",1,0,NA
1694,7,7,"M",0,0,4.1,1300,"Business & Economics",1,0,NA
1695,6,6,"M",1,0,3.43,1120,"Math & Science",0,0,NA
1696,7,4,"F",1,0,3.35,1000,"Business & Economics",0,0,NA
1697,6,4,"M",0,1,3.1,1100,"Arts & Letters",0,0,NA
1698,2,2,"M",0,1,3.45,1220,"Arts & Letters",1,1,3.021
1699,4,6,"F",1,0,3.65,960,"Math & Science",0,0,NA
1700,7,7,"M",1,0,3.36,1510,"Math & Science",1,1,2.397
1701,6,6,"M",1,0,3.88,1190,"Arts & Letters",0,1,3.188
1702,4,4,"F",1,0,4.14,1180,"Math & Science",1,1,3.088
1703,6,6,"F",1,0,4.14,1280,"Math & Science",1,1,3.761
1704,7,7,"M",1,0,3.43,950,"Arts & Letters",0,0,NA
1705,4,4,"M",0,1,2.8,1030,"Business & Economics",0,0,NA
1706,4,4,"M",0,0,3.71,1160,"Math & Science",0,0,NA
1707,6,6,"M",1,0,3.73,1230,"Business & Economics",0,1,3.199
1708,6,4,"F",1,0,3.64,1170,"Business & Economics",0,0,NA
1709,3,6,"M",1,0,3.11,1040,"Math & Science",0,0,NA
1710,4,6,"F",1,0,4,1360,"Arts & Letters",1,0,NA
1711,3,2,"F",1,0,3.85,1120,"Arts & Letters",0,1,3.571
1712,4,7,"M",0,0,3.55,1210,"Arts & Letters",0,0,NA
1713,6,5,"M",1,0,3.25,1070,"Business & Economics",0,0,NA
1714,4,4,"F",1,0,3.29,1290,"Math & Science",1,1,2.773
1715,4,4,"M",1,0,3.42,1210,"Business & Economics",0,0,NA
1716,6,6,"F",1,0,3.86,970,"Business & Economics",1,1,2.953
1717,7,6,"M",1,0,3.81,1270,"Math & Science",0,0,NA
1718,6,6,"F",1,0,3.52,940,"Math & Science",0,0,NA
1719,7,6,"M",0,1,3.89,1340,"Math & Science",0,0,NA
1720,5,5,"M",1,0,4,1270,"Business & Economics",1,1,3.263
1721,7,7,"F",0,0,4.2,1380,"Arts & Letters",1,1,3.265
1722,2,3,"F",0,0,3.45,960,"Math & Science",0,0,NA
1723,5,6,"F",0,0,3.33,1000,"Arts & Letters",0,0,NA
1724,7,7,"F",1,0,3.44,1150,"Arts & Letters",0,0,NA
1725,4,4,"F",1,0,4,1250,"Arts & Letters",1,1,3.725
1726,6,4,"M",1,0,3.7,1310,"Business & Economics",1,1,2.674
1727,5,6,"M",1,0,3.58,1240,"Business & Economics",0,0,NA
1728,3,7,"M",1,0,4.11,1210,"Math & Science",1,0,NA
1729,1,1,"M",0,0,3.56,870,"Business & Economics",0,0,NA
1730,4,5,"F",0,0,3.52,1410,"Arts & Letters",1,1,3.465
1731,6,4,"F",1,0,4.04,1210,"Arts & Letters",1,0,NA
1732,7,6,"F",1,0,3.91,1280,"Arts & Letters",0,0,NA
1733,6,5,"M",1,0,3.7,1190,"Arts & Letters",0,0,NA
1734,7,6,"M",1,0,3.62,1160,"Math & Science",0,0,NA
1735,7,6,"M",1,0,3.55,1450,"Business & Economics",1,0,NA
1736,4,7,"M",1,0,3.09,850,"Math & Science",0,0,NA
1737,6,6,"F",1,0,3.96,1300,"Business & Economics",1,1,3.16
1738,6,4,"F",0,0,4.1,1170,"Math & Science",1,1,2.559
1739,7,6,"M",0,1,3.5,1340,"Business & Economics",0,0,NA
1740,5,7,"F",1,0,4.27,1210,"Math & Science",0,0,NA
1741,4,4,"M",0,0,3.77,1130,"Arts & Letters",0,0,NA
1742,6,7,"M",1,0,2.95,1140,"Math & Science",0,0,NA
1743,7,7,"F",1,0,4.14,1170,"Math & Science",1,1,3.541
1744,6,7,"F",1,0,4.36,1310,"Business & Economics",0,0,NA
1745,7,6,"F",1,0,3.58,1260,"Arts & Letters",0,0,NA
1746,1,1,"F",0,0,2.9,910,"Arts & Letters",0,0,NA
1747,6,4,"F",1,0,4.25,1430,"Math & Science",1,1,3.386
1748,5,4,"F",1,0,4.2,1260,"Arts & Letters",0,1,3.711
1749,7,3,"M",0,0,3.23,1120,"Business & Economics",1,0,NA
1750,4,4,"M",1,0,3.65,1070,"Math & Science",0,0,NA
1751,6,6,"F",1,0,4.27,1340,"Arts & Letters",1,0,NA
1752,7,5,"F",0,0,3.35,1120,"Arts & Letters",0,0,NA
1753,7,5,"M",1,0,4.1,1200,"Math & Science",0,0,NA
1754,3,2,"F",0,0,3.55,1210,"Math & Science",1,1,3.001
1755,5,3,"F",1,0,3.95,1080,"Arts & Letters",0,0,NA
1756,4,4,"F",1,0,3.15,1080,"Math & Science",0,1,2.736
1757,3,3,"F",0,0,2.89,1030,"Arts & Letters",0,0,NA
1758,6,6,"M",1,0,2.55,1100,"Math & Science",0,0,NA
1759,1,1,"F",0,0,4.06,750,"Math & Science",1,0,NA
1760,6,7,"M",0,0,3.3,1290,"Math & Science",0,0,NA
1761,7,3,"F",1,0,3.96,1200,"Math & Science",1,0,NA
1762,4,4,"F",1,0,3.53,1080,"Math & Science",0,0,NA
1763,4,5,"F",1,0,4.32,1320,"Arts & Letters",1,0,NA
1764,6,6,"M",1,0,3.88,1330,"Math & Science",1,0,NA
1765,6,5,"M",0,1,3.07,1330,"Business & Economics",0,0,NA
1766,4,7,"F",1,0,4.09,1280,"Arts & Letters",1,0,NA
1767,7,6,"M",1,0,4.27,1480,"Business & Economics",1,0,NA
1768,7,6,"M",1,0,4.2,1410,"Business & Economics",1,0,NA
1769,7,7,"M",1,0,3.95,1390,"Arts & Letters",0,0,NA
1770,3,6,"M",1,0,3.83,1190,"Math & Science",0,0,NA
1771,7,6,"F",1,0,4.25,1230,"Arts & Letters",0,1,3.578
1772,4,5,"F",0,0,3.71,870,"Business & Economics",0,0,NA
1773,3,6,"F",1,0,3.54,990,"Math & Science",0,0,NA
1774,6,6,"F",1,0,3.68,1330,"Arts & Letters",1,1,3.468
1775,6,6,"M",0,0,3.77,1100,"Math & Science",0,0,NA
1776,6,6,"M",0,0,3.05,1100,"Math & Science",0,0,NA
1777,7,5,"M",0,0,4,1130,"Math & Science",0,0,NA
1778,4,4,"F",1,0,4,1030,"Math & Science",0,0,NA
1779,6,7,"M",1,0,3.78,1230,"Business & Economics",0,0,NA
1780,6,6,"F",1,0,4.11,1090,"Arts & Letters",0,0,NA
1781,3,5,"F",1,0,4.09,890,"Math & Science",0,0,NA
1782,4,4,"M",1,0,3.5,1060,"Business & Economics",0,0,NA
1783,4,5,"M",1,0,3.75,1270,"Math & Science",1,1,3.295
1784,1,1,"M",0,0,4,870,"Arts & Letters",1,0,NA
1785,4,3,"F",0,1,2.95,1110,"Arts & Letters",0,0,NA
1786,6,3,"F",0,0,3.96,1100,"Math & Science",0,0,NA
1787,6,6,"F",1,0,2.9,1350,"Business & Economics",0,0,NA
1788,7,7,"F",1,0,4.08,1450,"Arts & Letters",1,0,NA
1789,6,4,"F",1,0,3.14,1080,"Arts & Letters",0,0,NA
1790,3,3,"F",1,0,3.64,1530,"Math & Science",1,1,2.578
1791,7,7,"F",1,0,3.93,1170,"Math & Science",1,0,NA
1792,7,7,"F",1,0,3.7,940,"Arts & Letters",0,0,NA
1793,6,5,"F",1,0,4,1340,"Arts & Letters",0,1,3.795
1794,3,5,"F",1,0,3,1170,"Arts & Letters",0,0,NA
1795,5,5,"F",1,0,4,1210,"Business & Economics",1,0,NA
1796,6,6,"F",1,0,4,1210,"Math & Science",0,0,NA
1797,7,6,"M",0,0,3.65,1310,"Arts & Letters",1,1,2.984
1798,6,7,"M",1,0,4.33,1420,"Arts & Letters",1,0,NA
1799,6,6,"M",1,0,3.6,1130,"Math & Science",0,0,NA
1800,4,4,"F",0,0,3.75,1190,"Math & Science",1,1,3.035
1801,5,6,"F",1,0,3.5,890,"Arts & Letters",0,0,NA
1802,5,4,"F",0,0,3.7,1150,"Arts & Letters",0,1,2.755
1803,6,6,"M",1,0,3.12,950,"Business & Economics",0,0,NA
1804,6,6,"M",1,0,3.32,1040,"Arts & Letters",0,0,NA
1805,1,1,"F",0,0,3.75,990,"Arts & Letters",0,0,NA
1806,7,7,"F",1,0,3.71,1290,"Math & Science",1,1,3.429
1807,6,6,"M",1,0,3.64,1340,"Math & Science",0,0,NA
1808,6,6,"F",0,0,4.35,1460,"Arts & Letters",1,0,NA
1809,4,6,"F",1,0,4.25,1250,"Math & Science",0,0,NA
1810,6,4,"F",1,0,4,1280,"Math & Science",0,1,3.173
1811,3,6,"F",0,0,3.41,1260,"Math & Science",0,0,NA
1812,6,6,"F",1,0,3.27,1370,"Business & Economics",1,1,3.187
1813,7,7,"F",1,0,4.08,1240,"Math & Science",1,1,3.658
1814,6,6,"M",1,0,3.9,1360,"Business & Economics",0,0,NA
1815,7,4,"F",1,0,4.3,1550,"Business & Economics",1,1,3.224
1816,6,7,"F",1,0,3.36,1080,"Math & Science",0,0,NA
1817,3,3,"M",0,0,3.62,1030,"Math & Science",0,0,NA
1818,7,3,"F",1,0,3.75,1140,"Math & Science",0,1,3.508
1819,4,6,"F",0,0,3.63,1290,"Arts & Letters",1,0,NA
1820,6,6,"F",1,0,3.2,1300,"Business & Economics",0,0,NA
1821,6,7,"M",0,1,4.09,1340,"Math & Science",1,0,NA
1822,6,6,"F",1,0,3.86,1250,"Math & Science",0,0,NA
1823,3,6,"F",1,0,4,1240,"Math & Science",0,0,NA
1824,7,7,"F",0,0,3.05,1030,"Math & Science",0,0,NA
1825,6,7,"F",1,0,3.62,1170,"Arts & Letters",0,0,NA
1826,6,6,"F",1,0,4.1,1300,"Arts & Letters",1,1,3.817
1827,7,5,"M",0,0,3.4,1060,"Business & Economics",0,0,NA
1828,1,1,"F",0,1,3.74,1080,"Business & Economics",1,0,NA
1829,7,6,"M",1,0,3.05,1210,"Math & Science",0,0,NA
1830,6,6,"F",1,0,3.35,1050,"Business & Economics",0,0,NA
1831,3,3,"F",0,1,3.35,980,"Math & Science",0,0,NA
1832,3,3,"F",0,1,3.5,1030,"Math & Science",0,0,NA
1833,4,4,"M",1,0,2.87,1300,"Math & Science",0,0,NA
1834,4,6,"F",1,0,2.75,1400,"Math & Science",0,0,NA
1835,1,1,"F",0,1,3.43,1030,"Math & Science",1,0,NA
1836,4,7,"F",0,0,3.22,1140,"Arts & Letters",0,0,NA
1837,4,2,"F",0,1,3.25,990,"Math & Science",0,0,NA
1838,2,4,"F",1,0,2.82,900,"Arts & Letters",0,0,NA
1839,3,3,"M",0,0,2.72,1160,"Math & Science",0,0,NA
1840,6,7,"M",0,0,3.91,1330,"Math & Science",1,0,NA
1841,6,7,"F",1,0,3.9,1200,"Business & Economics",1,1,3.456
1842,6,5,"M",0,1,3.56,1210,"Business & Economics",0,0,NA
1843,6,3,"F",0,1,3.81,1010,"Math & Science",0,0,NA
1844,3,3,"M",0,1,3.26,1140,"Arts & Letters",0,0,NA
1845,3,3,"M",0,0,2.62,650,"Arts & Letters",0,0,NA
1846,4,4,"M",0,0,3.28,700,"Arts & Letters",0,0,NA
1847,5,6,"M",0,0,3.35,1170,"Math & Science",0,0,NA
1848,4,6,"F",1,0,3.21,1030,"Math & Science",0,0,NA
1849,7,4,"M",0,0,4.3,1160,"Math & Science",0,0,NA
1850,6,6,"M",0,0,2.75,1270,"Arts & Letters",0,0,NA
1851,3,2,"M",0,1,3.33,1040,"Math & Science",0,0,NA
1852,4,4,"F",0,1,4.05,1180,"Math & Science",0,0,NA
1853,1,3,"F",0,0,4,970,"Math & Science",1,0,NA
1854,2,1,"M",0,0,3.95,1110,"Math & Science",0,0,NA
1855,3,3,"F",0,0,2.83,920,"Arts & Letters",0,0,NA
1856,1,2,"M",0,0,3.38,1140,"Business & Economics",1,1,2.883
1857,1,3,"F",0,0,3.9,810,"Math & Science",1,0,NA
1858,4,4,"M",0,0,2.95,1200,"Math & Science",1,0,NA
1859,3,3,"M",0,0,2.53,710,"Business & Economics",0,0,NA
1860,7,5,"F",0,0,3.91,950,"Arts & Letters",0,0,NA
1861,7,7,"M",1,0,3.33,1400,"Arts & Letters",0,0,NA
1862,7,7,"M",1,0,3.95,1530,"Arts & Letters",1,0,NA
1863,6,6,"F",1,0,3.35,1150,"Math & Science",0,0,NA
1864,4,5,"F",1,0,3,1150,"Business & Economics",0,0,NA
1865,5,5,"F",1,0,3.5,1300,"Business & Economics",0,0,NA
1866,7,6,"F",1,0,3.27,1190,"Arts & Letters",0,0,NA
1867,6,7,"M",1,0,3.45,1160,"Business & Economics",0,0,NA
1868,6,6,"M",1,0,3.41,1070,"Business & Economics",0,1,2.965
1869,7,6,"M",1,0,3.33,1430,"Arts & Letters",0,0,NA
1870,7,7,"M",1,0,3.09,1090,"Arts & Letters",0,0,NA
1871,2,1,"F",0,0,3.09,930,"Arts & Letters",0,0,NA
1872,3,6,"F",1,0,3.41,1110,"Arts & Letters",0,0,NA
1873,4,4,"F",1,0,3.77,1220,"Business & Economics",0,0,NA
1874,3,4,"F",1,0,3.55,1020,"Math & Science",0,0,NA
1875,7,7,"M",1,0,2.75,1100,"Math & Science",0,0,NA
1876,6,7,"F",0,0,3.32,1170,"Arts & Letters",0,0,NA
1877,7,5,"F",1,0,3.45,1290,"Arts & Letters",0,0,NA
1878,6,6,"F",1,0,3.77,1460,"Math & Science",1,0,NA
1879,5,6,"M",1,0,3.5,1380,"Arts & Letters",0,0,NA
1880,6,7,"F",1,0,4.21,1420,"Math & Science",1,0,NA
1881,6,6,"F",1,0,3.91,1360,"Math & Science",0,1,2.845
1882,4,6,"F",0,0,3.45,1130,"Math & Science",0,0,NA
1883,6,6,"F",1,0,3.67,1040,"Arts & Letters",0,0,NA
1884,4,6,"F",1,0,3.46,1060,"Math & Science",0,0,NA
1885,6,5,"F",1,0,3.14,1080,"Arts & Letters",0,0,NA
1886,7,7,"M",0,0,3.89,1160,"Arts & Letters",0,0,NA
1887,3,7,"M",0,0,3.26,950,"Arts & Letters",0,0,NA
1888,5,6,"F",1,0,3.25,980,"Math & Science",0,0,NA
1889,3,3,"M",1,0,3.11,1150,"Math & Science",0,0,NA
1890,4,6,"M",1,0,3.71,1140,"Business & Economics",0,0,NA
1891,6,7,"M",1,0,3.55,1230,"Math & Science",0,1,2.655
1892,7,5,"M",1,0,4.1,1400,"Business & Economics",1,0,NA
1893,7,6,"F",0,0,4.12,1240,"Math & Science",1,0,NA
1894,7,6,"F",1,0,3.59,1070,"Arts & Letters",0,0,NA
1895,7,7,"M",1,0,4.36,1380,"Arts & Letters",1,0,NA
1896,7,7,"F",1,0,4.08,1360,"Arts & Letters",1,0,NA
1897,6,6,"M",1,0,2.94,1100,"Arts & Letters",0,1,2.786
1898,7,7,"F",0,1,4.32,1240,"Math & Science",1,0,NA
1899,6,6,"M",1,0,3.08,1100,"Business & Economics",1,1,2.524
1900,7,6,"F",1,0,3.62,1270,"Arts & Letters",0,0,NA
1901,6,6,"M",1,0,3.38,1190,"Business & Economics",0,0,NA
1902,6,7,"M",1,0,2.9,1320,"Business & Economics",0,0,NA
1903,7,6,"M",1,0,3.18,1270,"Arts & Letters",0,0,NA
1904,7,6,"F",1,0,2.92,1150,"Arts & Letters",0,0,NA
1905,1,3,"M",0,0,3.87,1100,"Business & Economics",1,0,NA
1906,5,5,"F",0,0,3.82,1040,"Business & Economics",0,0,NA
1907,7,7,"F",1,0,4.19,1290,"Math & Science",1,0,NA
1908,7,6,"F",1,0,4.18,1420,"Business & Economics",1,0,NA
1909,6,3,"F",0,0,4,1470,"Arts & Letters",1,0,NA
1910,3,2,"M",0,0,3,860,"Math & Science",0,0,NA
1911,6,6,"M",0,1,4.14,1230,"Math & Science",0,0,NA
1912,6,6,"F",0,0,3.29,1030,"Arts & Letters",0,0,NA
1913,6,6,"M",1,0,2.95,990,"Business & Economics",0,0,NA
1914,4,3,"F",1,0,2.64,990,"Arts & Letters",0,1,2.749
1915,4,6,"M",0,0,4,1180,"Business & Economics",1,0,NA
1916,6,6,"F",1,0,3,1240,"Arts & Letters",0,0,NA
1917,6,6,"F",0,0,3.35,1270,"Business & Economics",0,0,NA
1918,6,6,"M",1,0,4,1190,"Math & Science",0,0,NA
1919,4,4,"M",0,0,2.96,1080,"Business & Economics",0,0,NA
1920,1,1,"M",0,0,4,1310,"Math & Science",1,0,NA
1921,2,3,"F",0,0,3.62,1180,"Math & Science",1,0,NA
1922,2,3,"F",0,0,3.5,1110,"Math & Science",0,0,NA
1923,4,4,"M",0,1,3.36,1100,"Math & Science",0,0,NA
1924,1,1,"F",0,0,4.16,1070,"Arts & Letters",0,0,NA
1925,4,7,"M",1,0,3.29,1150,"Arts & Letters",0,0,NA
1926,4,5,"M",0,0,4.14,1310,"Arts & Letters",1,1,3.799
1927,7,7,"F",1,0,3,880,"Math & Science",0,0,NA
1928,7,7,"F",1,0,3.73,1320,"Arts & Letters",0,0,NA
1929,3,3,"F",0,0,3.85,1230,"Math & Science",0,0,NA
1930,6,7,"F",1,0,4.27,1250,"Math & Science",1,0,NA
1931,7,7,"M",1,0,3.92,1440,"Math & Science",1,1,3.895
1932,7,5,"M",0,0,3.95,1490,"Business & Economics",1,0,NA
1933,4,6,"F",1,0,3.77,1060,"Arts & Letters",0,0,NA
1934,5,6,"F",0,1,2.25,890,"Math & Science",0,0,NA
1935,1,1,"F",0,0,4.12,1110,"Math & Science",1,0,NA
1936,5,5,"F",0,1,4,1260,"Math & Science",1,0,NA
1937,7,7,"M",1,0,4.04,1060,"Math & Science",0,0,NA
1938,3,3,"F",1,0,4,1000,"Math & Science",0,0,NA
1939,2,2,"F",0,0,3.32,830,"Arts & Letters",0,0,NA
1940,1,1,"M",0,1,3.33,1030,"Math & Science",0,0,NA
1941,6,6,"M",0,0,4.22,1330,"Business & Economics",1,1,3.94
1942,6,7,"M",1,0,2.75,940,"Arts & Letters",0,0,NA
1943,6,6,"M",1,0,3.83,1400,"Math & Science",1,0,NA
1944,6,6,"M",1,0,3.67,1560,"Math & Science",1,0,NA
1945,7,6,"M",1,0,4.15,1310,"Arts & Letters",1,0,NA
1946,4,5,"F",1,0,3.56,1360,"Business & Economics",1,1,3.344
1947,6,6,"F",1,0,3.36,1300,"Arts & Letters",1,0,NA
1948,4,4,"F",0,0,3.75,1310,"Arts & Letters",0,0,NA
1949,4,4,"F",1,0,3.55,1130,"Math & Science",0,0,NA
1950,3,3,"F",1,0,4.09,1270,"Math & Science",0,1,3.483
1951,6,6,"M",0,1,4.16,1230,"Math & Science",0,0,NA
1952,6,6,"F",1,0,3.42,990,"Arts & Letters",0,0,NA
1953,4,6,"F",1,0,3.72,1070,"Business & Economics",0,0,NA
1954,6,6,"M",1,0,3.83,1300,"Business & Economics",0,0,NA
1955,7,6,"F",1,0,3.38,970,"Arts & Letters",0,0,NA
1956,4,4,"F",1,0,3.9,1100,"Arts & Letters",1,1,2.857
1957,7,4,"F",1,0,3.61,1050,"Arts & Letters",0,0,NA
1958,6,7,"M",0,0,3.19,1100,"Business & Economics",0,0,NA
1959,7,6,"M",1,0,3.86,1370,"Math & Science",1,1,3.434
1960,6,6,"F",1,0,4.29,1340,"Math & Science",1,1,3.936
1961,7,6,"F",0,0,4.19,1390,"Arts & Letters",0,0,NA
1962,6,6,"F",1,0,3.28,1250,"Math & Science",0,0,NA
1963,7,6,"F",1,0,4.08,1290,"Math & Science",1,0,NA
1964,6,6,"M",1,0,3,1100,"Math & Science",0,0,NA
1965,4,4,"F",0,1,3.17,980,"Business & Economics",0,0,NA
1966,7,6,"M",1,0,3.55,1280,"Math & Science",0,0,NA
1967,7,6,"F",1,0,2.8,1380,"Math & Science",0,0,NA
1968,7,6,"M",1,0,2.87,1290,"Arts & Letters",0,0,NA
1969,3,5,"F",0,0,2.88,970,"Math & Science",0,1,2.946
1970,6,6,"F",1,0,4.09,1170,"Math & Science",0,0,NA
1971,3,6,"F",1,0,3.36,1350,"Math & Science",0,0,NA
1972,1,1,"M",0,0,3.54,1040,"Math & Science",1,1,2.336
1973,3,6,"F",1,0,3.85,1140,"Math & Science",0,0,NA
1974,6,6,"F",0,0,4.17,1260,"Arts & Letters",0,0,NA
1975,3,3,"F",0,1,3.64,1190,"Arts & Letters",0,0,NA
1976,7,7,"F",1,0,3.73,1110,"Arts & Letters",0,0,NA
1977,6,6,"M",1,0,3.5,1110,"Math & Science",0,0,NA
1978,6,6,"M",1,0,3.55,1430,"Math & Science",1,1,1.94
1979,3,3,"M",0,1,4.27,1420,"Math & Science",1,0,NA
1980,5,7,"F",1,0,4.33,1160,"Arts & Letters",0,0,NA
1981,7,6,"F",1,0,3.82,1290,"Arts & Letters",0,0,NA
1982,4,4,"M",0,1,2.63,1060,"Arts & Letters",0,0,NA
1983,2,1,"M",0,0,4.12,1170,"Arts & Letters",1,0,NA
1984,7,7,"F",1,0,3.73,1050,"Math & Science",0,0,NA
1985,4,4,"F",0,1,3.96,1230,"Arts & Letters",0,0,NA
1986,6,6,"F",1,0,3.67,1050,"Arts & Letters",0,0,NA
1987,5,7,"M",1,0,4.22,1310,"Arts & Letters",1,0,NA
1988,7,7,"F",1,0,4.35,1360,"Math & Science",1,0,NA
1989,7,7,"F",1,0,4.18,1160,"Arts & Letters",0,1,3.433
1990,7,7,"F",1,0,3.4,1210,"Business & Economics",1,0,NA
1991,6,7,"M",0,0,2.62,1080,"Arts & Letters",0,0,NA
1992,4,6,"F",1,0,4,1210,"Math & Science",1,1,3.375
1993,6,7,"F",0,0,3.73,1230,"Arts & Letters",0,1,3.005
1994,6,6,"M",1,0,3.82,1340,"Math & Science",0,0,NA
1995,7,6,"M",0,0,4.17,1340,"Arts & Letters",1,0,NA
1996,4,7,"M",0,0,3.44,1340,"Math & Science",0,0,NA
1997,6,6,"M",1,0,3.86,1100,"Math & Science",0,0,NA
1998,6,6,"M",1,0,4.4,1470,"Arts & Letters",1,0,NA
1999,6,6,"F",1,0,4.26,1440,"Math & Science",1,0,NA
2000,4,6,"F",1,0,3.81,1220,"Math & Science",1,0,NA
2001,7,3,"F",0,0,3.39,1100,"Math & Science",0,0,NA
2002,6,6,"M",0,0,3.45,1250,"Math & Science",0,0,NA
2003,6,6,"F",1,0,3.58,1140,"Arts & Letters",0,0,NA
2004,3,3,"F",0,0,3.89,1310,"Math & Science",0,0,NA
2005,5,6,"F",1,0,4.3,1470,"Arts & Letters",1,0,NA
2006,3,3,"F",1,0,3.5,1080,"Arts & Letters",0,0,NA
2007,3,6,"M",0,0,3.35,920,"Math & Science",0,0,NA
2008,2,2,"F",0,0,3.5,1180,"Arts & Letters",1,0,NA
2009,1,1,"F",0,0,4.05,1180,"Arts & Letters",1,0,NA
2010,6,6,"F",1,0,3.62,1420,"Arts & Letters",0,0,NA
2011,7,6,"F",1,0,4.25,1440,"Math & Science",1,0,NA
2012,6,7,"M",0,0,3.43,1450,"Math & Science",0,0,NA
2013,6,7,"F",1,0,4.19,1470,"Arts & Letters",1,0,NA
2014,6,6,"F",1,0,3.42,1130,"Arts & Letters",0,0,NA
2015,4,6,"F",0,0,4.1,1290,"Math & Science",1,0,NA
2016,6,6,"F",1,0,3.77,1130,"Arts & Letters",1,1,3.29
2017,7,6,"F",1,0,3.95,1270,"Arts & Letters",1,0,NA
2018,6,6,"M",1,0,4.4,1550,"Math & Science",1,0,NA
2019,4,6,"F",1,0,4.19,1440,"Math & Science",1,0,NA
2020,1,1,"M",0,0,3.17,1220,"Math & Science",0,0,NA
2021,6,6,"F",1,0,3.5,1260,"Arts & Letters",1,1,3.106
2022,6,6,"M",1,0,3.18,1190,"Business & Economics",0,0,NA
2023,6,4,"M",1,0,4.31,1430,"Math & Science",1,0,NA
2024,7,7,"M",1,0,4.2,1500,"Business & Economics",1,1,3.636
2025,7,7,"F",1,0,3.7,1120,"Arts & Letters",0,0,NA
2026,3,3,"F",0,0,3.12,1090,"Math & Science",0,0,NA
2027,6,5,"M",0,1,2.91,1170,"Math & Science",0,0,NA
2028,2,3,"M",0,0,3.13,1440,"Math & Science",1,0,NA
2029,6,6,"F",0,0,2.62,1050,"Business & Economics",0,0,NA
2030,4,4,"M",1,0,3.32,1480,"Business & Economics",1,1,3.072
2031,1,1,"F",0,0,3.32,840,"Math & Science",0,0,NA
2032,5,6,"M",0,0,3.55,1510,"Arts & Letters",0,0,NA
2033,4,6,"F",1,0,3.53,1310,"Arts & Letters",1,0,NA
2034,4,3,"F",1,0,4.05,1120,"Math & Science",0,0,NA
2035,7,6,"F",1,0,3.3,1250,"Arts & Letters",0,0,NA
2036,6,7,"F",1,0,4.4,1360,"Math & Science",1,0,NA
2037,7,6,"F",1,0,3.65,1250,"Arts & Letters",0,0,NA
2038,7,7,"F",1,0,4,1530,"Business & Economics",1,0,NA
2039,6,6,"F",1,0,4.27,1420,"Math & Science",1,0,NA
2040,7,6,"F",1,0,3.39,1250,"Arts & Letters",0,0,NA
2041,4,6,"F",1,0,3.64,1050,"Arts & Letters",0,0,NA
2042,7,7,"F",0,0,3.94,1340,"Arts & Letters",0,0,NA
2043,6,6,"F",1,0,3.38,1110,"Arts & Letters",0,0,NA
2044,7,7,"F",1,0,3.96,1190,"Math & Science",1,1,3.629
2045,7,7,"M",1,0,3.35,1310,"Business & Economics",1,0,NA
2046,5,2,"F",0,0,3.29,1040,"Arts & Letters",0,0,NA
2047,4,4,"M",1,0,2.67,930,"Math & Science",0,0,NA
2048,3,7,"F",1,0,4,1070,"Math & Science",0,0,NA
2049,3,2,"F",0,0,3.08,1080,"Math & Science",0,0,NA
2050,7,7,"M",0,0,3.1,1040,"Math & Science",0,0,NA
2051,5,3,"F",0,0,2.81,1050,"Math & Science",0,0,NA
2052,7,6,"F",1,0,4.12,1110,"Arts & Letters",0,0,NA
2053,5,6,"F",1,0,2.67,1230,"Arts & Letters",0,0,NA
2054,6,6,"F",1,0,3.48,1120,"Arts & Letters",0,0,NA
2055,7,7,"F",0,0,3.83,1410,"Math & Science",1,0,NA
2056,6,7,"F",1,0,3.71,1320,"Math & Science",0,0,NA
2057,6,6,"F",0,0,3.69,1250,"Arts & Letters",1,0,NA
2058,6,7,"F",1,0,3.9,1120,"Math & Science",0,0,NA
2059,3,3,"F",1,0,3.4,1280,"Arts & Letters",0,0,NA
2060,3,5,"M",1,0,3.21,1170,"Arts & Letters",0,0,NA
2061,6,5,"F",1,0,3.82,1320,"Math & Science",1,1,3.832
2062,6,6,"F",1,0,3.55,990,"Math & Science",0,0,NA
2063,5,4,"F",0,0,3.3,1100,"Arts & Letters",1,1,2.462
2064,3,2,"F",0,0,3.47,830,"Arts & Letters",0,0,NA
2065,6,7,"M",1,0,3.5,1310,"Math & Science",0,0,NA
2066,7,6,"F",1,0,3.08,1030,"Arts & Letters",0,0,NA
2067,6,4,"F",1,0,3.6,1190,"Arts & Letters",1,1,2.013
2068,6,7,"F",1,0,3.11,1060,"Math & Science",0,0,NA
2069,5,3,"M",0,0,3.07,670,"Math & Science",0,0,NA
2070,7,6,"M",1,0,4.09,1330,"Math & Science",0,0,NA
2071,6,6,"M",0,0,4.16,1070,"Arts & Letters",0,0,NA
2072,4,7,"F",1,0,4.27,1130,"Arts & Letters",1,0,NA
2073,6,3,"F",0,0,4.06,1100,"Math & Science",1,0,NA
2074,1,1,"F",0,0,3.85,1110,"Arts & Letters",0,0,NA
2075,5,5,"F",1,0,3.68,1140,"Business & Economics",0,0,NA
2076,3,2,"F",0,0,4.09,1130,"Arts & Letters",0,0,NA
2077,6,7,"M",1,0,3.82,1290,"Business & Economics",1,0,NA
2078,6,7,"M",1,0,2.73,980,"Arts & Letters",0,0,NA
2079,6,6,"F",1,0,4.25,1350,"Arts & Letters",1,0,NA
2080,3,6,"F",1,0,3.71,1200,"Arts & Letters",0,0,NA
2081,6,6,"F",1,0,4.4,1520,"Business & Economics",1,0,NA
2082,7,7,"F",1,0,4.25,1350,"Math & Science",1,0,NA
2083,7,7,"F",0,0,3.48,1500,"Math & Science",1,0,NA
2084,6,6,"M",1,0,4.25,1380,"Math & Science",1,1,3.313
2085,7,7,"F",1,0,4.19,1530,"Math & Science",1,0,NA
2086,6,7,"M",1,0,3.64,1050,"Arts & Letters",0,0,NA
2087,6,4,"F",0,0,2.95,1100,"Arts & Letters",0,0,NA
2088,6,7,"M",1,0,3.67,1270,"Business & Economics",1,1,2.079
2089,7,6,"F",1,0,3.93,1170,"Math & Science",1,0,NA
2090,6,6,"F",1,0,3.09,1120,"Arts & Letters",0,0,NA
2091,1,1,"F",0,0,3.35,910,"Arts & Letters",1,0,NA
2092,6,7,"F",1,0,3.23,1240,"Arts & Letters",0,0,NA
2093,6,6,"F",1,0,3.85,1230,"Math & Science",0,0,NA
2094,6,6,"F",1,0,4.31,1460,"Math & Science",1,0,NA
2095,7,7,"F",1,0,3.9,1140,"Math & Science",0,0,NA
2096,6,4,"F",1,0,3.79,1260,"Business & Economics",1,1,3.225
2097,6,6,"F",1,0,4.2,1120,"Math & Science",1,1,3
2098,7,4,"M",1,0,3.77,1160,"Math & Science",0,0,NA
2099,6,5,"F",0,0,2.57,1110,"Business & Economics",0,0,NA
2100,6,6,"M",1,0,3.41,1140,"Business & Economics",0,0,NA
2101,6,6,"M",1,0,3.85,1480,"Math & Science",1,0,NA
2102,2,4,"M",1,0,3.41,1300,"Math & Science",0,0,NA
2103,2,3,"F",0,0,2.67,940,"Math & Science",0,0,NA
2104,7,7,"F",1,0,3.9,1150,"Math & Science",0,0,NA
2105,4,7,"M",0,0,3.05,1330,"Arts & Letters",0,0,NA
2106,7,7,"M",0,1,4.15,1340,"Math & Science",1,1,3.318
2107,4,7,"F",1,0,4.12,1290,"Arts & Letters",1,0,NA
2108,6,6,"M",1,0,3.96,1400,"Arts & Letters",1,0,NA
2109,6,3,"F",1,0,3.9,1180,"Business & Economics",1,0,NA
2110,3,4,"M",0,0,3.73,1320,"Arts & Letters",1,0,NA
2111,3,3,"F",1,0,3.47,1020,"Business & Economics",0,0,NA
2112,3,3,"F",0,1,3.33,1330,"Arts & Letters",0,0,NA
2113,6,6,"M",1,0,4,1320,"Business & Economics",0,1,3.769
2114,7,4,"F",0,0,3.73,1220,"Arts & Letters",0,0,NA
2115,7,6,"F",1,0,3.36,1210,"Arts & Letters",0,0,NA
2116,6,6,"M",1,0,3.85,1360,"Business & Economics",1,1,2.855
2117,7,7,"M",0,0,4.24,1430,"Math & Science",1,0,NA
2118,6,6,"F",1,0,3.82,1060,"Arts & Letters",0,0,NA
2119,6,6,"F",1,0,3.71,1160,"Arts & Letters",0,0,NA
2120,6,4,"F",0,1,3.64,1250,"Math & Science",0,0,NA
2121,7,6,"M",1,0,3.8,1260,"Business & Economics",1,1,3.081
2122,4,3,"M",0,0,2.86,330,"Arts & Letters",0,0,NA
2123,7,7,"F",1,0,4.04,1510,"Business & Economics",1,1,3.772
2124,7,6,"F",1,0,4.15,1360,"Arts & Letters",1,0,NA
2125,7,7,"F",1,0,4.15,1430,"Arts & Letters",1,0,NA
2126,7,4,"F",1,0,3.59,1100,"Business & Economics",0,0,NA
2127,6,7,"F",1,0,4.26,1170,"Business & Economics",1,1,3.535
2128,7,4,"M",0,0,3.39,1200,"Arts & Letters",0,0,NA
2129,3,3,"F",1,0,3.9,1040,"Business & Economics",0,0,NA
2130,6,7,"F",1,0,3.95,1390,"Math & Science",1,0,NA
2131,7,7,"M",0,0,4.04,1430,"Math & Science",1,0,NA
2132,7,7,"M",0,1,3.55,1410,"Business & Economics",0,0,NA
2133,7,7,"M",1,0,3.95,1270,"Business & Economics",0,0,NA
2134,7,5,"F",1,0,3.64,1140,"Arts & Letters",1,0,NA
2135,7,6,"F",0,0,3.78,1290,"Arts & Letters",1,1,3.689
2136,3,6,"M",1,0,3,1180,"Math & Science",0,0,NA
2137,7,6,"F",1,0,4.27,1480,"Arts & Letters",1,0,NA
2138,7,3,"F",0,0,3.53,1180,"Arts & Letters",0,0,NA
2139,3,3,"F",1,0,3.54,970,"Arts & Letters",0,0,NA
2140,6,7,"M",1,0,2.9,970,"Math & Science",0,0,NA
2141,6,6,"M",0,0,3.38,1080,"Arts & Letters",0,0,NA
2142,7,3,"F",1,0,3.73,1140,"Business & Economics",0,0,NA
2143,7,7,"F",1,0,2.86,1030,"Math & Science",0,0,NA
2144,7,7,"M",1,0,3.75,1230,"Arts & Letters",0,0,NA
2145,7,7,"F",1,0,4.14,1250,"Math & Science",1,0,NA
2146,6,7,"M",1,0,4.33,1260,"Arts & Letters",1,0,NA
2147,4,3,"M",1,0,3.14,1370,"Arts & Letters",0,0,NA
2148,5,7,"M",0,0,3.32,1210,"Arts & Letters",1,0,NA
2149,7,6,"F",1,0,3.44,1080,"Business & Economics",0,0,NA
2150,6,7,"F",1,0,3.77,1270,"Math & Science",1,0,NA
2151,6,4,"F",0,0,4.25,1230,"Math & Science",1,1,2.195
2152,6,5,"F",1,0,3.05,1130,"Math & Science",0,0,NA
2153,6,6,"F",1,0,3.77,1170,"Math & Science",0,0,NA
2154,7,6,"F",1,0,4.3,1430,"Math & Science",1,0,NA
2155,7,7,"F",1,0,3.79,1240,"Math & Science",0,0,NA
2156,3,6,"F",1,0,4.12,1100,"Business & Economics",1,1,3.309
2157,6,7,"F",1,0,4.14,1130,"Arts & Letters",1,0,NA
2158,6,6,"F",1,0,3.64,1120,"Arts & Letters",1,0,NA
2159,7,7,"F",1,0,3.73,1230,"Arts & Letters",0,0,NA
2160,1,3,"F",0,0,3.04,1030,"Arts & Letters",0,0,NA
2161,1,1,"M",0,0,2.83,990,"Math & Science",0,0,NA
2162,6,6,"F",0,1,3,1220,"Math & Science",0,0,NA
2163,4,4,"F",1,0,3.68,1250,"Business & Economics",0,0,NA
2164,1,1,"F",0,1,4.32,1320,"Math & Science",1,0,NA
2165,7,6,"M",1,0,3.67,1450,"Math & Science",1,0,NA
2166,7,6,"F",0,1,3.93,1350,"Math & Science",1,0,NA
2167,1,1,"F",0,0,3.55,1060,"Arts & Letters",1,0,NA
2168,7,7,"M",1,0,3.58,1130,"Arts & Letters",0,0,NA
2169,7,7,"F",1,0,3.96,1400,"Math & Science",1,0,NA
2170,7,7,"F",1,0,4.14,1190,"Math & Science",1,1,3.321
2171,7,6,"M",0,0,3.96,1470,"Math & Science",1,0,NA
2172,6,4,"M",1,0,3.65,1120,"Business & Economics",0,0,NA
2173,2,2,"F",0,0,3,840,"Arts & Letters",0,0,NA
2174,4,5,"F",0,1,2.95,1120,"Math & Science",0,0,NA
2175,6,6,"M",1,0,3.58,1110,"Business & Economics",0,0,NA
2176,7,6,"F",1,0,3.68,1250,"Arts & Letters",0,0,NA
2177,6,7,"M",1,0,3.28,1150,"Math & Science",0,0,NA
2178,4,6,"F",1,0,3.55,950,"Business & Economics",0,0,NA
2179,6,7,"F",1,0,3.82,1020,"Arts & Letters",0,0,NA
2180,7,7,"M",1,0,3.29,1100,"Math & Science",0,0,NA
2181,7,3,"F",1,0,3.55,1150,"Arts & Letters",0,0,NA
2182,1,1,"F",0,0,2.94,940,"Arts & Letters",0,0,NA
2183,6,4,"F",1,0,3.4,1060,"Math & Science",0,0,NA
2184,3,4,"F",1,0,3.87,960,"Business & Economics",0,0,NA
2185,5,5,"M",0,0,3.13,960,"Business & Economics",0,0,NA
2186,3,6,"F",0,0,3.41,1130,"Arts & Letters",0,0,NA
2187,7,6,"M",0,0,3.44,1070,"Arts & Letters",0,0,NA
2188,3,4,"F",0,0,3,940,"Math & Science",0,0,NA
2189,7,7,"M",1,0,3.4,1040,"Arts & Letters",0,0,NA
2190,6,6,"M",1,0,2.94,1110,"Business & Economics",0,0,NA
2191,7,7,"M",1,0,2.8,980,"Arts & Letters",0,0,NA
2192,7,4,"F",1,0,3.61,850,"Business & Economics",0,0,NA
2193,6,3,"F",1,0,2.92,1290,"Arts & Letters",0,0,NA
2194,5,5,"F",0,0,3.33,1150,"Math & Science",0,0,NA
2195,3,5,"M",0,0,3.55,1170,"Arts & Letters",1,0,NA
2196,7,7,"F",0,0,3.32,980,"Business & Economics",0,0,NA
2197,2,3,"F",0,0,3.39,1040,"Arts & Letters",0,0,NA
2198,6,4,"M",0,0,3.5,1200,"Arts & Letters",0,0,NA
2199,3,3,"F",0,1,3.88,1060,"Math & Science",1,0,NA
2200,3,4,"F",1,0,3.95,1130,"Arts & Letters",1,0,NA
2201,7,6,"M",1,0,3.38,1150,"Math & Science",0,0,NA
2202,6,2,"M",1,0,3.55,1180,"Math & Science",0,0,NA
2203,3,5,"F",0,0,3.73,1000,"Math & Science",0,0,NA
2204,4,6,"F",0,0,4,1270,"Arts & Letters",0,0,NA
2205,7,7,"M",1,0,2.92,1390,"Business & Economics",0,0,NA
2206,4,6,"M",1,0,2.83,1130,"Business & Economics",0,0,NA
2207,5,7,"M",1,0,3.85,1120,"Math & Science",0,0,NA
2208,7,7,"F",1,0,3.45,1090,"Business & Economics",0,0,NA
2209,6,6,"F",1,0,3.59,1180,"Arts & Letters",1,0,NA
2210,6,6,"M",0,0,3.95,1180,"Business & Economics",0,0,NA
2211,6,6,"M",1,0,3.82,910,"Math & Science",0,0,NA
2212,6,6,"M",0,0,4.15,1270,"Arts & Letters",1,0,NA
2213,4,6,"M",0,0,3.32,1060,"Arts & Letters",0,0,NA
2214,2,1,"M",0,0,3.5,750,"Math & Science",0,0,NA
2215,5,6,"F",1,0,4.21,1400,"Arts & Letters",1,1,3.67
2216,7,7,"M",1,0,3.25,1290,"Math & Science",0,0,NA
2217,7,5,"F",1,0,4.4,1410,"Math & Science",1,0,NA
2218,5,6,"F",1,0,4.32,1280,"Math & Science",1,0,NA
2219,6,6,"F",0,0,2.56,860,"Arts & Letters",0,0,NA
2220,6,7,"F",0,1,3.5,1180,"Business & Economics",0,0,NA
2221,7,6,"F",0,0,3.52,1040,"Arts & Letters",0,0,NA
2222,4,4,"F",0,0,4.15,1080,"Business & Economics",0,0,NA
2223,7,5,"M",1,0,3.44,950,"Math & Science",0,0,NA
2224,4,4,"F",1,0,4.36,1370,"Math & Science",1,0,NA
2225,7,7,"M",0,1,4.1,1110,"Math & Science",0,0,NA
2226,6,6,"M",1,0,3.45,1330,"Business & Economics",0,0,NA
2227,6,4,"F",1,0,4.05,1420,"Arts & Letters",1,0,NA
2228,4,7,"M",1,0,2.21,960,"Arts & Letters",0,0,NA
2229,4,7,"M",1,0,3.55,1210,"Business & Economics",0,0,NA
2230,6,3,"F",1,0,3.95,1250,"Arts & Letters",0,0,NA
2231,6,4,"F",1,0,3.85,1110,"Math & Science",0,0,NA
2232,7,7,"M",1,0,4,1210,"Arts & Letters",0,1,3.436
2233,7,7,"F",0,1,4.17,1480,"Business & Economics",1,0,NA
2234,4,6,"M",1,0,3.68,1160,"Business & Economics",1,0,NA
2235,6,7,"M",1,0,3.32,1250,"Business & Economics",0,0,NA
2236,7,6,"M",1,0,3.18,1150,"Business & Economics",1,1,2.789
2237,6,4,"M",1,0,3.95,1200,"Arts & Letters",1,1,3.32
2238,6,6,"M",1,0,3.05,1370,"Math & Science",0,0,NA
2239,6,6,"F",1,0,3.55,1320,"Arts & Letters",0,0,NA
2240,6,6,"F",1,0,3.79,1300,"Math & Science",1,0,NA
2241,7,6,"M",1,0,3.23,970,"Business & Economics",0,0,NA
2242,6,6,"F",1,0,3.95,1170,"Arts & Letters",0,0,NA
2243,6,6,"F",1,0,3.86,1120,"Math & Science",0,0,NA
2244,6,6,"F",1,0,3.58,1210,"Math & Science",0,0,NA
2245,3,5,"M",0,0,2.74,1140,"Arts & Letters",0,0,NA
2246,6,6,"F",0,0,3.65,1230,"Arts & Letters",0,1,3.452
2247,4,7,"M",0,0,3.45,1100,"Math & Science",0,0,NA
2248,7,6,"F",1,0,3.3,1190,"Business & Economics",0,0,NA
2249,6,7,"F",0,0,3.86,1090,"Math & Science",0,0,NA
2250,7,6,"M",1,0,3.42,1210,"Business & Economics",0,0,NA
2251,7,7,"F",1,0,3.71,1260,"Business & Economics",0,0,NA
2252,7,7,"F",1,0,4.08,1260,"Math & Science",1,1,3.836
2253,7,7,"F",1,0,3.85,1410,"Arts & Letters",1,1,3.204
2254,7,7,"F",1,0,3.09,1120,"Arts & Letters",0,0,NA
2255,5,6,"M",0,1,4.05,1250,"Arts & Letters",1,0,NA
2256,6,4,"M",0,1,3.73,1400,"Math & Science",1,0,NA
2257,6,7,"F",1,0,3.48,1110,"Arts & Letters",0,0,NA
2258,4,7,"M",1,0,4.15,1410,"Business & Economics",1,0,NA
2259,6,5,"F",0,1,3.62,1230,"Arts & Letters",0,0,NA
2260,6,7,"M",1,0,3.8,1500,"Business & Economics",1,1,3.352
2261,6,6,"F",1,0,2.71,1070,"Arts & Letters",0,0,NA
2262,3,3,"F",0,0,3.69,1080,"Math & Science",0,0,NA
2263,7,7,"M",1,0,4.08,1430,"Math & Science",1,0,NA
2264,7,7,"F",0,0,3.6,1310,"Arts & Letters",0,0,NA
2265,4,7,"F",0,1,3.38,1270,"Math & Science",0,0,NA
2266,6,7,"M",0,0,3.08,900,"Business & Economics",0,0,NA
2267,6,6,"F",1,0,4.33,1360,"Math & Science",1,0,NA
2268,2,2,"F",1,0,3.32,880,"Math & Science",0,1,2.983
2269,6,6,"M",1,0,4.14,1490,"Math & Science",1,1,3.683
2270,7,7,"M",1,0,3.75,1260,"Business & Economics",0,1,3.193
2271,4,6,"M",1,0,4,1050,"Arts & Letters",0,0,NA
2272,7,6,"M",1,0,3.85,1430,"Business & Economics",1,0,NA
2273,4,5,"F",0,1,3.36,950,"Arts & Letters",0,0,NA
2274,6,5,"M",1,0,3.43,1230,"Business & Economics",0,0,NA
2275,7,7,"M",0,0,3.87,1330,"Business & Economics",0,0,NA
2276,4,2,"F",1,0,4.04,1170,"Arts & Letters",0,0,NA
2277,3,4,"F",1,0,4.03,1130,"Math & Science",1,1,3.539
2278,7,7,"M",0,0,2.9,1210,"Business & Economics",0,0,NA
2279,4,4,"M",1,0,2.73,1190,"Business & Economics",0,0,NA
2280,6,4,"F",1,0,4,1210,"Business & Economics",1,0,NA
2281,7,6,"F",0,1,4.17,1410,"Math & Science",1,0,NA
2282,4,4,"M",1,0,3.5,1140,"Arts & Letters",0,0,NA
2283,4,6,"F",0,1,3.67,1320,"Arts & Letters",0,0,NA
2284,6,5,"F",1,0,2.95,990,"Arts & Letters",0,0,NA
2285,7,6,"M",1,0,3.75,1330,"Business & Economics",1,0,NA
2286,3,6,"M",1,0,3.22,1160,"Business & Economics",0,0,NA
2287,7,6,"M",0,1,3.67,1460,"Business & Economics",1,0,NA
2288,7,7,"M",1,0,3.57,1230,"Arts & Letters",1,0,NA
2289,7,6,"M",1,0,3.4,1240,"Arts & Letters",0,0,NA
2290,1,1,"F",0,0,4.3,1340,"Business & Economics",1,1,3.283
2291,6,6,"F",1,0,3.77,1320,"Arts & Letters",1,0,NA
2292,6,6,"F",0,0,4,1190,"Math & Science",0,0,NA
2293,1,1,"F",0,0,3.06,710,"Arts & Letters",0,0,NA
2294,6,6,"M",0,0,3.35,1120,"Business & Economics",0,0,NA
2295,7,6,"M",1,0,3.35,1160,"Math & Science",0,0,NA
2296,5,3,"F",1,0,3.43,1050,"Arts & Letters",0,0,NA
2297,7,7,"M",1,0,3.2,1220,"Arts & Letters",0,0,NA
2298,6,6,"F",1,0,3.48,1160,"Arts & Letters",1,1,2.776
2299,6,7,"M",1,0,3.33,1390,"Business & Economics",1,0,NA
2300,7,6,"F",0,0,4.32,1350,"Math & Science",1,0,NA
2301,6,6,"F",1,0,3.96,1420,"Arts & Letters",1,1,3.905
2302,7,6,"F",1,0,4.08,1200,"Arts & Letters",1,0,NA
2303,4,4,"F",1,0,3.54,1200,"Math & Science",1,1,2.624
2304,6,6,"F",1,0,3.4,930,"Arts & Letters",0,0,NA
2305,7,7,"F",1,0,3.55,1140,"Math & Science",0,0,NA
2306,4,4,"F",0,0,3.57,1080,"Arts & Letters",0,0,NA
2307,5,4,"M",0,0,3.46,1170,"Business & Economics",0,0,NA
2308,4,6,"F",1,0,4.25,900,"Business & Economics",1,0,NA
2309,7,7,"M",1,0,4.1,1290,"Business & Economics",1,0,NA
2310,2,4,"F",1,0,3.65,1170,"Arts & Letters",0,0,NA
2311,6,6,"M",1,0,3.55,1280,"Math & Science",0,0,NA
2312,7,7,"F",0,0,4.29,1490,"Math & Science",1,0,NA
2313,5,5,"M",1,0,3.59,1190,"Math & Science",0,0,NA
2314,6,6,"F",0,1,3.73,1420,"Math & Science",0,0,NA
2315,4,4,"F",1,0,4.1,1290,"Arts & Letters",0,0,NA
2316,6,7,"F",1,0,4,1230,"Business & Economics",1,0,NA
2317,7,7,"F",1,0,4.12,1290,"Math & Science",1,0,NA
2318,4,4,"F",1,0,3.61,1050,"Business & Economics",0,0,NA
2319,6,6,"F",1,0,4.1,1240,"Arts & Letters",0,0,NA
2320,6,6,"F",1,0,4,1320,"Arts & Letters",1,0,NA
2321,7,6,"M",1,0,4.1,1300,"Arts & Letters",0,1,3.644
2322,6,6,"F",1,0,3.55,1310,"Math & Science",1,1,3.11
2323,5,3,"M",1,0,3.22,1030,"Business & Economics",0,0,NA
2324,6,6,"F",1,0,4,950,"Arts & Letters",1,0,NA
2325,7,7,"F",1,0,3.88,1240,"Arts & Letters",0,0,NA
2326,7,6,"F",1,0,3.86,1240,"Arts & Letters",0,0,NA
2327,4,4,"F",1,0,3.92,1120,"Business & Economics",0,0,NA
2328,3,3,"F",0,1,2.79,870,"Math & Science",0,0,NA
2329,6,6,"M",1,0,3.1,1210,"Business & Economics",1,1,2.879
2330,7,6,"F",1,0,3.15,910,"Arts & Letters",0,0,NA
2331,4,4,"F",1,0,3.86,1080,"Math & Science",0,0,NA
2332,7,5,"M",1,0,3.09,1210,"Business & Economics",0,0,NA
2333,3,3,"F",0,0,3.65,1260,"Arts & Letters",1,0,NA
2334,3,4,"F",1,0,3.33,1150,"Business & Economics",0,0,NA
2335,4,6,"F",1,0,3.06,1180,"Business & Economics",0,0,NA
2336,4,5,"F",1,0,2.9,780,"Arts & Letters",0,0,NA
2337,7,5,"M",1,0,3.4,1060,"Arts & Letters",0,0,NA
2338,3,4,"M",0,0,4.04,840,"Business & Economics",0,0,NA
2339,4,6,"F",1,0,3.2,1130,"Business & Economics",0,0,NA
2340,7,5,"F",1,0,3.15,800,"Math & Science",0,0,NA
2341,6,6,"F",1,0,3.82,1000,"Business & Economics",0,0,NA
2342,1,1,"F",0,0,3.13,750,"Arts & Letters",0,0,NA
2343,4,6,"F",1,0,4.17,1120,"Math & Science",0,0,NA
2344,1,1,"F",0,0,3.05,1090,"Math & Science",0,0,NA
2345,6,6,"F",1,0,3.77,1350,"Arts & Letters",1,0,NA
2346,3,4,"M",0,0,3.33,860,"Math & Science",0,0,NA
2347,1,1,"F",0,0,3.16,760,"Arts & Letters",0,0,NA
2348,6,4,"F",1,0,3.31,980,"Arts & Letters",0,0,NA
2349,6,6,"F",1,0,4.18,1400,"Math & Science",1,0,NA
2350,5,3,"F",1,0,3.5,1100,"Business & Economics",0,0,NA
2351,7,3,"M",0,1,3.72,1050,"Arts & Letters",0,0,NA
2352,6,4,"F",1,0,4.36,1270,"Math & Science",1,1,3.57
2353,6,6,"F",1,0,3.86,1150,"Math & Science",0,0,NA
2354,6,6,"M",1,0,3.75,1130,"Business & Economics",0,0,NA
2355,6,6,"F",1,0,3.55,1190,"Math & Science",0,0,NA
2356,7,4,"M",1,0,3.95,1240,"Business & Economics",0,0,NA
2357,2,4,"F",1,0,3.33,1000,"Business & Economics",0,0,NA
2358,2,3,"F",0,0,3.46,1170,"Arts & Letters",1,0,NA
2359,4,4,"M",1,0,3.4,1110,"Arts & Letters",0,0,NA
2360,4,3,"F",1,0,3.65,1120,"Arts & Letters",0,0,NA
2361,3,5,"M",0,0,3.95,930,"Math & Science",0,0,NA
2362,6,7,"F",0,0,3.71,1270,"Business & Economics",1,0,NA
2363,7,5,"F",1,0,3.96,1100,"Arts & Letters",1,0,NA
2364,5,5,"F",1,0,2.92,830,"Arts & Letters",0,0,NA
2365,7,7,"F",1,0,3.68,1090,"Math & Science",0,0,NA
2366,3,7,"M",0,0,3,930,"Math & Science",0,0,NA
2367,6,6,"M",1,0,3.81,1330,"Business & Economics",1,1,3.326
2368,4,1,"F",0,0,3.09,780,"Arts & Letters",0,0,NA
2369,7,6,"F",1,0,3.15,1110,"Arts & Letters",0,0,NA
2370,6,6,"M",1,0,4.27,1560,"Math & Science",1,0,NA
2371,6,4,"M",1,0,3.79,1350,"Math & Science",1,1,3.354
2372,6,7,"F",0,0,3,1110,"Arts & Letters",0,0,NA
2373,3,3,"F",1,0,4.33,1330,"Arts & Letters",1,0,NA
2374,6,4,"F",0,1,3.75,1250,"Business & Economics",1,0,NA
2375,3,3,"F",1,0,3.1,960,"Arts & Letters",0,0,NA
2376,6,5,"F",0,1,3.77,1170,"Arts & Letters",0,0,NA
2377,4,5,"F",1,0,3.23,840,"Math & Science",0,0,NA
2378,7,7,"F",1,0,4.08,1400,"Arts & Letters",0,0,NA
2379,7,2,"F",0,1,4.17,1250,"Math & Science",1,0,NA
2380,3,4,"M",0,0,4.1,1260,"Business & Economics",1,0,NA
2381,6,5,"F",1,0,3.33,1230,"Business & Economics",0,0,NA
2382,5,6,"M",1,0,4.18,1180,"Arts & Letters",1,0,NA
2383,3,3,"M",1,0,2.67,810,"Arts & Letters",0,0,NA
2384,6,6,"F",1,0,3.91,1300,"Arts & Letters",1,0,NA
2385,7,6,"F",1,0,3.88,1370,"Math & Science",1,0,NA
2386,6,7,"M",1,0,3.25,1250,"Arts & Letters",0,0,NA
2387,7,6,"F",1,0,3.8,880,"Math & Science",0,0,NA
2388,7,6,"F",1,0,4.15,1120,"Math & Science",0,0,NA
2389,3,2,"M",0,0,3.06,890,"Arts & Letters",0,0,NA
2390,7,6,"M",1,0,2.88,970,"Business & Economics",0,0,NA
2391,7,7,"F",1,0,3.35,980,"Arts & Letters",0,0,NA
2392,5,3,"F",1,0,3.45,1170,"Arts & Letters",0,0,NA
2393,6,4,"M",1,0,3.1,1050,"Math & Science",0,0,NA
2394,6,5,"F",1,0,3.93,1120,"Arts & Letters",0,1,3.327
2395,6,6,"F",1,0,3.2,1040,"Arts & Letters",0,0,NA
2396,6,7,"M",0,1,4.25,1300,"Math & Science",0,0,NA
2397,3,2,"M",0,0,3.91,1080,"Math & Science",1,0,NA
2398,7,4,"M",1,0,3.2,1170,"Math & Science",0,0,NA
2399,6,6,"F",1,0,3.15,1360,"Arts & Letters",1,0,NA
2400,7,4,"M",1,0,3.42,1160,"Math & Science",0,0,NA
2401,6,6,"F",1,0,3.61,890,"Arts & Letters",0,0,NA
2402,4,4,"M",0,0,3.43,1050,"Math & Science",1,0,NA
2403,4,5,"F",1,0,3.78,1070,"Math & Science",0,0,NA
2404,5,5,"F",1,0,3.18,1010,"Arts & Letters",0,0,NA
2405,6,3,"F",0,0,3.5,1220,"Arts & Letters",0,0,NA
2406,6,6,"F",1,0,3.76,1160,"Business & Economics",0,0,NA
2407,7,6,"F",0,0,3.39,1200,"Math & Science",0,0,NA
2408,4,6,"F",1,0,2.32,1010,"Math & Science",0,0,NA
2409,6,5,"F",1,0,4.26,1440,"Math & Science",1,0,NA
2410,3,6,"M",1,0,3.06,990,"Arts & Letters",0,0,NA
2411,4,6,"F",1,0,3.23,1110,"Math & Science",0,0,NA
2412,6,5,"F",1,0,3.24,950,"Math & Science",0,0,NA
2413,4,6,"F",1,0,3.85,1210,"Business & Economics",1,1,3.541
2414,3,7,"F",1,0,3.5,1130,"Business & Economics",0,0,NA
2415,7,5,"F",1,0,3.72,1290,"Arts & Letters",0,0,NA
2416,4,4,"M",0,0,3.25,1050,"Business & Economics",0,0,NA
2417,6,7,"M",1,0,3.25,970,"Business & Economics",0,0,NA
2418,4,7,"F",1,0,4.15,1240,"Math & Science",1,0,NA
2419,6,6,"M",1,0,2.88,1270,"Arts & Letters",0,0,NA
2420,6,6,"F",1,0,3.64,1210,"Math & Science",0,0,NA
2421,7,3,"F",1,0,3.96,1220,"Arts & Letters",0,0,NA
2422,5,7,"F",0,0,3.45,1070,"Business & Economics",0,0,NA
2423,7,7,"M",1,0,3.96,1300,"Business & Economics",1,1,3.167
2424,7,6,"M",1,0,3.05,1070,"Math & Science",0,0,NA
2425,4,5,"F",0,0,3.75,960,"Arts & Letters",0,0,NA
2426,5,6,"F",0,0,3.08,940,"Arts & Letters",0,0,NA
2427,7,4,"F",1,0,4.33,1270,"Arts & Letters",1,0,NA
2428,4,5,"F",1,0,3.55,910,"Business & Economics",0,0,NA
2429,6,6,"F",1,0,3.91,1120,"Math & Science",0,0,NA
2430,3,3,"M",0,0,3.87,1080,"Math & Science",0,0,NA
2431,6,6,"F",1,0,3,1230,"Arts & Letters",0,0,NA
2432,6,5,"M",1,0,3.15,1200,"Math & Science",0,0,NA
2433,6,6,"F",1,0,4.35,1050,"Math & Science",1,0,NA
2434,6,6,"F",0,0,2.75,980,"Arts & Letters",0,0,NA
2435,4,7,"M",1,0,2.89,1120,"Business & Economics",0,0,NA
2436,6,6,"F",1,0,3.5,1060,"Math & Science",0,0,NA
2437,7,6,"F",1,0,3.25,1080,"Business & Economics",0,0,NA
2438,6,3,"F",0,0,3.5,1140,"Math & Science",0,0,NA
2439,3,4,"F",0,1,2.84,870,"Arts & Letters",0,0,NA
2440,4,5,"F",0,1,3.54,1350,"Arts & Letters",0,0,NA
2441,4,3,"F",0,0,3.41,780,"Math & Science",0,0,NA
2442,7,7,"M",1,0,3.55,1240,"Math & Science",0,0,NA
2443,7,7,"M",1,0,3.67,1480,"Math & Science",0,0,NA
2444,6,6,"F",1,0,3.64,1060,"Arts & Letters",0,0,NA
2445,7,7,"F",1,0,3.9,1190,"Math & Science",1,1,3.82
2446,4,4,"F",1,0,3.37,1210,"Arts & Letters",0,0,NA
2447,6,3,"M",1,0,3.39,1040,"Math & Science",0,0,NA
2448,6,6,"F",0,1,2.62,1190,"Arts & Letters",0,0,NA
2449,6,6,"M",1,0,3.64,1390,"Math & Science",0,0,NA
2450,6,7,"F",1,0,3.86,1360,"Math & Science",0,0,NA
2451,2,5,"F",0,0,2.71,1090,"Arts & Letters",0,0,NA
2452,7,7,"F",1,0,3.21,1020,"Arts & Letters",0,0,NA
2453,5,3,"M",0,0,3.57,1270,"Arts & Letters",1,0,NA
2454,7,7,"F",1,0,3.6,1240,"Business & Economics",1,0,NA
2455,4,6,"M",1,0,4,1100,"Business & Economics",0,0,NA
2456,6,6,"F",1,0,3.1,1150,"Math & Science",0,0,NA
2457,6,6,"F",1,0,3.8,1140,"Math & Science",0,0,NA
2458,5,6,"F",1,0,3.57,1110,"Math & Science",0,0,NA
2459,7,3,"M",1,0,3.62,1220,"Business & Economics",0,0,NA
2460,7,7,"M",0,0,3.54,1100,"Math & Science",0,0,NA
2461,3,3,"F",0,1,3.5,1010,"Math & Science",0,0,NA
2462,3,4,"F",0,0,2.83,750,"Arts & Letters",0,0,NA
2463,6,6,"F",1,0,4.05,1300,"Arts & Letters",0,1,3.323
2464,7,7,"M",1,0,3.39,1190,"Business & Economics",0,0,NA
2465,5,5,"F",1,0,3.65,1020,"Math & Science",0,0,NA
2466,6,6,"F",1,0,3.55,1370,"Math & Science",0,0,NA
2467,3,3,"F",0,1,4.33,1390,"Math & Science",1,0,NA
2468,7,6,"F",1,0,3.86,1320,"Business & Economics",1,0,NA
2469,7,6,"F",1,0,3.91,1180,"Math & Science",1,0,NA
2470,6,6,"F",1,0,3.12,1150,"Arts & Letters",0,0,NA
2471,6,6,"M",1,0,3.35,1170,"Arts & Letters",0,0,NA
2472,4,6,"F",1,0,4,1150,"Arts & Letters",1,0,NA
2473,3,7,"F",0,0,3.73,1330,"Math & Science",1,0,NA
2474,7,6,"M",0,1,2.3,1120,"Business & Economics",0,0,NA
2475,4,6,"M",1,0,2.75,1090,"Arts & Letters",0,0,NA
2476,6,4,"F",1,0,3.25,1090,"Arts & Letters",0,0,NA
2477,6,7,"M",1,0,3.95,1200,"Arts & Letters",1,0,NA
2478,7,7,"M",1,0,4.32,1140,"Business & Economics",1,0,NA
2479,4,4,"F",0,0,3.3,920,"Math & Science",0,0,NA
2480,6,6,"M",0,0,2.95,1210,"Business & Economics",0,0,NA
2481,6,7,"F",1,0,4.12,1210,"Arts & Letters",0,0,NA
2482,7,6,"F",1,0,3.62,1270,"Arts & Letters",1,0,NA
2483,6,6,"F",1,0,3.95,1430,"Math & Science",1,1,3.555
2484,3,6,"F",1,0,3.18,1130,"Arts & Letters",0,0,NA
2485,7,6,"M",0,1,3.35,1100,"Business & Economics",0,0,NA
2486,7,7,"M",1,0,3.2,1260,"Business & Economics",0,0,NA
2487,7,6,"M",1,0,2.95,1100,"Business & Economics",1,0,NA
2488,6,6,"F",0,1,3.92,1560,"Arts & Letters",1,0,NA
2489,6,7,"F",1,0,3.09,1080,"Arts & Letters",0,0,NA
2490,7,6,"F",1,0,3.71,890,"Arts & Letters",0,0,NA
2491,3,3,"F",0,0,2.89,1130,"Math & Science",0,0,NA
2492,3,4,"F",1,0,4.05,1070,"Arts & Letters",0,0,NA
2493,6,6,"M",0,0,2.85,1290,"Math & Science",0,0,NA
2494,1,1,"F",0,1,3.77,1090,"Math & Science",1,0,NA
2495,5,6,"F",1,0,2.94,930,"Math & Science",0,0,NA
2496,7,3,"F",0,0,3.71,1030,"Math & Science",0,0,NA
2497,4,4,"F",0,0,2.45,800,"Arts & Letters",0,0,NA
2498,1,1,"F",0,0,4.29,1230,"Math & Science",1,0,NA
2499,6,6,"F",1,0,3.95,1170,"Math & Science",0,0,NA
2500,3,5,"F",1,0,4.23,1110,"Math & Science",1,0,NA
2501,7,3,"M",1,0,3.32,1240,"Arts & Letters",0,0,NA
2502,5,5,"M",1,0,3.7,1080,"Math & Science",0,0,NA
2503,3,3,"F",0,0,3.65,880,"Math & Science",0,0,NA
2504,6,6,"F",1,0,3.3,1080,"Arts & Letters",0,0,NA
2505,4,7,"M",1,0,3.5,1440,"Business & Economics",0,0,NA
2506,7,6,"M",1,0,3.09,1060,"Arts & Letters",0,0,NA
2507,3,4,"F",1,0,4.23,1530,"Arts & Letters",1,0,NA
2508,6,6,"F",1,0,3.21,790,"Business & Economics",0,0,NA
2509,6,4,"M",0,0,3,740,"Business & Economics",0,0,NA
2510,7,7,"F",0,0,4.23,1400,"Arts & Letters",1,0,NA
2511,6,6,"F",1,0,3.17,1100,"Arts & Letters",0,0,NA
2512,6,6,"F",1,0,3.52,1210,"Arts & Letters",0,0,NA
2513,6,6,"F",1,0,3.65,1020,"Math & Science",0,0,NA
2514,4,3,"F",1,0,3.38,1080,"Math & Science",0,0,NA
2515,7,6,"F",0,0,3.65,1470,"Math & Science",1,0,NA
2516,6,6,"F",1,0,4.17,1260,"Business & Economics",1,0,NA
2517,7,5,"F",0,0,4.1,1360,"Arts & Letters",1,0,NA
2518,3,3,"M",1,0,3.43,1140,"Arts & Letters",0,0,NA
2519,4,3,"F",0,0,3.3,940,"Math & Science",0,0,NA
2520,6,6,"F",1,0,3.91,1310,"Arts & Letters",1,0,NA
2521,7,7,"F",0,0,3.52,1430,"Math & Science",1,0,NA
2522,7,5,"F",1,0,3.3,1270,"Arts & Letters",0,0,NA
2523,2,4,"F",0,0,3.79,830,"Arts & Letters",0,0,NA
2524,6,6,"F",1,0,3.6,1160,"Business & Economics",0,0,NA
2525,4,7,"F",1,0,3.59,1050,"Arts & Letters",0,0,NA
2526,6,6,"M",1,0,3.14,1150,"Business & Economics",0,0,NA
2527,1,1,"M",0,0,3.67,770,"Business & Economics",0,0,NA
2528,5,5,"F",1,0,4,1150,"Arts & Letters",0,0,NA
2529,7,7,"M",0,0,3.57,1220,"Business & Economics",0,0,NA
2530,6,6,"F",1,0,3.05,1350,"Arts & Letters",0,0,NA
2531,6,6,"M",1,0,3.68,1170,"Business & Economics",0,1,3.103
2532,6,7,"F",1,0,3.38,1220,"Arts & Letters",0,0,NA
2533,5,6,"M",0,0,3.2,880,"Arts & Letters",0,0,NA
2534,6,6,"F",1,0,3.32,1150,"Arts & Letters",0,0,NA
2535,3,6,"M",0,1,3.91,1330,"Math & Science",1,1,2.767
2536,4,6,"M",0,0,3.27,1090,"Business & Economics",0,0,NA
2537,7,7,"F",0,0,3.21,980,"Arts & Letters",0,0,NA
2538,3,5,"M",0,0,3.06,920,"Business & Economics",0,0,NA
2539,2,3,"M",0,0,3.8,1010,"Math & Science",0,0,NA
2540,7,6,"M",1,0,3.54,1250,"Arts & Letters",1,0,NA
2541,6,3,"F",1,0,3.32,1060,"Math & Science",0,0,NA
2542,6,4,"F",1,0,2.85,980,"Arts & Letters",0,0,NA
2543,5,3,"F",1,0,3.5,1150,"Arts & Letters",1,0,NA
2544,4,4,"F",1,0,4.28,1020,"Math & Science",0,0,NA
2545,3,5,"F",1,0,3.6,1120,"Arts & Letters",0,0,NA
2546,2,2,"M",0,1,2.96,730,"Business & Economics",0,0,NA
2547,7,6,"M",1,0,3.9,970,"Math & Science",0,0,NA
2548,6,6,"F",1,0,4.04,1180,"Business & Economics",1,0,NA
2549,3,3,"F",0,0,2.61,920,"Arts & Letters",0,0,NA
2550,2,6,"M",1,0,4,1430,"Math & Science",1,0,NA
2551,7,6,"F",1,0,3.77,960,"Business & Economics",0,0,NA
2552,6,5,"F",0,0,3.55,1250,"Math & Science",0,0,NA
2553,6,4,"M",1,0,3.23,1140,"Math & Science",0,0,NA
2554,4,5,"M",0,0,2.64,1000,"Math & Science",0,0,NA
2555,6,6,"F",1,0,3.75,1210,"Math & Science",0,0,NA
2556,3,4,"F",1,0,2.96,1010,"Math & Science",0,0,NA
2557,3,7,"F",1,0,3.5,1080,"Math & Science",0,0,NA
2558,2,3,"F",1,0,2.46,990,"Arts & Letters",0,0,NA
2559,7,7,"M",1,0,2.96,1000,"Arts & Letters",0,0,NA
2560,3,4,"M",1,0,3.35,1040,"Business & Economics",0,0,NA
2561,7,7,"F",1,0,4.25,1530,"Business & Economics",1,0,NA
2562,3,3,"F",1,0,3.2,1270,"Math & Science",0,0,NA
2563,6,4,"F",1,0,3.5,990,"Arts & Letters",0,0,NA
2564,6,6,"F",0,1,3.91,1420,"Arts & Letters",1,0,NA
2565,1,1,"F",0,0,2.83,920,"Arts & Letters",0,0,NA
2566,6,3,"M",1,0,3.79,1260,"Business & Economics",0,0,NA
2567,7,4,"F",0,0,2.8,1080,"Business & Economics",0,0,NA
2568,4,4,"F",1,0,3.42,1010,"Arts & Letters",0,0,NA
2569,2,2,"F",0,0,4,1260,"Math & Science",1,0,NA
2570,3,3,"M",0,1,4.29,1270,"Math & Science",1,0,NA
2571,7,7,"F",0,1,3.67,1030,"Arts & Letters",0,0,NA
2572,7,7,"M",1,0,3.67,1240,"Math & Science",0,0,NA
2573,6,4,"M",1,0,2.95,830,"Arts & Letters",0,0,NA
2574,7,7,"F",1,0,3.77,1220,"Arts & Letters",0,1,3.078
2575,7,6,"M",1,0,2.44,1210,"Arts & Letters",0,0,NA
2576,6,6,"M",1,0,2.95,1000,"Business & Economics",0,0,NA
2577,7,7,"F",0,0,4,1080,"Math & Science",1,0,NA
2578,6,7,"F",1,0,3.45,1280,"Arts & Letters",1,1,3.296
2579,6,6,"F",0,1,3.22,930,"Arts & Letters",0,0,NA
2580,7,3,"F",1,0,2.95,1140,"Arts & Letters",0,0,NA
2581,1,4,"M",0,0,3.54,880,"Business & Economics",0,0,NA
2582,7,7,"F",1,0,3.25,1150,"Business & Economics",0,0,NA
2583,6,5,"F",1,0,3.86,1310,"Arts & Letters",0,0,NA
2584,4,4,"F",0,1,2.83,930,"Arts & Letters",0,0,NA
2585,6,4,"F",0,0,3.85,1070,"Arts & Letters",1,0,NA
2586,4,7,"F",1,0,3.5,1230,"Business & Economics",0,0,NA
2587,7,5,"F",0,0,4.27,1470,"Arts & Letters",1,0,NA
2588,4,2,"M",1,0,3.5,1270,"Business & Economics",0,0,NA
2589,4,6,"F",1,0,3.24,1040,"Math & Science",0,0,NA
2590,1,1,"M",0,1,4.18,1160,"Math & Science",1,0,NA
2591,7,3,"F",0,1,4,1100,"Arts & Letters",0,0,NA
2592,3,3,"M",1,0,3.96,1260,"Business & Economics",1,1,2.77
2593,6,7,"F",0,0,4,1160,"Business & Economics",1,1,3.158
2594,7,7,"F",1,0,4.05,1480,"Arts & Letters",1,0,NA
2595,4,6,"F",0,0,2.79,910,"Arts & Letters",0,0,NA
2596,1,1,"M",0,0,3.65,1060,"Math & Science",1,0,NA
2597,3,6,"F",0,1,3.09,1010,"Arts & Letters",0,0,NA
2598,4,3,"M",0,0,3,1000,"Business & Economics",0,0,NA
2599,4,6,"F",0,1,2.5,1060,"Business & Economics",0,0,NA
2600,4,3,"F",1,0,4.12,1340,"Arts & Letters",1,1,3.425
2601,3,3,"F",1,0,3.95,1370,"Math & Science",0,0,NA
2602,7,6,"F",1,0,3.25,1180,"Math & Science",0,0,NA
2603,6,7,"F",1,0,3.77,1410,"Math & Science",1,0,NA
2604,7,7,"F",0,1,3.55,1150,"Business & Economics",0,0,NA
2605,3,3,"F",1,0,3.79,1320,"Math & Science",0,0,NA
2606,7,6,"F",1,0,3.93,1430,"Arts & Letters",1,0,NA
2607,6,7,"F",1,0,4.08,1390,"Arts & Letters",1,0,NA
2608,7,7,"M",1,0,4.05,1320,"Arts & Letters",0,1,3.651
2609,4,4,"F",1,0,3.45,1140,"Math & Science",0,0,NA
2610,3,6,"M",1,0,2.95,1090,"Math & Science",0,0,NA
2611,6,4,"F",1,0,4.08,1270,"Math & Science",1,1,3.376
2612,7,4,"F",1,0,4.1,1290,"Arts & Letters",1,0,NA
2613,6,6,"F",1,0,4.05,1290,"Arts & Letters",0,0,NA
2614,1,1,"F",0,1,3.29,1190,"Arts & Letters",0,0,NA
2615,1,3,"F",0,0,2.96,860,"Arts & Letters",0,0,NA
2616,7,7,"F",1,0,3.88,1470,"Math & Science",1,0,NA
2617,3,3,"M",1,0,2.55,1280,"Business & Economics",0,0,NA
2618,7,7,"F",1,0,3.58,1140,"Arts & Letters",0,0,NA
2619,7,7,"M",0,1,3.12,1260,"Arts & Letters",0,0,NA
2620,7,3,"F",1,0,4.23,1380,"Math & Science",1,0,NA
2621,7,7,"M",1,0,3.15,990,"Arts & Letters",0,0,NA
2622,6,6,"M",1,0,4,1370,"Business & Economics",1,0,NA
2623,6,6,"F",0,1,3.75,1270,"Math & Science",1,0,NA
2624,4,3,"F",1,0,3.79,1250,"Arts & Letters",0,0,NA
2625,7,4,"M",1,0,4.05,1480,"Business & Economics",0,1,3.807
2626,6,7,"F",0,0,3.1,1120,"Math & Science",0,0,NA
2627,7,7,"F",1,0,3.36,1250,"Arts & Letters",0,1,3.188
2628,3,6,"F",0,1,3,1100,"Arts & Letters",0,0,NA
2629,6,6,"F",0,0,3.68,1210,"Math & Science",0,0,NA
2630,5,7,"F",1,0,3.54,1060,"Arts & Letters",0,0,NA
2631,4,4,"M",1,0,3.4,1130,"Arts & Letters",0,0,NA
2632,6,7,"F",0,0,3.67,1000,"Math & Science",0,0,NA
2633,7,6,"F",0,0,3.54,1170,"Arts & Letters",1,0,NA
2634,6,6,"F",1,0,3.41,1300,"Arts & Letters",0,0,NA
2635,7,6,"F",0,0,4.18,1490,"Math & Science",1,0,NA
2636,3,1,"F",0,1,4.17,1130,"Math & Science",1,0,NA
2637,7,6,"F",0,1,4.04,1120,"Business & Economics",0,0,NA
2638,6,6,"F",1,0,4.05,1550,"Business & Economics",1,0,NA
2639,7,6,"M",0,1,3.57,1390,"Math & Science",0,0,NA
2640,6,6,"F",0,1,4.08,1310,"Arts & Letters",1,0,NA
2641,4,4,"M",0,0,3.23,950,"Arts & Letters",0,0,NA
2642,7,7,"F",0,1,3.5,1480,"Arts & Letters",0,0,NA
2643,3,4,"F",1,0,3.24,1230,"Business & Economics",0,0,NA
2644,6,4,"F",0,0,2.64,960,"Math & Science",0,0,NA
2645,6,2,"M",0,1,3.68,1320,"Math & Science",1,0,NA
2646,6,6,"F",1,0,3.45,1130,"Math & Science",0,0,NA
2647,4,5,"F",0,0,4.19,1180,"Arts & Letters",1,0,NA
2648,5,5,"F",1,0,4.36,1230,"Math & Science",1,0,NA
2649,6,6,"M",0,0,3.63,1000,"Arts & Letters",0,0,NA
2650,3,3,"F",0,1,3.86,1470,"Business & Economics",1,0,NA
2651,5,4,"M",1,0,3.82,1060,"Arts & Letters",1,0,NA
2652,6,5,"F",0,1,3.27,880,"Math & Science",0,0,NA
2653,3,5,"F",1,0,3.79,1340,"Business & Economics",1,0,NA
2654,5,7,"M",1,0,3.76,1020,"Math & Science",0,0,NA
2655,6,7,"F",1,0,3.92,1210,"Arts & Letters",0,0,NA
2656,3,5,"M",0,0,3.22,1080,"Arts & Letters",0,0,NA
2657,7,7,"F",1,0,3.1,1140,"Arts & Letters",0,0,NA
2658,4,7,"F",0,0,3.88,1230,"Math & Science",1,1,2.646
2659,7,4,"M",1,0,3.75,1480,"Arts & Letters",0,0,NA
2660,7,7,"F",1,0,4.27,1320,"Math & Science",1,0,NA
2661,6,6,"M",1,0,3.76,1190,"Business & Economics",0,0,NA
2662,7,7,"F",0,0,4,1360,"Arts & Letters",1,0,NA
2663,6,6,"F",0,1,4.04,1270,"Math & Science",0,0,NA
2664,7,7,"M",1,0,3.68,1110,"Arts & Letters",1,0,NA
2665,7,6,"F",1,0,4.27,1390,"Math & Science",1,0,NA
2666,4,3,"F",0,0,4.38,1410,"Math & Science",1,0,NA
2667,3,1,"F",0,0,3.5,940,"Math & Science",0,0,NA
2668,3,3,"F",0,0,2.87,930,"Math & Science",0,0,NA
2669,6,6,"F",1,0,3.68,1050,"Arts & Letters",0,0,NA
2670,7,6,"F",1,0,3.16,1230,"Arts & Letters",0,0,NA
2671,7,6,"M",0,0,3.38,1260,"Math & Science",0,0,NA
2672,4,4,"M",0,0,3.46,1100,"Math & Science",0,0,NA
2673,6,6,"F",1,0,3.75,1340,"Arts & Letters",0,0,NA
2674,7,6,"M",1,0,4.09,1190,"Business & Economics",1,0,NA
2675,7,6,"F",1,0,3.29,940,"Arts & Letters",0,0,NA
2676,6,6,"F",1,0,3.86,1250,"Math & Science",1,1,3.016
2677,6,6,"M",1,0,3.5,1300,"Business & Economics",0,0,NA
2678,6,5,"F",1,0,3.28,1060,"Arts & Letters",0,0,NA
2679,6,7,"M",1,0,3.82,1260,"Math & Science",0,0,NA
2680,6,6,"M",1,0,3.33,1230,"Arts & Letters",0,0,NA
2681,6,6,"F",1,0,3.45,1170,"Business & Economics",0,0,NA
2682,7,4,"F",1,0,4.17,1400,"Arts & Letters",1,0,NA
2683,4,7,"M",1,0,2.3,950,"Math & Science",0,0,NA
2684,7,6,"F",1,0,3.5,1410,"Arts & Letters",1,0,NA
2685,6,6,"F",1,0,3.35,1110,"Math & Science",0,0,NA
2686,6,4,"M",0,1,3.95,1130,"Business & Economics",0,0,NA
2687,3,3,"M",0,0,3.45,1270,"Math & Science",0,0,NA
2688,6,6,"F",1,0,3.78,1040,"Math & Science",1,1,3.124
2689,2,2,"M",0,0,2.27,820,"Math & Science",0,0,NA
2690,7,7,"F",1,0,3.68,1240,"Business & Economics",0,0,NA
2691,6,6,"F",1,0,4.36,1220,"Arts & Letters",1,1,3.465
2692,7,7,"F",0,0,3.7,1350,"Business & Economics",1,1,2.926
2693,7,7,"F",0,0,3.23,1140,"Math & Science",0,0,NA
2694,3,7,"F",0,0,3.06,1210,"Arts & Letters",0,0,NA
2695,4,5,"M",0,0,2.86,1020,"Math & Science",0,0,NA
2696,3,6,"M",1,0,3.11,930,"Business & Economics",0,0,NA
2697,6,6,"F",1,0,3.25,1150,"Arts & Letters",0,0,NA
2698,7,6,"M",0,0,3.94,1410,"Business & Economics",1,1,3.005
2699,6,6,"M",1,0,4.05,1130,"Arts & Letters",0,0,NA
2700,6,7,"F",1,0,3.43,1200,"Business & Economics",0,0,NA
2701,6,6,"F",1,0,2.76,1030,"Arts & Letters",0,0,NA
2702,3,6,"F",1,0,3.82,1210,"Arts & Letters",1,0,NA
2703,6,6,"M",1,0,2.71,1160,"Arts & Letters",0,0,NA
2704,7,7,"F",1,0,4.05,1160,"Business & Economics",1,1,3.14
2705,7,6,"M",1,0,4.18,1430,"Business & Economics",1,0,NA
2706,6,6,"F",1,0,3.35,1290,"Arts & Letters",0,0,NA
2707,6,6,"M",1,0,3.5,1140,"Business & Economics",0,0,NA
2708,3,3,"F",1,0,4,1400,"Arts & Letters",1,0,NA
2709,7,7,"F",0,1,3.68,1520,"Arts & Letters",0,0,NA
2710,6,6,"F",1,0,3.4,1290,"Arts & Letters",0,0,NA
2711,6,3,"M",1,0,2.82,1070,"Business & Economics",0,0,NA
2712,5,3,"F",0,0,4.02,1310,"Arts & Letters",1,0,NA
2713,6,5,"F",0,0,3.06,1070,"Arts & Letters",0,0,NA
2714,3,3,"M",0,0,3.13,1190,"Arts & Letters",0,0,NA
2715,7,5,"F",1,0,3.36,990,"Arts & Letters",0,0,NA
2716,1,1,"M",0,0,4.15,1030,"Arts & Letters",1,0,NA
2717,6,6,"F",1,0,3.22,900,"Business & Economics",0,0,NA
2718,3,4,"F",1,0,3.73,1340,"Math & Science",1,1,3.584
2719,6,7,"F",1,0,3.56,1140,"Arts & Letters",0,0,NA
2720,4,6,"F",1,0,4.05,1340,"Math & Science",0,0,NA
2721,3,3,"F",0,0,3.88,1250,"Business & Economics",1,0,NA
2722,6,6,"M",1,0,3.33,1170,"Arts & Letters",1,1,2.911
2723,7,6,"F",1,0,4.33,1430,"Business & Economics",1,0,NA
2724,4,6,"F",0,1,3.24,970,"Math & Science",0,0,NA
2725,6,6,"M",1,0,3.74,1270,"Business & Economics",0,0,NA
2726,6,7,"M",0,0,4.33,1530,"Arts & Letters",1,0,NA
2727,4,4,"F",0,0,3.54,1140,"Arts & Letters",0,0,NA
2728,5,6,"F",1,0,3.1,940,"Arts & Letters",0,0,NA
2729,4,4,"M",0,1,2.82,1060,"Math & Science",0,0,NA
2730,6,7,"F",0,0,3.89,1330,"Math & Science",0,0,NA
2731,6,6,"F",0,0,3.83,1300,"Arts & Letters",0,0,NA
2732,6,6,"F",1,0,3.85,780,"Arts & Letters",0,0,NA
2733,6,6,"F",1,0,4,1170,"Business & Economics",1,1,3.247
2734,6,6,"F",1,0,3.9,1170,"Arts & Letters",0,0,NA
2735,1,1,"F",0,0,4.22,970,"Arts & Letters",1,0,NA
2736,3,6,"F",1,0,4.33,1150,"Math & Science",1,0,NA
2737,7,7,"M",1,0,3.64,1500,"Math & Science",0,0,NA
2738,3,5,"F",0,1,2.93,880,"Arts & Letters",0,0,NA
2739,6,7,"F",1,0,3.27,880,"Math & Science",0,0,NA
2740,6,6,"M",0,0,3.5,1310,"Business & Economics",0,0,NA
2741,4,3,"F",0,0,3.38,1020,"Math & Science",0,0,NA
2742,7,4,"M",1,0,3.36,1150,"Business & Economics",0,0,NA
2743,7,7,"M",1,0,4.09,1330,"Arts & Letters",1,0,NA
2744,4,7,"F",0,0,3.52,960,"Arts & Letters",0,0,NA
2745,6,4,"M",1,0,3.73,1340,"Arts & Letters",1,0,NA
2746,6,5,"F",0,0,3.71,1050,"Arts & Letters",1,1,3.74
2747,5,6,"F",1,0,3.46,1100,"Arts & Letters",0,0,NA
2748,7,6,"F",0,0,4.08,1350,"Arts & Letters",1,1,3.82
2749,4,4,"M",0,1,2.67,970,"Arts & Letters",0,0,NA
2750,7,6,"M",1,0,4,1080,"Math & Science",0,0,NA
2751,7,7,"M",1,0,3.45,1050,"Math & Science",0,0,NA
2752,4,4,"F",1,0,3.5,1100,"Arts & Letters",0,0,NA
2753,7,4,"F",1,0,3.7,1180,"Math & Science",0,0,NA
2754,6,6,"M",1,0,3.46,1300,"Arts & Letters",0,0,NA
2755,6,5,"M",0,0,3.96,1010,"Business & Economics",0,0,NA
2756,3,3,"M",0,0,4.17,1510,"Math & Science",1,0,NA
2757,6,6,"F",1,0,4.04,1330,"Arts & Letters",1,0,NA
2758,6,6,"F",1,0,3.18,900,"Arts & Letters",0,0,NA
2759,6,7,"F",1,0,3.75,1460,"Arts & Letters",1,0,NA
2760,4,6,"M",1,0,3.1,1020,"Arts & Letters",0,0,NA
2761,1,1,"F",0,0,3.73,1010,"Math & Science",1,0,NA
2762,6,3,"M",1,0,3.15,1090,"Business & Economics",1,1,1.886
2763,7,7,"F",1,0,2.9,1320,"Arts & Letters",0,0,NA
2764,6,7,"F",1,0,4.33,1100,"Math & Science",0,0,NA
2765,6,4,"M",1,0,3.91,1310,"Business & Economics",0,0,NA
2766,7,6,"M",1,0,3.64,1280,"Arts & Letters",1,1,3.299
2767,6,5,"F",1,0,3.75,1200,"Math & Science",0,0,NA
2768,7,6,"M",0,1,3.45,1290,"Math & Science",0,0,NA
2769,7,7,"F",0,1,3.88,1280,"Math & Science",1,0,NA
2770,6,4,"M",1,0,3.81,900,"Math & Science",0,0,NA
2771,3,3,"F",1,0,4.09,1150,"Math & Science",0,0,NA
2772,7,6,"F",1,0,3.91,1190,"Business & Economics",0,0,NA
2773,6,6,"F",1,0,3.4,1460,"Arts & Letters",0,1,3.57
2774,7,7,"F",1,0,3.73,1270,"Arts & Letters",1,0,NA
2775,3,2,"F",0,0,4.14,1140,"Math & Science",0,0,NA
2776,5,5,"F",0,0,3.33,1070,"Arts & Letters",1,0,NA
2777,7,7,"F",1,0,4.18,1430,"Arts & Letters",1,0,NA
2778,3,4,"M",0,0,3.27,810,"Math & Science",0,0,NA
2779,6,7,"F",1,0,3.41,1010,"Math & Science",0,0,NA
2780,6,6,"F",1,0,3.62,1320,"Arts & Letters",1,0,NA
2781,4,6,"F",0,0,3.85,1130,"Business & Economics",1,0,NA
2782,7,7,"F",0,0,3.82,1260,"Arts & Letters",0,0,NA
2783,6,6,"F",1,0,3.88,1210,"Arts & Letters",0,0,NA
2784,7,7,"M",0,0,3.25,1320,"Business & Economics",0,0,NA
2785,7,6,"F",1,0,3.25,1110,"Arts & Letters",0,0,NA
2786,6,7,"M",1,0,3.41,1040,"Math & Science",0,0,NA
2787,7,7,"M",1,0,4.2,1320,"Arts & Letters",0,1,3.126
2788,6,6,"F",1,0,3.79,1070,"Arts & Letters",0,0,NA
2789,1,1,"F",0,0,3.5,970,"Business & Economics",1,0,NA
2790,3,3,"F",0,0,3.54,750,"Math & Science",0,0,NA
2791,3,4,"F",1,0,2.94,1270,"Arts & Letters",0,0,NA
2792,6,7,"F",1,0,4.23,1400,"Math & Science",1,0,NA
2793,1,1,"F",0,0,3.45,850,"Business & Economics",1,1,1.679
2794,3,7,"F",0,0,3.68,1040,"Arts & Letters",0,0,NA
2795,6,6,"F",1,0,3.95,1100,"Business & Economics",0,0,NA
2796,4,6,"F",1,0,3.8,1100,"Business & Economics",0,0,NA
2797,7,6,"M",1,0,3.62,1130,"Business & Economics",0,0,NA
2798,6,5,"F",1,0,4.32,1460,"Math & Science",1,0,NA
2799,5,5,"M",0,1,3.56,1450,"Math & Science",1,0,NA
2800,7,7,"M",0,1,3.29,1010,"Business & Economics",0,0,NA
2801,3,3,"F",0,0,2.42,720,"Math & Science",0,0,NA
2802,7,7,"F",1,0,3.92,1530,"Business & Economics",1,0,NA
2803,6,6,"F",0,1,3.95,1390,"Arts & Letters",1,0,NA
2804,4,4,"M",0,0,4.36,970,"Arts & Letters",0,0,NA
2805,7,7,"F",1,0,3.12,1140,"Arts & Letters",0,0,NA
2806,7,7,"M",1,0,2.91,1220,"Business & Economics",0,0,NA
2807,6,6,"F",1,0,3.6,1100,"Arts & Letters",0,0,NA
2808,6,3,"M",0,0,3.1,1140,"Business & Economics",0,0,NA
2809,6,7,"M",1,0,4.23,1370,"Math & Science",1,0,NA
2810,5,7,"F",0,0,2.85,1030,"Arts & Letters",0,0,NA
2811,6,7,"F",1,0,3.88,930,"Math & Science",1,0,NA
2812,4,4,"F",0,0,3.18,950,"Math & Science",0,0,NA
2813,7,6,"F",0,1,3.41,1240,"Arts & Letters",0,0,NA
2814,7,7,"M",1,0,3.8,1430,"Business & Economics",1,0,NA
2815,7,7,"F",1,0,3.35,1180,"Math & Science",0,0,NA
2816,3,3,"F",0,0,3.59,830,"Arts & Letters",0,0,NA
2817,4,1,"M",0,1,3.55,1000,"Math & Science",0,0,NA
2818,6,6,"F",0,1,3.62,1310,"Arts & Letters",0,0,NA
2819,7,6,"F",1,0,4.23,1180,"Math & Science",1,1,3.46
2820,4,4,"F",0,0,3.41,1210,"Math & Science",0,1,3.205
2821,7,6,"M",0,0,3.68,1280,"Business & Economics",1,0,NA
2822,7,6,"M",0,0,2.96,890,"Arts & Letters",0,0,NA
2823,7,5,"M",1,0,4.14,1150,"Business & Economics",0,0,NA
2824,6,5,"F",1,0,3.68,920,"Business & Economics",0,0,NA
2825,4,2,"F",1,0,3.41,1010,"Arts & Letters",0,0,NA
2826,6,6,"F",0,0,3.82,1100,"Arts & Letters",0,0,NA
2827,6,6,"F",1,0,3.3,1260,"Arts & Letters",0,0,NA
2828,7,7,"F",1,0,3.8,1320,"Arts & Letters",1,1,3.308
2829,7,6,"F",0,1,2.85,970,"Arts & Letters",0,0,NA
2830,6,4,"F",1,0,4.32,1180,"Arts & Letters",0,1,2.812
2831,6,7,"F",1,0,3.17,1230,"Arts & Letters",0,0,NA
2832,3,3,"F",0,0,3.15,1320,"Arts & Letters",1,0,NA
2833,4,6,"F",1,0,3.44,1180,"Math & Science",0,0,NA
2834,7,6,"F",1,0,2.95,1110,"Arts & Letters",0,0,NA
2835,3,7,"F",1,0,3.41,1040,"Math & Science",0,0,NA
2836,7,6,"F",1,0,2.92,1060,"Math & Science",0,0,NA
2837,3,3,"M",1,0,3.45,1390,"Math & Science",1,1,3.071
2838,7,7,"F",1,0,4.14,1130,"Math & Science",0,0,NA
2839,7,5,"M",0,0,3.71,1150,"Business & Economics",1,1,2.948
2840,7,7,"M",1,0,3.04,1190,"Arts & Letters",0,0,NA
2841,6,6,"F",1,0,4.33,1150,"Arts & Letters",0,0,NA
2842,7,6,"F",0,0,3.5,1040,"Math & Science",0,0,NA
2843,6,7,"M",0,1,2.77,1350,"Business & Economics",0,0,NA
2844,6,6,"M",1,0,3.72,1050,"Business & Economics",0,0,NA
2845,7,7,"F",1,0,4,1320,"Business & Economics",1,1,3.382
2846,3,3,"F",1,0,4.18,1530,"Math & Science",1,0,NA
2847,7,6,"F",1,0,4.08,1060,"Math & Science",1,1,3.016
2848,6,6,"F",1,0,4.2,1180,"Math & Science",0,0,NA
2849,7,6,"F",1,0,3.08,1110,"Math & Science",0,0,NA
2850,7,7,"M",0,1,2.95,1100,"Business & Economics",0,0,NA
2851,7,3,"M",1,0,3.65,900,"Business & Economics",0,0,NA
2852,4,6,"M",0,1,4.1,1550,"Business & Economics",1,0,NA
2853,6,6,"F",1,0,3.8,1280,"Math & Science",1,0,NA
2854,7,4,"F",1,0,3.59,1210,"Arts & Letters",0,0,NA
2855,6,4,"F",0,0,3.9,1290,"Math & Science",0,0,NA
2856,6,5,"F",1,0,4.2,1220,"Arts & Letters",1,0,NA
2857,6,7,"M",1,0,3.67,1250,"Business & Economics",1,1,3.227
2858,7,7,"F",1,0,3.56,1000,"Math & Science",0,0,NA
2859,6,6,"F",0,0,2.88,790,"Arts & Letters",0,0,NA
2860,4,4,"M",0,0,2.62,280,"Arts & Letters",0,0,NA
2861,7,7,"F",1,0,3.58,1260,"Arts & Letters",1,0,NA
2862,4,4,"F",1,0,3.8,1280,"Math & Science",0,0,NA
2863,3,3,"M",1,0,3.75,950,"Business & Economics",0,0,NA
2864,7,7,"F",1,0,3.32,1210,"Arts & Letters",1,1,2.93
2865,4,3,"F",0,1,4.09,1240,"Math & Science",1,0,NA
2866,6,7,"F",1,0,4.08,1380,"Math & Science",1,0,NA
2867,6,4,"M",1,0,2.56,940,"Math & Science",0,0,NA
2868,7,6,"F",1,0,3.64,1120,"Math & Science",0,0,NA
2869,7,7,"F",1,0,4.04,1550,"Business & Economics",1,0,NA
2870,3,7,"F",0,0,4.2,1130,"Arts & Letters",0,0,NA
2871,6,6,"M",0,0,3.48,940,"Business & Economics",0,0,NA
2872,6,7,"M",0,0,2.59,1150,"Arts & Letters",0,0,NA
2873,6,6,"M",1,0,3.5,1070,"Business & Economics",0,0,NA
2874,6,2,"M",0,0,4.32,1180,"Business & Economics",1,1,3.317
2875,4,4,"M",0,0,3.67,1340,"Business & Economics",1,0,NA
2876,6,6,"F",1,0,2.85,980,"Business & Economics",0,0,NA
2877,6,5,"M",1,0,2.77,910,"Math & Science",0,0,NA
2878,3,6,"M",0,1,3.58,1240,"Business & Economics",0,0,NA
2879,6,7,"M",1,0,3.46,1210,"Math & Science",0,0,NA
2880,4,4,"F",0,0,4.08,1190,"Math & Science",1,0,NA
2881,5,6,"F",1,0,3.69,1170,"Arts & Letters",0,1,2.568
2882,3,6,"M",1,0,2.65,900,"Math & Science",0,0,NA
2883,1,1,"F",0,1,4.28,1120,"Math & Science",1,0,NA
2884,2,2,"F",0,0,3.31,900,"Math & Science",0,0,NA
2885,3,6,"F",1,0,3.26,990,"Arts & Letters",0,0,NA
2886,6,6,"M",1,0,4,1350,"Math & Science",1,0,NA
2887,6,6,"M",1,0,3.5,1090,"Business & Economics",0,0,NA
2888,7,6,"F",0,1,4.32,1370,"Business & Economics",1,0,NA
2889,4,4,"M",1,0,3.35,990,"Math & Science",0,0,NA
2890,7,6,"F",1,0,4.28,1430,"Math & Science",1,0,NA
2891,7,6,"M",1,0,3.43,900,"Arts & Letters",0,0,NA
2892,7,6,"F",0,0,3.43,1250,"Arts & Letters",1,0,NA
2893,3,6,"F",0,0,3.5,910,"Math & Science",0,0,NA
2894,7,7,"F",1,0,3.45,1130,"Math & Science",0,0,NA
2895,7,4,"M",1,0,4.17,1160,"Business & Economics",1,0,NA
2896,6,7,"M",1,0,3.8,1340,"Arts & Letters",1,1,2.392
2897,6,6,"M",0,0,4.23,1360,"Business & Economics",1,0,NA
2898,6,6,"F",0,1,4.24,1430,"Business & Economics",1,0,NA
2899,4,6,"F",1,0,3.95,1250,"Business & Economics",0,0,NA
2900,6,6,"M",0,1,4.05,1390,"Business & Economics",1,0,NA
2901,7,6,"F",1,0,3.67,1150,"Math & Science",0,0,NA
2902,5,3,"F",1,0,3.17,930,"Math & Science",0,0,NA
2903,7,4,"M",1,0,3.05,1050,"Business & Economics",0,0,NA
2904,6,6,"F",0,0,4.23,1250,"Business & Economics",1,0,NA
2905,6,6,"F",0,1,3.24,1170,"Arts & Letters",0,0,NA
2906,4,4,"F",1,0,3.05,980,"Arts & Letters",0,0,NA
2907,6,6,"M",1,0,3.59,1210,"Business & Economics",1,1,2.905
2908,6,7,"M",0,0,2.78,970,"Math & Science",0,0,NA
2909,6,6,"M",1,0,3.65,1350,"Business & Economics",1,0,NA
2910,6,4,"M",1,0,3.68,1210,"Business & Economics",0,0,NA
2911,6,6,"F",1,0,3.96,1290,"Business & Economics",0,0,NA
2912,6,6,"M",1,0,3.27,910,"Arts & Letters",0,0,NA
2913,3,5,"F",0,0,3.75,1170,"Math & Science",0,0,NA
2914,3,4,"F",0,0,3.19,980,"Math & Science",0,0,NA
2915,1,1,"F",0,0,4,990,"Math & Science",1,0,NA
2916,7,7,"F",0,1,4.25,1230,"Business & Economics",1,0,NA
2917,6,3,"F",0,1,3.67,1170,"Math & Science",0,0,NA
2918,4,7,"F",1,0,2.91,1230,"Math & Science",0,0,NA
2919,4,3,"F",1,0,4.26,1240,"Math & Science",0,0,NA
2920,5,3,"F",0,1,3.81,1190,"Business & Economics",0,0,NA
2921,6,6,"M",1,0,2.91,1170,"Math & Science",0,0,NA
2922,7,7,"F",1,0,3.96,1120,"Math & Science",0,0,NA
2923,4,6,"F",1,0,4.36,1420,"Math & Science",1,0,NA
2924,7,7,"M",1,0,3.7,1250,"Arts & Letters",0,0,NA
2925,4,4,"F",1,0,3.41,1300,"Arts & Letters",0,1,2.917
2926,4,3,"F",1,0,3.9,1240,"Math & Science",0,0,NA
2927,6,6,"F",1,0,2.83,1170,"Business & Economics",0,0,NA
2928,7,7,"F",1,0,4,1380,"Arts & Letters",1,0,NA
2929,7,6,"F",1,0,3.71,1070,"Arts & Letters",0,0,NA
2930,6,6,"F",1,0,3.35,1110,"Math & Science",0,0,NA
2931,7,7,"M",1,0,3.09,1260,"Arts & Letters",0,0,NA
2932,7,7,"M",1,0,3.45,1050,"Arts & Letters",0,0,NA
2933,6,6,"F",1,0,3.53,1120,"Arts & Letters",0,0,NA
2934,7,7,"M",1,0,3.35,1200,"Arts & Letters",1,0,NA
2935,7,4,"M",0,0,3.67,1190,"Math & Science",0,0,NA
2936,4,6,"F",1,0,3.6,1230,"Arts & Letters",1,1,2.683
2937,6,6,"F",1,0,2.78,1090,"Arts & Letters",0,0,NA
2938,4,6,"F",1,0,3.12,820,"Business & Economics",0,0,NA
2939,7,6,"F",1,0,4.2,1440,"Business & Economics",1,1,3.344
2940,5,7,"M",1,0,3.15,920,"Business & Economics",0,0,NA
2941,3,3,"F",1,0,3.2,1080,"Math & Science",0,0,NA
2942,6,7,"M",1,0,3,1060,"Math & Science",0,0,NA
2943,7,7,"M",0,1,4.05,1250,"Math & Science",0,0,NA
2944,6,6,"F",0,0,4.05,1310,"Arts & Letters",1,0,NA
2945,7,5,"F",0,1,3.07,1070,"Arts & Letters",0,0,NA
2946,4,7,"M",0,0,4.04,1250,"Arts & Letters",1,0,NA
2947,4,6,"F",1,0,3.05,1100,"Arts & Letters",0,0,NA
2948,7,6,"F",1,0,3.59,1250,"Math & Science",0,0,NA
2949,7,7,"F",1,0,3.9,1350,"Business & Economics",1,0,NA
2950,7,7,"M",1,0,3.38,1530,"Arts & Letters",0,0,NA
2951,2,2,"M",0,0,2.61,1060,"Arts & Letters",0,0,NA
2952,4,7,"F",1,0,3.96,1140,"Math & Science",1,0,NA
2953,6,6,"M",0,0,3.17,1060,"Math & Science",0,0,NA
2954,7,7,"F",1,0,3.77,1170,"Math & Science",0,0,NA
2955,6,6,"F",0,1,4.3,1110,"Math & Science",1,1,3.502
2956,7,7,"F",0,0,4.36,1450,"Arts & Letters",1,1,3.972
2957,1,2,"F",0,1,3.9,1090,"Math & Science",1,0,NA
2958,1,1,"F",1,0,3.56,910,"Math & Science",0,0,NA
2959,7,4,"M",1,0,3.28,1240,"Business & Economics",0,0,NA
2960,6,4,"F",1,0,3.42,1260,"Arts & Letters",0,0,NA
2961,6,3,"F",1,0,3.68,1030,"Arts & Letters",0,0,NA
2962,7,7,"M",1,0,3.17,1150,"Business & Economics",0,0,NA
2963,4,4,"F",1,0,3.6,1060,"Arts & Letters",0,0,NA
2964,6,4,"M",0,1,3.91,1240,"Business & Economics",1,0,NA
2965,4,6,"F",0,0,4.14,1420,"Math & Science",1,1,3.173
2966,7,7,"F",1,0,4,1060,"Arts & Letters",0,0,NA
2967,6,6,"M",1,0,2.96,1230,"Math & Science",0,1,2.018
2968,6,6,"M",1,0,3.92,1210,"Business & Economics",1,1,2.766
2969,1,1,"F",0,0,3.55,1080,"Arts & Letters",0,0,NA
2970,4,4,"F",1,0,3.41,1110,"Business & Economics",1,1,2.822
2971,6,5,"F",1,0,3.61,760,"Math & Science",0,0,NA
2972,6,7,"M",1,0,3.55,1350,"Math & Science",0,0,NA
2973,6,6,"F",1,0,3.5,1180,"Business & Economics",0,0,NA
2974,6,4,"F",0,0,3.22,910,"Math & Science",0,0,NA
2975,6,7,"M",1,0,4.21,1320,"Math & Science",1,0,NA
2976,7,5,"M",1,0,4.17,1360,"Math & Science",1,1,2.744
2977,1,1,"F",0,0,2.95,780,"Math & Science",0,0,NA
2978,4,6,"F",0,0,3.48,940,"Math & Science",0,0,NA
2979,3,3,"M",1,0,2.4,1040,"Arts & Letters",0,0,NA
2980,4,4,"M",0,0,2.7,990,"Business & Economics",0,0,NA
2981,6,7,"F",1,0,4,1120,"Arts & Letters",0,0,NA
2982,3,3,"F",1,0,4.09,1240,"Arts & Letters",0,0,NA
2983,7,7,"M",1,0,3.4,1230,"Business & Economics",0,0,NA
2984,3,5,"M",1,0,3.15,1020,"Math & Science",0,0,NA
2985,5,7,"M",1,0,3.55,1140,"Business & Economics",0,0,NA
2986,3,4,"F",0,0,3.44,900,"Arts & Letters",0,0,NA
2987,3,3,"F",1,0,3.18,1020,"Arts & Letters",0,0,NA
2988,4,4,"F",0,0,3.6,830,"Arts & Letters",0,0,NA
2989,7,7,"F",0,0,3.17,1080,"Math & Science",0,0,NA
2990,7,7,"M",1,0,3.59,1310,"Math & Science",0,0,NA
2991,6,4,"F",1,0,2.91,890,"Arts & Letters",0,0,NA
2992,6,6,"F",1,0,2.84,900,"Business & Economics",0,0,NA
2993,6,6,"F",0,1,2.89,1030,"Arts & Letters",0,0,NA
2994,4,3,"F",0,0,4.04,1210,"Math & Science",1,1,3.461
2995,3,4,"M",1,0,3.83,860,"Arts & Letters",0,0,NA
2996,7,6,"F",1,0,4.2,1400,"Math & Science",1,1,3.81
2997,4,4,"F",1,0,4.18,1150,"Math & Science",1,1,2.94
2998,2,3,"F",0,0,4.2,940,"Arts & Letters",0,0,NA
2999,7,6,"F",1,0,3.95,1210,"Math & Science",0,0,NA
3000,6,4,"F",1,0,4.04,1320,"Math & Science",1,0,NA
3001,6,4,"F",1,0,3.13,1010,"Arts & Letters",0,1,3.116
3002,7,3,"M",1,0,2.92,1390,"Arts & Letters",0,0,NA
3003,6,5,"F",1,0,4.03,1310,"Arts & Letters",1,0,NA
3004,3,3,"F",1,0,3.86,1040,"Math & Science",0,0,NA
3005,5,4,"F",0,0,3.79,990,"Arts & Letters",0,0,NA
3006,4,4,"F",1,0,3.52,1080,"Arts & Letters",0,0,NA
3007,6,6,"F",1,0,3.09,1050,"Arts & Letters",0,0,NA
3008,6,5,"F",1,0,3.6,1050,"Arts & Letters",0,0,NA
3009,6,6,"M",1,0,2.61,1320,"Arts & Letters",0,0,NA
3010,4,3,"F",1,0,3.69,1200,"Math & Science",0,0,NA
3011,4,4,"F",1,0,3.67,950,"Arts & Letters",0,0,NA
3012,6,6,"F",1,0,3.65,1030,"Arts & Letters",0,0,NA
3013,6,6,"F",1,0,3.05,1160,"Arts & Letters",0,0,NA
3014,6,6,"M",0,0,2.53,1120,"Business & Economics",0,0,NA
3015,3,5,"F",0,0,3.26,1180,"Arts & Letters",0,0,NA
3016,6,6,"F",1,0,3.3,1200,"Arts & Letters",0,0,NA
3017,6,6,"F",1,0,3.23,980,"Math & Science",0,0,NA
3018,4,6,"M",1,0,3.64,1260,"Business & Economics",1,0,NA
3019,3,6,"M",0,0,4,1280,"Business & Economics",1,1,2.864
3020,4,6,"M",1,0,3.5,1080,"Arts & Letters",0,0,NA
3021,5,1,"F",0,0,3.25,1000,"Arts & Letters",0,0,NA
3022,6,6,"M",1,0,3.32,1320,"Math & Science",0,0,NA
3023,6,6,"M",0,0,3.52,1200,"Math & Science",0,0,NA
3024,7,5,"F",1,0,3.45,1110,"Arts & Letters",0,0,NA
3025,3,6,"M",0,0,3.75,1250,"Business & Economics",1,0,NA
3026,7,6,"M",0,1,3.62,1440,"Math & Science",1,0,NA
3027,7,7,"M",1,0,3.79,1270,"Math & Science",0,0,NA
3028,5,4,"F",0,0,3.37,1090,"Arts & Letters",0,0,NA
3029,7,7,"F",1,0,4.23,1410,"Math & Science",1,0,NA
3030,7,7,"M",1,0,4.33,1380,"Math & Science",1,0,NA
3031,6,4,"F",1,0,3.58,970,"Business & Economics",0,0,NA
3032,6,3,"F",1,0,3.18,770,"Arts & Letters",0,0,NA
3033,7,6,"F",1,0,3.32,1360,"Arts & Letters",0,0,NA
3034,7,7,"F",1,0,3.77,1350,"Arts & Letters",1,0,NA
3035,3,6,"F",1,0,3.89,1170,"Math & Science",1,0,NA
3036,6,5,"F",1,0,3.54,1030,"Business & Economics",1,1,2.767
3037,6,6,"F",1,0,3.82,1060,"Arts & Letters",0,0,NA
3038,6,4,"F",1,0,3.41,1250,"Arts & Letters",1,1,3.601
3039,4,3,"F",0,0,2.74,980,"Math & Science",0,0,NA
3040,6,4,"F",1,0,3.88,1180,"Arts & Letters",0,0,NA
3041,1,1,"F",0,1,3.5,1000,"Arts & Letters",0,0,NA
3042,2,2,"F",1,0,3.95,1250,"Business & Economics",1,0,NA
3043,7,4,"F",1,0,3.68,1090,"Business & Economics",1,0,NA
3044,4,6,"F",1,0,3.88,1200,"Arts & Letters",0,0,NA
3045,7,7,"F",1,0,3.96,1330,"Math & Science",1,0,NA
3046,3,7,"F",1,0,4.04,1250,"Math & Science",1,1,3.097
3047,6,6,"M",0,0,3.58,1510,"Business & Economics",1,0,NA
3048,6,7,"F",1,0,3.5,1280,"Business & Economics",0,0,NA
3049,6,7,"M",0,1,3.95,1330,"Math & Science",0,0,NA
3050,3,6,"F",1,0,3.9,1170,"Arts & Letters",1,0,NA
3051,5,3,"F",1,0,3.74,1060,"Business & Economics",0,0,NA
3052,6,6,"F",1,0,3.35,1040,"Arts & Letters",0,0,NA
3053,7,7,"M",0,0,3.55,1230,"Arts & Letters",0,0,NA
3054,7,7,"F",1,0,3.52,1040,"Arts & Letters",0,0,NA
3055,6,6,"M",0,0,3.71,1100,"Business & Economics",0,0,NA
3056,6,7,"F",1,0,4.05,1260,"Arts & Letters",1,0,NA
3057,6,4,"F",0,1,3.3,930,"Business & Economics",0,0,NA
3058,7,7,"F",1,0,3.56,1130,"Math & Science",0,0,NA
3059,7,5,"F",1,0,2.56,1100,"Arts & Letters",0,0,NA
3060,6,5,"F",1,0,3.09,920,"Math & Science",0,0,NA
3061,4,4,"F",1,0,3.71,1040,"Math & Science",0,0,NA
3062,7,7,"M",1,0,3.77,1400,"Business & Economics",0,1,2.461
3063,6,6,"F",1,0,3.95,1070,"Arts & Letters",1,0,NA
3064,2,2,"F",0,0,3.23,930,"Arts & Letters",0,0,NA
3065,3,4,"M",0,1,3.55,1250,"Business & Economics",0,0,NA
3066,3,3,"F",0,0,3.92,1080,"Business & Economics",0,0,NA
3067,4,6,"M",0,0,3.41,1050,"Arts & Letters",0,0,NA
3068,3,6,"M",1,0,3.06,1380,"Math & Science",0,0,NA
3069,7,4,"M",1,0,3.23,1500,"Math & Science",0,0,NA
3070,4,4,"F",1,0,3.1,740,"Math & Science",0,0,NA
3071,6,6,"F",1,0,4.05,1440,"Math & Science",1,0,NA
3072,6,6,"F",1,0,4.12,1200,"Business & Economics",1,1,3.348
3073,5,6,"M",0,0,3.85,1020,"Business & Economics",1,1,2.637
3074,7,4,"M",1,0,3.59,1190,"Business & Economics",0,0,NA
3075,6,6,"F",1,0,3.33,1270,"Math & Science",1,0,NA
3076,3,5,"F",1,0,4.05,1320,"Math & Science",1,0,NA
3077,6,4,"F",1,0,2.67,920,"Arts & Letters",0,0,NA
3078,1,2,"F",0,0,2.5,990,"Business & Economics",0,0,NA
3079,2,2,"F",0,0,3,970,"Arts & Letters",0,0,NA
3080,7,6,"M",1,0,4.18,1390,"Math & Science",1,0,NA
3081,7,7,"M",1,0,2.9,1150,"Math & Science",0,0,NA
3082,6,4,"M",0,0,3.45,920,"Arts & Letters",0,0,NA
3083,7,4,"F",0,0,3.32,1270,"Arts & Letters",0,0,NA
3084,6,6,"F",0,0,3.7,1070,"Business & Economics",0,0,NA
3085,6,6,"F",1,0,3.77,1070,"Arts & Letters",0,0,NA
3086,7,6,"F",1,0,3.96,1250,"Arts & Letters",0,0,NA
3087,6,3,"F",0,0,2.89,970,"Math & Science",0,0,NA
3088,6,6,"F",0,1,3.81,1180,"Math & Science",0,0,NA
3089,7,5,"F",1,0,3.86,1200,"Math & Science",1,1,2.782
3090,6,4,"F",0,0,4,1240,"Math & Science",1,0,NA
3091,7,6,"F",1,0,4.3,1470,"Math & Science",1,0,NA
3092,6,4,"F",1,0,3.81,1210,"Arts & Letters",1,1,3.215
3093,7,5,"M",1,0,3.75,1330,"Math & Science",1,1,2.994
3094,6,6,"M",1,0,3.65,1170,"Business & Economics",1,1,3.2
3095,6,6,"F",1,0,3.33,1290,"Arts & Letters",1,0,NA
3096,6,3,"F",1,0,3.67,1370,"Arts & Letters",0,0,NA
3097,7,6,"F",1,0,3.62,1170,"Arts & Letters",0,0,NA
3098,6,7,"F",1,0,3.82,1320,"Arts & Letters",1,1,3.584
3099,7,7,"F",1,0,3.77,1070,"Business & Economics",0,0,NA
3100,6,6,"M",0,1,3.58,1320,"Math & Science",1,1,2.303
3101,7,6,"M",1,0,3.64,1210,"Business & Economics",0,0,NA
3102,6,7,"M",1,0,3.1,1040,"Math & Science",0,0,NA
3103,4,4,"M",1,0,2.76,1250,"Business & Economics",0,0,NA
3104,6,6,"M",1,0,3.5,1150,"Business & Economics",0,0,NA
3105,3,6,"F",0,0,3.24,1000,"Arts & Letters",0,0,NA
3106,6,5,"F",1,0,3.23,1160,"Arts & Letters",0,0,NA
3107,7,7,"F",1,0,3.82,1230,"Math & Science",0,0,NA
3108,7,7,"F",1,0,4.14,1320,"Math & Science",0,0,NA
3109,7,4,"F",1,0,3.96,1150,"Math & Science",0,0,NA
3110,4,5,"F",0,0,3.39,930,"Business & Economics",0,0,NA
3111,7,6,"F",1,0,3.96,1350,"Math & Science",1,0,NA
3112,3,6,"F",1,0,3.48,1080,"Math & Science",0,0,NA
3113,7,6,"M",1,0,3.45,1330,"Math & Science",0,0,NA
3114,6,7,"F",1,0,4.22,1120,"Arts & Letters",1,0,NA
3115,6,7,"F",1,0,4.04,1350,"Arts & Letters",1,1,3.658
3116,6,7,"M",1,0,3.23,1040,"Business & Economics",0,0,NA
3117,7,7,"M",1,0,4.27,1390,"Math & Science",1,0,NA
3118,2,5,"M",0,0,3.05,1050,"Math & Science",0,0,NA
3119,7,6,"M",1,0,3.06,1120,"Arts & Letters",0,0,NA
3120,7,7,"F",1,0,4.2,1440,"Arts & Letters",1,0,NA
3121,7,7,"M",1,0,4.05,1310,"Arts & Letters",1,0,NA
3122,7,4,"M",1,0,3.2,1230,"Arts & Letters",0,0,NA
3123,7,7,"F",0,1,3.5,1150,"Arts & Letters",0,0,NA
3124,5,6,"F",1,0,2.45,1090,"Arts & Letters",0,0,NA
3125,6,6,"F",0,0,3.77,1060,"Math & Science",0,0,NA
3126,7,4,"F",0,0,3.94,1020,"Business & Economics",0,0,NA
3127,7,7,"F",1,0,3.54,1020,"Arts & Letters",0,0,NA
3128,7,3,"F",1,0,4.32,1350,"Math & Science",1,0,NA
3129,2,4,"M",0,0,2.96,690,"Arts & Letters",0,0,NA
3130,7,3,"F",0,0,3.91,1120,"Math & Science",0,0,NA
3131,3,3,"F",1,0,4,1510,"Arts & Letters",1,0,NA
3132,6,6,"F",0,0,3.78,1200,"Business & Economics",1,0,NA
3133,6,4,"M",0,0,4,1350,"Business & Economics",0,1,3.597
3134,3,7,"M",1,0,3.53,1170,"Arts & Letters",0,0,NA
3135,7,6,"F",1,0,3.95,1320,"Math & Science",0,0,NA
3136,6,4,"F",1,0,3.67,1200,"Math & Science",0,0,NA
3137,7,6,"F",1,0,4.14,1180,"Arts & Letters",0,0,NA
3138,2,2,"F",0,0,3.77,960,"Math & Science",0,0,NA
3139,5,5,"F",0,0,3.35,1030,"Math & Science",0,0,NA
3140,7,7,"F",1,0,3.92,1380,"Arts & Letters",1,0,NA
3141,7,3,"F",0,1,3.64,1320,"Math & Science",1,1,2.493
3142,6,7,"F",1,0,3.18,1140,"Arts & Letters",0,0,NA
3143,6,6,"F",1,0,3.88,1320,"Arts & Letters",1,1,3.57
3144,3,5,"F",0,1,3.45,1170,"Math & Science",0,0,NA
3145,6,6,"F",0,0,3.65,1060,"Arts & Letters",1,0,NA
3146,7,7,"F",1,0,3.92,1030,"Arts & Letters",1,0,NA
3147,6,5,"F",0,0,3.55,1100,"Business & Economics",0,0,NA
3148,7,6,"F",1,0,3.55,1340,"Arts & Letters",0,0,NA
3149,6,7,"M",0,0,3.15,1100,"Arts & Letters",0,0,NA
3150,6,7,"M",1,0,2.46,910,"Business & Economics",0,0,NA
3151,5,6,"F",1,0,3.05,820,"Math & Science",0,0,NA
3152,7,6,"F",1,0,3.79,1190,"Arts & Letters",0,0,NA
3153,7,6,"M",1,0,4.12,1410,"Math & Science",1,0,NA
3154,5,4,"M",1,0,3.4,1050,"Business & Economics",0,0,NA
3155,4,3,"F",0,0,4,1010,"Math & Science",0,0,NA
3156,6,6,"F",1,0,4.33,1510,"Math & Science",1,0,NA
3157,3,3,"F",1,0,3.14,1170,"Arts & Letters",0,0,NA
3158,3,6,"F",1,0,3.96,1140,"Math & Science",0,0,NA
3159,6,6,"F",1,0,4,1350,"Math & Science",1,0,NA
3160,2,2,"F",0,0,3.64,1020,"Arts & Letters",0,0,NA
3161,1,1,"F",0,1,3.58,800,"Arts & Letters",0,0,NA
3162,4,5,"F",1,0,3.96,1250,"Business & Economics",0,0,NA
3163,7,7,"F",1,0,4.36,1350,"Arts & Letters",1,0,NA
3164,2,4,"F",0,0,3.67,1080,"Arts & Letters",0,0,NA
3165,1,2,"F",0,0,4,1100,"Arts & Letters",0,0,NA
3166,7,4,"F",0,0,2.56,1000,"Business & Economics",0,0,NA
3167,6,4,"F",1,0,3.38,1050,"Math & Science",0,0,NA
3168,6,6,"M",1,0,3.9,1300,"Business & Economics",1,0,NA
3169,3,3,"M",1,0,3.46,1140,"Business & Economics",0,0,NA
3170,2,3,"M",0,0,3.13,1110,"Math & Science",0,0,NA
3171,7,7,"F",1,0,3.04,1250,"Arts & Letters",0,0,NA
3172,2,1,"F",0,0,3.07,760,"Arts & Letters",0,0,NA
3173,1,1,"F",0,0,4.29,990,"Math & Science",1,0,NA
3174,1,1,"M",0,0,3.93,800,"Arts & Letters",0,0,NA
3175,3,4,"F",1,0,3.73,1230,"Math & Science",0,0,NA
3176,6,6,"F",0,0,3.52,1050,"Math & Science",0,0,NA
3177,5,5,"M",0,0,2.87,910,"Math & Science",0,0,NA
3178,6,3,"M",0,0,3.6,1240,"Business & Economics",0,0,NA
3179,4,7,"M",1,0,3.29,1170,"Math & Science",0,0,NA
3180,3,6,"F",1,0,3,860,"Business & Economics",0,0,NA
3181,4,6,"F",0,0,3.68,1170,"Arts & Letters",1,0,NA
3182,3,3,"M",1,0,3.27,1310,"Arts & Letters",0,0,NA
3183,6,4,"M",0,0,3.82,1300,"Arts & Letters",0,0,NA
3184,6,6,"F",0,1,3.83,1270,"Business & Economics",1,0,NA
3185,5,3,"F",0,0,3.76,950,"Business & Economics",0,0,NA
3186,6,6,"M",1,0,4.2,1210,"Business & Economics",1,1,3.131
3187,3,6,"F",0,0,2.86,1080,"Arts & Letters",0,0,NA
3188,7,7,"F",1,0,3.65,1330,"Arts & Letters",0,0,NA
3189,6,7,"F",1,0,3.59,1200,"Math & Science",0,0,NA
3190,7,7,"F",0,0,3.7,1250,"Math & Science",0,0,NA
3191,6,6,"F",1,0,3.5,1220,"Arts & Letters",0,0,NA
3192,6,7,"F",1,0,3.67,1250,"Math & Science",0,0,NA
3193,2,2,"M",0,0,2.2,810,"Math & Science",0,0,NA
3194,3,4,"F",1,0,3.59,1060,"Arts & Letters",0,0,NA
3195,7,6,"M",0,1,3.42,1430,"Arts & Letters",0,0,NA
3196,4,7,"M",1,0,3.33,930,"Math & Science",0,0,NA
3197,6,4,"F",1,0,2.85,1110,"Arts & Letters",1,1,2.255
3198,7,7,"M",1,0,3.47,1430,"Business & Economics",1,0,NA
3199,7,4,"F",1,0,3.57,1130,"Arts & Letters",0,1,3.642
3200,6,4,"M",0,0,3.57,990,"Business & Economics",0,0,NA
3201,3,4,"F",1,0,3.96,1030,"Math & Science",0,0,NA
3202,3,3,"M",0,0,3.48,1310,"Business & Economics",1,0,NA
3203,7,6,"F",1,0,3.92,1300,"Math & Science",0,0,NA
3204,3,3,"M",1,0,4.06,1300,"Math & Science",1,0,NA
3205,6,6,"F",1,0,2.8,1100,"Arts & Letters",0,0,NA
3206,5,6,"F",0,0,3.71,930,"Arts & Letters",0,0,NA
3207,6,7,"M",1,0,3.43,1260,"Arts & Letters",0,0,NA
3208,6,3,"F",1,0,3.45,1010,"Arts & Letters",0,0,NA
3209,7,6,"F",1,0,3.6,1060,"Math & Science",0,0,NA
3210,6,6,"F",0,1,4,1190,"Business & Economics",0,0,NA
3211,1,1,"M",0,0,4.1,1030,"Math & Science",1,0,NA
3212,6,6,"F",1,0,3.74,1210,"Arts & Letters",0,0,NA
3213,6,6,"F",1,0,4.05,1170,"Math & Science",0,0,NA
3214,5,6,"M",0,0,2.9,1040,"Arts & Letters",0,0,NA
3215,7,5,"F",1,0,3.77,1030,"Math & Science",0,0,NA
3216,5,5,"F",0,0,3,940,"Math & Science",0,0,NA
3217,4,5,"M",1,0,3.04,1080,"Math & Science",0,0,NA
3218,5,6,"F",1,0,3.57,1050,"Math & Science",0,0,NA
3219,4,3,"M",0,1,3.16,1160,"Math & Science",0,0,NA
3220,7,4,"F",0,1,3.65,990,"Business & Economics",0,0,NA
3221,7,7,"M",1,0,3.4,1200,"Math & Science",0,0,NA
3222,3,3,"F",1,0,4,1020,"Business & Economics",0,0,NA
3223,6,7,"M",1,0,3.38,1170,"Arts & Letters",0,0,NA
3224,2,3,"M",0,0,3.35,860,"Arts & Letters",0,0,NA
3225,6,7,"F",1,0,3.33,1070,"Arts & Letters",0,0,NA
3226,6,5,"M",1,0,4.22,1450,"Business & Economics",1,1,3.785
3227,4,4,"F",1,0,3.61,1020,"Arts & Letters",0,0,NA
3228,2,3,"F",0,0,2.67,940,"Arts & Letters",0,0,NA
3229,7,7,"F",0,1,3.5,1230,"Arts & Letters",0,0,NA
3230,7,4,"F",1,0,3.45,970,"Math & Science",0,0,NA
3231,3,3,"M",0,1,3.2,970,"Math & Science",0,0,NA
3232,2,4,"M",0,0,4.36,1350,"Arts & Letters",0,0,NA
3233,7,6,"F",1,0,3.39,940,"Arts & Letters",0,0,NA
3234,2,6,"M",0,1,3.52,1360,"Math & Science",1,0,NA
3235,7,6,"F",0,0,3.75,1270,"Math & Science",0,0,NA
3236,6,6,"F",1,0,3.04,1210,"Math & Science",0,0,NA
3237,4,3,"M",0,0,3.55,1210,"Math & Science",0,0,NA
3238,6,5,"F",1,0,2.79,1330,"Arts & Letters",0,0,NA
3239,7,6,"F",1,0,4.4,1430,"Math & Science",1,0,NA
3240,6,7,"F",1,0,4.07,1110,"Arts & Letters",1,0,NA
3241,1,6,"M",0,1,3.56,1040,"Math & Science",0,0,NA
3242,7,6,"F",1,0,3.95,1050,"Business & Economics",0,0,NA
3243,6,5,"F",1,0,3.78,1220,"Arts & Letters",0,0,NA
3244,6,4,"F",0,0,3.1,1140,"Math & Science",0,0,NA
3245,6,3,"F",1,0,3.21,1180,"Business & Economics",0,0,NA
3246,3,3,"F",0,0,3.82,1230,"Business & Economics",0,0,NA
3247,6,6,"M",0,1,2.55,1020,"Business & Economics",0,0,NA
3248,6,7,"F",1,0,2.77,1010,"Arts & Letters",0,0,NA
3249,3,5,"F",0,1,3.41,1180,"Arts & Letters",0,0,NA
3250,6,6,"F",1,0,3.6,1190,"Arts & Letters",0,0,NA
3251,6,6,"F",1,0,3.68,1110,"Arts & Letters",0,0,NA
3252,6,6,"F",0,0,4.23,1140,"Math & Science",0,0,NA
3253,4,5,"F",0,1,3.74,1140,"Business & Economics",0,0,NA
3254,6,6,"F",1,0,3.33,1150,"Math & Science",0,0,NA
3255,7,7,"F",0,1,3.83,1500,"Math & Science",1,1,3.292
3256,7,7,"F",1,0,4,1300,"Business & Economics",1,0,NA
3257,3,6,"M",0,0,3.44,1110,"Math & Science",0,0,NA
3258,6,7,"F",1,0,4.08,1290,"Arts & Letters",1,0,NA
3259,7,6,"M",0,1,3.77,1290,"Business & Economics",1,1,3.456
3260,7,7,"M",0,0,4.05,1440,"Business & Economics",0,1,3.274
3261,6,6,"M",0,1,4.3,1190,"Arts & Letters",1,0,NA
3262,5,7,"F",0,0,3.55,1250,"Business & Economics",0,0,NA
3263,4,6,"M",1,0,3.25,1100,"Business & Economics",0,0,NA
3264,7,3,"M",0,0,3.5,1130,"Business & Economics",0,0,NA
3265,7,6,"M",1,0,3.41,1290,"Arts & Letters",0,0,NA
3266,2,2,"M",0,0,2.76,1140,"Arts & Letters",0,0,NA
3267,7,3,"F",0,0,3.36,970,"Business & Economics",0,0,NA
3268,7,7,"F",0,0,4.12,1160,"Math & Science",1,0,NA
3269,4,6,"M",0,0,3.11,950,"Arts & Letters",0,0,NA
3270,7,5,"M",1,0,4.09,1310,"Arts & Letters",1,1,4
3271,7,7,"M",0,1,4.17,1380,"Math & Science",1,0,NA
3272,4,2,"F",0,0,3.35,1080,"Arts & Letters",0,0,NA
3273,7,6,"F",1,0,3.5,1340,"Arts & Letters",1,0,NA
3274,7,6,"F",1,0,4.09,1290,"Arts & Letters",1,0,NA
3275,1,1,"F",0,0,3.67,1040,"Arts & Letters",0,0,NA
3276,6,6,"F",0,0,4.33,1240,"Arts & Letters",1,0,NA
3277,4,1,"F",0,0,3.4,1110,"Arts & Letters",1,0,NA
3278,7,6,"M",1,0,3,840,"Arts & Letters",0,0,NA
3279,7,6,"M",0,0,3.5,1320,"Business & Economics",0,0,NA
3280,3,2,"M",0,1,4.08,1180,"Math & Science",0,0,NA
3281,4,4,"F",1,0,3.54,1270,"Business & Economics",0,0,NA
3282,6,5,"M",1,0,3.71,1090,"Math & Science",0,0,NA
3283,4,6,"F",0,1,3.25,1080,"Math & Science",0,0,NA
3284,3,3,"M",0,0,3.95,1050,"Math & Science",0,0,NA
3285,6,6,"F",1,0,3.68,1280,"Business & Economics",0,0,NA
3286,3,3,"F",0,0,4.08,1320,"Math & Science",1,0,NA
3287,6,4,"F",1,0,3.91,1340,"Arts & Letters",0,0,NA
3288,5,3,"M",1,0,3.45,930,"Arts & Letters",0,0,NA
3289,6,6,"F",1,0,3.53,1040,"Math & Science",0,0,NA
3290,4,4,"F",1,0,4.35,1150,"Arts & Letters",0,1,3.242
3291,3,5,"F",1,0,3.18,1000,"Math & Science",0,0,NA
3292,2,1,"F",0,0,3.62,950,"Business & Economics",1,0,NA
3293,1,4,"F",0,0,3.9,1030,"Arts & Letters",0,0,NA
3294,7,7,"M",1,0,3.59,1400,"Arts & Letters",0,0,NA
3295,7,7,"M",0,0,4.23,1240,"Arts & Letters",1,1,3.673
3296,3,6,"F",0,1,3.7,1010,"Math & Science",1,1,3.257
3297,7,7,"M",1,0,4.1,1320,"Business & Economics",1,1,3.134
3298,1,2,"F",0,0,2.7,710,"Arts & Letters",0,0,NA
3299,7,4,"M",1,0,3.36,1150,"Math & Science",0,0,NA
3300,5,6,"F",1,0,4.3,1050,"Math & Science",0,0,NA
3301,3,6,"F",0,0,3.2,930,"Business & Economics",0,0,NA
3302,7,5,"F",1,0,3.64,1140,"Arts & Letters",1,0,NA
3303,6,6,"F",1,0,3.3,1070,"Arts & Letters",1,1,2.623
3304,7,6,"F",1,0,3.57,1190,"Math & Science",0,0,NA
3305,4,3,"F",0,0,3.06,850,"Arts & Letters",0,0,NA
3306,1,1,"F",0,0,3.45,800,"Arts & Letters",0,0,NA
3307,3,3,"F",1,0,3.42,1010,"Math & Science",0,0,NA
3308,6,6,"M",1,0,3.21,1190,"Business & Economics",0,0,NA
3309,3,6,"F",1,0,4,1060,"Math & Science",0,0,NA
3310,4,3,"F",0,0,3.96,950,"Math & Science",0,0,NA
3311,4,5,"F",0,1,3.54,1100,"Business & Economics",0,0,NA
3312,4,4,"M",0,0,3.42,900,"Math & Science",0,0,NA
3313,6,6,"M",1,0,3.6,1490,"Business & Economics",1,0,NA
3314,6,6,"F",1,0,3.31,990,"Arts & Letters",0,0,NA
3315,7,6,"M",1,0,3.26,1250,"Math & Science",0,0,NA
3316,1,3,"F",0,0,3.62,830,"Math & Science",0,0,NA
3317,7,6,"F",1,0,3.52,1010,"Math & Science",0,0,NA
3318,2,2,"M",1,0,3.1,1100,"Business & Economics",1,1,1.543
3319,6,6,"F",1,0,4.09,1200,"Business & Economics",1,0,NA
3320,2,1,"M",0,0,3.9,750,"Math & Science",0,0,NA
3321,7,4,"F",1,0,3.7,1380,"Math & Science",0,0,NA
3322,4,7,"M",1,0,3.8,1260,"Business & Economics",0,0,NA
3323,1,4,"F",0,0,3.65,880,"Math & Science",0,0,NA
3324,6,6,"M",1,0,3.28,1120,"Business & Economics",0,0,NA
3325,3,3,"F",1,0,3.4,1090,"Arts & Letters",0,0,NA
3326,6,5,"M",1,0,3.28,960,"Arts & Letters",0,0,NA
3327,6,6,"F",1,0,3.77,1280,"Arts & Letters",1,0,NA
3328,6,4,"F",1,0,3.35,1010,"Arts & Letters",0,0,NA
3329,1,2,"M",0,0,2.73,760,"Math & Science",0,0,NA
3330,2,1,"M",0,0,3.2,790,"Business & Economics",0,0,NA
3331,1,1,"F",0,0,3.91,1000,"Arts & Letters",0,0,NA
3332,6,5,"F",1,0,2.93,920,"Business & Economics",0,0,NA
3333,1,1,"F",0,0,3.71,900,"Arts & Letters",0,0,NA
3334,4,4,"M",0,0,3.05,890,"Business & Economics",0,0,NA
3335,7,7,"M",0,1,3.71,1260,"Arts & Letters",0,0,NA
3336,3,6,"M",0,0,3.18,1020,"Arts & Letters",0,0,NA
3337,6,4,"F",1,0,4.1,1360,"Math & Science",1,0,NA
3338,6,6,"M",0,1,3.86,1080,"Arts & Letters",0,0,NA
3339,6,6,"F",1,0,2.83,760,"Business & Economics",0,0,NA
3340,6,6,"F",1,0,4.05,1290,"Business & Economics",1,0,NA
3341,7,7,"F",1,0,4.21,1180,"Arts & Letters",1,1,3.306
3342,6,6,"F",1,0,3.7,1160,"Arts & Letters",1,0,NA
3343,3,6,"F",1,0,3.61,1120,"Arts & Letters",0,0,NA
3344,6,6,"F",1,0,3.1,1180,"Business & Economics",0,0,NA
3345,3,3,"M",1,0,3.55,1160,"Business & Economics",0,0,NA
3346,7,7,"F",1,0,3.5,1000,"Math & Science",0,0,NA
3347,6,3,"F",1,0,3.67,1140,"Arts & Letters",1,0,NA
3348,6,6,"F",0,0,2.62,1090,"Arts & Letters",0,0,NA
3349,6,4,"F",1,0,4.17,1270,"Arts & Letters",1,0,NA
3350,3,4,"F",0,0,3.62,1160,"Arts & Letters",0,0,NA
3351,7,6,"M",1,0,3.96,1350,"Business & Economics",1,0,NA
3352,6,5,"F",1,0,3.17,1300,"Arts & Letters",0,0,NA
3353,3,3,"F",0,1,3.45,930,"Math & Science",0,0,NA
3354,3,3,"F",0,0,3.2,1190,"Arts & Letters",0,0,NA
3355,6,4,"F",1,0,2.95,910,"Arts & Letters",0,0,NA
3356,6,5,"F",1,0,3.59,1030,"Business & Economics",0,0,NA
3357,4,7,"F",0,0,3.91,1040,"Arts & Letters",0,0,NA
3358,6,6,"M",0,0,4,1140,"Math & Science",0,0,NA
3359,7,7,"M",1,0,3,1200,"Arts & Letters",0,0,NA
3360,5,5,"M",1,0,3.91,1100,"Arts & Letters",0,0,NA
3361,7,7,"F",1,0,4.36,1420,"Arts & Letters",1,0,NA
3362,6,6,"M",1,0,4.14,1300,"Arts & Letters",0,0,NA
3363,5,6,"F",0,1,3.82,1360,"Math & Science",1,0,NA
3364,4,4,"F",1,0,3.73,1340,"Arts & Letters",1,0,NA
3365,7,4,"F",0,0,3.59,870,"Arts & Letters",0,0,NA
3366,6,7,"M",1,0,3.42,1090,"Business & Economics",0,0,NA
3367,6,6,"F",1,0,3.39,1270,"Arts & Letters",0,0,NA
3368,5,7,"M",1,0,3.32,1050,"Business & Economics",0,0,NA
3369,7,7,"F",1,0,4,1170,"Math & Science",1,1,3.113
3370,7,4,"M",1,0,3.83,1250,"Math & Science",0,0,NA
3371,5,6,"F",0,1,3.5,1170,"Math & Science",0,0,NA
3372,4,4,"F",1,0,2.85,780,"Arts & Letters",0,0,NA
3373,4,4,"M",0,1,3.83,1260,"Math & Science",1,1,2.284
3374,6,6,"M",1,0,4.05,1250,"Business & Economics",1,0,NA
3375,6,5,"M",0,0,4.2,1010,"Math & Science",0,0,NA
3376,6,7,"M",1,0,3.86,1200,"Arts & Letters",0,0,NA
3377,6,6,"F",1,0,3.35,1100,"Arts & Letters",1,0,NA
3378,6,6,"M",1,0,3.53,1120,"Math & Science",0,0,NA
3379,6,5,"M",1,0,3.59,1190,"Business & Economics",0,0,NA
3380,6,6,"M",1,0,2.45,1120,"Business & Economics",0,0,NA
3381,6,6,"F",0,0,4.15,1250,"Math & Science",1,0,NA
3382,7,5,"F",0,0,3.82,1360,"Math & Science",0,0,NA
3383,7,6,"M",1,0,3.85,1150,"Business & Economics",0,0,NA
3384,7,7,"M",1,0,2.6,980,"Math & Science",0,0,NA
3385,4,6,"F",1,0,3.73,1180,"Arts & Letters",1,1,3.236
3386,2,3,"F",0,0,3.86,1090,"Arts & Letters",1,0,NA
3387,6,6,"F",1,0,3.86,1270,"Math & Science",0,0,NA
3388,6,6,"F",1,0,3.5,1210,"Math & Science",0,0,NA
3389,6,6,"F",1,0,3.89,1440,"Arts & Letters",1,0,NA
3390,4,3,"F",1,0,3.61,810,"Business & Economics",0,0,NA
3391,7,6,"M",1,0,4.14,1170,"Math & Science",1,0,NA
3392,7,7,"F",0,1,3.35,1220,"Math & Science",0,0,NA
3393,4,5,"F",0,0,3,930,"Arts & Letters",0,0,NA
3394,6,6,"F",0,1,3,970,"Arts & Letters",0,0,NA
3395,7,7,"F",1,0,3.92,1230,"Arts & Letters",1,1,3.372
3396,7,6,"F",1,0,3.24,1190,"Math & Science",0,0,NA
3397,7,4,"M",1,0,3.35,1410,"Arts & Letters",1,0,NA
3398,6,6,"F",1,0,3.58,1080,"Arts & Letters",0,0,NA
3399,6,6,"F",0,1,3.67,1180,"Math & Science",0,0,NA
3400,3,4,"M",1,0,3.67,1210,"Business & Economics",0,0,NA
3401,6,4,"M",1,0,3.55,1340,"Math & Science",0,0,NA
3402,3,4,"F",1,0,3.9,1220,"Business & Economics",1,0,NA
3403,6,6,"F",1,0,3.53,1230,"Arts & Letters",0,0,NA
3404,4,3,"F",0,0,3.23,1040,"Arts & Letters",0,0,NA
3405,5,6,"M",0,0,2.95,1080,"Arts & Letters",0,0,NA
3406,7,7,"F",1,0,3.54,1230,"Arts & Letters",0,0,NA
3407,6,6,"F",0,0,3.45,1150,"Arts & Letters",0,0,NA
3408,6,3,"M",0,0,3.91,1140,"Business & Economics",0,0,NA
3409,5,6,"F",0,1,3.75,1100,"Math & Science",0,0,NA
3410,7,7,"F",1,0,3.71,1030,"Arts & Letters",0,0,NA
3411,4,6,"M",1,0,3.1,1020,"Business & Economics",0,0,NA
3412,7,7,"F",1,0,3.96,1320,"Math & Science",1,0,NA
3413,3,3,"F",1,0,4.05,1190,"Math & Science",0,0,NA
3414,3,6,"M",1,0,3.45,1330,"Math & Science",1,0,NA
3415,7,6,"M",1,0,3.59,1200,"Business & Economics",0,0,NA
3416,3,3,"M",0,0,4.1,1040,"Math & Science",0,0,NA
3417,4,4,"F",1,0,3.48,1310,"Arts & Letters",0,1,3.505
3418,7,6,"F",1,0,3.58,1170,"Business & Economics",0,0,NA
3419,6,7,"F",1,0,3.85,1060,"Business & Economics",0,0,NA
3420,3,3,"M",0,0,3,1100,"Business & Economics",0,0,NA
3421,4,4,"M",0,0,3,720,"Arts & Letters",0,0,NA
3422,6,3,"M",0,0,3.11,960,"Math & Science",0,0,NA
3423,6,6,"F",0,0,3.52,1250,"Arts & Letters",0,0,NA
3424,6,6,"F",1,0,3.05,980,"Math & Science",0,0,NA
3425,5,7,"M",1,0,3.68,1250,"Business & Economics",1,1,3.245
3426,7,7,"M",0,0,2.95,1210,"Business & Economics",0,0,NA
3427,7,6,"F",1,0,3.42,1190,"Arts & Letters",0,1,2.698
3428,7,6,"F",1,0,4.16,1170,"Math & Science",0,0,NA
3429,7,7,"M",1,0,4.31,1400,"Math & Science",1,0,NA
3430,7,7,"M",0,0,3.5,1090,"Math & Science",0,0,NA
3431,3,7,"M",1,0,3.39,1270,"Arts & Letters",0,0,NA
3432,6,6,"M",0,0,3.4,870,"Business & Economics",0,0,NA
3433,7,4,"F",0,1,3.67,1110,"Arts & Letters",0,0,NA
3434,6,6,"M",1,0,3.08,1270,"Arts & Letters",0,0,NA
3435,6,6,"M",1,0,3.71,1220,"Arts & Letters",0,0,NA
3436,3,4,"F",1,0,3.5,1310,"Arts & Letters",0,0,NA
3437,7,7,"M",1,0,4.1,1580,"Arts & Letters",1,0,NA
3438,1,1,"M",0,0,3.52,1140,"Math & Science",1,1,3.271
3439,6,6,"F",1,0,4,1230,"Arts & Letters",0,0,NA
3440,7,6,"F",1,0,2.88,1200,"Arts & Letters",0,0,NA
3441,7,5,"F",1,0,2.52,880,"Arts & Letters",0,0,NA
3442,7,6,"F",0,1,3.85,1350,"Math & Science",1,0,NA
3443,6,7,"F",1,0,3.7,1220,"Math & Science",1,0,NA
3444,2,4,"F",0,1,3.36,890,"Arts & Letters",0,0,NA
3445,6,6,"M",1,0,3.21,1150,"Arts & Letters",0,0,NA
3446,6,6,"F",0,1,4.25,1450,"Math & Science",1,0,NA
3447,7,5,"M",1,0,3.15,1130,"Math & Science",0,0,NA
3448,7,6,"F",1,0,3.1,1390,"Math & Science",0,0,NA
3449,2,3,"F",0,0,3.5,1350,"Math & Science",1,0,NA
3450,5,6,"M",1,0,4.08,1180,"Math & Science",1,0,NA
3451,7,6,"M",0,0,3.5,1290,"Math & Science",0,0,NA
3452,4,6,"M",1,0,3.45,890,"Math & Science",0,0,NA
3453,2,4,"F",0,0,3.05,810,"Business & Economics",0,0,NA
3454,1,3,"M",0,0,3.25,790,"Math & Science",0,0,NA
3455,1,1,"F",0,0,3.05,790,"Math & Science",0,0,NA
3456,6,3,"F",1,0,3.5,1090,"Business & Economics",0,0,NA
3457,7,6,"M",0,0,3.54,1090,"Business & Economics",0,0,NA
3458,6,6,"M",1,0,3.17,1080,"Arts & Letters",0,0,NA
3459,6,3,"F",1,0,3.25,1250,"Arts & Letters",0,0,NA
3460,7,6,"M",1,0,2.83,940,"Math & Science",0,0,NA
3461,4,4,"M",0,0,3.61,1030,"Business & Economics",0,0,NA
3462,1,1,"F",0,0,3,1030,"Arts & Letters",0,0,NA
3463,6,6,"F",1,0,3.92,1460,"Business & Economics",1,1,2.936
3464,2,3,"F",0,0,3.91,960,"Math & Science",0,0,NA
3465,6,6,"M",1,0,3.89,1290,"Arts & Letters",0,0,NA
3466,6,6,"F",1,0,3.59,1090,"Math & Science",0,0,NA
3467,7,6,"F",1,0,3.14,1260,"Arts & Letters",0,0,NA
3468,2,2,"M",0,0,3.91,970,"Arts & Letters",1,0,NA
3469,6,4,"F",1,0,3.91,1300,"Math & Science",0,0,NA
3470,2,2,"F",0,0,4.18,890,"Arts & Letters",0,0,NA
3471,4,4,"F",1,0,4.05,1210,"Business & Economics",1,0,NA
3472,6,4,"F",0,0,3.54,1360,"Math & Science",0,0,NA
3473,6,4,"F",1,0,3.6,1090,"Math & Science",0,0,NA
3474,7,6,"F",0,0,3.65,1300,"Math & Science",0,0,NA
3475,3,3,"M",0,1,4.35,1240,"Math & Science",1,0,NA
3476,7,6,"F",1,0,3.7,1310,"Arts & Letters",1,0,NA
3477,3,3,"M",1,0,3.15,940,"Business & Economics",0,0,NA
3478,7,7,"F",1,0,4.05,1420,"Arts & Letters",1,0,NA
3479,7,7,"M",1,0,3.68,1270,"Math & Science",0,0,NA
3480,1,1,"F",0,0,3.39,820,"Arts & Letters",0,0,NA
3481,6,6,"F",1,0,3.9,1190,"Math & Science",1,0,NA
3482,5,6,"F",1,0,3.32,950,"Business & Economics",0,0,NA
3483,6,6,"F",1,0,3.65,1090,"Business & Economics",0,0,NA
3484,6,6,"F",1,0,4.2,1210,"Business & Economics",1,1,3.451
3485,6,5,"F",1,0,3.21,1070,"Arts & Letters",0,0,NA
3486,4,3,"F",1,0,4,1070,"Math & Science",0,0,NA
3487,6,4,"F",0,0,3,810,"Arts & Letters",0,0,NA
3488,4,6,"F",1,0,4.15,1200,"Business & Economics",0,0,NA
3489,7,7,"F",1,0,4.33,1570,"Math & Science",1,1,4
3490,6,4,"F",1,0,3.55,1230,"Business & Economics",1,1,2.479
3491,6,5,"F",1,0,3.3,1060,"Arts & Letters",0,0,NA
3492,6,6,"F",0,0,3.32,1310,"Arts & Letters",0,0,NA
3493,3,7,"M",1,0,3.55,1430,"Business & Economics",1,1,3.269
3494,4,6,"F",1,0,3.35,1170,"Arts & Letters",0,0,NA
3495,7,7,"F",1,0,2.8,1020,"Arts & Letters",0,0,NA
3496,6,4,"F",1,0,4.09,1410,"Arts & Letters",0,0,NA
3497,4,4,"M",0,0,3.68,1190,"Math & Science",1,1,2.565
3498,6,4,"F",1,0,3.29,1040,"Arts & Letters",1,1,2.467
3499,7,6,"F",1,0,3.64,1110,"Business & Economics",0,0,NA
3500,3,3,"F",0,1,3.12,1000,"Math & Science",0,0,NA
3501,6,5,"F",1,0,3.75,1190,"Arts & Letters",0,0,NA
3502,2,3,"F",0,0,3.43,1040,"Math & Science",0,0,NA
3503,2,1,"F",1,0,3.5,1080,"Math & Science",1,1,2.853
3504,7,7,"F",1,0,3.35,1210,"Math & Science",0,0,NA
3505,6,6,"M",1,0,3.23,1210,"Arts & Letters",0,0,NA
3506,7,7,"F",1,0,4.15,1340,"Business & Economics",0,1,3.377
3507,6,6,"F",1,0,4.18,1270,"Arts & Letters",0,0,NA
3508,7,6,"F",1,0,3.09,1500,"Arts & Letters",1,0,NA
3509,4,6,"M",1,0,3.3,1040,"Arts & Letters",0,0,NA
3510,4,4,"M",0,0,3.83,1080,"Math & Science",0,0,NA
3511,4,4,"F",1,0,3.77,1250,"Arts & Letters",0,0,NA
3512,6,6,"M",1,0,3.68,1530,"Arts & Letters",1,0,NA
3513,7,7,"M",1,0,4.35,1240,"Business & Economics",1,0,NA
3514,6,7,"F",0,0,4.36,1140,"Math & Science",0,0,NA
3515,1,1,"F",0,0,3.71,850,"Arts & Letters",0,0,NA
3516,7,6,"F",0,1,3.9,1410,"Business & Economics",1,0,NA
3517,6,6,"F",1,0,3.95,1180,"Arts & Letters",0,0,NA
3518,7,6,"M",1,0,3.71,1270,"Business & Economics",0,1,3.09
3519,6,6,"M",1,0,3.73,1120,"Math & Science",0,0,NA
3520,3,3,"F",0,0,4.33,1280,"Math & Science",1,0,NA
3521,6,7,"F",1,0,3.21,1310,"Arts & Letters",1,1,2.413
3522,7,6,"F",0,0,3.25,1160,"Math & Science",0,0,NA
3523,7,6,"M",0,0,4.18,1480,"Business & Economics",1,0,NA
3524,6,7,"F",1,0,3.8,1370,"Math & Science",1,0,NA
3525,7,5,"M",1,0,3.65,1360,"Business & Economics",0,0,NA
3526,6,6,"M",1,0,3.82,1150,"Math & Science",0,0,NA
3527,4,1,"F",0,1,3.35,1250,"Arts & Letters",0,0,NA
3528,6,3,"M",1,0,2.86,1250,"Math & Science",0,0,NA
3529,2,4,"F",0,1,4,1060,"Math & Science",0,0,NA
3530,6,4,"F",0,1,4.09,1400,"Math & Science",1,0,NA
3531,6,7,"F",1,0,3.68,1350,"Business & Economics",1,0,NA
3532,6,6,"M",1,0,3.12,1130,"Arts & Letters",0,0,NA
3533,2,2,"M",0,1,2.95,900,"Business & Economics",0,0,NA
3534,7,7,"F",1,0,3.25,1010,"Arts & Letters",0,0,NA
3535,7,7,"F",0,0,3.85,1150,"Arts & Letters",0,0,NA
3536,6,4,"F",1,0,3,1010,"Math & Science",0,0,NA
3537,7,6,"M",0,0,4,1340,"Business & Economics",1,1,3.21
3538,6,3,"F",1,0,3.69,1060,"Math & Science",0,0,NA
3539,6,6,"F",0,1,3.33,1300,"Math & Science",0,0,NA
3540,7,6,"F",0,0,4.05,1190,"Business & Economics",1,1,3.443
3541,5,2,"F",1,0,3.69,1120,"Math & Science",1,1,3.298
3542,2,1,"M",0,1,3.12,1130,"Math & Science",0,0,NA
3543,7,7,"F",0,0,3.11,930,"Math & Science",0,0,NA
3544,6,7,"M",1,0,3.67,1180,"Arts & Letters",0,0,NA
3545,7,6,"F",1,0,3.85,1240,"Arts & Letters",0,0,NA
3546,4,3,"M",1,0,3.5,1430,"Math & Science",1,1,3.188
3547,7,6,"M",1,0,3.55,1090,"Math & Science",0,0,NA
3548,7,4,"F",0,0,3.18,1080,"Arts & Letters",0,0,NA
3549,4,7,"F",0,0,3.43,1020,"Math & Science",0,0,NA
3550,7,6,"M",0,1,4.17,1310,"Business & Economics",1,0,NA
3551,5,5,"M",1,0,3.25,950,"Arts & Letters",0,0,NA
3552,6,7,"F",1,0,2.85,1130,"Arts & Letters",0,0,NA
3553,2,7,"F",0,0,4.05,1030,"Math & Science",1,0,NA
3554,7,6,"F",1,0,3.27,1290,"Arts & Letters",0,0,NA
3555,3,3,"F",1,0,2.91,970,"Arts & Letters",0,0,NA
3556,6,1,"F",0,0,3.62,930,"Arts & Letters",0,0,NA
3557,2,3,"F",0,1,3.12,810,"Arts & Letters",0,0,NA
3558,2,1,"F",0,0,3.5,1190,"Math & Science",1,0,NA
3559,6,7,"M",0,0,3.66,1390,"Arts & Letters",0,0,NA
3560,7,4,"M",1,0,3.93,1150,"Math & Science",0,0,NA
3561,4,3,"M",0,0,2.36,910,"Business & Economics",0,0,NA
3562,2,3,"F",0,0,2.87,950,"Arts & Letters",0,0,NA
3563,7,7,"M",1,0,3.06,1260,"Arts & Letters",0,0,NA
3564,3,2,"F",0,0,4.25,1030,"Business & Economics",1,0,NA
3565,7,6,"F",1,0,3.65,1160,"Math & Science",1,1,2.925
3566,7,6,"M",0,0,3.8,1390,"Arts & Letters",0,0,NA
3567,6,5,"F",1,0,4.3,1290,"Arts & Letters",0,0,NA
3568,4,2,"F",0,1,4.04,1100,"Arts & Letters",0,0,NA
3569,6,3,"F",1,0,4.33,1170,"Math & Science",0,0,NA
3570,6,4,"F",1,0,3.76,1180,"Arts & Letters",0,0,NA
3571,1,1,"M",0,0,4.11,1280,"Math & Science",1,0,NA
3572,5,5,"F",0,0,3.93,1180,"Business & Economics",0,0,NA
3573,6,4,"M",1,0,3.76,1150,"Math & Science",0,0,NA
3574,2,2,"M",0,0,2.79,860,"Arts & Letters",0,0,NA
3575,4,4,"F",1,0,4.08,1020,"Math & Science",0,0,NA
3576,4,6,"M",1,0,4,1170,"Arts & Letters",0,0,NA
3577,2,2,"F",0,0,3.25,1060,"Math & Science",0,0,NA
3578,6,4,"F",1,0,3.5,1140,"Arts & Letters",0,0,NA
3579,1,1,"F",0,1,3.33,850,"Math & Science",0,0,NA
3580,7,7,"F",1,0,3.68,1300,"Arts & Letters",0,0,NA
3581,6,6,"F",1,0,3.45,1020,"Business & Economics",0,0,NA
3582,6,6,"F",0,0,3.5,1210,"Math & Science",0,0,NA
3583,6,6,"F",1,0,3.14,990,"Arts & Letters",0,0,NA
3584,4,6,"F",1,0,4.14,1220,"Arts & Letters",1,1,3.417
3585,6,6,"F",1,0,3.28,630,"Math & Science",0,0,NA
3586,7,7,"F",1,0,3.8,1320,"Math & Science",1,0,NA
3587,6,4,"F",1,0,3.37,1130,"Arts & Letters",0,0,NA
3588,2,1,"M",0,0,4,410,"Arts & Letters",0,0,NA
3589,6,4,"F",1,0,3.75,1110,"Arts & Letters",1,0,NA
3590,6,5,"M",1,0,3.4,1060,"Business & Economics",0,0,NA
3591,7,6,"M",1,0,3.94,1220,"Business & Economics",1,0,NA
3592,7,7,"F",1,0,4.25,1250,"Business & Economics",1,0,NA
3593,6,3,"F",0,0,3.56,930,"Arts & Letters",0,0,NA
3594,7,7,"F",1,0,3.97,1270,"Math & Science",1,1,3.389
3595,7,5,"F",1,0,3.1,1040,"Math & Science",0,0,NA
3596,6,6,"F",1,0,3.86,1480,"Business & Economics",1,0,NA
3597,6,7,"F",0,0,4.28,1410,"Business & Economics",1,0,NA
3598,4,4,"M",0,1,4.09,1370,"Business & Economics",1,1,2.604
3599,6,3,"F",1,0,3.2,850,"Arts & Letters",0,0,NA
3600,7,7,"F",1,0,3.59,1170,"Math & Science",0,0,NA
3601,6,7,"M",0,0,4.17,1550,"Arts & Letters",1,0,NA
3602,6,4,"F",1,0,3.6,1070,"Math & Science",0,0,NA
3603,3,3,"F",1,0,4.37,1160,"Arts & Letters",0,0,NA
3604,6,4,"F",0,0,3.83,1110,"Arts & Letters",0,0,NA
3605,6,6,"M",1,0,3.92,1390,"Business & Economics",1,0,NA
3606,4,7,"F",1,0,3.1,950,"Arts & Letters",0,0,NA
3607,6,6,"F",1,0,4,1190,"Math & Science",0,0,NA
3608,7,7,"F",1,0,4.18,1400,"Math & Science",1,0,NA
3609,7,7,"F",1,0,3.52,1190,"Math & Science",0,0,NA
3610,6,6,"F",1,0,4.08,1410,"Business & Economics",1,0,NA
3611,7,6,"F",1,0,3.21,1040,"Math & Science",0,0,NA
3612,2,4,"F",0,0,4.05,1080,"Math & Science",0,0,NA
3613,7,5,"F",0,1,2.71,1170,"Math & Science",0,0,NA
3614,4,4,"F",0,0,3.14,1060,"Arts & Letters",0,0,NA
3615,7,5,"M",0,0,3.55,1180,"Arts & Letters",0,0,NA
3616,6,7,"F",1,0,3.65,1230,"Math & Science",0,0,NA
3617,4,7,"M",1,0,3.83,1100,"Math & Science",0,0,NA
3618,7,6,"F",0,1,3.1,1060,"Arts & Letters",0,0,NA
3619,1,1,"M",0,0,3.09,750,"Arts & Letters",0,0,NA
3620,4,5,"F",1,0,3.7,1020,"Business & Economics",0,0,NA
3621,6,4,"F",0,1,3.26,920,"Business & Economics",0,0,NA
3622,3,3,"F",0,0,3.18,1120,"Arts & Letters",0,0,NA
3623,6,6,"F",1,0,3.18,1350,"Arts & Letters",0,0,NA
3624,7,4,"M",0,1,4.04,1370,"Business & Economics",1,0,NA
3625,4,4,"F",1,0,3.96,1070,"Math & Science",1,0,NA
3626,7,7,"F",0,0,4.1,1190,"Arts & Letters",1,0,NA
3627,6,6,"M",0,0,3.25,1370,"Business & Economics",0,0,NA
3628,6,5,"F",1,0,4,1170,"Math & Science",1,0,NA
3629,6,6,"M",1,0,3.65,1280,"Math & Science",0,0,NA
3630,3,3,"F",1,0,3.97,1110,"Arts & Letters",0,0,NA
3631,6,5,"M",1,0,3.52,1030,"Math & Science",0,0,NA
3632,7,6,"F",1,0,3.83,1280,"Math & Science",1,0,NA
3633,7,6,"F",1,0,3.58,1060,"Arts & Letters",0,0,NA
3634,1,6,"M",0,0,3.05,990,"Business & Economics",0,0,NA
3635,7,7,"M",1,0,2.6,1240,"Arts & Letters",0,0,NA
3636,7,7,"M",0,0,3.96,1170,"Business & Economics",0,0,NA
3637,1,3,"F",0,0,3.06,940,"Arts & Letters",0,0,NA
3638,7,6,"F",1,0,3.64,1240,"Arts & Letters",1,1,3.421
3639,7,4,"F",1,0,3.38,1120,"Math & Science",0,0,NA
3640,6,7,"M",1,0,3.43,1000,"Arts & Letters",0,0,NA
3641,7,4,"M",1,0,3.76,1260,"Math & Science",0,0,NA
3642,5,6,"M",1,0,3.46,1020,"Arts & Letters",0,0,NA
3643,3,4,"F",1,0,3.59,1200,"Arts & Letters",0,0,NA
3644,7,6,"F",0,0,3.88,1190,"Math & Science",0,0,NA
3645,6,5,"F",0,0,3.68,1130,"Arts & Letters",1,0,NA
3646,4,4,"F",1,0,3.5,1150,"Arts & Letters",0,0,NA
3647,6,6,"M",1,0,2.2,1230,"Math & Science",0,0,NA
3648,4,4,"F",1,0,3.58,1010,"Arts & Letters",0,0,NA
3649,2,6,"F",0,1,4,980,"Math & Science",0,0,NA
3650,3,3,"F",0,1,3.54,1290,"Arts & Letters",0,0,NA
3651,7,7,"M",1,0,3.1,1270,"Arts & Letters",0,0,NA
3652,7,7,"F",1,0,4,1310,"Business & Economics",1,0,NA
3653,7,7,"F",0,0,3.18,1020,"Arts & Letters",0,0,NA
3654,3,3,"F",1,0,2.91,930,"Arts & Letters",0,0,NA
3655,7,7,"F",1,0,4.29,1470,"Arts & Letters",1,0,NA
3656,6,7,"M",1,0,3.95,1510,"Business & Economics",1,0,NA
3657,4,6,"F",1,0,2.82,900,"Arts & Letters",0,0,NA
3658,7,7,"F",1,0,4,880,"Math & Science",0,0,NA
3659,6,6,"F",1,0,3.08,1270,"Business & Economics",1,1,2.571
3660,6,6,"F",1,0,3.71,1180,"Business & Economics",0,0,NA
3661,3,4,"F",1,0,3.68,1170,"Math & Science",0,0,NA
3662,6,3,"M",0,0,4.27,1130,"Math & Science",1,0,NA
3663,6,6,"M",1,0,3.48,1050,"Arts & Letters",0,0,NA
3664,5,3,"F",1,0,3.77,1120,"Math & Science",0,0,NA
3665,4,6,"F",1,0,2,1080,"Arts & Letters",0,0,NA
3666,5,4,"F",0,1,3.53,1260,"Math & Science",0,0,NA
3667,2,1,"M",0,1,4.09,1330,"Math & Science",1,0,NA
3668,6,6,"F",1,0,3.62,1260,"Arts & Letters",1,0,NA
3669,6,6,"F",1,0,3.08,1080,"Business & Economics",0,0,NA
3670,6,6,"F",0,0,3.25,1130,"Arts & Letters",0,0,NA
3671,7,6,"M",1,0,3.44,1230,"Business & Economics",0,0,NA
3672,3,3,"M",0,0,3.32,950,"Math & Science",0,0,NA
3673,3,6,"M",0,0,3.83,1100,"Arts & Letters",0,0,NA
3674,7,7,"F",1,0,3.68,1180,"Business & Economics",0,0,NA
3675,7,7,"F",1,0,4.31,1600,"Math & Science",1,0,NA
3676,6,6,"M",1,0,3.17,1150,"Arts & Letters",0,0,NA
3677,6,3,"F",1,0,2.65,860,"Arts & Letters",0,0,NA
3678,7,7,"F",0,0,3.3,1010,"Math & Science",0,0,NA
3679,6,6,"F",0,1,3.62,1130,"Arts & Letters",0,0,NA
3680,4,6,"F",1,0,3.73,1260,"Arts & Letters",0,0,NA
3681,3,3,"M",0,1,3.04,1130,"Math & Science",0,0,NA
3682,3,6,"F",1,0,3.77,1150,"Arts & Letters",0,0,NA
3683,6,7,"M",0,1,4.08,1260,"Business & Economics",1,0,NA
3684,7,7,"M",1,0,3.59,1360,"Arts & Letters",0,0,NA
3685,7,7,"M",0,1,3.58,1210,"Math & Science",0,0,NA
3686,4,7,"M",1,0,3.32,1240,"Math & Science",0,0,NA
3687,4,6,"F",0,1,4.27,1530,"Math & Science",1,0,NA
3688,6,6,"M",1,0,3.45,1180,"Business & Economics",1,1,2.66
3689,6,5,"F",0,1,3.75,1030,"Math & Science",0,0,NA
3690,6,7,"F",0,0,4.14,1380,"Math & Science",1,1,2.957
3691,6,3,"M",1,0,3.68,1170,"Business & Economics",0,0,NA
3692,6,7,"F",1,0,3.9,1300,"Math & Science",0,0,NA
3693,6,7,"F",1,0,3.62,1220,"Math & Science",1,1,2.628
3694,6,7,"F",0,0,3.28,1230,"Math & Science",0,0,NA
3695,6,7,"M",1,0,3.88,1300,"Business & Economics",0,0,NA
3696,6,6,"F",1,0,2.85,950,"Math & Science",0,0,NA
3697,6,6,"M",1,0,3.83,1360,"Business & Economics",1,1,3.367
3698,7,7,"F",0,0,3.95,1210,"Arts & Letters",1,0,NA
3699,7,4,"F",1,0,4.15,1360,"Arts & Letters",1,0,NA
3700,2,1,"F",0,1,3.44,1140,"Business & Economics",0,0,NA
3701,6,3,"F",1,0,2.64,1090,"Arts & Letters",0,0,NA
3702,4,6,"F",1,0,3.8,1230,"Math & Science",0,0,NA
3703,6,6,"M",1,0,3.77,1160,"Arts & Letters",0,0,NA
3704,7,4,"F",0,0,3.71,1240,"Arts & Letters",0,0,NA
3705,3,3,"M",0,0,3.22,1100,"Business & Economics",1,0,NA
3706,6,7,"M",0,0,2.53,930,"Arts & Letters",0,0,NA
3707,6,5,"F",1,0,3.15,1040,"Math & Science",0,0,NA
3708,3,5,"F",0,0,3.14,1120,"Arts & Letters",0,0,NA
3709,6,3,"F",1,0,3.48,1090,"Arts & Letters",0,0,NA
3710,6,6,"F",1,0,3.56,1390,"Arts & Letters",0,0,NA
3711,5,5,"M",1,0,4.12,1130,"Math & Science",1,1,2.806
3712,6,7,"F",1,0,3.33,1030,"Arts & Letters",0,0,NA
3713,3,4,"M",0,0,3.25,1200,"Math & Science",0,0,NA
3714,1,1,"F",0,1,3.14,1150,"Business & Economics",0,0,NA
3715,6,6,"F",1,0,4.27,1250,"Business & Economics",1,1,3.107
3716,2,7,"F",1,0,3.18,1110,"Arts & Letters",1,1,2.838
3717,6,6,"F",1,0,3.42,1220,"Arts & Letters",0,0,NA
3718,6,5,"M",0,0,2.74,1030,"Business & Economics",0,0,NA
3719,7,7,"F",1,0,3.57,1150,"Math & Science",0,0,NA
3720,3,2,"F",1,0,3.95,1240,"Math & Science",0,0,NA
3721,6,5,"F",0,1,2.91,1240,"Math & Science",0,0,NA
3722,6,6,"F",1,0,3.16,1230,"Math & Science",0,0,NA
3723,3,4,"M",0,0,3.09,850,"Business & Economics",0,0,NA
3724,7,7,"F",1,0,3.86,1350,"Business & Economics",1,0,NA
3725,4,4,"F",1,0,4.05,1240,"Arts & Letters",0,0,NA
3726,3,6,"F",1,0,3.46,980,"Arts & Letters",0,0,NA
3727,1,1,"M",0,1,3.17,1000,"Arts & Letters",0,0,NA
3728,5,5,"M",0,0,4.18,930,"Math & Science",0,0,NA
3729,6,7,"M",0,1,3.78,1420,"Math & Science",1,1,3.047
3730,6,5,"M",0,0,3.62,1420,"Math & Science",1,0,NA
3731,4,3,"M",1,0,3.35,1160,"Math & Science",0,0,NA
3732,1,1,"F",0,1,2.96,840,"Arts & Letters",0,0,NA
3733,7,6,"M",0,0,3.86,1460,"Business & Economics",1,0,NA
3734,3,6,"F",0,1,3.55,960,"Math & Science",0,0,NA
3735,6,6,"F",0,0,3.04,1110,"Arts & Letters",0,0,NA
3736,7,7,"F",0,1,4.18,1350,"Math & Science",1,0,NA
3737,2,2,"F",0,1,3.91,1080,"Business & Economics",1,0,NA
3738,6,7,"F",1,0,3.94,1230,"Business & Economics",0,0,NA
3739,6,5,"F",0,0,4.28,1550,"Arts & Letters",1,0,NA
3740,4,1,"M",0,0,3.7,1270,"Business & Economics",0,0,NA
3741,7,7,"F",0,1,3.25,1000,"Arts & Letters",0,0,NA
3742,6,7,"F",0,0,4.17,1230,"Arts & Letters",0,0,NA
3743,6,7,"F",1,0,3.95,1360,"Arts & Letters",1,0,NA
3744,7,4,"F",1,0,3.4,1210,"Arts & Letters",0,0,NA
3745,4,4,"M",1,0,3.95,1240,"Math & Science",0,0,NA
3746,7,7,"F",1,0,3.85,1120,"Math & Science",0,0,NA
3747,7,7,"M",1,0,4.04,1410,"Math & Science",1,0,NA
3748,4,4,"F",0,0,4.04,1230,"Business & Economics",0,1,2.949
3749,4,6,"M",0,0,2.4,1140,"Arts & Letters",0,0,NA
3750,6,6,"F",0,0,4.13,1050,"Arts & Letters",1,0,NA
3751,7,7,"M",1,0,3.35,1280,"Arts & Letters",0,0,NA
3752,5,6,"F",1,0,4.32,1340,"Business & Economics",1,0,NA
3753,6,3,"M",1,0,3.91,1370,"Math & Science",1,1,2.767
3754,7,6,"F",1,0,4.13,1090,"Arts & Letters",0,0,NA
3755,7,7,"M",1,0,3.88,1280,"Business & Economics",0,0,NA
3756,3,6,"F",1,0,4.09,1310,"Arts & Letters",1,0,NA
3757,6,6,"M",1,0,3.56,1130,"Business & Economics",0,0,NA
3758,6,6,"F",1,0,3.91,1230,"Math & Science",1,1,3.573
3759,4,5,"M",1,0,4,1280,"Math & Science",0,0,NA
3760,7,7,"F",1,0,3.65,1150,"Arts & Letters",0,0,NA
3761,6,6,"F",1,0,3.35,1000,"Arts & Letters",0,0,NA
3762,7,7,"F",1,0,3.25,1210,"Math & Science",0,0,NA
3763,6,7,"M",0,0,3.65,1300,"Math & Science",1,0,NA
3764,3,3,"M",1,0,4.08,1110,"Business & Economics",1,1,3.081
3765,6,6,"M",1,0,3.52,1210,"Arts & Letters",0,0,NA
3766,3,7,"F",1,0,3.71,1430,"Arts & Letters",1,0,NA
3767,6,5,"F",1,0,4.14,1160,"Business & Economics",0,0,NA
3768,6,6,"F",0,0,3.86,1490,"Math & Science",1,0,NA
3769,7,7,"F",1,0,4.36,1410,"Arts & Letters",1,0,NA
3770,7,7,"M",1,0,3.64,1340,"Math & Science",0,0,NA
3771,3,4,"M",1,0,3.6,1210,"Business & Economics",0,0,NA
3772,7,4,"F",1,0,3.96,1240,"Math & Science",0,0,NA
3773,4,4,"M",1,0,3.67,1220,"Math & Science",0,0,NA
3774,6,6,"M",1,0,4.05,1280,"Business & Economics",1,0,NA
3775,4,7,"F",1,0,4.1,1480,"Arts & Letters",1,0,NA
3776,7,3,"F",0,0,3.64,920,"Business & Economics",0,0,NA
3777,3,4,"F",0,0,3.95,980,"Business & Economics",0,0,NA
3778,3,3,"F",1,0,3.52,880,"Math & Science",0,0,NA
3779,7,6,"M",0,1,3.91,1470,"Math & Science",0,0,NA
3780,3,3,"M",0,0,3,1030,"Math & Science",0,0,NA
3781,7,7,"M",1,0,3.28,1440,"Math & Science",1,1,2.899
3782,4,5,"F",0,0,4.11,1190,"Arts & Letters",1,0,NA
3783,3,2,"M",0,0,3.06,790,"Business & Economics",0,0,NA
3784,7,6,"M",1,0,3.36,1020,"Arts & Letters",0,0,NA
3785,3,6,"M",1,0,3.5,1460,"Arts & Letters",0,0,NA
3786,3,4,"M",1,0,3.68,1070,"Arts & Letters",0,0,NA
3787,7,7,"F",0,0,3.55,1010,"Arts & Letters",0,0,NA
3788,4,7,"F",1,0,3.69,1350,"Arts & Letters",1,0,NA
3789,6,6,"M",1,0,4.04,1370,"Math & Science",1,0,NA
3790,6,6,"F",0,0,3.5,970,"Arts & Letters",0,0,NA
3791,6,6,"M",1,0,3.57,1470,"Math & Science",1,0,NA
3792,7,7,"F",1,0,3.58,1290,"Math & Science",1,0,NA
3793,7,4,"M",1,0,3.06,1060,"Arts & Letters",0,0,NA
3794,7,7,"F",1,0,4.33,1560,"Arts & Letters",1,0,NA
3795,4,6,"F",0,0,3.41,1280,"Arts & Letters",1,0,NA
3796,7,7,"F",1,0,3.75,1210,"Arts & Letters",0,0,NA
3797,7,6,"M",0,1,3.33,1200,"Business & Economics",0,0,NA
3798,7,6,"F",1,0,3.17,1180,"Arts & Letters",0,0,NA
3799,6,6,"F",1,0,4.15,1250,"Business & Economics",1,0,NA
3800,7,6,"M",1,0,3.92,1280,"Arts & Letters",1,0,NA
3801,7,6,"F",0,0,4.09,1220,"Math & Science",1,0,NA
3802,6,6,"M",1,0,4,1330,"Math & Science",0,0,NA
3803,7,7,"F",1,0,3.83,1230,"Arts & Letters",0,0,NA
3804,3,3,"F",1,0,3.45,970,"Arts & Letters",0,0,NA
3805,7,7,"F",1,0,4.33,1480,"Business & Economics",1,0,NA
3806,6,6,"F",1,0,3.08,920,"Math & Science",0,0,NA
3807,7,7,"M",1,0,3.8,1250,"Math & Science",0,0,NA
3808,7,7,"F",1,0,4.12,1360,"Arts & Letters",0,0,NA
3809,3,3,"F",0,0,3.62,870,"Math & Science",0,0,NA
3810,7,6,"M",0,1,3.9,1200,"Math & Science",0,0,NA
3811,7,6,"M",1,0,3.55,1150,"Math & Science",0,0,NA
3812,7,7,"F",0,0,4,1460,"Arts & Letters",1,0,NA
3813,7,6,"F",1,0,3.83,1310,"Arts & Letters",0,0,NA
3814,7,5,"F",0,0,3.39,1070,"Math & Science",0,0,NA
3815,6,6,"M",1,0,4,1150,"Business & Economics",0,0,NA
3816,4,6,"F",1,0,4.22,1170,"Math & Science",1,0,NA
3817,7,6,"F",1,0,4.25,1200,"Math & Science",0,0,NA
3818,6,6,"M",1,0,3.65,1340,"Arts & Letters",0,0,NA
3819,7,7,"F",1,0,3.54,1380,"Business & Economics",1,1,3.534
3820,3,6,"M",1,0,3,940,"Arts & Letters",0,0,NA
3821,3,5,"F",0,1,4.14,1190,"Math & Science",1,0,NA
3822,6,6,"F",1,0,2.92,830,"Business & Economics",0,0,NA
3823,1,4,"F",0,0,3.73,1360,"Arts & Letters",1,0,NA
3824,7,5,"F",1,0,3.8,1030,"Arts & Letters",1,0,NA
3825,4,3,"F",1,0,4.04,1180,"Arts & Letters",1,1,3.252
3826,6,7,"M",1,0,2.91,1110,"Business & Economics",0,0,NA
3827,3,3,"F",0,1,3,1030,"Business & Economics",0,0,NA
3828,6,4,"M",1,0,3.88,1260,"Math & Science",1,0,NA
3829,6,6,"M",1,0,3.62,1180,"Arts & Letters",0,0,NA
3830,6,6,"F",1,0,3.15,1230,"Arts & Letters",0,0,NA
3831,7,5,"M",1,0,3.64,1450,"Math & Science",1,0,NA
3832,6,6,"F",1,0,4.09,1160,"Business & Economics",1,0,NA
3833,7,7,"F",0,0,4.32,1310,"Business & Economics",1,0,NA
3834,6,2,"F",0,0,3.25,950,"Arts & Letters",0,0,NA
3835,6,4,"M",1,0,3.41,1080,"Business & Economics",0,0,NA
3836,6,6,"F",1,0,3.78,1230,"Arts & Letters",1,1,3.161
3837,7,4,"M",0,0,4.14,1210,"Business & Economics",1,0,NA
3838,7,5,"F",0,1,4,1140,"Math & Science",0,0,NA
3839,6,5,"F",0,1,3.67,1130,"Math & Science",0,0,NA
3840,6,7,"F",1,0,3.55,1160,"Arts & Letters",0,0,NA
3841,7,7,"M",1,0,3.86,1350,"Math & Science",1,0,NA
3842,6,6,"M",1,0,3.35,1040,"Math & Science",0,0,NA
3843,4,3,"F",0,0,2.8,1230,"Math & Science",0,0,NA
3844,4,3,"M",1,0,3.68,1380,"Arts & Letters",1,0,NA
3845,7,6,"F",1,0,4.27,1520,"Math & Science",1,0,NA
3846,6,5,"F",1,0,2.7,1090,"Arts & Letters",0,0,NA
3847,3,3,"F",1,0,3.77,1060,"Math & Science",0,0,NA
3848,5,6,"M",0,0,3.55,1210,"Business & Economics",0,0,NA
3849,6,7,"F",1,0,3.27,1230,"Arts & Letters",0,0,NA
3850,7,6,"F",1,0,3.45,1090,"Arts & Letters",0,0,NA
3851,6,6,"F",1,0,3.55,980,"Arts & Letters",0,0,NA
3852,6,6,"M",1,0,3.45,1150,"Math & Science",0,0,NA
3853,6,6,"F",1,0,2.65,1030,"Arts & Letters",0,0,NA
3854,7,6,"M",1,0,3.59,1240,"Business & Economics",0,0,NA
3855,7,7,"M",1,0,3.86,1220,"Math & Science",0,0,NA
3856,7,5,"F",1,0,4.31,1340,"Math & Science",1,0,NA
3857,6,6,"F",1,0,3.96,1250,"Math & Science",0,0,NA
3858,2,3,"F",0,1,3.9,1320,"Math & Science",1,0,NA
3859,7,6,"F",1,0,3.25,1170,"Arts & Letters",0,0,NA
3860,7,5,"F",1,0,4.29,1420,"Math & Science",1,0,NA
3861,7,6,"M",1,0,4.25,1530,"Business & Economics",1,0,NA
3862,7,6,"F",0,1,4,1310,"Business & Economics",1,0,NA
3863,6,6,"F",0,0,3.5,1080,"Business & Economics",0,0,NA
3864,7,5,"M",1,0,3.14,1260,"Business & Economics",1,1,2.197
3865,5,3,"F",0,1,2.79,1120,"Arts & Letters",0,0,NA
3866,5,6,"F",1,0,3.15,930,"Arts & Letters",0,0,NA
3867,6,6,"M",1,0,3.8,1320,"Arts & Letters",1,0,NA
3868,6,4,"F",1,0,3.65,1170,"Business & Economics",1,0,NA
3869,6,6,"F",1,0,4,1390,"Business & Economics",1,0,NA
3870,7,6,"M",0,1,3.6,1310,"Business & Economics",0,0,NA
3871,6,6,"M",1,0,3.33,1250,"Business & Economics",0,0,NA
3872,6,4,"F",0,1,3.59,1230,"Arts & Letters",0,0,NA
3873,6,4,"M",1,0,4.27,1230,"Business & Economics",1,1,3.818
3874,6,6,"M",1,0,3.36,1300,"Math & Science",0,0,NA
3875,7,5,"M",1,0,3.16,960,"Math & Science",0,0,NA
3876,7,6,"M",1,0,3.7,1340,"Arts & Letters",1,1,3.176
3877,7,6,"F",0,0,3.86,1420,"Arts & Letters",1,0,NA
3878,6,3,"F",1,0,3.79,1130,"Arts & Letters",0,0,NA
3879,7,7,"M",1,0,4,1460,"Math & Science",1,0,NA
3880,4,7,"F",1,0,3.83,1340,"Arts & Letters",1,0,NA
3881,2,1,"F",0,0,3.88,940,"Math & Science",1,0,NA
3882,6,3,"F",0,1,3.32,1020,"Arts & Letters",0,0,NA
3883,1,7,"F",0,0,4.24,1430,"Arts & Letters",1,0,NA
3884,6,7,"F",0,0,3.27,1000,"Arts & Letters",0,0,NA
3885,5,3,"F",1,0,3.33,1190,"Math & Science",0,0,NA
3886,6,6,"F",1,0,4.12,1400,"Business & Economics",1,1,3.922
3887,7,6,"M",0,0,3.3,1380,"Business & Economics",0,0,NA
3888,7,6,"F",1,0,3.95,1330,"Math & Science",1,0,NA
3889,7,7,"F",1,0,3.29,1200,"Arts & Letters",1,0,NA
3890,7,7,"F",1,0,4.33,1310,"Math & Science",1,0,NA
3891,4,3,"M",1,0,3.09,1030,"Math & Science",0,0,NA
3892,4,7,"F",1,0,3.7,1210,"Arts & Letters",0,0,NA
3893,7,7,"M",1,0,2.05,950,"Math & Science",0,0,NA
3894,6,4,"F",1,0,2.72,1030,"Arts & Letters",0,0,NA
3895,6,6,"M",1,0,3.83,1310,"Business & Economics",1,0,NA
3896,7,6,"F",0,1,3.85,1270,"Math & Science",0,0,NA
3897,6,4,"F",1,0,3.88,1070,"Arts & Letters",0,0,NA
3898,4,7,"F",0,0,3.95,910,"Math & Science",0,0,NA
3899,7,6,"F",1,0,2.91,960,"Arts & Letters",0,0,NA
3900,6,6,"F",1,0,3.94,1270,"Math & Science",1,1,2.739
3901,6,6,"F",1,0,4,1210,"Business & Economics",1,1,3.758
3902,7,7,"F",1,0,3.64,1160,"Math & Science",0,0,NA
3903,7,4,"F",0,0,3.41,1270,"Arts & Letters",1,0,NA
3904,7,7,"F",1,0,3.31,980,"Math & Science",0,0,NA
3905,6,6,"M",1,0,2.83,1190,"Arts & Letters",0,0,NA
3906,5,5,"F",1,0,3.65,1150,"Arts & Letters",1,1,2.644
3907,4,7,"F",1,0,3.44,950,"Math & Science",0,0,NA
3908,3,1,"M",0,0,3.71,800,"Arts & Letters",0,0,NA
3909,7,7,"M",0,0,2.77,1210,"Math & Science",0,0,NA
3910,7,7,"F",1,0,3.86,1160,"Arts & Letters",0,0,NA
3911,7,7,"F",1,0,3.86,1210,"Math & Science",0,0,NA
3912,7,7,"F",0,0,3.55,1120,"Math & Science",0,0,NA
3913,2,3,"F",1,0,3.73,1150,"Math & Science",0,0,NA
3914,4,5,"F",1,0,3.9,1290,"Business & Economics",1,0,NA
3915,3,3,"M",1,0,4.15,1530,"Math & Science",1,0,NA
3916,3,4,"F",1,0,3.9,1210,"Business & Economics",0,0,NA
3917,4,4,"F",1,0,3.71,1170,"Arts & Letters",0,0,NA
3918,3,4,"M",1,0,3.79,1170,"Arts & Letters",0,0,NA
3919,7,7,"M",1,0,4.2,1180,"Math & Science",0,0,NA
3920,6,7,"F",1,0,3.32,1380,"Arts & Letters",0,0,NA
3921,4,5,"F",1,0,3.41,930,"Arts & Letters",0,0,NA
3922,7,7,"F",0,0,4.08,1160,"Math & Science",1,0,NA
3923,6,6,"F",0,0,3.36,1270,"Business & Economics",0,0,NA
3924,3,6,"M",1,0,3.92,1120,"Arts & Letters",0,0,NA
3925,6,6,"M",1,0,3.57,1140,"Business & Economics",0,0,NA
3926,4,4,"M",1,0,3.5,1040,"Math & Science",0,0,NA
3927,6,7,"F",1,0,3.5,1040,"Arts & Letters",1,0,NA
3928,6,7,"M",1,0,2.86,1290,"Math & Science",0,0,NA
3929,7,5,"F",1,0,3.4,1170,"Arts & Letters",0,0,NA
3930,6,6,"F",1,0,4.19,1470,"Arts & Letters",1,0,NA
3931,6,6,"F",1,0,3.86,1150,"Arts & Letters",0,0,NA
3932,4,6,"F",0,1,3.11,1040,"Math & Science",0,0,NA
3933,6,7,"F",1,0,3.67,1270,"Business & Economics",0,0,NA
3934,7,6,"M",0,1,3.83,1450,"Business & Economics",1,0,NA
3935,7,7,"M",0,1,3.25,1200,"Business & Economics",1,0,NA
3936,4,4,"M",1,0,3.5,1170,"Business & Economics",0,0,NA
3937,6,7,"F",1,0,3.36,1140,"Arts & Letters",0,0,NA
3938,7,6,"F",1,0,3.11,900,"Business & Economics",0,0,NA
3939,6,6,"F",1,0,3.65,1330,"Business & Economics",0,0,NA
3940,1,3,"F",0,0,4.28,1030,"Arts & Letters",1,0,NA
3941,7,6,"F",0,1,3.64,1450,"Math & Science",1,0,NA
3942,6,6,"M",0,0,2.67,1070,"Business & Economics",0,0,NA
3943,7,4,"F",0,0,3.85,1230,"Math & Science",0,0,NA
3944,7,6,"F",1,0,3.9,1340,"Arts & Letters",1,1,3.717
3945,6,7,"M",1,0,3.15,1140,"Arts & Letters",0,0,NA
3946,1,1,"F",0,0,2.33,880,"Arts & Letters",0,0,NA
3947,6,6,"M",0,0,3.24,1060,"Math & Science",0,0,NA
3948,6,5,"F",1,0,3.15,1080,"Arts & Letters",0,0,NA
3949,5,2,"F",1,0,3.2,870,"Arts & Letters",0,0,NA
3950,7,5,"M",1,0,4.2,1230,"Business & Economics",0,0,NA
3951,1,1,"F",0,0,4.23,1110,"Math & Science",1,0,NA
3952,6,6,"M",1,0,4.05,1530,"Business & Economics",1,0,NA
3953,6,4,"M",1,0,2.95,1130,"Business & Economics",0,0,NA
3954,6,4,"F",1,0,3.5,1040,"Arts & Letters",0,0,NA
3955,2,2,"F",0,0,4.14,1170,"Math & Science",1,0,NA
3956,6,6,"F",0,1,3.57,830,"Math & Science",0,0,NA
3957,7,6,"F",0,1,3.67,1200,"Arts & Letters",0,0,NA
3958,6,6,"F",0,0,3.82,1270,"Math & Science",0,0,NA
3959,6,7,"M",0,0,3.23,1220,"Math & Science",0,0,NA
3960,7,6,"F",0,0,3.15,990,"Math & Science",0,0,NA
3961,7,6,"M",1,0,4.28,1510,"Business & Economics",1,0,NA
3962,1,1,"F",0,1,3.29,950,"Math & Science",0,0,NA
3963,6,3,"M",1,0,3.39,1230,"Business & Economics",1,0,NA
3964,6,4,"M",1,0,3.77,1150,"Arts & Letters",0,0,NA
3965,1,1,"F",0,0,3,880,"Arts & Letters",0,0,NA
3966,4,4,"M",1,0,4.08,1280,"Math & Science",1,0,NA
3967,1,3,"F",0,0,3.28,1100,"Arts & Letters",1,1,1.92
3968,3,6,"F",0,0,4.27,1140,"Arts & Letters",1,0,NA
3969,4,5,"M",0,0,3.2,1130,"Business & Economics",0,0,NA
3970,1,2,"F",0,0,3.35,680,"Arts & Letters",0,0,NA
3971,4,7,"M",1,0,4.08,1270,"Math & Science",1,1,3.786
3972,1,1,"M",0,0,3.73,1060,"Math & Science",0,0,NA
3973,3,3,"M",0,0,3.5,1170,"Arts & Letters",0,0,NA
3974,3,1,"F",0,0,4.29,980,"Math & Science",0,0,NA
3975,6,6,"M",1,0,3.8,1230,"Arts & Letters",0,0,NA
3976,6,4,"F",1,0,3.58,970,"Arts & Letters",0,0,NA
3977,4,4,"M",0,0,2.74,1270,"Business & Economics",0,0,NA
3978,2,1,"M",1,0,4.24,1400,"Math & Science",1,0,NA
3979,2,6,"F",0,0,4.05,1300,"Math & Science",1,1,2.775
3980,5,6,"F",1,0,4.23,1320,"Math & Science",1,0,NA
3981,6,6,"M",1,0,2.42,1210,"Math & Science",0,0,NA
3982,3,4,"M",0,0,3.3,940,"Arts & Letters",0,0,NA
3983,1,4,"F",0,0,3.18,1150,"Math & Science",0,0,NA
3984,6,7,"M",0,0,3.35,1120,"Math & Science",0,0,NA
3985,3,3,"M",0,0,3.61,990,"Math & Science",0,0,NA
3986,4,1,"F",0,1,3.46,790,"Math & Science",0,0,NA
3987,3,5,"M",1,0,4.12,1220,"Math & Science",1,1,2.647
3988,6,4,"M",1,0,3.12,1230,"Business & Economics",0,0,NA
3989,6,3,"M",1,0,3.29,970,"Arts & Letters",0,0,NA
3990,3,3,"F",1,0,3.88,1480,"Math & Science",0,0,NA
3991,1,2,"M",0,1,3.45,970,"Math & Science",0,0,NA
3992,4,4,"F",0,0,3.05,1030,"Arts & Letters",0,0,NA
3993,3,1,"F",0,0,3.77,1150,"Math & Science",0,0,NA
3994,7,6,"M",1,0,3.64,980,"Math & Science",0,0,NA
3995,3,4,"F",0,0,3.5,990,"Arts & Letters",0,0,NA
3996,7,7,"M",0,0,3.79,1430,"Arts & Letters",1,0,NA
3997,6,7,"F",1,0,4.06,1430,"Math & Science",1,0,NA
3998,1,1,"F",0,1,3.9,1090,"Business & Economics",1,0,NA
3999,4,6,"M",1,0,3.91,1040,"Business & Economics",0,0,NA
4000,4,4,"M",0,1,3.41,1550,"Math & Science",0,0,NA
4001,5,4,"M",1,0,4.19,1310,"Math & Science",1,1,2.349
4002,6,7,"F",1,0,3.33,1180,"Math & Science",0,0,NA
4003,6,4,"M",1,0,2.9,1300,"Math & Science",0,0,NA
4004,4,4,"M",0,0,3.61,810,"Math & Science",0,0,NA
4005,7,6,"M",0,0,3.15,1090,"Arts & Letters",0,0,NA
4006,3,3,"F",0,1,4.36,1440,"Business & Economics",1,0,NA
4007,6,5,"F",1,0,4.15,1230,"Arts & Letters",0,0,NA
4008,5,6,"M",1,0,3.15,1120,"Business & Economics",0,0,NA
4009,3,6,"M",1,0,3.96,1330,"Arts & Letters",0,0,NA
4010,7,7,"M",1,0,2.96,1070,"Arts & Letters",0,0,NA
4011,7,7,"F",1,0,3.32,1230,"Math & Science",0,0,NA
4012,4,4,"F",1,0,3.14,1040,"Math & Science",0,0,NA
4013,6,6,"F",1,0,4.17,1280,"Arts & Letters",1,1,3.851
4014,4,7,"F",0,0,3.86,1210,"Math & Science",0,0,NA
4015,2,2,"F",0,0,3.18,960,"Business & Economics",0,0,NA
4016,3,6,"M",0,1,3,1230,"Arts & Letters",0,0,NA
4017,6,3,"M",1,0,3.45,1330,"Arts & Letters",1,0,NA
4018,7,7,"M",1,0,3,1240,"Math & Science",0,0,NA
4019,4,3,"F",0,1,4.12,1430,"Math & Science",1,0,NA
4020,6,6,"F",0,1,3.12,1340,"Business & Economics",0,0,NA
4021,6,2,"F",1,0,3.17,1060,"Business & Economics",0,0,NA
4022,3,3,"F",1,0,3.5,1230,"Math & Science",0,0,NA
4023,7,6,"F",1,0,3,1190,"Math & Science",0,0,NA
4024,7,6,"F",1,0,3.5,1160,"Arts & Letters",0,0,NA
4025,4,3,"F",1,0,3.68,1000,"Business & Economics",0,0,NA
4026,3,3,"M",0,0,3.39,950,"Business & Economics",1,0,NA
4027,6,4,"F",0,0,2.8,1020,"Math & Science",0,0,NA
4028,4,7,"M",0,0,3.28,1220,"Arts & Letters",0,0,NA
4029,7,7,"F",0,0,3.5,1280,"Arts & Letters",1,1,2.402
4030,5,5,"M",1,0,4,1120,"Business & Economics",1,1,2.374
4031,7,6,"F",0,0,3.82,1270,"Math & Science",1,0,NA
4032,2,6,"M",0,0,3.29,850,"Arts & Letters",0,0,NA
4033,5,5,"F",1,0,4,1140,"Arts & Letters",0,0,NA
4034,3,7,"F",0,0,3.58,840,"Arts & Letters",0,0,NA
4035,6,5,"F",1,0,3.29,1030,"Arts & Letters",0,0,NA
4036,7,6,"F",1,0,3.05,980,"Business & Economics",0,0,NA
4037,7,6,"F",1,0,3.62,1410,"Arts & Letters",0,0,NA
4038,7,7,"F",1,0,4.22,1230,"Math & Science",1,0,NA
4039,6,6,"F",1,0,4.05,1370,"Arts & Letters",1,0,NA
4040,6,7,"M",1,0,3,1090,"Business & Economics",0,0,NA
4041,3,6,"F",1,0,3.42,1130,"Arts & Letters",1,1,3.145
4042,7,7,"M",1,0,3.64,1440,"Business & Economics",1,0,NA
4043,7,7,"F",1,0,3.86,1100,"Business & Economics",0,0,NA
4044,7,7,"F",0,1,3.93,1320,"Math & Science",1,0,NA
4045,6,7,"M",1,0,3.17,1200,"Arts & Letters",0,0,NA
4046,6,6,"F",1,0,3.32,1400,"Arts & Letters",0,0,NA
4047,7,5,"M",0,1,3.68,1300,"Math & Science",0,0,NA
4048,6,6,"M",1,0,3.88,1080,"Business & Economics",1,0,NA
4049,3,7,"M",1,0,3.9,1350,"Business & Economics",1,1,3.246
4050,7,7,"M",0,1,3.86,1350,"Math & Science",1,0,NA
4051,3,6,"F",0,0,3.79,950,"Business & Economics",0,0,NA
4052,3,4,"F",1,0,3.25,990,"Arts & Letters",0,0,NA
4053,7,5,"F",1,0,3.85,1210,"Business & Economics",0,0,NA
4054,3,4,"M",0,1,3.77,1050,"Business & Economics",0,0,NA
4055,6,4,"F",1,0,3.58,1210,"Arts & Letters",0,0,NA
4056,6,7,"F",1,0,3.89,1120,"Arts & Letters",1,1,3.584
4057,1,3,"M",0,0,3.96,1340,"Business & Economics",1,0,NA
4058,7,6,"F",1,0,4,1270,"Business & Economics",1,0,NA
4059,7,5,"M",0,0,3.59,1220,"Math & Science",0,0,NA
4060,6,5,"M",1,0,3.27,1220,"Arts & Letters",1,1,2.853
4061,5,4,"M",1,0,3.65,1180,"Arts & Letters",0,0,NA
4062,6,6,"F",1,0,4.04,1080,"Arts & Letters",0,0,NA
4063,4,3,"F",0,0,3.31,1070,"Math & Science",0,0,NA
4064,5,5,"M",0,1,3.91,1180,"Business & Economics",0,0,NA
4065,7,6,"F",0,0,2.85,990,"Arts & Letters",0,0,NA
4066,6,6,"M",1,0,3.38,1400,"Math & Science",1,0,NA
4067,4,4,"F",1,0,3.46,1280,"Math & Science",0,0,NA
4068,6,6,"M",1,0,3.39,910,"Arts & Letters",0,0,NA
4069,7,7,"F",1,0,3.81,1220,"Arts & Letters",0,0,NA
4070,7,7,"F",1,0,3.59,1270,"Arts & Letters",0,1,3.331
4071,6,6,"F",0,1,4,1290,"Business & Economics",1,0,NA
4072,6,6,"M",0,0,3.91,1390,"Business & Economics",1,0,NA
4073,7,7,"M",0,0,4,1360,"Arts & Letters",1,0,NA
4074,7,7,"M",1,0,3.91,1250,"Math & Science",1,0,NA
4075,6,6,"F",1,0,4.21,1230,"Math & Science",1,0,NA
4076,7,7,"F",0,1,4.05,1390,"Math & Science",1,0,NA
4077,6,7,"F",0,0,3.86,1160,"Arts & Letters",1,0,NA
4078,7,6,"F",1,0,4,1260,"Business & Economics",0,0,NA
4079,7,7,"F",0,0,3.57,1270,"Arts & Letters",0,0,NA
4080,3,1,"M",0,1,3.81,1270,"Business & Economics",1,0,NA
4081,4,7,"M",0,0,3.05,1130,"Math & Science",0,0,NA
4082,7,6,"M",1,0,3.77,1290,"Business & Economics",1,1,3.124
4083,4,3,"M",1,0,2.67,1100,"Arts & Letters",0,0,NA
4084,7,7,"M",1,0,4,1390,"Math & Science",1,0,NA
4085,7,7,"M",1,0,3.96,1070,"Math & Science",0,0,NA
4086,7,6,"F",1,0,3.85,1230,"Business & Economics",0,0,NA
4087,6,6,"F",1,0,3.82,1330,"Arts & Letters",0,0,NA
4088,6,7,"M",1,0,3,1050,"Arts & Letters",0,0,NA
4089,6,4,"M",1,0,2.81,1150,"Arts & Letters",0,0,NA
4090,7,6,"M",0,0,3.57,1240,"Business & Economics",0,0,NA
4091,4,5,"F",0,0,4,1220,"Arts & Letters",1,0,NA
4092,7,5,"F",1,0,3.23,920,"Arts & Letters",0,0,NA
4093,4,3,"F",1,0,2.85,900,"Arts & Letters",0,0,NA
4094,6,6,"F",1,0,4.38,1480,"Math & Science",1,0,NA
4095,6,6,"F",0,1,3.5,940,"Business & Economics",0,0,NA
4096,7,6,"M",1,0,3.2,1270,"Math & Science",0,0,NA
4097,3,6,"F",1,0,4.3,1250,"Arts & Letters",1,0,NA
4098,4,3,"M",1,0,4.3,1400,"Arts & Letters",1,0,NA
4099,6,6,"F",0,0,3.5,1060,"Business & Economics",0,0,NA
4100,3,7,"F",1,0,3.83,1060,"Math & Science",0,0,NA
4101,4,3,"F",0,0,3.89,850,"Arts & Letters",0,0,NA
4102,6,6,"F",1,0,2.7,970,"Arts & Letters",0,0,NA
4103,7,6,"F",0,0,3.57,1340,"Business & Economics",1,1,3.052
4104,6,3,"M",1,0,4.17,1240,"Business & Economics",1,1,3.344
4105,5,5,"F",0,0,4.44,1260,"Math & Science",1,0,NA
4106,6,7,"F",0,0,3.5,1040,"Arts & Letters",0,0,NA
4107,3,3,"M",0,1,2.88,1060,"Math & Science",0,0,NA
4108,6,7,"M",0,0,3.59,1080,"Business & Economics",0,0,NA
4109,5,5,"M",1,0,3.67,1210,"Math & Science",0,0,NA
4110,6,6,"M",1,0,2.31,960,"Math & Science",0,0,NA
4111,7,7,"F",0,0,3.33,1160,"Arts & Letters",0,0,NA
4112,1,1,"F",1,0,4,1190,"Arts & Letters",1,0,NA
4113,5,4,"F",0,0,3.48,880,"Math & Science",0,0,NA
4114,7,6,"M",1,0,4.12,1230,"Business & Economics",1,0,NA
4115,7,3,"F",1,0,4.23,1330,"Math & Science",1,0,NA
4116,1,7,"F",0,1,3.5,1160,"Math & Science",0,0,NA
4117,4,4,"F",0,0,3.76,1210,"Business & Economics",0,0,NA
4118,6,6,"M",1,0,4.14,1370,"Business & Economics",0,0,NA
4119,6,6,"M",1,0,3.95,1290,"Arts & Letters",0,0,NA
4120,6,4,"F",1,0,3.36,1100,"Arts & Letters",1,0,NA
4121,7,6,"F",0,1,4.14,1400,"Arts & Letters",0,0,NA
4122,6,4,"M",0,0,3.19,1170,"Math & Science",0,0,NA
4123,7,6,"F",1,0,3.73,930,"Arts & Letters",0,0,NA
4124,7,7,"F",0,0,3.05,1150,"Business & Economics",0,0,NA
4125,7,6,"M",1,0,2.45,860,"Arts & Letters",0,0,NA
4126,4,4,"M",0,1,3.62,1430,"Business & Economics",0,0,NA
4127,4,4,"M",0,0,4.05,1230,"Arts & Letters",1,0,NA
4128,5,4,"F",1,0,4.09,1250,"Math & Science",0,0,NA
4129,2,3,"M",0,0,4.04,1100,"Math & Science",0,0,NA
4130,6,6,"M",1,0,4.04,1200,"Business & Economics",1,0,NA
4131,7,6,"F",0,1,3.88,1120,"Arts & Letters",0,0,NA
4132,3,3,"F",0,0,3.65,910,"Arts & Letters",0,0,NA
4133,6,7,"F",1,0,3.2,1200,"Arts & Letters",0,0,NA
4134,3,3,"F",0,0,2.28,590,"Arts & Letters",0,0,NA
4135,2,2,"M",0,0,4.4,1310,"Business & Economics",1,0,NA
4136,3,3,"F",0,0,3.93,1010,"Business & Economics",0,0,NA
4137,1,1,"F",0,0,3.68,860,"Math & Science",0,0,NA
4138,6,6,"F",1,0,4.27,1260,"Arts & Letters",0,0,NA
4139,3,4,"F",0,0,3.27,990,"Arts & Letters",0,0,NA
4140,4,4,"F",0,0,3.77,940,"Math & Science",0,0,NA
4141,6,6,"M",1,0,2.25,890,"Business & Economics",0,0,NA
4142,6,6,"M",0,0,4.12,1350,"Math & Science",1,1,3.284
4143,3,5,"M",1,0,4.1,1040,"Math & Science",0,0,NA
4144,6,7,"M",1,0,3.83,1330,"Arts & Letters",0,0,NA
4145,7,5,"M",1,0,3.14,1210,"Business & Economics",0,0,NA
4146,6,6,"M",1,0,3.14,1080,"Business & Economics",0,0,NA
4147,6,6,"F",1,0,4.08,1370,"Math & Science",1,0,NA
4148,6,6,"M",0,0,3,1230,"Business & Economics",0,0,NA
4149,6,6,"M",1,0,3.5,1080,"Arts & Letters",0,0,NA
4150,3,4,"F",1,0,4.27,980,"Arts & Letters",1,0,NA
4151,6,6,"F",1,0,3.9,1220,"Math & Science",0,0,NA
4152,6,5,"M",1,0,3.35,1070,"Business & Economics",0,0,NA
4153,6,6,"M",1,0,3.14,1270,"Business & Economics",0,0,NA
4154,7,7,"F",1,0,3.89,1250,"Arts & Letters",1,0,NA
4155,2,5,"F",0,0,3.04,860,"Math & Science",0,0,NA
4156,1,1,"F",0,0,3.88,820,"Business & Economics",1,0,NA
4157,7,7,"F",0,1,3.96,1270,"Arts & Letters",1,0,NA
4158,1,1,"F",0,0,3.05,780,"Arts & Letters",0,0,NA
4159,7,6,"M",0,0,3.75,1350,"Math & Science",1,0,NA
4160,6,7,"F",1,0,3.29,1070,"Arts & Letters",0,0,NA
4161,7,4,"F",1,0,3.5,1040,"Arts & Letters",0,0,NA
4162,7,7,"M",1,0,3.92,1340,"Business & Economics",1,0,NA
4163,1,1,"F",0,0,3.89,870,"Math & Science",1,0,NA
4164,6,7,"F",1,0,3.41,1270,"Business & Economics",0,0,NA
4165,1,2,"M",0,0,3.64,800,"Arts & Letters",0,0,NA
4166,7,7,"F",0,1,3.58,1350,"Math & Science",0,0,NA
4167,2,2,"M",0,0,3.29,790,"Math & Science",0,0,NA
4168,3,3,"F",0,0,3.72,1060,"Arts & Letters",0,0,NA
4169,4,6,"F",0,0,3.58,1140,"Arts & Letters",0,0,NA
4170,7,6,"F",1,0,3.67,1230,"Math & Science",0,0,NA
4171,1,2,"F",1,0,3.38,1030,"Math & Science",0,0,NA
4172,6,7,"F",1,0,4,1420,"Arts & Letters",1,0,NA
4173,3,3,"F",0,0,3.86,1190,"Math & Science",1,0,NA
4174,3,3,"F",0,0,3.62,1050,"Business & Economics",1,0,NA
4175,4,4,"F",1,0,3.86,1240,"Math & Science",0,0,NA
4176,2,3,"F",0,0,3.29,990,"Arts & Letters",0,0,NA
4177,2,4,"F",0,0,4.14,1180,"Math & Science",1,0,NA
4178,6,6,"M",1,0,3.85,1240,"Math & Science",0,0,NA
4179,6,6,"F",0,0,3.5,1120,"Math & Science",0,0,NA
4180,3,3,"M",0,0,3.75,1010,"Business & Economics",0,0,NA
4181,6,4,"F",1,0,3.73,1040,"Math & Science",0,0,NA
4182,7,6,"F",1,0,3.74,1360,"Math & Science",0,0,NA
4183,4,4,"M",1,0,3.8,1470,"Arts & Letters",0,0,NA
4184,6,3,"M",1,0,3.06,1110,"Arts & Letters",0,0,NA
4185,6,5,"F",0,0,3.79,1180,"Math & Science",1,0,NA
4186,4,7,"F",1,0,3.96,1070,"Business & Economics",0,0,NA
4187,6,6,"F",1,0,4.25,1230,"Arts & Letters",0,0,NA
4188,2,4,"F",0,0,3.86,1070,"Arts & Letters",0,0,NA
4189,4,5,"F",0,0,3.29,770,"Arts & Letters",0,0,NA
4190,7,7,"F",1,0,3.52,1370,"Business & Economics",0,0,NA
4191,7,7,"M",0,0,3.33,1180,"Arts & Letters",0,0,NA
4192,6,5,"F",1,0,3.68,1120,"Arts & Letters",1,1,3.221
4193,6,3,"F",1,0,4.33,1190,"Arts & Letters",0,0,NA
4194,7,6,"F",1,0,4,1300,"Arts & Letters",1,0,NA
4195,7,5,"F",1,0,3.45,1020,"Arts & Letters",0,0,NA
4196,7,7,"F",1,0,4.27,1420,"Arts & Letters",1,0,NA
4197,7,6,"F",1,0,3.46,1140,"Business & Economics",0,0,NA
4198,7,6,"F",1,0,3.27,1030,"Arts & Letters",0,0,NA
4199,7,5,"F",0,0,4.24,1360,"Math & Science",1,0,NA
4200,7,6,"F",0,0,3.62,980,"Business & Economics",0,0,NA
4201,6,6,"M",1,0,2.6,930,"Arts & Letters",0,0,NA
4202,6,6,"F",1,0,3.45,1090,"Math & Science",0,0,NA
4203,6,6,"F",1,0,4.04,1270,"Arts & Letters",0,0,NA
4204,7,7,"M",0,0,2.45,1140,"Arts & Letters",0,0,NA
4205,6,4,"F",1,0,3.45,1030,"Arts & Letters",0,0,NA
4206,3,3,"F",1,0,3.59,1010,"Math & Science",0,0,NA
4207,7,6,"F",1,0,3.79,1540,"Math & Science",1,0,NA
4208,4,4,"M",0,0,3.5,1230,"Business & Economics",0,0,NA
4209,1,1,"M",0,1,3.74,1370,"Math & Science",1,0,NA
4210,6,6,"F",1,0,3.14,950,"Arts & Letters",0,0,NA
4211,7,7,"M",1,0,3.67,1190,"Business & Economics",0,0,NA
4212,7,6,"F",1,0,3.29,1140,"Arts & Letters",0,0,NA
4213,6,7,"M",1,0,3.86,1150,"Arts & Letters",1,0,NA
4214,7,4,"F",0,1,2.83,900,"Arts & Letters",0,0,NA
4215,6,7,"M",1,0,3.1,900,"Math & Science",0,0,NA
4216,5,4,"M",0,0,4.08,1270,"Math & Science",1,1,3.26
4217,7,7,"F",1,0,3.09,1050,"Business & Economics",0,0,NA
4218,4,7,"M",0,0,2.89,1000,"Math & Science",0,0,NA
4219,6,3,"M",0,0,4,1130,"Math & Science",0,0,NA
4220,7,7,"F",0,0,3.69,1030,"Arts & Letters",0,0,NA
4221,4,6,"F",1,0,3.62,1050,"Math & Science",0,0,NA
4222,6,6,"M",1,0,3,1430,"Arts & Letters",0,0,NA
4223,7,4,"M",1,0,2.28,1030,"Arts & Letters",0,0,NA
4224,4,2,"M",0,0,3.1,840,"Arts & Letters",0,0,NA
4225,7,7,"F",1,0,3.48,1320,"Math & Science",1,0,NA
4226,6,6,"F",1,0,4.14,1270,"Business & Economics",1,0,NA
4227,7,7,"F",1,0,4.19,1360,"Math & Science",1,0,NA
4228,1,2,"F",0,0,3.63,720,"Math & Science",0,0,NA
4229,7,7,"M",1,0,2.64,1050,"Business & Economics",0,0,NA
4230,7,7,"M",0,0,3.27,1200,"Business & Economics",0,0,NA
4231,6,7,"F",1,0,4,1110,"Arts & Letters",0,0,NA
4232,4,7,"M",0,0,2.96,930,"Business & Economics",0,0,NA
4233,7,6,"F",1,0,3.64,970,"Arts & Letters",0,0,NA
4234,6,5,"M",1,0,3.27,1050,"Business & Economics",0,0,NA
4235,5,5,"M",0,1,2.91,930,"Arts & Letters",0,0,NA
4236,7,7,"F",0,1,4,1540,"Arts & Letters",1,0,NA
4237,6,6,"M",0,0,3.91,1370,"Business & Economics",1,0,NA
4238,3,3,"M",1,0,2.3,1080,"Arts & Letters",0,0,NA
4239,3,3,"F",1,0,3.27,1300,"Arts & Letters",0,0,NA
4240,6,6,"F",1,0,3.5,1030,"Arts & Letters",0,0,NA
4241,7,7,"F",0,1,3.05,1070,"Arts & Letters",0,0,NA
4242,4,3,"M",1,0,3.65,1110,"Business & Economics",0,0,NA
4243,1,1,"F",0,0,2.6,920,"Arts & Letters",0,0,NA
4244,6,6,"F",0,0,3.81,1230,"Arts & Letters",1,0,NA
4245,7,6,"F",1,0,4,1110,"Math & Science",0,0,NA
4246,6,4,"M",0,0,3.4,880,"Math & Science",0,0,NA
4247,4,4,"F",1,0,4.14,1290,"Arts & Letters",0,1,3.763
4248,6,5,"F",0,1,4.21,1380,"Math & Science",1,0,NA
4249,3,3,"M",1,0,3.58,1030,"Math & Science",0,0,NA
4250,6,7,"M",1,0,3.35,990,"Business & Economics",0,0,NA
4251,6,6,"F",0,1,3.64,1150,"Arts & Letters",0,0,NA
4252,6,7,"F",1,0,3.91,1280,"Business & Economics",1,0,NA
4253,6,7,"M",1,0,2.87,940,"Business & Economics",0,0,NA
4254,7,6,"M",1,0,3.35,1000,"Business & Economics",0,0,NA
4255,5,3,"F",1,0,3.29,910,"Arts & Letters",0,0,NA
4256,6,6,"F",1,0,4.09,1530,"Arts & Letters",1,0,NA
4257,6,6,"F",1,0,4.36,1240,"Math & Science",1,0,NA
4258,6,6,"M",0,1,2.55,950,"Arts & Letters",0,0,NA
4259,4,6,"F",0,1,2.95,960,"Arts & Letters",0,0,NA
4260,6,6,"M",1,0,3.79,1420,"Business & Economics",1,0,NA
4261,3,3,"M",1,0,3.54,1440,"Arts & Letters",1,0,NA
4262,4,4,"M",0,0,4.05,1330,"Arts & Letters",0,0,NA
4263,7,7,"F",1,0,3.95,1460,"Business & Economics",1,1,3.522
4264,1,1,"F",0,0,3.71,880,"Arts & Letters",0,0,NA
4265,4,1,"F",0,0,2.94,790,"Math & Science",0,0,NA
4266,6,6,"F",1,0,3.62,990,"Math & Science",0,0,NA
4267,2,4,"M",1,0,2.53,1060,"Arts & Letters",0,0,NA
4268,7,3,"F",1,0,3.32,980,"Business & Economics",0,0,NA
4269,6,7,"M",1,0,2.65,1060,"Arts & Letters",0,0,NA
4270,6,6,"F",1,0,4.1,1140,"Arts & Letters",1,0,NA
4271,3,6,"M",1,0,3.19,1090,"Math & Science",0,0,NA
4272,3,3,"F",1,0,3.14,1130,"Math & Science",0,0,NA
4273,6,6,"M",1,0,3.19,1040,"Arts & Letters",0,0,NA
4274,6,6,"M",1,0,3.64,1530,"Business & Economics",1,0,NA
4275,5,6,"M",0,0,2.22,580,"Arts & Letters",0,0,NA
4276,1,1,"F",0,0,3,790,"Business & Economics",0,0,NA
4277,2,2,"M",0,0,2.7,880,"Arts & Letters",0,0,NA
4278,7,4,"F",1,0,3,1220,"Business & Economics",0,0,NA
4279,7,5,"F",1,0,3.9,1430,"Math & Science",1,0,NA
4280,1,1,"M",0,0,3.24,830,"Business & Economics",0,0,NA
4281,4,6,"F",1,0,3,1120,"Arts & Letters",0,0,NA
4282,3,2,"F",0,0,3.65,1000,"Math & Science",0,0,NA
4283,6,7,"F",1,0,3.05,1340,"Arts & Letters",0,0,NA
4284,7,7,"F",1,0,4.13,1440,"Math & Science",1,0,NA
4285,3,7,"M",0,0,2.93,1260,"Arts & Letters",0,0,NA
4286,4,4,"M",1,0,3.73,1380,"Math & Science",1,1,1.844
4287,4,7,"F",0,0,3.46,1170,"Business & Economics",0,0,NA
4288,7,3,"M",1,0,3.62,1360,"Arts & Letters",0,0,NA
4289,6,6,"F",0,1,4.16,1470,"Math & Science",1,0,NA
4290,4,4,"F",0,1,3.1,720,"Math & Science",0,0,NA
4291,7,7,"F",0,0,4.4,1500,"Arts & Letters",1,0,NA
4292,3,4,"F",1,0,3.24,860,"Business & Economics",0,0,NA
4293,3,7,"M",0,0,3.12,920,"Arts & Letters",0,0,NA
4294,6,3,"M",1,0,3.3,1160,"Arts & Letters",0,0,NA
4295,2,1,"F",0,1,3.82,1000,"Arts & Letters",1,0,NA
4296,7,6,"F",0,0,3.65,1380,"Arts & Letters",1,0,NA
4297,3,3,"M",0,0,3.32,920,"Arts & Letters",0,0,NA
4298,3,3,"F",0,0,3.46,880,"Arts & Letters",0,0,NA
4299,7,6,"M",1,0,2.92,1250,"Math & Science",0,0,NA
4300,2,1,"F",0,0,3.23,720,"Arts & Letters",0,0,NA
4301,7,6,"F",1,0,3.5,1360,"Arts & Letters",0,0,NA
4302,3,1,"M",0,0,4.25,1220,"Arts & Letters",1,0,NA
4303,4,3,"M",0,0,4.16,1460,"Arts & Letters",1,0,NA
4304,6,5,"F",0,0,3.4,1020,"Arts & Letters",0,0,NA
4305,7,7,"M",1,0,4,1250,"Arts & Letters",0,0,NA
4306,1,1,"F",0,0,4.4,1190,"Math & Science",1,0,NA
4307,3,3,"F",1,0,3.82,1140,"Math & Science",0,0,NA
4308,6,6,"M",1,0,3.03,1200,"Math & Science",0,0,NA
4309,7,6,"F",1,0,4.09,1330,"Arts & Letters",1,0,NA
4310,6,6,"M",1,0,3.52,1140,"Business & Economics",0,0,NA
4311,6,6,"F",1,0,3.05,1030,"Arts & Letters",0,0,NA
4312,1,1,"F",0,0,4,1020,"Math & Science",0,0,NA
4313,6,6,"M",1,0,4.1,1460,"Business & Economics",1,0,NA
4314,7,7,"F",0,1,3.93,1250,"Math & Science",1,0,NA
4315,7,7,"M",1,0,3.23,1380,"Arts & Letters",0,0,NA
4316,7,5,"F",0,0,3.38,1290,"Business & Economics",0,0,NA
4317,3,4,"M",0,0,3.08,760,"Math & Science",0,0,NA
4318,4,5,"F",0,0,3.95,1130,"Arts & Letters",1,0,NA
4319,6,6,"F",0,0,3.18,1020,"Arts & Letters",0,0,NA
4320,1,1,"F",0,0,3.33,780,"Math & Science",0,0,NA
4321,2,4,"F",0,0,4.14,1050,"Math & Science",0,0,NA
4322,7,7,"M",0,0,3.7,1120,"Business & Economics",0,0,NA
4323,1,1,"F",0,0,3.33,1040,"Arts & Letters",0,0,NA
4324,3,4,"M",0,0,3.67,1050,"Arts & Letters",1,0,NA
4325,7,7,"F",1,0,3.4,1030,"Math & Science",0,0,NA
4326,7,4,"F",0,0,2.92,1090,"Business & Economics",0,0,NA
4327,6,5,"M",1,0,2.75,930,"Math & Science",0,0,NA
4328,7,3,"M",1,0,4,1100,"Business & Economics",1,0,NA
4329,7,7,"F",1,0,3.14,1440,"Arts & Letters",1,0,NA
4330,7,7,"M",1,0,3.62,1290,"Math & Science",0,0,NA
4331,7,6,"F",0,0,3.58,1200,"Math & Science",0,0,NA
4332,4,4,"F",1,0,3.54,910,"Arts & Letters",0,0,NA
4333,4,6,"F",0,0,3.26,1210,"Arts & Letters",0,0,NA
4334,4,4,"M",1,0,4.29,1400,"Math & Science",1,0,NA
4335,6,4,"M",0,0,3.95,1090,"Business & Economics",0,0,NA
4336,3,3,"F",0,0,4.08,860,"Business & Economics",0,0,NA
4337,6,6,"M",1,0,3.62,1080,"Arts & Letters",0,0,NA
4338,6,5,"F",1,0,2.78,1170,"Arts & Letters",0,0,NA
4339,6,4,"F",1,0,3.9,1070,"Business & Economics",1,0,NA
4340,4,6,"M",0,0,3.35,1190,"Business & Economics",0,0,NA
4341,6,5,"F",1,0,3.85,1260,"Arts & Letters",0,1,3.62
4342,7,7,"F",1,0,3.95,1230,"Business & Economics",0,0,NA
4343,6,6,"F",1,0,2.7,1030,"Arts & Letters",0,0,NA
4344,5,5,"F",1,0,3.58,1070,"Math & Science",0,0,NA
4345,6,6,"F",1,0,3.05,1250,"Arts & Letters",0,0,NA
4346,5,5,"F",1,0,4.25,1330,"Math & Science",1,0,NA
4347,6,4,"M",1,0,2.75,820,"Arts & Letters",0,0,NA
4348,2,2,"F",0,0,3.4,1060,"Math & Science",0,0,NA
4349,6,5,"F",1,0,3.55,1310,"Arts & Letters",0,0,NA
4350,4,3,"F",1,0,3.33,1290,"Arts & Letters",1,0,NA
4351,6,2,"F",0,0,3.1,1150,"Business & Economics",0,0,NA
4352,3,6,"F",0,0,3.86,1280,"Math & Science",0,0,NA
4353,6,6,"F",1,0,4,1160,"Math & Science",0,0,NA
4354,2,1,"F",0,0,3.82,1120,"Arts & Letters",0,0,NA
4355,6,6,"F",1,0,3.55,1100,"Arts & Letters",0,0,NA
4356,7,7,"M",0,0,3.92,1080,"Math & Science",0,0,NA
4357,3,3,"F",1,0,3.7,1070,"Math & Science",0,0,NA
4358,1,1,"M",0,0,3.78,1160,"Arts & Letters",0,0,NA
4359,7,6,"M",1,0,3.62,1210,"Business & Economics",1,0,NA
4360,4,5,"F",1,0,4.05,1270,"Math & Science",1,1,2.725
4361,7,7,"F",1,0,3.95,1100,"Math & Science",0,0,NA
4362,6,5,"F",1,0,4.1,1290,"Arts & Letters",1,1,3.814
4363,6,6,"M",1,0,3.91,1210,"Arts & Letters",1,0,NA
4364,7,7,"M",1,0,3.55,1320,"Arts & Letters",1,0,NA
4365,7,6,"M",0,1,3.75,1270,"Business & Economics",0,0,NA
4366,7,6,"F",1,0,2.47,840,"Arts & Letters",0,0,NA
4367,4,3,"F",0,0,3.36,960,"Business & Economics",0,0,NA
4368,6,6,"M",1,0,2.85,1180,"Arts & Letters",0,0,NA
4369,6,6,"F",1,0,3.82,1150,"Math & Science",0,0,NA
4370,4,6,"F",1,0,3.23,1070,"Arts & Letters",0,0,NA
4371,4,4,"M",0,1,3.5,1050,"Math & Science",0,0,NA
4372,3,6,"F",1,0,3.6,1170,"Business & Economics",0,0,NA
4373,7,7,"M",1,0,3.83,1200,"Business & Economics",1,1,3.649
4374,3,3,"F",0,0,3.54,1530,"Math & Science",1,0,NA
4375,7,7,"F",0,1,4.3,1500,"Math & Science",1,0,NA
4376,3,3,"F",0,1,4.25,1070,"Math & Science",0,0,NA
4377,3,4,"F",1,0,4,1240,"Math & Science",1,0,NA
4378,7,7,"M",1,0,3.29,970,"Business & Economics",0,0,NA
4379,1,1,"F",0,0,2.82,1020,"Math & Science",0,0,NA
4380,6,6,"F",0,1,2.85,800,"Math & Science",0,0,NA
4381,7,7,"F",1,0,3.85,1400,"Arts & Letters",0,0,NA
4382,7,7,"M",0,1,4.09,1440,"Business & Economics",1,0,NA
4383,3,6,"M",0,1,3.73,1360,"Math & Science",0,0,NA
4384,4,4,"F",1,0,2.88,990,"Arts & Letters",0,0,NA
4385,5,6,"F",1,0,4.15,1150,"Arts & Letters",0,1,2.71
4386,7,4,"F",1,0,3.77,1220,"Math & Science",0,0,NA
4387,7,7,"F",1,0,4.18,1330,"Math & Science",1,1,3.198
4388,1,1,"M",0,0,3.73,870,"Math & Science",0,0,NA
4389,7,6,"F",1,0,3.96,1290,"Math & Science",1,0,NA
4390,3,6,"F",1,0,3.64,1210,"Arts & Letters",0,0,NA
4391,7,7,"F",0,1,4.21,1430,"Arts & Letters",1,0,NA
4392,7,7,"M",1,0,4.09,1260,"Business & Economics",1,0,NA
4393,4,6,"M",0,0,3.05,1200,"Business & Economics",0,0,NA
4394,3,4,"F",0,0,2.88,1030,"Arts & Letters",0,0,NA
4395,6,3,"F",1,0,3.67,1050,"Arts & Letters",0,0,NA
4396,3,3,"M",1,0,3.71,1340,"Arts & Letters",1,0,NA
4397,6,6,"M",1,0,3.75,1240,"Arts & Letters",0,0,NA
4398,1,1,"M",0,0,3.68,820,"Math & Science",0,0,NA
4399,7,6,"F",1,0,4.36,1230,"Arts & Letters",0,1,3.584
4400,7,7,"M",1,0,3.45,1240,"Arts & Letters",0,0,NA
4401,5,4,"F",0,0,3.71,1280,"Arts & Letters",0,1,2.711
4402,6,7,"F",1,0,3.31,1020,"Arts & Letters",0,0,NA
4403,7,7,"F",0,0,4.21,1360,"Math & Science",1,0,NA
4404,3,4,"M",0,0,3.92,890,"Business & Economics",0,0,NA
4405,4,6,"F",1,0,3.5,1120,"Arts & Letters",0,0,NA
4406,6,6,"F",1,0,3.95,1490,"Business & Economics",1,0,NA
4407,6,7,"F",1,0,3.83,1280,"Math & Science",0,0,NA
4408,3,3,"M",0,1,3.48,880,"Math & Science",0,0,NA
4409,7,7,"F",1,0,4.1,1340,"Math & Science",1,0,NA
4410,6,6,"M",1,0,3.73,1240,"Arts & Letters",0,0,NA
4411,7,7,"M",1,0,3.7,1160,"Math & Science",0,0,NA
4412,6,6,"M",0,1,4,1440,"Business & Economics",1,0,NA
4413,7,3,"M",1,0,3.15,1230,"Business & Economics",0,0,NA
4414,4,6,"F",1,0,3.77,1380,"Arts & Letters",0,0,NA
4415,7,7,"F",0,0,3.88,1190,"Math & Science",0,0,NA
4416,6,6,"F",0,1,3.91,1060,"Math & Science",0,0,NA
4417,7,7,"M",0,0,2.9,1060,"Arts & Letters",0,0,NA
4418,4,4,"F",1,0,3.86,1230,"Arts & Letters",0,1,3.669
4419,1,1,"F",0,1,3.42,980,"Math & Science",0,0,NA
4420,6,6,"M",0,0,3.04,1390,"Arts & Letters",0,0,NA
4421,1,1,"M",0,0,2.83,820,"Arts & Letters",0,0,NA
4422,7,6,"M",0,1,3.67,1450,"Math & Science",0,0,NA
4423,6,2,"M",0,0,3.78,1020,"Arts & Letters",1,0,NA
4424,7,6,"F",1,0,3.75,1210,"Arts & Letters",0,0,NA
4425,5,3,"F",1,0,3.67,1170,"Arts & Letters",0,0,NA
4426,7,6,"F",0,1,3.73,1340,"Arts & Letters",0,0,NA
4427,7,6,"M",0,1,3.57,1240,"Business & Economics",0,0,NA
4428,6,6,"F",1,0,3.91,1210,"Business & Economics",0,0,NA
4429,3,5,"F",0,1,3.79,1510,"Math & Science",1,1,3.025
4430,1,2,"M",0,0,3.15,1280,"Arts & Letters",1,0,NA
4431,7,6,"M",0,0,2.71,1210,"Business & Economics",0,0,NA
4432,7,6,"F",0,1,3.75,1360,"Business & Economics",1,0,NA
4433,4,6,"F",1,0,4.05,1510,"Math & Science",1,1,3.818
4434,7,7,"M",0,1,4.1,1260,"Math & Science",1,0,NA
4435,7,5,"F",1,0,3.55,1170,"Arts & Letters",0,0,NA
4436,1,2,"M",0,0,4.14,950,"Math & Science",1,0,NA
4437,2,1,"F",0,0,3.92,1130,"Business & Economics",1,0,NA
4438,5,7,"F",0,0,4.21,1140,"Arts & Letters",1,0,NA
4439,3,2,"F",0,1,3.87,1020,"Business & Economics",0,0,NA
4440,4,4,"M",1,0,3.4,1080,"Math & Science",0,0,NA
4441,4,4,"F",1,0,3.73,1140,"Business & Economics",1,1,2.802
4442,6,6,"M",1,0,3.32,1090,"Math & Science",0,0,NA
4443,4,4,"F",0,0,2.38,740,"Arts & Letters",0,0,NA
4444,1,3,"M",0,0,3.65,910,"Arts & Letters",1,1,2.643
4445,5,6,"M",1,0,3.5,1210,"Arts & Letters",0,0,NA
4446,1,1,"F",0,0,2.91,730,"Arts & Letters",0,0,NA
4447,7,4,"M",0,0,3.31,1170,"Math & Science",0,0,NA
4448,6,6,"M",1,0,3.55,1170,"Business & Economics",1,1,2.737
4449,6,6,"F",1,0,4.19,970,"Math & Science",0,0,NA
4450,4,4,"F",1,0,4.18,1140,"Business & Economics",1,1,2.875
4451,7,5,"F",1,0,4.27,1130,"Math & Science",0,0,NA
4452,6,6,"F",1,0,4,1250,"Arts & Letters",1,1,3.587
4453,4,5,"F",0,0,4.1,1130,"Math & Science",0,0,NA
4454,3,3,"M",0,0,3.58,910,"Arts & Letters",0,0,NA
4455,6,6,"M",1,0,4.18,1450,"Business & Economics",1,1,3.174
4456,2,3,"F",1,0,3.67,1110,"Math & Science",0,0,NA
4457,4,4,"M",0,0,3.06,790,"Math & Science",0,0,NA
4458,7,6,"F",1,0,3.85,1280,"Arts & Letters",0,0,NA
4459,6,6,"F",1,0,2.91,1060,"Arts & Letters",0,0,NA
4460,3,4,"M",1,0,4.23,1230,"Business & Economics",1,0,NA
4461,3,3,"M",0,1,3.27,980,"Business & Economics",0,0,NA
4462,6,6,"F",1,0,3.33,1140,"Arts & Letters",0,0,NA
4463,1,1,"M",0,0,2.52,980,"Arts & Letters",0,0,NA
4464,6,6,"M",0,1,3.86,1320,"Business & Economics",1,1,2.843
4465,4,4,"M",1,0,2.89,1080,"Business & Economics",0,1,1.684
4466,6,6,"F",1,0,4.08,1170,"Business & Economics",0,0,NA
4467,3,3,"F",0,1,4,870,"Math & Science",0,0,NA
4468,5,6,"F",0,1,4.25,1310,"Math & Science",1,1,3.18
4469,6,7,"F",1,0,3.42,1320,"Math & Science",1,0,NA
4470,2,1,"F",0,0,3.46,910,"Business & Economics",0,0,NA
4471,6,5,"F",1,0,2.7,860,"Arts & Letters",0,0,NA
4472,6,6,"F",1,0,3.64,1190,"Business & Economics",0,0,NA
4473,6,6,"M",0,0,2.86,790,"Math & Science",0,0,NA
4474,7,7,"F",1,0,3.64,1490,"Business & Economics",1,1,2.725
4475,3,3,"M",1,0,3.67,1060,"Arts & Letters",0,0,NA
4476,6,6,"M",1,0,2.77,1160,"Math & Science",0,0,NA
4477,6,6,"M",0,1,3.38,1250,"Math & Science",0,0,NA
4478,3,3,"F",0,1,3.5,900,"Business & Economics",0,0,NA
4479,6,4,"M",1,0,4,1310,"Arts & Letters",1,0,NA
4480,5,4,"F",0,0,3.25,1090,"Arts & Letters",0,0,NA
4481,4,6,"F",1,0,3.48,1140,"Arts & Letters",1,1,2.716
4482,6,7,"F",1,0,3.59,1020,"Math & Science",0,0,NA
4483,6,6,"F",0,0,3.91,1230,"Business & Economics",1,0,NA
4484,4,4,"F",0,0,3.78,950,"Business & Economics",0,0,NA
4485,6,7,"F",1,0,3.08,1290,"Arts & Letters",0,0,NA
4486,7,6,"M",0,0,3.25,1250,"Math & Science",0,0,NA
4487,7,6,"F",1,0,3.71,1340,"Arts & Letters",1,0,NA
4488,7,4,"M",1,0,3.5,1050,"Arts & Letters",0,0,NA
4489,6,6,"F",1,0,3.92,1390,"Arts & Letters",1,0,NA
4490,7,4,"F",0,0,3.82,1190,"Business & Economics",0,0,NA
4491,7,5,"F",1,0,3.5,1090,"Business & Economics",0,0,NA
4492,7,6,"F",0,0,3.67,1430,"Arts & Letters",0,0,NA
4493,3,3,"F",0,1,4.05,1150,"Math & Science",0,0,NA
4494,5,6,"M",1,0,3.82,1340,"Math & Science",1,0,NA
4495,6,3,"F",1,0,3.44,1130,"Math & Science",0,0,NA
4496,5,6,"F",1,0,4,1250,"Arts & Letters",0,0,NA
4497,3,2,"F",0,0,3.5,890,"Math & Science",0,0,NA
4498,6,4,"F",0,0,3.17,1070,"Arts & Letters",0,0,NA
4499,6,6,"F",1,0,3.86,1190,"Math & Science",1,0,NA
4500,3,5,"F",1,0,4.08,1080,"Math & Science",0,0,NA
4501,1,3,"F",0,0,4,1030,"Arts & Letters",0,0,NA
4502,7,4,"F",1,0,2.95,1290,"Math & Science",0,0,NA
4503,7,7,"F",1,0,3.71,1420,"Math & Science",0,0,NA
4504,7,6,"F",1,0,3.09,1160,"Arts & Letters",0,0,NA
4505,5,6,"M",1,0,3.46,1130,"Arts & Letters",0,0,NA
4506,4,4,"F",0,0,2.85,970,"Arts & Letters",0,0,NA
4507,6,6,"F",1,0,3.68,1180,"Math & Science",0,0,NA
4508,7,6,"F",0,1,3.42,1250,"Math & Science",0,0,NA
4509,7,6,"M",0,0,3.39,1030,"Arts & Letters",0,0,NA
4510,6,7,"F",1,0,3.82,1140,"Arts & Letters",0,0,NA
4511,6,6,"F",0,1,3.1,910,"Math & Science",0,0,NA
4512,7,7,"M",0,0,3.55,1140,"Math & Science",0,0,NA
4513,6,6,"F",0,0,3.5,970,"Arts & Letters",0,0,NA
4514,6,3,"F",1,0,4.18,1130,"Business & Economics",1,1,3.189
4515,4,6,"M",0,0,4.14,1400,"Arts & Letters",1,0,NA
4516,7,6,"F",1,0,3.17,1330,"Math & Science",0,0,NA
4517,7,6,"F",0,0,3.75,1210,"Business & Economics",1,1,3.512
4518,7,4,"F",0,1,2.81,1050,"Business & Economics",0,0,NA
4519,6,6,"M",0,1,3.95,1430,"Math & Science",1,0,NA
4520,2,5,"F",1,0,4.06,960,"Math & Science",0,0,NA
4521,7,6,"F",1,0,4.21,1190,"Arts & Letters",0,0,NA
4522,7,6,"F",0,0,4,1150,"Math & Science",1,0,NA
4523,6,6,"F",0,0,4.14,1170,"Business & Economics",0,0,NA
4524,6,4,"M",1,0,3.75,1290,"Business & Economics",1,1,3.202
4525,5,3,"M",1,0,3.73,1070,"Math & Science",0,0,NA
4526,7,5,"M",0,0,4.24,1300,"Math & Science",0,0,NA
4527,3,3,"F",1,0,3.67,1200,"Arts & Letters",0,0,NA
4528,7,7,"F",0,1,3.95,1310,"Business & Economics",0,0,NA
4529,6,6,"M",0,1,4.25,1470,"Business & Economics",1,0,NA
4530,3,4,"F",1,0,3.05,1160,"Arts & Letters",0,0,NA
4531,4,4,"M",0,1,3.5,1340,"Math & Science",0,0,NA
4532,7,7,"M",1,0,3.68,1140,"Business & Economics",0,0,NA
4533,6,6,"M",0,1,3.85,1290,"Math & Science",0,0,NA
4534,3,3,"M",0,1,3.88,880,"Math & Science",0,0,NA
4535,6,6,"M",0,1,3.5,1190,"Math & Science",0,0,NA
4536,3,5,"M",1,0,4.17,1400,"Math & Science",1,0,NA
4537,6,4,"F",1,0,3.43,1110,"Arts & Letters",0,0,NA
4538,3,6,"F",0,0,3.38,1060,"Arts & Letters",0,0,NA
4539,6,6,"M",1,0,3.29,1170,"Business & Economics",1,0,NA
4540,5,6,"F",1,0,3.32,1090,"Arts & Letters",0,0,NA
4541,4,7,"F",1,0,3.64,1180,"Business & Economics",0,0,NA
4542,6,6,"F",0,1,4.25,1460,"Business & Economics",1,0,NA
4543,6,6,"F",0,0,3.54,1270,"Math & Science",0,0,NA
4544,6,6,"F",1,0,2.45,990,"Arts & Letters",0,0,NA
4545,6,4,"F",1,0,3.46,1100,"Arts & Letters",0,0,NA
4546,5,7,"F",1,0,3.82,850,"Math & Science",0,0,NA
4547,6,7,"F",0,1,3.06,1070,"Arts & Letters",0,0,NA
4548,1,3,"F",1,0,2.95,830,"Math & Science",0,0,NA
4549,6,6,"F",1,0,4.2,1350,"Arts & Letters",1,1,3.301
4550,6,6,"M",0,1,3.58,1270,"Math & Science",0,0,NA
4551,6,7,"F",1,0,4.36,1470,"Math & Science",1,0,NA
4552,4,3,"F",0,0,3.25,910,"Math & Science",0,0,NA
4553,7,7,"F",1,0,3.62,1240,"Arts & Letters",0,0,NA
4554,7,6,"F",0,1,4.36,1220,"Math & Science",0,0,NA
4555,5,6,"M",0,1,3.39,1060,"Business & Economics",0,0,NA
4556,6,6,"F",1,0,3.3,1220,"Arts & Letters",0,0,NA
4557,6,6,"F",1,0,3.68,1160,"Math & Science",0,0,NA
4558,4,4,"F",0,0,3.38,990,"Arts & Letters",0,0,NA
4559,5,5,"F",1,0,3.9,1400,"Business & Economics",1,1,3.487
4560,6,7,"F",1,0,4.11,1290,"Math & Science",0,0,NA
4561,6,5,"M",1,0,3.6,1180,"Business & Economics",0,0,NA
4562,4,7,"M",1,0,3.55,1260,"Arts & Letters",1,0,NA
4563,4,4,"M",0,0,3.35,1190,"Arts & Letters",0,0,NA
4564,6,6,"F",0,1,4.3,1090,"Arts & Letters",1,0,NA
4565,6,6,"F",1,0,3.82,1220,"Arts & Letters",0,0,NA
4566,6,6,"M",1,0,4.05,1350,"Math & Science",1,0,NA
4567,4,6,"F",1,0,3.62,1260,"Arts & Letters",1,0,NA
4568,6,6,"F",0,0,3.81,1260,"Business & Economics",1,1,2.884
4569,6,6,"F",0,0,3.21,910,"Math & Science",0,0,NA
4570,6,7,"F",0,0,4.14,1400,"Math & Science",1,0,NA
4571,7,6,"F",1,0,2.96,990,"Business & Economics",0,0,NA
4572,6,6,"F",1,0,3.45,1190,"Arts & Letters",0,0,NA
4573,7,4,"M",1,0,3.75,1480,"Arts & Letters",1,0,NA
4574,7,7,"M",1,0,3.33,720,"Arts & Letters",0,0,NA
4575,7,6,"F",1,0,3.83,1250,"Arts & Letters",1,0,NA
4576,7,4,"F",1,0,2.58,890,"Arts & Letters",0,0,NA
4577,6,6,"M",1,0,3.59,1280,"Arts & Letters",1,0,NA
4578,6,6,"F",1,0,3.68,1220,"Arts & Letters",0,0,NA
4579,6,6,"F",1,0,4.15,1270,"Arts & Letters",1,1,3.676
4580,6,6,"M",1,0,3.72,1460,"Math & Science",1,1,2.535
4581,7,6,"F",1,0,3.41,1080,"Arts & Letters",0,0,NA
4582,6,5,"F",1,0,3.14,1250,"Arts & Letters",0,0,NA
4583,6,7,"F",1,0,3.96,1150,"Math & Science",0,0,NA
4584,5,6,"M",0,1,3.61,1390,"Math & Science",1,0,NA
4585,3,7,"M",1,0,3.35,1380,"Arts & Letters",1,0,NA
4586,7,7,"M",1,0,4.07,1300,"Math & Science",0,1,3.479
4587,4,6,"M",1,0,3.62,1160,"Math & Science",1,1,2.282
4588,7,6,"M",1,0,3.27,1110,"Business & Economics",0,0,NA
4589,1,1,"M",0,1,3.27,1180,"Math & Science",0,0,NA
4590,7,7,"M",1,0,3.3,1010,"Math & Science",0,0,NA
4591,6,6,"M",1,0,4.3,980,"Math & Science",0,0,NA
4592,7,6,"M",1,0,3.2,1080,"Math & Science",0,0,NA
4593,4,4,"M",0,0,3.5,1000,"Math & Science",0,0,NA
4594,7,6,"F",1,0,3.85,1420,"Business & Economics",1,0,NA
4595,7,4,"M",1,0,3,1270,"Arts & Letters",0,0,NA
4596,6,6,"F",1,0,3.11,980,"Math & Science",0,0,NA
4597,3,6,"M",1,0,4.17,1390,"Math & Science",1,0,NA
4598,6,5,"M",1,0,3.86,1190,"Arts & Letters",0,0,NA
4599,6,6,"F",1,0,3.89,880,"Arts & Letters",0,1,3.349
4600,6,7,"F",1,0,3.65,1170,"Arts & Letters",0,0,NA
4601,7,7,"F",0,1,4.2,1310,"Arts & Letters",0,0,NA
4602,6,6,"M",1,0,3.15,1170,"Arts & Letters",0,0,NA
4603,2,3,"M",0,0,3.14,1030,"Math & Science",0,0,NA
4604,7,7,"M",1,0,2.63,1450,"Business & Economics",0,0,NA
4605,3,4,"F",1,0,3.32,1060,"Arts & Letters",0,0,NA
4606,5,4,"M",0,0,3.14,1160,"Business & Economics",0,0,NA
4607,3,3,"F",1,0,4.17,1260,"Arts & Letters",1,0,NA
4608,5,6,"F",1,0,3.65,1190,"Business & Economics",0,0,NA
4609,6,6,"F",1,0,3.35,1020,"Arts & Letters",0,0,NA
4610,4,4,"M",1,0,3.7,1120,"Math & Science",0,0,NA
4611,7,6,"F",1,0,3.82,1150,"Math & Science",1,1,2.58
4612,6,6,"F",1,0,3.78,1300,"Arts & Letters",0,0,NA
4613,6,6,"M",0,0,3.85,1250,"Business & Economics",1,0,NA
4614,7,6,"F",0,0,3.91,1330,"Math & Science",1,0,NA
4615,4,7,"F",1,0,3.64,920,"Arts & Letters",0,0,NA
4616,6,7,"F",1,0,3.06,1210,"Arts & Letters",0,0,NA
4617,6,3,"M",0,1,3.16,800,"Math & Science",0,0,NA
4618,3,4,"F",0,0,3.81,1030,"Math & Science",0,0,NA
4619,4,7,"F",1,0,4.12,1350,"Math & Science",1,0,NA
4620,4,3,"F",1,0,4.05,1040,"Arts & Letters",0,0,NA
4621,3,3,"M",1,0,3.75,1220,"Math & Science",0,0,NA
4622,4,7,"F",1,0,3.72,1110,"Arts & Letters",0,0,NA
4623,7,7,"F",1,0,3.2,970,"Arts & Letters",0,0,NA
4624,4,3,"F",0,1,3.82,1120,"Math & Science",0,0,NA
4625,6,6,"M",1,0,3.65,1220,"Arts & Letters",0,0,NA
4626,6,4,"F",1,0,3.33,1110,"Business & Economics",0,0,NA
4627,6,5,"M",0,0,3.19,1340,"Business & Economics",0,0,NA
4628,7,4,"M",1,0,3.86,1330,"Math & Science",0,0,NA
4629,6,6,"F",0,0,4.32,1310,"Arts & Letters",1,0,NA
4630,6,5,"F",1,0,4.29,1210,"Business & Economics",1,1,3.228
4631,6,6,"F",0,1,3.91,1260,"Business & Economics",1,0,NA
4632,1,1,"F",0,1,3.35,1080,"Business & Economics",0,0,NA
4633,5,5,"F",1,0,3.5,1190,"Business & Economics",0,0,NA
4634,4,3,"F",0,1,3.68,1160,"Math & Science",0,0,NA
4635,7,6,"M",1,0,3.83,1090,"Business & Economics",0,0,NA
4636,6,5,"M",1,0,3.15,1150,"Business & Economics",0,0,NA
4637,4,6,"M",1,0,3.58,1240,"Math & Science",0,0,NA
4638,7,7,"M",0,0,3.6,1090,"Arts & Letters",0,0,NA
4639,2,4,"F",0,0,4.27,1250,"Math & Science",0,0,NA
4640,7,7,"M",0,1,3.59,1240,"Arts & Letters",1,1,3.161
4641,3,6,"M",1,0,2.44,1190,"Arts & Letters",0,0,NA
4642,4,4,"F",1,0,3.82,1210,"Arts & Letters",1,0,NA
4643,6,6,"M",1,0,3.1,1520,"Arts & Letters",0,0,NA
4644,6,6,"M",0,0,3.77,1370,"Business & Economics",1,0,NA
4645,6,6,"M",1,0,4.25,1430,"Business & Economics",1,0,NA
4646,5,6,"F",1,0,4.15,1160,"Math & Science",0,0,NA
4647,1,1,"F",0,1,3.89,890,"Arts & Letters",1,0,NA
4648,7,7,"M",1,0,4.05,1250,"Arts & Letters",0,0,NA
4649,7,7,"M",0,0,4.14,1570,"Business & Economics",1,0,NA
4650,7,6,"F",1,0,3.85,1280,"Business & Economics",1,0,NA
4651,6,6,"M",1,0,3.29,1060,"Arts & Letters",0,0,NA
4652,4,4,"F",1,0,3.41,1010,"Arts & Letters",0,0,NA
4653,7,4,"F",1,0,3.88,1290,"Arts & Letters",0,0,NA
4654,7,7,"F",0,0,4,1100,"Math & Science",0,0,NA
4655,6,6,"F",0,1,3.77,1360,"Business & Economics",1,0,NA
4656,6,7,"F",1,0,3.7,1000,"Math & Science",0,0,NA
4657,7,4,"M",1,0,3.41,1030,"Arts & Letters",0,0,NA
4658,7,7,"F",0,0,3.75,1120,"Arts & Letters",1,1,3.057
4659,3,6,"M",1,0,3.86,1210,"Business & Economics",0,0,NA
4660,6,4,"F",0,1,3.87,1120,"Math & Science",0,0,NA
4661,7,7,"F",1,0,3.25,1020,"Business & Economics",0,0,NA
4662,7,7,"M",1,0,3.55,1330,"Arts & Letters",1,0,NA
4663,6,7,"F",1,0,3.45,1200,"Arts & Letters",0,0,NA
4664,7,7,"M",1,0,3.65,1400,"Business & Economics",1,1,3.074
4665,6,6,"M",1,0,3.22,1100,"Math & Science",0,0,NA
4666,6,4,"M",1,0,3.3,1170,"Business & Economics",0,0,NA
4667,2,3,"M",0,0,3.2,1090,"Arts & Letters",0,0,NA
4668,6,6,"M",0,0,3.68,1290,"Math & Science",0,0,NA
4669,7,7,"F",1,0,4.31,1390,"Math & Science",1,0,NA
4670,1,3,"F",0,0,3.69,1160,"Math & Science",1,0,NA
4671,6,6,"F",1,0,3.45,1080,"Arts & Letters",0,0,NA
4672,7,3,"F",1,0,3.41,1050,"Arts & Letters",0,0,NA
4673,4,4,"M",0,1,2.41,840,"Math & Science",0,0,NA
4674,6,7,"F",1,0,4.21,1290,"Arts & Letters",1,0,NA
4675,6,3,"F",0,0,4.2,1350,"Arts & Letters",0,0,NA
4676,3,3,"M",0,1,3.14,720,"Business & Economics",0,0,NA
4677,6,6,"M",0,1,3.91,1300,"Business & Economics",1,0,NA
4678,7,7,"F",1,0,3.81,1280,"Arts & Letters",1,0,NA
4679,6,7,"F",1,0,3.55,1210,"Arts & Letters",1,0,NA
4680,6,6,"M",0,1,3.62,1230,"Math & Science",1,0,NA
4681,6,6,"M",1,0,3.5,1400,"Business & Economics",1,1,2.989
4682,3,3,"F",1,0,3.33,1170,"Arts & Letters",0,0,NA
4683,4,4,"M",0,0,3.15,1230,"Math & Science",0,0,NA
4684,3,3,"F",1,0,4,1250,"Business & Economics",1,0,NA
4685,6,6,"F",0,0,3.5,1190,"Math & Science",1,1,1.657
4686,6,7,"M",1,0,2.82,960,"Arts & Letters",0,0,NA
4687,4,4,"F",0,1,4.4,1550,"Math & Science",1,0,NA
4688,7,7,"M",0,0,2.67,1500,"Arts & Letters",0,0,NA
4689,7,5,"F",1,0,3.5,1230,"Arts & Letters",1,0,NA
4690,4,3,"M",1,0,3.11,1210,"Business & Economics",0,0,NA
4691,4,3,"F",1,0,3.86,1170,"Arts & Letters",0,0,NA
4692,4,6,"F",1,0,4.3,1460,"Arts & Letters",0,0,NA
4693,6,3,"F",0,1,4.31,1010,"Business & Economics",1,0,NA
4694,6,7,"F",1,0,4.2,1370,"Arts & Letters",1,0,NA
4695,6,7,"F",1,0,3.77,1230,"Math & Science",0,0,NA
4696,6,7,"M",1,0,3.77,1320,"Business & Economics",1,0,NA
4697,6,6,"M",1,0,3.83,960,"Business & Economics",0,0,NA
4698,6,5,"F",1,0,3.55,990,"Arts & Letters",0,0,NA
4699,6,3,"F",0,1,3.46,1250,"Business & Economics",0,0,NA
4700,5,5,"M",1,0,3.25,1190,"Business & Economics",0,0,NA
4701,6,4,"M",0,0,2.95,1160,"Math & Science",0,0,NA
4702,6,6,"M",1,0,3,1140,"Math & Science",0,0,NA
4703,6,6,"M",1,0,3.43,1230,"Business & Economics",0,0,NA
4704,6,6,"M",1,0,3.33,1180,"Math & Science",0,0,NA
4705,7,7,"F",0,0,3.61,1210,"Math & Science",0,0,NA
4706,7,6,"M",1,0,4.09,1320,"Business & Economics",1,0,NA
4707,7,7,"F",1,0,3.11,1120,"Arts & Letters",0,0,NA
4708,7,7,"M",1,0,3.7,1140,"Arts & Letters",0,0,NA
4709,7,6,"F",0,0,4.32,1310,"Math & Science",1,0,NA
4710,3,3,"M",1,0,3.62,1020,"Math & Science",0,0,NA
4711,6,6,"M",1,0,4.1,1230,"Business & Economics",1,1,2.287
4712,4,3,"F",1,0,3.67,1170,"Arts & Letters",0,0,NA
4713,6,7,"M",1,0,4,1310,"Arts & Letters",0,0,NA
4714,3,4,"M",0,0,3.08,1090,"Math & Science",0,0,NA
4715,4,4,"F",1,0,2.94,1130,"Arts & Letters",0,0,NA
4716,6,6,"M",1,0,3.42,1030,"Arts & Letters",0,0,NA
4717,7,6,"F",1,0,3.15,970,"Arts & Letters",0,0,NA
4718,7,4,"F",0,0,3.02,1030,"Arts & Letters",0,0,NA
4719,7,6,"F",1,0,3.05,1230,"Math & Science",0,0,NA
4720,6,3,"M",0,0,3.32,1070,"Math & Science",0,0,NA
4721,7,7,"F",1,0,3.71,1300,"Business & Economics",1,0,NA
4722,7,5,"F",1,0,3.74,1320,"Arts & Letters",0,0,NA
4723,7,7,"F",1,0,3.76,1170,"Arts & Letters",0,0,NA
4724,7,6,"M",1,0,2.84,1200,"Math & Science",0,0,NA
4725,6,7,"M",0,0,2.67,1230,"Business & Economics",0,0,NA
4726,6,7,"M",0,0,3.13,1110,"Business & Economics",0,0,NA
4727,5,4,"M",0,1,4.11,1230,"Math & Science",1,0,NA
4728,6,4,"F",1,0,4.29,1310,"Math & Science",1,0,NA
4729,5,1,"F",0,1,3.68,1000,"Math & Science",1,0,NA
4730,6,6,"M",1,0,3.35,1260,"Arts & Letters",0,0,NA
4731,4,4,"F",0,1,4.08,1300,"Math & Science",1,0,NA
4732,7,6,"F",1,0,3.19,1040,"Math & Science",0,0,NA
4733,7,5,"F",1,0,4.05,1210,"Arts & Letters",0,0,NA
4734,7,7,"F",0,0,3.57,730,"Math & Science",0,0,NA
4735,4,6,"F",0,1,3.83,1170,"Math & Science",0,0,NA
4736,6,5,"F",1,0,3.82,1180,"Business & Economics",0,0,NA
4737,6,7,"M",1,0,3.45,1200,"Business & Economics",1,1,2.934
4738,5,6,"M",0,1,2.82,910,"Business & Economics",0,0,NA
4739,2,1,"F",0,0,4.23,1050,"Math & Science",1,0,NA
4740,6,5,"F",1,0,3.23,1010,"Arts & Letters",0,0,NA
4741,6,5,"F",0,0,3.25,1010,"Math & Science",0,0,NA
4742,6,7,"M",1,0,4.18,1220,"Business & Economics",1,0,NA
4743,6,6,"M",1,0,3.7,1280,"Math & Science",0,0,NA
4744,7,5,"F",0,0,3.38,920,"Arts & Letters",0,0,NA
4745,2,5,"M",0,0,3.5,1270,"Math & Science",0,0,NA
4746,6,6,"M",0,0,2.64,890,"Math & Science",0,0,NA
4747,5,4,"F",0,0,3.09,940,"Business & Economics",0,0,NA
4748,1,3,"F",1,0,3.55,880,"Arts & Letters",0,0,NA
4749,4,4,"F",0,0,4.05,1060,"Arts & Letters",0,0,NA
4750,3,1,"F",0,1,3.67,1130,"Math & Science",1,0,NA
4751,6,2,"F",0,0,4.3,990,"Math & Science",1,0,NA
4752,7,6,"F",1,0,3.71,1190,"Math & Science",0,0,NA
4753,6,6,"F",1,0,3.45,1310,"Arts & Letters",0,0,NA
4754,6,4,"F",0,0,3.35,1130,"Arts & Letters",0,0,NA
4755,6,7,"F",0,0,4.04,1180,"Arts & Letters",1,0,NA
4756,7,6,"F",1,0,4.05,1360,"Arts & Letters",1,0,NA
4757,7,4,"M",0,0,4.3,1210,"Business & Economics",0,0,NA
4758,1,1,"F",0,1,4.05,1210,"Math & Science",1,0,NA
4759,5,7,"F",0,1,4.25,1460,"Math & Science",1,0,NA
4760,6,7,"F",0,0,4.03,1490,"Arts & Letters",0,1,3.164
4761,6,7,"M",1,0,4.05,1430,"Arts & Letters",1,0,NA
4762,7,7,"M",0,1,3.5,1540,"Math & Science",1,0,NA
4763,3,6,"F",1,0,3.58,1110,"Math & Science",0,0,NA
4764,1,2,"F",0,0,3.95,1270,"Arts & Letters",1,0,NA
4765,2,2,"F",0,1,3.19,940,"Business & Economics",1,1,0.967
4766,4,7,"F",1,0,4.2,1210,"Math & Science",0,0,NA
4767,4,6,"M",0,0,4.05,1230,"Arts & Letters",1,0,NA
4768,3,3,"F",0,0,3.94,920,"Business & Economics",0,0,NA
4769,2,2,"F",0,0,3.65,890,"Business & Economics",0,0,NA
4770,3,3,"M",0,0,2.41,910,"Arts & Letters",0,0,NA
4771,2,1,"F",0,0,4,1070,"Arts & Letters",1,0,NA
4772,6,3,"M",1,0,3.47,1230,"Business & Economics",0,0,NA
4773,7,7,"F",1,0,3.62,1340,"Arts & Letters",0,0,NA
4774,1,1,"F",0,0,2.96,1010,"Math & Science",0,0,NA
4775,7,5,"F",1,0,3.52,1030,"Arts & Letters",0,0,NA
4776,6,3,"F",1,0,2.95,1150,"Math & Science",0,0,NA
4777,3,4,"M",1,0,4.18,1210,"Business & Economics",1,0,NA
4778,2,3,"M",0,0,1.57,820,"Math & Science",0,0,NA
4779,2,1,"M",0,0,3.77,960,"Math & Science",0,0,NA
4780,6,6,"M",1,0,3.2,900,"Business & Economics",0,0,NA
4781,6,4,"F",1,0,3.19,1040,"Math & Science",0,0,NA
4782,6,6,"M",1,0,2.8,1120,"Arts & Letters",0,0,NA
4783,1,1,"M",0,0,3.25,1230,"Arts & Letters",0,0,NA
4784,7,7,"M",1,0,3.5,1220,"Math & Science",0,0,NA
4785,1,4,"F",0,0,3.61,700,"Math & Science",0,0,NA
4786,3,3,"F",1,0,4,1060,"Math & Science",0,0,NA
4787,6,6,"F",1,0,3.6,1230,"Business & Economics",1,0,NA
4788,3,3,"F",1,0,3.45,1170,"Arts & Letters",1,1,2.921
4789,3,3,"F",1,0,3.84,1190,"Math & Science",1,0,NA
4790,1,3,"M",0,0,3.27,710,"Math & Science",0,0,NA
4791,6,6,"F",0,0,2.86,1030,"Business & Economics",0,0,NA
4792,7,6,"F",1,0,3,1090,"Business & Economics",0,0,NA
4793,6,6,"F",0,0,3.39,800,"Business & Economics",0,0,NA
4794,2,2,"M",0,0,3.5,1050,"Business & Economics",0,0,NA
4795,3,3,"F",0,0,3.58,1040,"Arts & Letters",0,0,NA
4796,6,6,"F",1,0,3.95,1130,"Arts & Letters",1,1,2.586
4797,7,6,"M",1,0,3.36,1210,"Arts & Letters",1,0,NA
4798,3,3,"M",0,0,3.64,1010,"Arts & Letters",0,0,NA
4799,6,6,"F",1,0,4.12,1290,"Arts & Letters",1,0,NA
4800,7,6,"M",1,0,4.12,1480,"Arts & Letters",1,0,NA
4801,4,6,"F",1,0,3.7,1050,"Math & Science",0,0,NA
4802,4,6,"F",1,0,3.54,1060,"Math & Science",0,0,NA
4803,7,6,"F",1,0,3.15,1250,"Arts & Letters",0,0,NA
4804,6,6,"F",0,0,3.55,1130,"Business & Economics",0,0,NA
4805,4,3,"F",0,0,3.62,1050,"Arts & Letters",0,0,NA
4806,5,5,"F",1,0,3.94,1030,"Math & Science",0,0,NA
4807,4,4,"M",0,0,2.94,930,"Math & Science",0,0,NA
4808,6,6,"F",1,0,3.85,1210,"Arts & Letters",1,0,NA
4809,6,6,"M",0,0,2.5,1040,"Business & Economics",0,0,NA
4810,6,6,"M",1,0,3.4,1290,"Math & Science",0,0,NA
4811,7,6,"M",1,0,3.22,1260,"Business & Economics",0,0,NA
4812,7,6,"F",1,0,3.83,1260,"Math & Science",0,0,NA
4813,7,6,"M",1,0,3.82,1240,"Math & Science",1,1,3.377
4814,4,7,"M",1,0,4.1,1180,"Math & Science",0,0,NA
4815,7,6,"M",0,1,3.09,1380,"Business & Economics",0,0,NA
4816,3,5,"F",1,0,3.35,1060,"Arts & Letters",0,0,NA
4817,1,1,"F",0,0,2.86,920,"Arts & Letters",0,0,NA
4818,7,7,"F",1,0,3.45,1270,"Arts & Letters",0,0,NA
4819,1,1,"F",0,0,4.1,1210,"Arts & Letters",0,0,NA
4820,1,3,"F",0,0,3.81,950,"Arts & Letters",1,0,NA
4821,7,7,"F",1,0,3.77,1290,"Arts & Letters",1,0,NA
4822,6,5,"M",1,0,3.35,1020,"Math & Science",0,0,NA
4823,1,4,"F",0,1,3.45,1080,"Math & Science",0,0,NA
4824,1,1,"M",0,1,3.05,980,"Math & Science",0,0,NA
4825,3,6,"F",0,1,3.25,890,"Arts & Letters",0,0,NA
4826,4,7,"F",1,0,3.4,920,"Arts & Letters",0,0,NA
4827,3,5,"F",1,0,3.68,1130,"Math & Science",0,0,NA
4828,6,3,"F",0,0,3.77,1120,"Math & Science",1,1,3.081
4829,7,4,"F",0,0,3.81,1470,"Business & Economics",1,0,NA
4830,6,7,"F",0,1,4.15,1260,"Business & Economics",1,0,NA
4831,1,1,"M",0,0,3.82,890,"Math & Science",0,0,NA
4832,6,6,"F",1,0,3.87,1310,"Arts & Letters",1,1,3.12
4833,7,4,"M",1,0,2.85,1040,"Business & Economics",0,0,NA
4834,1,3,"M",0,0,3.1,1030,"Business & Economics",0,0,NA
4835,6,6,"F",0,0,4.36,1280,"Math & Science",1,0,NA
4836,7,6,"F",0,1,3.97,1460,"Math & Science",1,0,NA
4837,6,3,"F",1,0,3.55,1210,"Math & Science",0,0,NA
4838,7,6,"F",1,0,2.92,1050,"Arts & Letters",0,0,NA
4839,5,3,"F",0,0,3.7,900,"Math & Science",0,0,NA
4840,4,3,"F",0,0,3,970,"Arts & Letters",0,0,NA
4841,6,6,"M",1,0,3.76,1550,"Business & Economics",1,0,NA
4842,2,4,"F",0,0,3.65,1080,"Arts & Letters",1,0,NA
4843,7,5,"F",1,0,3.16,1010,"Arts & Letters",0,0,NA
4844,6,6,"F",1,0,3.82,1340,"Business & Economics",1,1,3.583
4845,7,4,"M",1,0,3.86,1140,"Business & Economics",1,1,2.897
4846,6,7,"F",1,0,3.95,1100,"Math & Science",0,0,NA
4847,6,4,"F",0,0,3.25,1370,"Arts & Letters",0,0,NA
4848,5,6,"F",1,0,2.75,930,"Business & Economics",0,0,NA
4849,4,4,"F",1,0,3.67,1000,"Math & Science",0,0,NA
4850,3,6,"F",1,0,3.7,1160,"Business & Economics",0,0,NA
4851,6,6,"M",1,0,3.85,1110,"Business & Economics",1,0,NA
4852,4,7,"F",0,0,3.75,950,"Math & Science",0,0,NA
4853,7,7,"M",1,0,3.52,1100,"Business & Economics",0,0,NA
4854,4,7,"F",0,1,3.75,980,"Arts & Letters",0,0,NA
4855,7,5,"M",0,0,2.86,1080,"Math & Science",0,0,NA
4856,6,6,"M",1,0,4,1210,"Arts & Letters",0,1,2.965
4857,3,4,"M",1,0,3.28,1030,"Math & Science",0,0,NA
4858,6,5,"F",1,0,3.95,970,"Math & Science",0,0,NA
4859,6,7,"F",0,0,3.11,1190,"Math & Science",0,0,NA
4860,6,6,"F",1,0,3.63,1240,"Business & Economics",0,0,NA
4861,6,6,"M",0,1,3.28,1110,"Arts & Letters",0,0,NA
4862,7,6,"F",0,1,3.59,1320,"Math & Science",0,0,NA
4863,6,7,"M",0,1,4.18,1290,"Arts & Letters",1,0,NA
4864,6,7,"M",1,0,3.56,1290,"Math & Science",0,0,NA
4865,5,6,"M",1,0,2.95,1110,"Math & Science",0,0,NA
4866,2,3,"F",0,0,3.9,1070,"Math & Science",1,0,NA
4867,7,6,"M",0,0,3.4,1330,"Math & Science",0,0,NA
4868,6,6,"F",1,0,3.32,1190,"Arts & Letters",0,0,NA
4869,6,6,"M",0,0,3,900,"Business & Economics",0,0,NA
4870,6,6,"F",1,0,3.32,1180,"Arts & Letters",0,0,NA
4871,6,4,"F",0,0,2.91,1060,"Business & Economics",0,0,NA
4872,7,7,"M",0,0,3.42,1380,"Business & Economics",1,0,NA
4873,7,7,"F",0,0,3.77,920,"Math & Science",0,0,NA
4874,4,4,"F",1,0,3.04,1100,"Business & Economics",0,0,NA
4875,4,4,"M",1,0,3.46,1450,"Arts & Letters",0,0,NA
4876,6,6,"F",1,0,3.57,1160,"Business & Economics",1,1,3.013
4877,6,7,"F",1,0,3.5,1180,"Arts & Letters",0,0,NA
4878,4,5,"F",1,0,4.4,1180,"Arts & Letters",0,0,NA
4879,4,4,"F",1,0,3.45,890,"Math & Science",0,0,NA
4880,7,6,"F",1,0,3.36,1250,"Arts & Letters",0,0,NA
4881,3,3,"F",0,1,3.5,1150,"Business & Economics",0,0,NA
4882,7,6,"M",1,0,3.25,1390,"Arts & Letters",0,0,NA
4883,7,7,"M",1,0,2.98,1000,"Business & Economics",0,0,NA
4884,7,6,"F",0,1,3.3,1290,"Arts & Letters",0,0,NA
4885,6,4,"M",1,0,3.96,1310,"Business & Economics",0,0,NA
4886,6,7,"M",1,0,3.1,910,"Business & Economics",0,0,NA
4887,6,6,"F",1,0,3.91,1170,"Business & Economics",0,0,NA
4888,6,6,"F",0,0,3.67,980,"Arts & Letters",1,0,NA
4889,7,6,"F",1,0,3.28,1180,"Arts & Letters",0,0,NA
4890,4,5,"M",0,0,3.95,1130,"Business & Economics",1,1,3.033
4891,7,7,"M",1,0,3.85,1150,"Arts & Letters",1,0,NA
4892,6,6,"M",0,0,3.56,1170,"Business & Economics",0,0,NA
4893,7,7,"M",1,0,2.59,1270,"Arts & Letters",0,0,NA
4894,7,2,"M",0,0,3.75,1190,"Math & Science",1,1,2.698
4895,4,5,"F",0,0,3.52,880,"Arts & Letters",0,0,NA
4896,6,5,"F",1,0,3.89,1350,"Arts & Letters",1,0,NA
4897,4,7,"M",0,1,3.5,1170,"Business & Economics",0,0,NA
4898,7,5,"F",0,1,3.62,1360,"Arts & Letters",0,0,NA
4899,4,7,"M",1,0,3.63,1040,"Arts & Letters",0,0,NA
4900,4,3,"F",0,0,3.32,1230,"Arts & Letters",0,0,NA
4901,7,6,"F",0,0,4,1370,"Arts & Letters",1,0,NA
4902,6,6,"M",0,1,3.5,1060,"Business & Economics",0,0,NA
4903,6,7,"F",0,1,3.45,1130,"Math & Science",0,0,NA
4904,7,7,"F",1,0,3.74,1200,"Arts & Letters",0,0,NA
4905,6,6,"F",0,1,3.33,1300,"Business & Economics",0,0,NA
4906,7,6,"F",1,0,3.86,1370,"Arts & Letters",1,0,NA
4907,5,5,"M",1,0,3.59,1040,"Math & Science",0,0,NA
4908,7,7,"F",1,0,3.5,1220,"Math & Science",0,0,NA
4909,6,5,"F",1,0,3.45,1040,"Arts & Letters",0,0,NA
4910,7,6,"M",1,0,1.95,1070,"Business & Economics",0,0,NA
4911,7,6,"M",0,1,3.64,1280,"Business & Economics",0,0,NA
4912,4,6,"F",0,0,3.68,1130,"Arts & Letters",0,1,3.325
4913,7,4,"M",1,0,4.09,1410,"Arts & Letters",1,1,3.854
4914,6,2,"F",0,1,3.21,960,"Business & Economics",0,0,NA
4915,6,6,"F",1,0,3.14,860,"Arts & Letters",0,0,NA
4916,7,4,"F",1,0,3.92,1330,"Math & Science",1,0,NA
4917,6,4,"F",1,0,3.54,950,"Arts & Letters",0,0,NA
4918,6,6,"M",0,1,4.09,1200,"Math & Science",0,0,NA
4919,4,3,"F",1,0,4,1040,"Business & Economics",0,0,NA
4920,6,6,"M",1,0,2.81,790,"Business & Economics",0,0,NA
4921,6,6,"M",1,0,2.38,1080,"Business & Economics",0,0,NA
4922,6,6,"F",1,0,3.82,1040,"Math & Science",0,0,NA
4923,2,5,"M",1,0,4.3,1170,"Math & Science",1,0,NA
4924,4,3,"M",0,0,2.15,690,"Math & Science",0,0,NA
4925,1,1,"M",0,0,3.78,950,"Arts & Letters",1,0,NA
4926,6,4,"F",1,0,3.75,860,"Business & Economics",0,0,NA
4927,1,1,"M",0,0,4.23,1040,"Math & Science",1,0,NA
4928,1,1,"M",0,0,3.58,1090,"Math & Science",1,0,NA
4929,6,3,"M",0,0,2.8,1030,"Math & Science",0,0,NA
4930,2,1,"M",0,0,4.25,920,"Arts & Letters",1,0,NA
4931,4,4,"M",1,0,3.45,1150,"Math & Science",0,0,NA
4932,6,5,"M",1,0,3.41,1220,"Math & Science",0,0,NA
4933,6,7,"F",1,0,3.68,1310,"Business & Economics",1,0,NA
4934,2,4,"M",0,0,3.82,830,"Math & Science",0,0,NA
4935,7,7,"F",1,0,3.6,1100,"Math & Science",0,0,NA
4936,6,6,"F",1,0,3.95,1330,"Math & Science",1,0,NA
4937,6,6,"F",1,0,4.25,1150,"Math & Science",0,0,NA
4938,3,6,"F",0,1,4.26,1350,"Math & Science",1,0,NA
4939,6,4,"F",0,1,3.27,1180,"Arts & Letters",0,0,NA
4940,2,3,"F",0,0,3.76,830,"Arts & Letters",0,0,NA
4941,7,7,"M",0,0,3.3,1220,"Arts & Letters",1,1,3.087
4942,6,7,"M",1,0,3.6,1310,"Business & Economics",0,0,NA
4943,6,7,"F",0,0,3.95,1290,"Business & Economics",1,0,NA
4944,7,6,"F",1,0,3.52,1110,"Business & Economics",0,0,NA
4945,6,7,"F",1,0,3.71,1220,"Arts & Letters",0,0,NA
4946,7,7,"F",0,0,4.12,1190,"Math & Science",0,0,NA
4947,1,3,"F",0,0,3.7,770,"Arts & Letters",0,0,NA
4948,3,3,"M",1,0,4.14,1290,"Business & Economics",1,0,NA
4949,3,3,"M",0,0,3.33,1050,"Business & Economics",1,1,2.773
4950,1,1,"F",0,0,4.17,1150,"Arts & Letters",0,0,NA
4951,3,3,"F",0,0,3.5,800,"Arts & Letters",0,0,NA
4952,7,7,"M",1,0,3.54,1320,"Math & Science",0,0,NA
4953,6,6,"F",0,0,3.85,1080,"Arts & Letters",1,1,3.068
4954,7,7,"F",1,0,4.15,1240,"Arts & Letters",0,0,NA
4955,6,5,"F",0,1,3.75,1280,"Arts & Letters",1,0,NA
4956,2,5,"F",0,0,3.07,620,"Business & Economics",0,0,NA
4957,7,7,"F",0,0,4.04,1420,"Math & Science",1,0,NA
4958,3,5,"F",0,0,3.72,1130,"Math & Science",0,0,NA
4959,3,3,"M",1,0,3.62,1160,"Business & Economics",0,0,NA
4960,7,7,"M",1,0,3.18,1160,"Math & Science",0,0,NA
4961,6,6,"F",1,0,4.05,1290,"Arts & Letters",0,0,NA
4962,7,7,"M",1,0,3.96,1290,"Math & Science",1,0,NA
4963,7,5,"F",1,0,3.71,1140,"Arts & Letters",0,0,NA
4964,7,7,"F",0,1,4.12,1550,"Business & Economics",1,0,NA
4965,7,6,"M",1,0,4.17,1450,"Math & Science",1,0,NA
4966,6,6,"M",0,1,2.96,1200,"Business & Economics",0,0,NA
4967,4,3,"F",1,0,3.5,1030,"Arts & Letters",0,0,NA
4968,7,6,"F",0,1,4.17,1210,"Business & Economics",1,0,NA
4969,7,6,"M",0,1,3.38,1280,"Math & Science",0,0,NA
4970,5,6,"F",0,1,3.77,1310,"Arts & Letters",0,0,NA
4971,6,6,"F",0,1,3.08,1080,"Math & Science",0,0,NA
4972,7,7,"M",0,1,3.42,1390,"Math & Science",0,0,NA
4973,5,6,"F",1,0,3.61,1140,"Math & Science",0,0,NA
4974,6,5,"M",1,0,4.17,1420,"Math & Science",1,0,NA
4975,7,6,"M",1,0,3.95,1380,"Business & Economics",1,0,NA
4976,4,1,"M",0,0,3.11,1050,"Math & Science",0,0,NA
4977,6,7,"F",1,0,4.09,1470,"Arts & Letters",1,0,NA
4978,6,6,"M",0,1,3.23,1200,"Business & Economics",0,0,NA
4979,7,4,"F",0,0,3.1,1170,"Arts & Letters",0,0,NA
4980,4,6,"M",0,0,2.06,740,"Business & Economics",0,0,NA
4981,6,7,"F",1,0,3.79,1190,"Arts & Letters",1,0,NA
4982,6,5,"F",1,0,4,1300,"Arts & Letters",0,0,NA
4983,7,6,"M",1,0,3.39,1290,"Business & Economics",1,0,NA
4984,7,6,"M",1,0,3.25,1230,"Arts & Letters",0,0,NA
4985,7,6,"M",0,0,3.41,1320,"Business & Economics",0,0,NA
4986,7,7,"F",1,0,3.85,1270,"Math & Science",1,0,NA
4987,5,5,"M",0,1,3.14,1160,"Math & Science",0,0,NA
4988,7,6,"F",1,0,3.18,1100,"Arts & Letters",0,0,NA
4989,6,6,"F",1,0,3.9,1320,"Business & Economics",1,1,3.392
4990,6,6,"F",1,0,3.65,1030,"Arts & Letters",1,0,NA
4991,7,7,"M",1,0,3.2,1100,"Business & Economics",0,0,NA
4992,1,3,"M",0,0,4.3,830,"Math & Science",0,0,NA
4993,6,4,"M",0,0,2.95,1110,"Arts & Letters",0,0,NA
4994,7,7,"F",0,0,3.33,1160,"Math & Science",0,0,NA
4995,4,4,"F",0,1,3.57,1380,"Math & Science",0,0,NA
4996,5,7,"F",1,0,4.17,1290,"Arts & Letters",1,0,NA
4997,6,1,"F",0,1,4.29,1290,"Math & Science",1,0,NA
4998,1,5,"F",0,0,3.12,860,"Arts & Letters",0,0,NA
4999,6,6,"M",0,1,2.29,950,"Math & Science",0,0,NA
5000,7,6,"F",0,1,4.07,1340,"Math & Science",1,0,NA
5001,6,4,"M",0,1,3.84,1240,"Business & Economics",0,0,NA
5002,5,2,"F",0,1,3.95,1190,"Math & Science",1,0,NA
5003,5,6,"F",0,1,3.71,1170,"Business & Economics",0,0,NA
5004,6,6,"F",0,1,3.65,1080,"Arts & Letters",0,0,NA
5005,6,6,"F",1,0,4.14,1120,"Math & Science",1,0,NA
5006,6,6,"F",1,0,3.18,830,"Arts & Letters",0,0,NA
5007,3,3,"M",1,0,3.65,1030,"Math & Science",0,0,NA
5008,7,5,"F",1,0,4,1170,"Math & Science",0,0,NA
5009,6,6,"F",0,1,3.96,1340,"Arts & Letters",1,0,NA
5010,1,4,"M",0,0,4,790,"Business & Economics",1,0,NA
5011,1,1,"F",0,0,3.83,1070,"Arts & Letters",0,0,NA
5012,7,6,"M",1,0,3.59,1060,"Arts & Letters",0,0,NA
5013,1,1,"F",0,0,3.41,800,"Math & Science",1,0,NA
5014,7,4,"F",1,0,3.73,1270,"Math & Science",0,0,NA
5015,2,4,"F",0,0,2.86,940,"Arts & Letters",0,0,NA
5016,7,3,"M",1,0,3.27,1140,"Math & Science",0,0,NA
5017,7,5,"F",1,0,2.57,850,"Arts & Letters",0,0,NA
5018,1,1,"M",0,0,3.9,1060,"Arts & Letters",1,0,NA
5019,4,2,"F",0,1,2.95,1030,"Arts & Letters",0,0,NA
5020,6,7,"F",1,0,3.54,1280,"Arts & Letters",0,0,NA
5021,6,6,"M",0,1,3.5,1350,"Business & Economics",0,0,NA
5022,4,7,"F",1,0,4.09,1330,"Math & Science",1,0,NA
5023,4,4,"F",1,0,4.14,1210,"Math & Science",0,0,NA
5024,6,4,"F",1,0,3.58,1000,"Arts & Letters",0,0,NA
5025,4,6,"F",1,0,4.36,1180,"Arts & Letters",0,0,NA
5026,6,6,"M",1,0,2.95,1270,"Arts & Letters",0,0,NA
5027,7,6,"F",0,0,3.65,1300,"Arts & Letters",1,0,NA
5028,1,3,"F",0,1,3.43,1160,"Arts & Letters",0,0,NA
5029,6,4,"F",0,0,3,910,"Arts & Letters",0,0,NA
5030,7,7,"M",0,1,4.04,1270,"Math & Science",1,0,NA
5031,4,4,"F",0,0,3,940,"Math & Science",0,0,NA
5032,3,4,"F",0,0,3.59,1000,"Arts & Letters",0,0,NA
5033,6,6,"M",1,0,3.96,1040,"Math & Science",0,0,NA
5034,6,6,"M",1,0,2.85,1190,"Arts & Letters",0,0,NA
5035,7,7,"F",0,0,3.08,970,"Arts & Letters",0,0,NA
5036,7,7,"F",1,0,3.41,1260,"Arts & Letters",1,1,3.523
5037,7,7,"M",0,1,4.17,1530,"Math & Science",1,0,NA
5038,7,6,"F",1,0,3.05,930,"Business & Economics",0,0,NA
5039,3,3,"M",0,0,3.65,730,"Arts & Letters",0,0,NA
5040,7,7,"M",1,0,3.44,1180,"Arts & Letters",0,0,NA
5041,6,6,"M",1,0,2.5,960,"Business & Economics",0,0,NA
5042,6,6,"M",0,0,4.27,1170,"Business & Economics",1,0,NA
5043,4,3,"F",0,0,3.11,920,"Math & Science",0,0,NA
5044,7,6,"M",0,1,3.86,1520,"Math & Science",1,0,NA
5045,6,7,"F",1,0,4.15,1300,"Math & Science",1,0,NA
5046,4,5,"F",1,0,3.73,1340,"Math & Science",1,1,3.603
5047,7,6,"F",1,0,3.8,1270,"Business & Economics",1,1,3.532
5048,7,6,"M",1,0,3.44,1320,"Business & Economics",1,0,NA
5049,7,6,"F",0,1,2.86,930,"Math & Science",0,0,NA
5050,7,6,"F",0,1,3.77,1360,"Math & Science",1,0,NA
5051,7,7,"F",1,0,3.05,1240,"Arts & Letters",0,0,NA
5052,4,6,"F",0,0,3.9,850,"Business & Economics",0,0,NA
5053,7,7,"M",0,0,2.72,1100,"Business & Economics",0,0,NA
5054,7,4,"F",1,0,3.36,950,"Arts & Letters",0,0,NA
5055,7,6,"F",1,0,4,1360,"Arts & Letters",1,0,NA
5056,3,6,"F",1,0,3.84,1100,"Business & Economics",0,0,NA
5057,4,4,"F",1,0,4,1170,"Math & Science",0,0,NA
5058,7,7,"M",1,0,3.04,1150,"Business & Economics",0,0,NA
5059,6,7,"M",1,0,3.5,1490,"Business & Economics",0,0,NA
5060,7,7,"M",1,0,4.15,1190,"Math & Science",1,0,NA
5061,6,4,"F",1,0,3.32,1090,"Arts & Letters",1,0,NA
5062,3,3,"F",1,0,3.32,1190,"Math & Science",0,0,NA
5063,6,6,"M",1,0,3.82,1300,"Arts & Letters",1,0,NA
5064,6,6,"F",1,0,4.18,1340,"Arts & Letters",1,0,NA
5065,3,1,"F",0,0,4.09,1070,"Arts & Letters",0,0,NA
5066,6,6,"F",0,1,2.9,1210,"Business & Economics",0,0,NA
5067,3,3,"F",1,0,2.65,830,"Business & Economics",0,0,NA
5068,6,6,"F",0,1,4.07,1390,"Business & Economics",1,0,NA
5069,6,6,"F",1,0,4.04,1260,"Arts & Letters",0,0,NA
5070,1,1,"M",0,0,3.75,810,"Arts & Letters",0,0,NA
5071,4,4,"M",0,0,3.39,1210,"Arts & Letters",0,0,NA
5072,3,3,"F",0,0,2.95,700,"Math & Science",0,0,NA
5073,5,6,"M",1,0,3.85,1410,"Arts & Letters",1,0,NA
5074,2,3,"F",0,1,2.88,930,"Arts & Letters",0,0,NA
5075,6,6,"F",1,0,3.54,1040,"Math & Science",1,0,NA
5076,6,6,"F",1,0,4.18,1480,"Arts & Letters",1,0,NA
5077,7,6,"F",1,0,4.15,1330,"Arts & Letters",1,0,NA
5078,5,7,"F",1,0,3.9,1200,"Math & Science",0,0,NA
5079,7,7,"F",1,0,3.82,1280,"Arts & Letters",0,0,NA
5080,1,1,"F",0,0,3.55,830,"Math & Science",0,0,NA
5081,4,4,"M",0,0,2.77,850,"Arts & Letters",0,0,NA
5082,7,7,"M",0,0,3,860,"Arts & Letters",0,0,NA
5083,6,7,"M",0,0,3.62,1170,"Business & Economics",0,0,NA
5084,4,4,"F",1,0,2.8,1040,"Arts & Letters",0,0,NA
5085,4,4,"M",1,0,3.55,1280,"Business & Economics",1,1,3.296
5086,6,4,"F",1,0,3.92,1320,"Math & Science",0,0,NA
5087,6,7,"M",0,1,3.15,1170,"Arts & Letters",0,0,NA
5088,6,7,"F",1,0,3.5,1070,"Business & Economics",0,0,NA
5089,3,4,"M",1,0,2.91,980,"Math & Science",0,0,NA
5090,4,4,"F",0,0,3.32,1100,"Arts & Letters",1,0,NA
5091,6,4,"F",1,0,4.04,1170,"Math & Science",1,0,NA
5092,3,6,"F",0,0,4.05,1380,"Arts & Letters",1,0,NA
5093,4,6,"F",0,1,3.14,1000,"Business & Economics",0,0,NA
5094,3,3,"F",0,0,3.71,950,"Arts & Letters",0,0,NA
5095,7,6,"M",1,0,4.27,1430,"Arts & Letters",1,0,NA
5096,5,5,"F",1,0,3.79,1100,"Arts & Letters",0,0,NA
5097,7,6,"M",1,0,3.55,1350,"Business & Economics",1,0,NA
5098,7,5,"F",0,1,3.5,1110,"Arts & Letters",0,0,NA
5099,3,4,"F",0,0,3.25,1100,"Math & Science",0,0,NA
5100,6,3,"M",1,0,3.15,1100,"Business & Economics",0,0,NA
5101,6,6,"M",1,0,3.4,1140,"Business & Economics",0,0,NA
5102,6,6,"M",1,0,3.29,1030,"Arts & Letters",0,0,NA
5103,6,6,"M",1,0,3.79,1190,"Arts & Letters",0,0,NA
5104,7,7,"M",1,0,3.85,1180,"Business & Economics",0,0,NA
5105,7,7,"F",1,0,3.62,1420,"Business & Economics",1,1,3.122
5106,5,7,"F",1,0,3.13,1120,"Math & Science",0,0,NA
5107,7,7,"F",1,0,3.63,1200,"Math & Science",0,0,NA
5108,6,4,"F",1,0,4.32,1290,"Arts & Letters",1,1,3.28
5109,6,6,"M",1,0,3.5,1170,"Math & Science",0,0,NA
5110,7,6,"M",1,0,3.64,1370,"Business & Economics",1,1,2.625
5111,4,5,"F",1,0,3.96,1000,"Arts & Letters",0,0,NA
5112,6,4,"F",1,0,3.67,1230,"Business & Economics",0,0,NA
5113,7,7,"F",1,0,3.61,1460,"Math & Science",1,0,NA
5114,7,7,"F",1,0,3.25,1090,"Arts & Letters",0,0,NA
5115,1,1,"F",0,0,3.38,1050,"Arts & Letters",0,0,NA
5116,6,6,"F",1,0,3.38,1030,"Business & Economics",0,0,NA
5117,3,4,"F",0,0,3.57,940,"Math & Science",0,0,NA
5118,6,5,"M",1,0,3.6,990,"Business & Economics",0,0,NA
5119,7,4,"F",0,0,2.45,1110,"Arts & Letters",0,0,NA
5120,7,7,"M",1,0,3.46,1330,"Arts & Letters",1,0,NA
5121,3,3,"F",0,1,3.69,1210,"Business & Economics",1,0,NA
5122,7,6,"F",1,0,4.14,1240,"Arts & Letters",1,0,NA
5123,4,7,"F",1,0,4.08,1270,"Arts & Letters",1,1,3.912
5124,6,6,"F",0,0,3.95,1530,"Math & Science",1,0,NA
5125,7,7,"M",1,0,3.64,1280,"Math & Science",0,0,NA
5126,5,4,"F",1,0,4,1320,"Business & Economics",0,1,3.513
5127,4,4,"F",0,1,4.31,1460,"Math & Science",1,0,NA
5128,7,6,"M",0,0,3.26,1490,"Math & Science",1,0,NA
5129,7,4,"M",1,0,3,1210,"Math & Science",0,0,NA
5130,7,7,"F",0,1,3.75,1180,"Arts & Letters",0,0,NA
5131,6,7,"F",1,0,3.32,1010,"Arts & Letters",0,0,NA
5132,6,7,"M",0,0,2.68,960,"Arts & Letters",0,0,NA
5133,2,7,"M",1,0,3.62,1190,"Math & Science",0,0,NA
5134,7,6,"M",0,0,3.64,1010,"Business & Economics",0,0,NA
5135,6,6,"M",0,0,3.57,1130,"Math & Science",0,0,NA
5136,2,2,"M",0,1,3.83,1110,"Arts & Letters",0,0,NA
5137,1,1,"F",0,0,3.56,1150,"Arts & Letters",1,0,NA
5138,6,6,"F",0,1,3.32,1180,"Business & Economics",0,0,NA
5139,7,6,"F",1,0,4.4,1480,"Business & Economics",1,0,NA
5140,7,6,"M",1,0,4.33,1290,"Arts & Letters",1,0,NA
5141,6,6,"F",1,0,3.91,1250,"Math & Science",0,0,NA
5142,6,1,"F",0,1,3.88,1310,"Math & Science",1,0,NA
5143,6,6,"F",0,1,3.81,1090,"Arts & Letters",1,0,NA
5144,4,6,"F",1,0,3.72,1290,"Business & Economics",0,0,NA
5145,6,6,"F",0,0,3.55,1130,"Arts & Letters",0,0,NA
5146,6,7,"M",0,1,3.14,1000,"Arts & Letters",0,0,NA
5147,5,7,"M",1,0,3.7,1360,"Arts & Letters",1,0,NA
5148,3,3,"M",0,1,3.92,990,"Business & Economics",1,0,NA
5149,7,6,"F",0,0,3.55,1210,"Math & Science",0,0,NA
5150,6,7,"M",0,1,4.04,1370,"Math & Science",1,0,NA
5151,7,7,"M",1,0,3.8,1300,"Business & Economics",0,0,NA
5152,6,7,"F",1,0,4.15,1070,"Arts & Letters",1,0,NA
5153,6,7,"M",1,0,3.3,1110,"Math & Science",0,0,NA
5154,7,7,"F",1,0,3.4,1090,"Arts & Letters",0,0,NA
5155,6,7,"F",1,0,3.29,1060,"Math & Science",0,1,2.453
5156,6,6,"M",0,1,3.68,1240,"Arts & Letters",1,1,3.248
5157,6,4,"F",0,1,4.25,1330,"Math & Science",0,0,NA
5158,7,6,"F",1,0,3.73,1290,"Math & Science",0,0,NA
5159,7,7,"F",1,0,4.17,1230,"Math & Science",1,1,3.993
5160,7,6,"F",1,0,3.57,1090,"Business & Economics",0,0,NA
5161,7,6,"F",0,1,3.68,1390,"Business & Economics",1,1,2.821
5162,7,7,"M",0,0,3.75,1320,"Business & Economics",0,0,NA
5163,3,3,"F",0,0,4.18,1180,"Arts & Letters",0,0,NA
5164,7,7,"M",0,0,3.25,1100,"Arts & Letters",0,0,NA
5165,6,6,"F",1,0,3.81,1290,"Math & Science",1,0,NA
5166,7,7,"F",0,1,4.09,1210,"Arts & Letters",1,0,NA
5167,7,6,"F",1,0,3.64,1130,"Math & Science",0,0,NA
5168,4,3,"F",0,0,4.32,1340,"Math & Science",1,0,NA
5169,6,6,"M",0,0,3.96,1520,"Arts & Letters",0,0,NA
5170,4,4,"F",0,0,4,1210,"Arts & Letters",0,0,NA
5171,6,7,"M",1,0,3.68,1230,"Business & Economics",0,0,NA
5172,4,4,"F",0,0,3.86,1090,"Math & Science",0,0,NA
5173,7,7,"F",0,1,4,1400,"Business & Economics",1,1,3.097
5174,7,7,"M",1,0,3.5,1430,"Math & Science",1,1,3.309
5175,4,7,"F",1,0,4.1,1130,"Business & Economics",0,0,NA
5176,7,7,"M",1,0,3.45,1140,"Arts & Letters",0,0,NA
5177,6,6,"M",1,0,2.73,980,"Arts & Letters",0,0,NA
5178,6,4,"F",1,0,3.96,1150,"Business & Economics",1,0,NA
5179,6,5,"F",1,0,3.68,1110,"Arts & Letters",0,1,3.204
5180,6,4,"M",1,0,3.53,1240,"Business & Economics",0,0,NA
5181,3,6,"F",0,0,3.48,1150,"Arts & Letters",0,0,NA
5182,7,6,"M",0,1,2.96,1270,"Business & Economics",0,0,NA
5183,7,4,"F",1,0,4.05,1180,"Math & Science",0,1,3.53
5184,4,6,"M",0,0,3.45,1170,"Math & Science",0,1,2.466
5185,3,6,"M",1,0,3.58,1330,"Math & Science",0,0,NA
5186,5,5,"F",0,1,3.92,1060,"Arts & Letters",1,0,NA
5187,7,6,"M",1,0,3.76,1150,"Arts & Letters",0,0,NA
5188,6,6,"M",1,0,3.17,1050,"Business & Economics",0,0,NA
5189,6,6,"M",1,0,3.78,1430,"Business & Economics",1,0,NA
5190,6,4,"F",1,0,3.96,1280,"Arts & Letters",1,1,3.674
5191,4,6,"M",1,0,3.05,1020,"Math & Science",0,0,NA
5192,6,7,"F",1,0,3.73,1390,"Arts & Letters",0,0,NA
5193,3,7,"F",1,0,3.05,980,"Math & Science",0,0,NA
5194,4,4,"F",0,0,3.19,1040,"Arts & Letters",0,0,NA
5195,6,6,"M",0,0,4.19,1540,"Math & Science",1,0,NA
5196,6,6,"F",0,1,3.79,1320,"Business & Economics",1,1,2.517
5197,6,6,"F",1,0,4.08,1460,"Math & Science",1,0,NA
5198,7,6,"F",1,0,3.65,1360,"Arts & Letters",1,0,NA
5199,4,4,"F",1,0,3.88,1240,"Math & Science",1,0,NA
5200,7,7,"F",0,1,3.39,1070,"Math & Science",0,0,NA
5201,6,6,"M",1,0,2.95,1110,"Business & Economics",0,0,NA
5202,6,6,"F",1,0,3.15,1100,"Arts & Letters",0,0,NA
5203,6,6,"M",1,0,4.14,1420,"Arts & Letters",1,0,NA
5204,3,3,"F",0,0,4.3,1260,"Math & Science",0,0,NA
5205,7,6,"F",0,0,3.92,1370,"Business & Economics",0,0,NA
5206,6,6,"M",0,0,4.01,1380,"Business & Economics",1,0,NA
5207,7,5,"M",1,0,3.92,1370,"Arts & Letters",0,0,NA
5208,4,4,"M",1,0,3.09,1200,"Arts & Letters",0,0,NA
5209,3,4,"F",1,0,3.62,1300,"Arts & Letters",0,0,NA
5210,3,7,"F",1,0,3.91,1230,"Math & Science",1,1,3.028
5211,7,7,"M",1,0,3.41,1330,"Business & Economics",0,0,NA
5212,4,4,"M",1,0,2.78,1150,"Arts & Letters",0,0,NA
5213,4,5,"F",1,0,2.61,1170,"Arts & Letters",0,0,NA
5214,6,3,"F",1,0,3.65,1230,"Math & Science",0,0,NA
5215,6,7,"M",1,0,3.24,1140,"Arts & Letters",0,0,NA
5216,7,6,"F",1,0,3.71,1270,"Business & Economics",1,0,NA
5217,6,7,"F",1,0,4.32,1570,"Math & Science",1,1,3.243
5218,4,4,"F",1,0,4.19,1050,"Business & Economics",1,0,NA
5219,6,4,"F",1,0,3.45,1190,"Arts & Letters",1,0,NA
5220,7,4,"F",0,0,4.23,1420,"Arts & Letters",0,1,3.812
5221,6,6,"M",1,0,3.46,790,"Business & Economics",0,0,NA
5222,6,6,"M",1,0,3.83,1490,"Business & Economics",1,1,2.91
5223,6,7,"F",0,1,4.09,1350,"Math & Science",1,0,NA
5224,7,4,"F",1,0,3.4,1270,"Arts & Letters",1,0,NA
5225,7,4,"F",0,0,3.5,1300,"Math & Science",0,0,NA
5226,7,4,"F",1,0,4.04,1300,"Arts & Letters",1,0,NA
5227,7,7,"F",0,1,3.71,1410,"Arts & Letters",1,0,NA
5228,7,7,"F",1,0,4.08,1270,"Math & Science",1,0,NA
5229,6,6,"F",1,0,4.26,1490,"Math & Science",1,0,NA
5230,7,7,"F",1,0,3.68,1190,"Arts & Letters",1,1,3.764
5231,4,4,"F",1,0,4,1400,"Arts & Letters",1,0,NA
5232,7,7,"M",1,0,3.48,1380,"Business & Economics",1,1,3.251
5233,6,7,"M",1,0,4.05,1460,"Math & Science",1,0,NA
5234,6,6,"F",1,0,3.33,1210,"Business & Economics",0,0,NA
5235,7,4,"F",1,0,4.18,1270,"Arts & Letters",0,0,NA
5236,3,3,"M",0,0,3.14,1140,"Math & Science",0,0,NA
5237,7,6,"F",1,0,4.27,1320,"Arts & Letters",1,0,NA
5238,7,7,"M",1,0,4.17,1430,"Business & Economics",1,0,NA
5239,7,7,"F",1,0,3.9,1210,"Arts & Letters",1,0,NA
5240,6,6,"F",1,0,3.25,1190,"Arts & Letters",0,1,2.74
5241,7,6,"F",0,0,4,1430,"Math & Science",1,0,NA
5242,7,7,"M",1,0,4.09,1520,"Business & Economics",1,0,NA
5243,7,7,"F",1,0,4.08,1470,"Math & Science",1,0,NA
5244,7,4,"F",1,0,4.1,1170,"Math & Science",0,0,NA
5245,6,6,"F",1,0,3.96,1480,"Arts & Letters",1,0,NA
5246,6,6,"F",1,0,3.76,1270,"Business & Economics",1,1,3.11
5247,6,6,"F",0,0,3.58,1180,"Arts & Letters",1,1,3.466
5248,6,7,"F",1,0,3.75,990,"Arts & Letters",0,0,NA
5249,6,6,"F",0,0,3.8,1380,"Arts & Letters",0,0,NA
5250,7,4,"F",1,0,3.57,1440,"Arts & Letters",1,1,2.43
5251,4,6,"M",1,0,4.09,1170,"Math & Science",0,0,NA
5252,6,6,"F",0,1,3.73,1150,"Math & Science",0,0,NA
5253,7,6,"F",1,0,3.46,1150,"Arts & Letters",0,0,NA
5254,3,6,"F",1,0,4.04,1380,"Math & Science",1,0,NA
5255,6,7,"F",1,0,3.77,1220,"Arts & Letters",0,0,NA
5256,6,4,"M",1,0,4,1490,"Arts & Letters",1,0,NA
5257,7,6,"F",0,1,4.17,1420,"Arts & Letters",1,0,NA
5258,6,6,"M",1,0,3.55,1250,"Business & Economics",0,0,NA
5259,6,5,"M",1,0,3.58,1270,"Arts & Letters",0,0,NA
5260,7,6,"F",1,0,4,1270,"Business & Economics",1,1,3.444
5261,6,7,"F",1,0,3.91,1170,"Arts & Letters",1,0,NA
5262,7,6,"F",1,0,3.18,1170,"Arts & Letters",1,0,NA
5263,7,6,"M",1,0,3.35,1270,"Arts & Letters",0,0,NA
5264,6,4,"F",0,1,3.14,1250,"Arts & Letters",1,1,2.584
5265,4,6,"M",0,1,3.87,1450,"Business & Economics",1,0,NA
5266,3,3,"M",0,0,3.48,1010,"Math & Science",0,0,NA
5267,7,7,"M",1,0,2.2,1100,"Arts & Letters",0,0,NA
5268,6,7,"F",1,0,3.88,1410,"Arts & Letters",0,0,NA
5269,7,7,"F",1,0,4.4,1490,"Math & Science",1,0,NA
5270,6,7,"F",1,0,4.1,1550,"Business & Economics",1,0,NA
5271,6,6,"F",0,0,4.33,1380,"Arts & Letters",1,0,NA
5272,6,4,"M",1,0,3.36,1230,"Business & Economics",0,0,NA
5273,6,6,"F",1,0,4.25,1330,"Arts & Letters",1,0,NA
5274,6,6,"F",1,0,4.05,1010,"Math & Science",0,1,3.658
5275,6,6,"M",1,0,4,1240,"Arts & Letters",1,1,3.949
5276,5,6,"F",1,0,3.15,1050,"Math & Science",0,0,NA
5277,7,6,"F",1,0,3.77,1310,"Business & Economics",1,1,3.305
5278,6,6,"M",1,0,4,1400,"Math & Science",1,0,NA
5279,6,4,"F",1,0,3.92,1300,"Arts & Letters",0,0,NA
5280,6,7,"F",1,0,4.27,1280,"Arts & Letters",1,0,NA
5281,6,7,"F",1,0,3.95,1250,"Business & Economics",1,1,3.446
5282,6,6,"M",0,1,3.5,1360,"Business & Economics",1,1,3.229
5283,6,3,"M",1,0,4.08,1440,"Business & Economics",1,0,NA
5284,4,6,"F",1,0,4.08,1420,"Business & Economics",1,1,3.522
5285,7,7,"F",1,0,4.25,1560,"Math & Science",1,0,NA
5286,7,4,"F",0,0,4,1190,"Arts & Letters",1,0,NA
5287,6,6,"M",1,0,4.09,1490,"Business & Economics",1,1,3.943
5288,5,4,"F",1,0,4.11,1220,"Arts & Letters",0,0,NA
5289,7,7,"F",1,0,4.2,1550,"Math & Science",1,0,NA
5290,6,7,"M",1,0,3.71,1060,"Business & Economics",1,0,NA
5291,7,6,"M",0,0,4.32,1150,"Math & Science",1,1,3.075
5292,7,6,"M",1,0,3.23,1160,"Math & Science",0,0,NA
5293,5,6,"F",0,1,4.04,1210,"Arts & Letters",1,1,3.52
5294,6,6,"F",1,0,4.36,1440,"Arts & Letters",1,0,NA
5295,7,6,"F",1,0,3.81,1360,"Math & Science",1,0,NA
5296,7,7,"M",1,0,4.18,1530,"Math & Science",1,1,2.731
5297,7,5,"F",1,0,3.46,1170,"Business & Economics",0,0,NA
5298,3,3,"M",0,0,4.27,1370,"Business & Economics",1,1,3.788
5299,7,7,"F",1,0,3.88,1250,"Business & Economics",0,0,NA
5300,6,6,"F",1,0,3.59,1240,"Business & Economics",0,0,NA
5301,6,6,"F",1,0,3.73,1430,"Arts & Letters",1,0,NA
5302,6,6,"F",1,0,4.08,1400,"Math & Science",1,0,NA
5303,4,6,"M",1,0,4.1,1230,"Math & Science",0,0,NA
5304,6,4,"M",1,0,3.19,1370,"Math & Science",1,0,NA
5305,6,6,"F",1,0,3.68,1420,"Arts & Letters",1,0,NA
5306,7,6,"M",1,0,3.75,1460,"Business & Economics",1,0,NA
5307,6,6,"F",1,0,3.66,1170,"Arts & Letters",0,0,NA
5308,7,4,"F",1,0,3.68,1090,"Arts & Letters",0,0,NA
5309,6,4,"M",1,0,3.16,770,"Math & Science",0,0,NA
5310,4,6,"F",0,0,3.7,1230,"Arts & Letters",0,0,NA
5311,6,6,"F",0,1,3.11,1170,"Business & Economics",0,0,NA
5312,7,7,"F",1,0,3.76,970,"Arts & Letters",0,0,NA
5313,7,7,"M",1,0,3.77,1190,"Math & Science",1,0,NA
5314,6,7,"F",1,0,3.86,1000,"Math & Science",0,0,NA
5315,4,6,"F",0,0,3.73,1290,"Business & Economics",1,1,2.395
5316,6,5,"M",1,0,3.95,1400,"Business & Economics",0,0,NA
5317,4,6,"M",1,0,4.25,1350,"Business & Economics",1,0,NA
5318,3,5,"M",0,0,3.75,1230,"Business & Economics",0,0,NA
5319,6,6,"M",1,0,3.18,1320,"Math & Science",0,0,NA
5320,6,6,"M",0,1,2.75,1000,"Business & Economics",0,0,NA
5321,7,6,"F",1,0,3.27,1150,"Math & Science",0,0,NA
5322,1,1,"M",0,0,3.11,950,"Math & Science",0,0,NA
5323,7,6,"F",1,0,4.05,1400,"Arts & Letters",1,1,3.777
5324,6,6,"M",1,0,3.25,1260,"Arts & Letters",0,0,NA
5325,1,1,"F",0,1,3.5,870,"Business & Economics",0,0,NA
5326,6,7,"F",1,0,3.25,990,"Arts & Letters",0,0,NA
5327,6,6,"M",0,0,3.18,1260,"Arts & Letters",0,0,NA
5328,6,6,"F",1,0,4.15,1220,"Math & Science",0,0,NA
5329,6,7,"M",1,0,3.17,1110,"Math & Science",1,1,2.618
5330,6,6,"M",0,0,4.2,1390,"Business & Economics",1,0,NA
5331,7,6,"M",0,0,3.86,1460,"Math & Science",1,0,NA
5332,6,7,"M",1,0,3.84,1170,"Business & Economics",0,0,NA
5333,6,7,"F",1,0,4.12,1310,"Arts & Letters",0,0,NA
5334,7,6,"M",1,0,3.92,1190,"Business & Economics",1,1,3.589
5335,7,7,"M",1,0,3.23,1080,"Business & Economics",1,1,2.641
5336,7,7,"F",0,1,3.7,1370,"Math & Science",1,0,NA
5337,6,4,"M",1,0,3.05,1030,"Math & Science",0,0,NA
5338,7,3,"M",0,1,4.18,1150,"Math & Science",1,1,3.056
5339,3,6,"F",0,0,3.41,1150,"Arts & Letters",0,0,NA
5340,7,6,"F",1,0,4.13,1410,"Arts & Letters",1,0,NA
5341,7,6,"M",0,0,3.38,1350,"Business & Economics",1,0,NA
5342,6,5,"M",0,1,3.27,1100,"Arts & Letters",0,0,NA
5343,6,6,"M",1,0,2.83,1230,"Business & Economics",0,0,NA
5344,4,4,"M",0,0,3.45,860,"Math & Science",0,0,NA
5345,3,4,"M",1,0,3.33,1250,"Math & Science",0,0,NA
5346,5,7,"F",0,0,3.3,1120,"Arts & Letters",0,0,NA
5347,6,6,"M",1,0,3.44,1190,"Arts & Letters",0,0,NA
5348,6,6,"F",0,0,3.23,1120,"Business & Economics",0,0,NA
5349,1,1,"M",0,0,4.33,1370,"Arts & Letters",1,0,NA
5350,6,6,"F",1,0,3.68,1290,"Arts & Letters",0,0,NA
5351,7,7,"F",1,0,3.67,1180,"Arts & Letters",1,0,NA
5352,7,7,"M",1,0,3.61,1250,"Business & Economics",0,0,NA
5353,3,7,"F",0,0,4.08,1260,"Math & Science",0,0,NA
5354,3,2,"M",0,1,3.38,1100,"Business & Economics",0,0,NA
5355,7,4,"M",1,0,3,1320,"Business & Economics",0,0,NA
5356,4,4,"F",1,0,3.15,1190,"Math & Science",0,0,NA
5357,2,2,"F",0,0,3.89,1130,"Arts & Letters",1,0,NA
5358,6,6,"F",1,0,3.09,1060,"Business & Economics",0,0,NA
5359,6,3,"F",1,0,3.14,1000,"Arts & Letters",0,0,NA
5360,6,4,"F",1,0,3.82,1220,"Arts & Letters",0,0,NA
5361,3,3,"M",1,0,3.86,1190,"Math & Science",0,0,NA
5362,2,1,"F",0,0,2.14,970,"Math & Science",0,0,NA
5363,3,4,"F",1,0,3.95,1270,"Arts & Letters",1,0,NA
5364,1,1,"M",0,0,4.36,1020,"Math & Science",0,0,NA
5365,6,6,"F",1,0,2.7,830,"Arts & Letters",0,0,NA
5366,1,1,"M",0,0,3.2,1000,"Arts & Letters",0,0,NA
5367,3,4,"F",0,1,4.14,1230,"Math & Science",1,0,NA
5368,7,7,"M",1,0,3.22,1280,"Math & Science",0,0,NA
5369,4,5,"M",0,0,3.4,1210,"Business & Economics",0,0,NA
5370,7,4,"F",0,0,3.47,1270,"Arts & Letters",0,0,NA
5371,7,6,"F",1,0,3.36,1140,"Business & Economics",0,1,3.042
5372,6,6,"F",0,0,3.32,1220,"Arts & Letters",0,0,NA
5373,6,6,"F",1,0,3.75,1230,"Math & Science",0,0,NA
5374,1,2,"F",0,1,3.77,1240,"Math & Science",1,0,NA
5375,1,2,"M",0,0,3.06,1100,"Math & Science",0,0,NA
5376,6,6,"F",1,0,3.75,1260,"Math & Science",0,0,NA
5377,7,7,"M",1,0,3.17,1270,"Arts & Letters",0,0,NA
5378,7,6,"F",1,0,3.5,970,"Arts & Letters",0,0,NA
5379,7,6,"M",0,0,3.7,1160,"Business & Economics",0,0,NA
5380,7,6,"F",0,1,3.41,1150,"Arts & Letters",0,0,NA
5381,3,5,"M",0,0,3.27,960,"Business & Economics",0,0,NA
5382,4,7,"F",0,0,4.12,1340,"Arts & Letters",1,0,NA
5383,7,6,"F",0,1,3.59,1050,"Math & Science",0,0,NA
5384,6,2,"F",0,0,3.46,1080,"Arts & Letters",0,0,NA
5385,6,7,"F",1,0,3.73,1180,"Arts & Letters",0,0,NA
5386,6,3,"M",1,0,4.2,1340,"Business & Economics",1,0,NA
5387,7,7,"F",0,0,4.25,1390,"Arts & Letters",1,0,NA
5388,3,3,"M",0,0,2.7,1090,"Arts & Letters",0,0,NA
5389,7,7,"F",0,1,3.77,1350,"Business & Economics",1,0,NA
5390,7,7,"M",0,0,3.96,1480,"Arts & Letters",1,0,NA
5391,7,7,"F",1,0,3.91,1320,"Arts & Letters",1,0,NA
5392,7,7,"M",0,1,4.27,1540,"Math & Science",1,0,NA
5393,3,3,"F",1,0,4.12,1250,"Arts & Letters",0,1,3.302
5394,7,6,"M",1,0,4.07,1360,"Arts & Letters",1,0,NA
5395,1,1,"F",0,0,4.09,1310,"Business & Economics",1,0,NA
5396,4,4,"F",1,0,3.35,1210,"Business & Economics",0,0,NA
5397,6,6,"F",1,0,2.91,950,"Math & Science",0,0,NA
5398,4,2,"F",0,0,2.76,890,"Math & Science",0,0,NA
5399,1,4,"F",0,0,3.9,1150,"Math & Science",1,0,NA
5400,4,7,"F",1,0,3.91,1120,"Arts & Letters",0,0,NA
5401,1,3,"F",1,0,3.75,820,"Math & Science",0,0,NA
5402,4,5,"F",0,0,3.95,980,"Math & Science",0,0,NA
5403,2,4,"F",0,0,3,880,"Arts & Letters",0,0,NA
5404,1,1,"F",0,0,4.04,1010,"Arts & Letters",1,0,NA
5405,6,6,"F",1,0,3.83,1060,"Math & Science",0,0,NA
5406,2,2,"F",0,0,4.05,890,"Arts & Letters",0,0,NA
5407,5,5,"F",1,0,3.86,1190,"Arts & Letters",0,0,NA
5408,7,7,"F",1,0,4.08,1440,"Arts & Letters",1,0,NA
5409,1,1,"F",0,0,3.3,1010,"Arts & Letters",0,0,NA
5410,1,1,"F",0,0,3.2,840,"Math & Science",0,0,NA
5411,6,6,"F",0,0,3.6,1460,"Business & Economics",0,0,NA
5412,2,2,"F",1,0,4.03,1260,"Business & Economics",1,1,3.713
5413,6,6,"M",1,0,4.09,1260,"Business & Economics",1,0,NA
5414,4,4,"F",1,0,3.4,1030,"Business & Economics",0,0,NA
5415,7,5,"M",1,0,3.09,1130,"Math & Science",0,0,NA
5416,3,3,"F",0,0,3.35,1040,"Arts & Letters",0,0,NA
5417,2,2,"F",0,0,3,970,"Math & Science",0,0,NA
5418,4,4,"M",1,0,3.35,1070,"Business & Economics",0,0,NA
5419,1,3,"F",0,0,3.72,1110,"Math & Science",1,0,NA
5420,7,4,"M",1,0,3.95,1330,"Math & Science",1,0,NA
5421,6,4,"M",1,0,3.68,1450,"Math & Science",0,0,NA
5422,6,6,"F",1,0,4.27,1450,"Arts & Letters",1,0,NA
5423,6,5,"F",1,0,4.14,1040,"Business & Economics",1,0,NA
5424,7,4,"F",1,0,3.64,1120,"Arts & Letters",0,0,NA
5425,7,6,"F",1,0,3.91,1410,"Arts & Letters",1,0,NA
5426,4,1,"M",0,0,3.5,1020,"Math & Science",0,0,NA
5427,3,4,"F",0,0,2.62,640,"Arts & Letters",0,0,NA
5428,4,2,"F",0,1,3,1010,"Arts & Letters",0,0,NA
5429,3,3,"M",0,1,3.59,1120,"Business & Economics",0,0,NA
5430,6,5,"F",1,0,3.52,1130,"Arts & Letters",0,0,NA
5431,3,6,"F",1,0,3.45,980,"Math & Science",0,0,NA
5432,6,6,"F",0,1,3.82,1360,"Math & Science",0,0,NA
5433,3,3,"F",0,0,3.77,1190,"Math & Science",0,0,NA
5434,4,4,"M",1,0,3.4,1160,"Arts & Letters",0,0,NA
5435,6,6,"F",1,0,2.62,940,"Arts & Letters",0,0,NA
5436,1,5,"M",0,0,3.41,1090,"Arts & Letters",0,0,NA
5437,1,1,"F",0,0,4,1020,"Math & Science",1,0,NA
5438,4,4,"M",0,0,3.32,1060,"Math & Science",0,0,NA
5439,6,6,"F",0,1,4.15,1230,"Business & Economics",0,0,NA
5440,3,3,"F",1,0,2.8,1100,"Arts & Letters",0,0,NA
5441,5,7,"M",0,0,4,1010,"Arts & Letters",0,0,NA
5442,3,2,"F",0,0,3.11,730,"Math & Science",0,0,NA
5443,3,5,"F",1,0,2.75,870,"Arts & Letters",0,0,NA
5444,3,4,"M",0,0,3.35,990,"Math & Science",0,0,NA
5445,7,6,"M",0,1,3.29,1250,"Arts & Letters",1,1,2.465
5446,7,6,"F",1,0,3.64,1060,"Business & Economics",0,0,NA
5447,4,4,"F",0,0,3.88,1420,"Math & Science",1,0,NA
5448,1,2,"F",0,1,3.67,840,"Math & Science",0,0,NA
5449,6,3,"F",0,0,3.06,1030,"Business & Economics",0,0,NA
5450,7,7,"F",0,1,3.68,1300,"Arts & Letters",0,0,NA
5451,3,4,"F",0,0,4.23,1270,"Arts & Letters",0,1,3.605
5452,3,4,"M",1,0,2.85,1150,"Business & Economics",0,0,NA
5453,6,6,"F",1,0,3.45,1410,"Math & Science",1,0,NA
5454,4,5,"F",0,1,3.53,1250,"Business & Economics",0,0,NA
5455,6,3,"M",1,0,3.64,1310,"Business & Economics",0,0,NA
5456,6,6,"M",0,1,3.5,1310,"Business & Economics",0,0,NA
5457,1,1,"F",0,0,2.96,760,"Business & Economics",0,0,NA
5458,6,7,"F",0,0,3.08,1140,"Arts & Letters",0,0,NA
5459,7,6,"F",0,1,3.85,1310,"Business & Economics",1,0,NA
5460,6,7,"F",1,0,4.07,1300,"Business & Economics",1,0,NA
5461,6,4,"M",1,0,3.94,1190,"Math & Science",0,0,NA
5462,7,6,"M",0,0,3.5,1030,"Business & Economics",0,0,NA
5463,1,1,"F",0,0,3.06,860,"Business & Economics",0,0,NA
5464,7,7,"F",1,0,4.2,1340,"Arts & Letters",1,0,NA
5465,4,5,"F",0,0,4.2,1240,"Math & Science",0,0,NA
5466,6,6,"F",1,0,2.73,1250,"Arts & Letters",0,0,NA
5467,3,4,"F",1,0,4,1210,"Arts & Letters",0,0,NA
5468,3,5,"F",1,0,3.65,1090,"Math & Science",0,0,NA
5469,6,6,"F",1,0,3.54,1370,"Arts & Letters",1,0,NA
5470,3,3,"F",1,0,3.59,1080,"Math & Science",0,0,NA
5471,3,3,"M",0,0,3.41,1120,"Math & Science",0,0,NA
5472,6,6,"M",0,1,3.09,980,"Business & Economics",0,0,NA
5473,6,7,"M",1,0,3.57,1170,"Arts & Letters",0,0,NA
5474,4,3,"F",1,0,3.14,1130,"Math & Science",0,0,NA
5475,2,5,"F",0,0,3.65,1060,"Math & Science",0,0,NA
5476,1,1,"F",0,1,3.68,970,"Business & Economics",1,1,3.212
5477,2,2,"F",1,0,4.05,1060,"Arts & Letters",0,0,NA
5478,6,6,"F",1,0,3.32,1030,"Business & Economics",0,0,NA
5479,3,3,"F",0,0,3.55,880,"Arts & Letters",0,0,NA
5480,6,6,"M",0,1,2.67,1140,"Business & Economics",0,0,NA
5481,7,7,"M",0,0,3.5,1140,"Arts & Letters",1,0,NA
5482,6,5,"F",1,0,4,1190,"Arts & Letters",0,0,NA
5483,7,6,"F",0,0,3.23,1360,"Arts & Letters",1,0,NA
5484,6,4,"M",1,0,3.45,1500,"Math & Science",1,0,NA
5485,1,1,"M",0,0,3.81,990,"Arts & Letters",1,0,NA
5486,4,4,"F",0,0,3.15,890,"Arts & Letters",0,0,NA
5487,4,3,"F",1,0,3.88,1090,"Arts & Letters",0,0,NA
5488,7,7,"F",1,0,3.24,1130,"Math & Science",0,0,NA
5489,7,6,"F",1,0,4.04,1380,"Math & Science",1,0,NA
5490,4,3,"F",0,1,3.75,1060,"Math & Science",0,0,NA
5491,6,6,"M",0,0,3.95,1180,"Business & Economics",1,0,NA
5492,3,4,"F",1,0,3.55,1120,"Math & Science",0,0,NA
5493,6,5,"F",1,0,3.39,870,"Arts & Letters",0,0,NA
5494,7,7,"M",1,0,4.35,1510,"Math & Science",1,0,NA
5495,7,7,"M",0,1,3.36,1130,"Arts & Letters",0,0,NA
5496,6,6,"F",1,0,3.88,1270,"Business & Economics",0,0,NA
5497,5,6,"F",0,0,3.88,940,"Arts & Letters",0,0,NA
5498,6,7,"F",0,0,3.06,1150,"Arts & Letters",0,0,NA
5499,5,7,"F",1,0,3.88,1020,"Arts & Letters",0,0,NA
5500,6,6,"F",1,0,4.17,1210,"Arts & Letters",0,0,NA
5501,6,7,"M",1,0,3.91,1280,"Math & Science",0,0,NA
5502,7,4,"F",1,0,4.14,1600,"Math & Science",1,0,NA
5503,6,7,"M",1,0,3.4,1200,"Business & Economics",0,1,2.702
5504,7,6,"M",1,0,3.5,1230,"Business & Economics",0,0,NA
5505,7,6,"F",1,0,3.8,1290,"Business & Economics",0,0,NA
5506,7,6,"M",1,0,3.76,1300,"Math & Science",0,0,NA
5507,6,6,"M",1,0,3.36,1330,"Math & Science",0,0,NA
5508,4,4,"F",1,0,3.05,1060,"Arts & Letters",0,0,NA
5509,7,7,"F",1,0,3.77,1200,"Arts & Letters",0,0,NA
5510,6,6,"F",1,0,4.07,1290,"Business & Economics",1,0,NA
5511,7,7,"M",1,0,2.86,1250,"Arts & Letters",0,0,NA
5512,6,4,"M",1,0,3.52,1490,"Math & Science",0,0,NA
5513,7,7,"M",0,1,3.65,1310,"Math & Science",0,0,NA
5514,6,6,"F",0,0,3.5,1210,"Business & Economics",0,0,NA
5515,6,6,"F",1,0,3.2,1120,"Arts & Letters",0,0,NA
5516,1,2,"F",0,0,4.23,1110,"Math & Science",0,0,NA
5517,2,4,"M",0,1,3.55,960,"Arts & Letters",1,1,1.122
5518,5,5,"M",0,1,3.9,1300,"Math & Science",1,0,NA
5519,2,3,"F",0,0,3.5,880,"Math & Science",0,0,NA
5520,6,6,"F",0,0,3.24,1170,"Arts & Letters",0,0,NA
5521,3,7,"F",0,0,3.6,1060,"Arts & Letters",0,0,NA
5522,3,3,"M",1,0,3.54,1180,"Arts & Letters",0,0,NA
5523,7,6,"M",0,0,3.18,1150,"Arts & Letters",0,0,NA
5524,4,4,"F",0,0,3.85,1130,"Arts & Letters",0,0,NA
5525,2,2,"F",0,1,3.95,1030,"Math & Science",1,0,NA
5526,1,1,"F",0,0,2.9,840,"Arts & Letters",0,0,NA
5527,3,3,"M",0,0,3.3,860,"Business & Economics",0,0,NA
5528,3,3,"F",0,0,2.78,640,"Arts & Letters",0,0,NA
5529,7,7,"F",0,0,3.05,940,"Arts & Letters",0,0,NA
5530,1,1,"F",0,0,3.85,930,"Math & Science",0,0,NA
5531,7,6,"F",0,1,3.81,1460,"Math & Science",1,0,NA
5532,5,5,"M",1,0,3.05,1210,"Arts & Letters",0,0,NA
5533,5,7,"M",0,0,2.81,830,"Business & Economics",0,0,NA
5534,6,6,"M",1,0,3,1140,"Business & Economics",0,0,NA
5535,4,6,"F",1,0,3.45,1010,"Math & Science",0,0,NA
5536,6,5,"F",1,0,4.18,1410,"Arts & Letters",0,1,3.786
5537,1,1,"F",0,0,4.23,1170,"Arts & Letters",0,0,NA
5538,3,6,"F",1,0,3.52,1080,"Math & Science",0,0,NA
5539,4,3,"F",1,0,4.17,1180,"Math & Science",1,0,NA
5540,1,1,"F",0,0,3.1,830,"Arts & Letters",0,0,NA
5541,7,6,"F",1,0,3.95,1310,"Arts & Letters",1,0,NA
5542,1,1,"M",0,0,3.1,840,"Math & Science",0,0,NA
5543,1,1,"F",0,0,3.73,980,"Arts & Letters",1,1,2.646
5544,6,6,"F",1,0,2.7,820,"Business & Economics",0,0,NA
5545,7,6,"F",0,0,4.12,1380,"Math & Science",1,1,3.803
5546,7,7,"F",1,0,3.86,1410,"Business & Economics",1,0,NA
5547,5,4,"F",1,0,3.88,1070,"Arts & Letters",0,0,NA
5548,2,1,"F",0,0,2.78,840,"Arts & Letters",0,0,NA
5549,7,6,"F",1,0,4.05,1330,"Math & Science",1,0,NA
5550,4,4,"F",0,1,3.12,1140,"Math & Science",0,0,NA
5551,6,6,"M",1,0,3.33,1240,"Arts & Letters",1,0,NA
5552,7,6,"F",1,0,3.14,1130,"Arts & Letters",0,0,NA
5553,4,4,"F",0,0,3.11,1020,"Arts & Letters",0,0,NA
5554,6,6,"F",1,0,4.17,1170,"Arts & Letters",0,0,NA
5555,5,6,"F",1,0,4.25,1220,"Business & Economics",0,0,NA
5556,7,7,"M",1,0,3.41,1410,"Business & Economics",0,0,NA
5557,6,5,"F",0,0,3.62,1120,"Arts & Letters",0,0,NA
5558,4,4,"F",0,0,3.46,990,"Math & Science",1,0,NA
5559,6,7,"F",1,0,3.82,1290,"Arts & Letters",1,0,NA
5560,1,1,"F",0,0,3.55,970,"Math & Science",0,0,NA
5561,3,4,"F",0,0,3.61,830,"Arts & Letters",0,0,NA
5562,6,7,"M",1,0,3.9,1460,"Business & Economics",1,0,NA
5563,7,6,"M",1,0,3.7,1160,"Business & Economics",0,0,NA
5564,1,3,"F",0,0,3.29,1050,"Arts & Letters",0,0,NA
5565,2,3,"F",0,0,3.2,1250,"Arts & Letters",1,1,3.35
5566,4,4,"F",0,1,3.82,1100,"Math & Science",0,0,NA
5567,6,6,"F",1,0,4.2,1280,"Math & Science",1,1,3.236
5568,6,6,"F",1,0,3.62,1030,"Math & Science",0,0,NA
5569,6,4,"F",1,0,3.71,1280,"Arts & Letters",0,0,NA
5570,6,6,"F",0,1,4.05,1330,"Arts & Letters",1,0,NA
5571,6,6,"F",1,0,3.5,1060,"Arts & Letters",0,0,NA
5572,1,1,"F",0,0,3.48,970,"Arts & Letters",0,0,NA
5573,5,6,"F",0,0,3.33,890,"Math & Science",0,0,NA
5574,7,6,"F",1,0,4.05,1220,"Arts & Letters",1,0,NA
5575,7,7,"M",1,0,2.79,1200,"Arts & Letters",0,0,NA
5576,1,3,"M",0,0,3.14,550,"Arts & Letters",0,0,NA
5577,3,3,"M",1,0,3.82,1250,"Business & Economics",1,1,2.86
5578,6,3,"F",0,0,3.47,1050,"Arts & Letters",0,0,NA
5579,7,7,"F",1,0,3.21,1200,"Arts & Letters",0,0,NA
5580,6,6,"F",1,0,3.68,1160,"Math & Science",0,0,NA
5581,2,2,"M",0,0,3.5,1060,"Math & Science",0,0,NA
5582,4,5,"F",1,0,3.7,1220,"Math & Science",1,0,NA
5583,6,6,"F",1,0,3.82,1150,"Arts & Letters",0,0,NA
5584,3,7,"F",1,0,3.57,1140,"Arts & Letters",1,1,3.482
5585,7,6,"M",1,0,3.41,1330,"Business & Economics",0,0,NA
5586,6,6,"F",1,0,4,1320,"Math & Science",0,0,NA
5587,6,7,"M",1,0,3,1060,"Arts & Letters",0,0,NA
5588,6,6,"F",0,0,4.22,1140,"Math & Science",1,1,2.839
5589,6,6,"F",1,0,3.68,1160,"Math & Science",0,0,NA
5590,3,4,"F",1,0,3.41,850,"Arts & Letters",0,0,NA
5591,3,4,"F",0,0,3.31,980,"Arts & Letters",0,0,NA
5592,6,7,"M",0,0,3.64,1130,"Math & Science",1,1,3.176
5593,7,4,"F",1,0,3.59,1250,"Arts & Letters",0,1,2.649
5594,6,6,"F",1,0,3.74,1210,"Arts & Letters",0,0,NA
5595,3,6,"F",1,0,2.9,1110,"Business & Economics",0,0,NA
5596,3,3,"M",0,0,3.09,990,"Arts & Letters",0,0,NA
5597,4,4,"F",1,0,3.78,1260,"Arts & Letters",1,1,2.495
5598,7,7,"F",1,0,4.06,1110,"Math & Science",1,0,NA
5599,6,6,"M",1,0,4.04,1560,"Math & Science",1,0,NA
5600,6,6,"M",0,1,3.58,1250,"Arts & Letters",1,0,NA
5601,2,5,"F",1,0,3.65,1020,"Arts & Letters",0,0,NA
5602,6,6,"F",0,1,3.54,1160,"Business & Economics",1,1,3.53
5603,7,7,"F",0,1,4.15,1520,"Math & Science",1,0,NA
5604,7,7,"F",1,0,4.33,1350,"Arts & Letters",1,0,NA
5605,4,4,"M",1,0,4.33,1310,"Math & Science",1,0,NA
5606,7,7,"F",1,0,3.32,990,"Arts & Letters",0,0,NA
5607,2,6,"F",0,0,3.06,1060,"Arts & Letters",0,0,NA
5608,6,6,"M",1,0,3.37,1100,"Arts & Letters",0,0,NA
5609,7,6,"F",0,0,4,990,"Math & Science",0,0,NA
5610,1,1,"F",0,1,3.5,880,"Business & Economics",0,0,NA
5611,6,6,"F",1,0,4.09,1250,"Business & Economics",1,0,NA
5612,3,3,"M",0,0,3.81,1070,"Arts & Letters",0,0,NA
5613,1,1,"F",0,0,4.3,950,"Business & Economics",1,1,2.851
5614,3,4,"M",1,0,3.85,1140,"Math & Science",0,0,NA
5615,7,7,"F",1,0,4.26,1350,"Arts & Letters",0,0,NA
5616,6,3,"F",1,0,3.78,1030,"Business & Economics",0,0,NA
5617,6,6,"M",1,0,3.45,1200,"Arts & Letters",0,0,NA
5618,5,6,"M",0,0,3.73,940,"Math & Science",0,0,NA
5619,6,6,"F",1,0,4.08,1410,"Math & Science",1,0,NA
5620,7,7,"F",1,0,3.77,1210,"Math & Science",0,0,NA
5621,6,6,"F",0,0,3.58,760,"Business & Economics",0,0,NA
5622,4,7,"F",1,0,4,1320,"Math & Science",1,0,NA
5623,6,6,"F",1,0,3.08,1290,"Arts & Letters",1,1,2.646
5624,7,4,"F",1,0,2.95,980,"Arts & Letters",0,0,NA
5625,7,7,"M",0,1,3.32,1410,"Arts & Letters",0,0,NA
5626,4,5,"F",0,0,3.85,970,"Math & Science",0,0,NA
5627,6,6,"F",1,0,3.25,1210,"Business & Economics",0,0,NA
5628,6,5,"M",1,0,3,810,"Business & Economics",0,0,NA
5629,6,6,"F",1,0,3.1,1010,"Arts & Letters",0,0,NA
5630,7,7,"F",1,0,4.23,1210,"Math & Science",1,0,NA
5631,6,6,"F",1,0,3.85,1280,"Arts & Letters",1,0,NA
5632,7,7,"M",1,0,3.6,1300,"Math & Science",0,0,NA
5633,7,7,"M",1,0,3.22,1210,"Business & Economics",0,0,NA
5634,3,5,"M",0,0,3.29,930,"Arts & Letters",0,0,NA
5635,6,6,"F",1,0,3.83,1330,"Arts & Letters",0,0,NA
5636,7,7,"F",0,1,3.58,1350,"Business & Economics",0,0,NA
5637,7,6,"M",1,0,4.09,1440,"Math & Science",1,1,3.829
5638,7,7,"F",1,0,3.85,1450,"Math & Science",1,0,NA
5639,3,3,"M",0,0,3.96,1190,"Math & Science",0,0,NA
5640,7,5,"M",0,1,4.15,1340,"Math & Science",1,1,2.932
5641,7,6,"M",1,0,3.61,1310,"Math & Science",0,0,NA
5642,6,4,"M",1,0,3.68,1210,"Business & Economics",1,1,3.443
5643,6,6,"F",0,0,3.42,1370,"Business & Economics",0,0,NA
5644,3,3,"F",0,1,3.62,840,"Arts & Letters",0,0,NA
5645,7,7,"M",1,0,3.15,1210,"Business & Economics",0,0,NA
5646,4,4,"M",0,1,3.32,1090,"Business & Economics",1,1,1.915
5647,7,4,"F",1,0,3.5,1430,"Math & Science",1,0,NA
5648,3,3,"M",1,0,3.55,1270,"Math & Science",0,0,NA
5649,5,3,"F",0,1,3.39,1170,"Math & Science",0,0,NA
5650,6,6,"F",0,1,3.41,1250,"Business & Economics",0,0,NA
5651,6,6,"M",0,1,3.13,1170,"Math & Science",0,0,NA
5652,7,6,"F",1,0,3.8,1090,"Arts & Letters",0,0,NA
5653,7,7,"M",1,0,3.91,1370,"Business & Economics",1,0,NA
5654,7,7,"F",1,0,4,1110,"Math & Science",0,0,NA
5655,1,3,"M",0,0,2.19,670,"Business & Economics",0,0,NA
5656,1,3,"M",0,0,3.64,1100,"Math & Science",0,0,NA
5657,6,6,"M",1,0,3.4,1190,"Business & Economics",1,0,NA
5658,1,1,"F",0,0,3.3,770,"Math & Science",0,0,NA
5659,7,7,"M",1,0,3.07,1060,"Arts & Letters",0,0,NA
5660,1,6,"F",0,0,3.79,950,"Math & Science",0,0,NA
5661,2,2,"F",0,0,3.74,1230,"Arts & Letters",1,0,NA
5662,6,7,"M",1,0,4.05,1320,"Arts & Letters",0,0,NA
5663,4,7,"F",1,0,4.32,1540,"Arts & Letters",1,0,NA
5664,3,3,"M",0,0,3.5,1050,"Business & Economics",0,0,NA
5665,3,3,"F",1,0,4.5,1490,"Arts & Letters",1,0,NA
5666,7,5,"F",1,0,3.12,1150,"Arts & Letters",0,0,NA
5667,3,1,"F",0,0,3.23,1030,"Math & Science",0,0,NA
5668,3,3,"F",0,1,4.27,1240,"Arts & Letters",1,0,NA
5669,6,6,"F",1,0,4.3,970,"Math & Science",0,0,NA
5670,6,6,"F",0,0,3.28,770,"Arts & Letters",0,0,NA
5671,4,3,"M",1,0,3.12,1200,"Math & Science",0,0,NA
5672,4,4,"F",0,1,4.4,1330,"Math & Science",1,0,NA
5673,3,3,"F",0,1,4,960,"Arts & Letters",0,0,NA
5674,7,7,"M",1,0,2.77,1270,"Business & Economics",0,0,NA
5675,1,1,"F",0,0,3.22,660,"Math & Science",0,0,NA
5676,1,1,"F",0,0,3.37,900,"Math & Science",0,0,NA
5677,3,2,"M",0,0,3.74,1410,"Business & Economics",1,0,NA
5678,6,3,"F",1,0,3.3,990,"Math & Science",0,0,NA
5679,3,6,"F",1,0,3.2,1260,"Arts & Letters",0,0,NA
5680,1,1,"F",0,0,3.77,830,"Math & Science",0,0,NA
5681,1,1,"M",0,0,3.72,1070,"Math & Science",0,0,NA
5682,3,3,"F",0,1,3.76,1170,"Business & Economics",1,0,NA
5683,6,6,"F",1,0,4.4,1170,"Business & Economics",1,0,NA
5684,4,4,"M",1,0,3.85,1050,"Business & Economics",0,0,NA
5685,1,1,"M",0,0,3.94,1040,"Math & Science",1,0,NA
5686,6,5,"F",0,0,3.09,880,"Arts & Letters",0,0,NA
5687,4,4,"F",0,1,3.11,1250,"Business & Economics",0,0,NA
5688,6,6,"F",1,0,3.59,1290,"Arts & Letters",0,0,NA
5689,3,4,"M",1,0,3.58,1430,"Arts & Letters",0,0,NA
5690,2,6,"F",1,0,4.05,1130,"Math & Science",0,0,NA
5691,7,6,"M",1,0,3.5,1190,"Business & Economics",0,0,NA
5692,4,4,"F",1,0,3.6,1080,"Math & Science",0,0,NA
5693,5,6,"F",0,0,2.81,940,"Arts & Letters",0,0,NA
5694,6,6,"M",0,1,4.29,1570,"Math & Science",1,0,NA
5695,6,6,"F",1,0,3.12,920,"Arts & Letters",0,0,NA
5696,1,4,"M",0,0,2.63,1060,"Arts & Letters",0,0,NA
5697,7,6,"F",1,0,4.26,1490,"Math & Science",1,0,NA
5698,3,2,"M",0,0,3.91,980,"Arts & Letters",0,0,NA
5699,3,2,"F",0,0,3.8,960,"Arts & Letters",1,0,NA
5700,3,2,"M",0,0,3.2,1020,"Arts & Letters",0,0,NA
5701,6,6,"F",0,1,3.59,1000,"Arts & Letters",0,0,NA
5702,3,4,"F",0,0,3.74,920,"Arts & Letters",0,0,NA
5703,3,3,"F",0,0,3.25,1010,"Math & Science",0,0,NA
5704,4,6,"M",0,1,3.83,1080,"Math & Science",0,0,NA
5705,6,6,"M",1,0,3.4,1210,"Business & Economics",1,1,2.972
5706,7,6,"M",1,0,3.65,1540,"Arts & Letters",1,0,NA
5707,6,6,"F",0,0,3.64,1300,"Math & Science",0,0,NA
5708,6,5,"F",0,0,3.68,1020,"Arts & Letters",0,0,NA
5709,2,2,"M",0,0,2.45,1280,"Arts & Letters",0,0,NA
5710,7,4,"F",1,0,3.5,1220,"Math & Science",0,0,NA
5711,6,3,"M",1,0,4.22,1500,"Math & Science",1,0,NA
5712,6,7,"M",1,0,3.45,1400,"Business & Economics",1,1,1.323
5713,7,4,"M",1,0,4.25,1160,"Math & Science",1,1,3.005
5714,6,4,"M",0,0,3.71,1160,"Business & Economics",0,0,NA
5715,7,5,"F",0,0,4.23,1170,"Math & Science",1,0,NA
5716,3,3,"M",0,1,3.54,1440,"Business & Economics",1,0,NA
5717,6,3,"F",1,0,2.68,900,"Math & Science",0,0,NA
5718,4,4,"F",0,0,3.88,1090,"Arts & Letters",0,0,NA
5719,6,6,"M",1,0,3.53,950,"Arts & Letters",0,0,NA
5720,7,7,"F",0,0,4.24,1360,"Business & Economics",1,0,NA
5721,6,5,"M",0,1,2.94,1040,"Arts & Letters",0,0,NA
5722,7,7,"F",1,0,3.28,1180,"Business & Economics",0,0,NA
5723,4,6,"F",0,1,3.15,1050,"Arts & Letters",0,0,NA
5724,6,7,"F",1,0,3.58,1260,"Math & Science",0,0,NA
5725,1,1,"M",0,0,3.65,740,"Math & Science",0,0,NA
5726,7,6,"F",1,0,3.36,980,"Math & Science",0,0,NA
5727,5,6,"M",0,1,3.36,1160,"Arts & Letters",0,0,NA
5728,6,6,"F",1,0,3.8,1250,"Business & Economics",1,0,NA
5729,3,3,"M",1,0,3.35,910,"Math & Science",0,0,NA
5730,6,6,"F",0,1,3.87,1210,"Arts & Letters",0,0,NA
5731,7,6,"F",1,0,4.2,1250,"Arts & Letters",1,0,NA
5732,4,2,"F",0,0,2.86,780,"Arts & Letters",0,0,NA
5733,5,4,"F",1,0,4.17,1160,"Math & Science",1,1,3.249
5734,2,1,"M",0,0,4.05,950,"Business & Economics",1,0,NA
5735,6,7,"F",1,0,3.91,1300,"Business & Economics",1,0,NA
5736,7,6,"F",1,0,3.38,1110,"Business & Economics",0,0,NA
5737,4,6,"M",1,0,2.9,1160,"Business & Economics",0,0,NA
5738,6,6,"M",1,0,3.55,1190,"Arts & Letters",0,0,NA
5739,3,3,"F",1,0,3.95,1270,"Math & Science",1,0,NA
5740,6,6,"F",1,0,3.83,1130,"Arts & Letters",0,0,NA
5741,7,6,"F",1,0,4,1100,"Arts & Letters",1,0,NA
5742,6,3,"F",0,0,2.95,1020,"Business & Economics",0,1,2.608
5743,6,5,"F",1,0,4.05,1270,"Math & Science",1,0,NA
5744,5,5,"F",1,0,4.04,1210,"Math & Science",1,1,3.723
5745,3,4,"F",0,0,2.91,940,"Arts & Letters",0,0,NA
5746,3,3,"F",0,0,3.95,1000,"Arts & Letters",0,0,NA
5747,7,7,"F",0,0,3.41,1060,"Math & Science",0,0,NA
5748,6,6,"F",1,0,3.08,1140,"Math & Science",0,0,NA
5749,4,4,"M",0,0,3.15,1210,"Math & Science",0,0,NA
5750,4,7,"F",1,0,4.14,1180,"Arts & Letters",0,0,NA
5751,6,7,"M",0,0,4.12,1120,"Arts & Letters",1,0,NA
5752,7,7,"M",0,0,4.25,1490,"Arts & Letters",1,0,NA
5753,7,6,"F",1,0,3.82,1240,"Math & Science",1,1,3.437
5754,6,6,"F",1,0,3.38,1320,"Business & Economics",1,1,3.313
5755,6,5,"F",1,0,3.77,1270,"Arts & Letters",0,0,NA
5756,7,6,"F",1,0,3.18,1170,"Arts & Letters",0,0,NA
5757,7,7,"F",1,0,4.08,1300,"Math & Science",1,0,NA
5758,7,3,"F",1,0,4.24,1480,"Math & Science",1,0,NA
5759,2,5,"M",1,0,3.44,1200,"Business & Economics",0,0,NA
5760,1,1,"F",0,1,3.55,1130,"Math & Science",1,1,2.248
5761,4,4,"M",0,1,3,740,"Math & Science",0,0,NA
5762,4,7,"M",0,1,3.96,1290,"Math & Science",1,0,NA
5763,5,6,"F",0,1,3.83,920,"Arts & Letters",1,1,2.443
5764,3,3,"F",0,1,3.33,1320,"Arts & Letters",0,0,NA
5765,4,3,"F",1,0,4.1,1080,"Math & Science",1,0,NA
5766,6,6,"F",0,0,4.1,1210,"Arts & Letters",0,0,NA
5767,7,7,"F",0,0,3.22,1250,"Business & Economics",0,0,NA
5768,6,5,"M",0,1,3.9,1060,"Math & Science",1,0,NA
5769,6,4,"F",0,0,3.36,1140,"Math & Science",0,0,NA
5770,3,3,"M",0,0,3.55,1160,"Business & Economics",0,0,NA
5771,6,7,"M",1,0,3.58,1190,"Arts & Letters",1,0,NA
5772,1,1,"F",0,0,3.92,900,"Math & Science",0,0,NA
5773,4,3,"F",0,1,4.17,1250,"Math & Science",0,0,NA
5774,6,6,"F",0,0,3,870,"Arts & Letters",0,0,NA
5775,7,7,"F",1,0,3.92,1240,"Business & Economics",0,0,NA
5776,4,7,"F",1,0,3.64,1140,"Arts & Letters",0,0,NA
5777,7,6,"M",0,0,3.5,1080,"Business & Economics",0,0,NA
5778,6,6,"M",0,1,2.41,990,"Arts & Letters",0,0,NA
5779,7,6,"F",1,0,3.95,1290,"Business & Economics",1,1,3.213
5780,7,6,"M",1,0,3.89,1540,"Business & Economics",0,0,NA
5781,5,6,"F",0,0,3.55,1110,"Math & Science",0,0,NA
5782,7,2,"M",0,0,3.64,1090,"Math & Science",1,1,2.749
5783,4,6,"F",1,0,3.61,1100,"Math & Science",0,0,NA
5784,7,7,"M",1,0,3.67,1240,"Arts & Letters",0,1,3.49
5785,5,4,"M",1,0,3.14,1180,"Arts & Letters",0,0,NA
5786,2,2,"F",0,0,3.39,860,"Math & Science",0,0,NA
5787,6,6,"F",1,0,4.08,1450,"Arts & Letters",1,1,3.474
5788,6,6,"M",1,0,3.65,1270,"Math & Science",0,0,NA
5789,3,3,"M",0,0,3.72,990,"Business & Economics",0,0,NA
5790,7,7,"F",1,0,4.23,1340,"Math & Science",0,0,NA
5791,6,6,"M",0,0,3.82,1180,"Math & Science",0,0,NA
5792,3,5,"F",1,0,3.41,1120,"Arts & Letters",0,0,NA
5793,7,7,"F",0,1,3.88,1240,"Business & Economics",0,0,NA
5794,6,3,"F",0,0,4.12,1330,"Math & Science",0,0,NA
5795,3,3,"F",0,0,3.59,1110,"Arts & Letters",0,0,NA
5796,6,6,"M",0,1,3.29,1100,"Business & Economics",0,0,NA
5797,7,7,"M",1,0,3.58,1540,"Math & Science",1,1,3.14
5798,3,4,"M",0,0,3.41,1120,"Arts & Letters",1,0,NA
5799,6,6,"F",1,0,3.4,1080,"Math & Science",0,0,NA
5800,6,7,"F",1,0,3.43,1070,"Arts & Letters",0,0,NA
5801,4,6,"M",1,0,3.09,960,"Business & Economics",0,0,NA
5802,7,7,"M",1,0,3.1,1280,"Math & Science",0,0,NA
5803,7,5,"M",1,0,3.5,1070,"Business & Economics",0,0,NA
5804,7,6,"M",1,0,3.65,1120,"Math & Science",0,0,NA
5805,6,6,"F",0,0,3.6,1220,"Business & Economics",0,0,NA
5806,3,6,"F",1,0,2.96,890,"Arts & Letters",0,0,NA
5807,7,7,"F",1,0,3.43,1210,"Arts & Letters",0,0,NA
5808,7,7,"F",0,1,3.18,1320,"Math & Science",0,0,NA
5809,7,7,"M",1,0,4.23,1360,"Arts & Letters",1,0,NA
5810,7,7,"F",0,0,3.7,1080,"Arts & Letters",0,0,NA
5811,5,7,"F",0,0,3.17,1150,"Arts & Letters",0,0,NA
5812,7,7,"M",0,0,4.33,1470,"Math & Science",1,0,NA
5813,6,6,"F",1,0,4.15,1380,"Arts & Letters",1,0,NA
5814,7,7,"M",0,1,3.6,1530,"Math & Science",0,0,NA
5815,4,6,"F",1,0,4.14,1480,"Arts & Letters",1,0,NA
5816,4,5,"F",0,0,3.25,1120,"Arts & Letters",0,0,NA
5817,6,6,"F",1,0,4.14,1170,"Math & Science",1,0,NA
5818,7,6,"F",0,0,4.39,1380,"Arts & Letters",1,0,NA
5819,7,7,"M",1,0,4.08,1470,"Math & Science",1,0,NA
5820,6,6,"F",1,0,3.55,1250,"Math & Science",0,0,NA
5821,6,4,"M",0,0,2.88,1360,"Math & Science",0,0,NA
5822,6,6,"F",1,0,3.33,1260,"Arts & Letters",0,0,NA
5823,2,6,"M",0,0,3.57,1070,"Math & Science",0,0,NA
5824,7,6,"M",0,1,3.5,1210,"Math & Science",0,0,NA
5825,7,7,"M",1,0,2.8,1140,"Business & Economics",0,0,NA
5826,3,3,"F",0,1,3.11,1110,"Arts & Letters",0,0,NA
5827,5,7,"F",0,0,3.67,970,"Business & Economics",0,0,NA
5828,6,6,"M",0,1,3.19,1220,"Arts & Letters",1,1,2.619
5829,7,6,"F",1,0,3.4,1170,"Arts & Letters",0,0,NA
5830,5,6,"M",0,0,2.8,920,"Business & Economics",0,0,NA
5831,7,5,"F",1,0,2.72,1010,"Arts & Letters",0,0,NA
5832,6,4,"M",0,0,3.57,1170,"Arts & Letters",1,0,NA
5833,3,1,"M",0,1,3.88,880,"Math & Science",0,0,NA
5834,4,2,"M",0,0,3.82,1260,"Arts & Letters",1,0,NA
5835,7,6,"M",0,0,3.4,1310,"Arts & Letters",0,0,NA
5836,7,7,"M",1,0,3.88,1300,"Business & Economics",0,0,NA
5837,6,4,"F",0,1,3.86,1250,"Math & Science",1,0,NA
5838,6,6,"M",1,0,2.77,1370,"Arts & Letters",0,0,NA
5839,7,6,"F",1,0,3.45,1390,"Arts & Letters",0,0,NA
5840,1,1,"F",0,0,3,770,"Business & Economics",0,0,NA
5841,5,7,"F",0,0,3.86,1240,"Arts & Letters",0,0,NA
5842,7,5,"M",0,1,3,1290,"Arts & Letters",0,0,NA
5843,6,4,"F",0,0,3.75,1310,"Business & Economics",0,0,NA
5844,6,6,"M",1,0,3.96,1240,"Arts & Letters",0,1,3.013
5845,6,6,"F",1,0,3.25,1100,"Math & Science",0,0,NA
5846,7,7,"M",1,0,3.68,1130,"Arts & Letters",1,0,NA
5847,7,7,"M",1,0,4.21,1230,"Arts & Letters",1,0,NA
5848,4,7,"F",1,0,4.12,1150,"Math & Science",1,0,NA
5849,7,7,"M",1,0,3.36,1230,"Business & Economics",0,0,NA
5850,1,1,"F",0,0,3.32,880,"Business & Economics",0,0,NA
5851,4,4,"F",1,0,4.05,1240,"Math & Science",1,1,3.739
5852,6,6,"F",1,0,3.05,1110,"Math & Science",0,0,NA
5853,4,4,"F",0,0,2.79,990,"Arts & Letters",0,0,NA
5854,7,7,"F",1,0,3.14,990,"Arts & Letters",0,0,NA
5855,6,4,"F",1,0,3.75,1250,"Arts & Letters",1,0,NA
5856,4,4,"F",1,0,3.05,870,"Math & Science",0,0,NA
5857,7,6,"M",1,0,3.77,1120,"Arts & Letters",0,1,3.376
5858,6,6,"F",1,0,3.82,1250,"Math & Science",1,0,NA
5859,7,4,"M",0,0,2.95,970,"Business & Economics",0,0,NA
5860,7,7,"F",0,0,3.14,1240,"Arts & Letters",0,0,NA
5861,6,6,"F",1,0,4.19,1030,"Business & Economics",0,0,NA
5862,6,6,"F",0,0,2.91,980,"Math & Science",0,0,NA
5863,6,6,"M",0,0,2.44,1020,"Math & Science",0,0,NA
5864,6,4,"F",1,0,3.5,1040,"Business & Economics",0,0,NA
5865,6,6,"F",1,0,4,1320,"Arts & Letters",1,1,3.477
5866,7,6,"M",1,0,3.86,1220,"Math & Science",0,0,NA
5867,6,6,"F",1,0,2.95,1030,"Business & Economics",0,0,NA
5868,6,5,"F",1,0,2.73,1070,"Arts & Letters",0,0,NA
5869,7,4,"F",1,0,4.14,1060,"Math & Science",0,0,NA
5870,6,6,"M",0,0,3.21,1290,"Arts & Letters",0,0,NA
5871,7,7,"F",0,0,3.19,1320,"Math & Science",0,0,NA
5872,6,6,"F",1,0,4.09,1270,"Math & Science",1,1,3.526
5873,4,5,"M",1,0,4.05,1460,"Arts & Letters",1,0,NA
5874,7,7,"F",0,1,3.79,1420,"Arts & Letters",1,0,NA
5875,6,4,"M",1,0,2.79,1240,"Math & Science",0,0,NA
5876,5,4,"F",1,0,4.21,1080,"Arts & Letters",0,0,NA
5877,4,5,"F",1,0,3.36,1130,"Math & Science",0,0,NA
5878,7,5,"F",1,0,3.96,1290,"Business & Economics",1,0,NA
5879,2,1,"F",0,0,3.65,1010,"Math & Science",1,0,NA
5880,7,6,"M",0,1,3.58,1210,"Arts & Letters",1,1,3.319
5881,4,6,"F",1,0,3.09,990,"Arts & Letters",0,0,NA
5882,7,7,"M",0,1,4.14,1450,"Business & Economics",1,0,NA
5883,5,7,"M",0,0,3.41,1210,"Arts & Letters",0,0,NA
5884,4,7,"F",1,0,4.17,1290,"Math & Science",1,1,2.933
5885,7,5,"M",0,1,3.95,1390,"Math & Science",0,0,NA
5886,6,7,"F",0,0,4.23,1440,"Math & Science",1,0,NA
5887,4,6,"F",0,1,3.85,1070,"Math & Science",0,0,NA
5888,6,4,"M",1,0,3.76,1490,"Business & Economics",1,0,NA
5889,6,5,"M",0,1,3.17,1230,"Math & Science",0,0,NA
5890,4,4,"M",1,0,2.35,980,"Business & Economics",0,0,NA
5891,7,6,"F",0,1,3.83,1310,"Math & Science",1,0,NA
5892,7,7,"F",1,0,3.74,1400,"Business & Economics",1,0,NA
5893,3,3,"F",0,1,3.82,1280,"Business & Economics",1,0,NA
5894,6,6,"F",0,0,3.23,980,"Arts & Letters",0,0,NA
5895,6,7,"F",0,0,3.05,830,"Arts & Letters",0,0,NA
5896,3,3,"M",1,0,3.44,1140,"Math & Science",0,0,NA
5897,2,2,"F",0,1,2.7,1060,"Business & Economics",0,0,NA
5898,6,5,"M",1,0,3.96,1260,"Math & Science",0,0,NA
5899,1,4,"F",0,0,3.95,950,"Math & Science",0,0,NA
5900,4,4,"F",0,0,3.38,1260,"Arts & Letters",0,0,NA
5901,4,4,"M",0,1,4.24,1340,"Math & Science",1,0,NA
5902,1,3,"F",0,0,3.68,910,"Arts & Letters",0,0,NA
5903,1,1,"F",0,0,4.11,870,"Math & Science",0,0,NA
5904,6,6,"F",1,0,3.47,1060,"Math & Science",0,0,NA
5905,1,1,"F",0,0,3.88,1080,"Arts & Letters",1,0,NA
5906,6,7,"M",1,0,3.12,1120,"Math & Science",0,0,NA
5907,7,4,"M",1,0,3.38,1150,"Arts & Letters",0,0,NA
5908,3,3,"F",0,0,2.52,830,"Arts & Letters",0,0,NA
5909,7,6,"F",1,0,4.17,1400,"Arts & Letters",1,0,NA
5910,4,5,"M",0,1,3.76,1230,"Business & Economics",0,0,NA
5911,3,5,"F",0,0,4.33,1310,"Math & Science",1,0,NA
5912,1,1,"F",0,0,3.5,990,"Arts & Letters",0,0,NA
5913,3,1,"F",0,0,3.8,1060,"Arts & Letters",0,0,NA
5914,6,6,"F",1,0,4.29,1330,"Arts & Letters",1,0,NA
5915,1,1,"F",0,0,4.14,1140,"Math & Science",1,0,NA
5916,1,1,"M",0,1,3.12,1220,"Math & Science",0,0,NA
5917,6,6,"M",1,0,4.05,1220,"Business & Economics",1,1,2.998
5918,3,4,"F",0,0,3.56,800,"Math & Science",0,0,NA
5919,3,3,"F",0,0,4.36,1170,"Business & Economics",1,0,NA
5920,3,6,"M",1,0,3.68,1230,"Business & Economics",1,1,2.813
5921,6,3,"F",0,0,3.75,1210,"Business & Economics",0,0,NA
5922,1,1,"M",0,0,4.22,1000,"Arts & Letters",0,0,NA
5923,6,6,"F",1,0,3.77,1250,"Arts & Letters",0,0,NA
5924,2,1,"F",0,1,3.26,1030,"Business & Economics",0,0,NA
5925,2,2,"M",0,1,3.55,1250,"Math & Science",0,0,NA
5926,3,6,"F",1,0,3.62,1420,"Math & Science",1,1,3.154
5927,4,6,"M",0,1,3.48,1010,"Business & Economics",0,0,NA
5928,7,6,"F",0,0,3.54,1130,"Arts & Letters",0,0,NA
5929,6,5,"F",1,0,3.71,1110,"Arts & Letters",0,0,NA
5930,5,6,"M",1,0,3.85,1090,"Business & Economics",0,0,NA
5931,7,6,"F",1,0,3.92,1130,"Arts & Letters",0,0,NA
5932,7,7,"F",0,0,4.11,1320,"Math & Science",1,0,NA
5933,3,4,"F",1,0,3.8,1100,"Arts & Letters",0,0,NA
5934,4,7,"M",1,0,3.38,1190,"Math & Science",1,0,NA
5935,3,4,"F",0,0,3.96,1040,"Math & Science",0,0,NA
5936,1,1,"M",0,0,3.95,1100,"Arts & Letters",0,0,NA
5937,4,7,"F",1,0,4.3,1400,"Math & Science",1,1,4
5938,3,6,"M",1,0,3.67,1130,"Arts & Letters",0,0,NA
5939,1,1,"F",0,1,4.23,990,"Arts & Letters",1,0,NA
5940,4,6,"F",1,0,3.2,1010,"Math & Science",0,0,NA
5941,4,5,"F",0,0,3.87,1290,"Business & Economics",0,1,2.962
5942,6,6,"F",1,0,3.59,1300,"Business & Economics",0,1,3.111
5943,5,7,"F",0,0,4.09,1190,"Arts & Letters",1,1,3.281
5944,7,3,"F",1,0,4.36,1240,"Math & Science",0,0,NA
5945,5,7,"F",1,0,4.15,1090,"Math & Science",0,0,NA
5946,2,1,"M",0,0,4.08,1070,"Math & Science",1,0,NA
5947,6,7,"F",1,0,3.5,1190,"Math & Science",0,0,NA
5948,4,6,"M",0,1,3.05,1090,"Math & Science",0,0,NA
5949,7,6,"F",0,0,3.95,1470,"Arts & Letters",1,0,NA
5950,6,6,"F",0,0,4.19,1220,"Arts & Letters",1,0,NA
5951,2,4,"F",0,0,3.65,1000,"Math & Science",1,0,NA
5952,6,6,"M",1,0,3.6,1320,"Business & Economics",0,1,3.041
5953,4,4,"F",0,1,4,990,"Arts & Letters",0,0,NA
5954,7,6,"F",1,0,3.86,1200,"Math & Science",0,0,NA
5955,6,6,"F",1,0,3.2,1070,"Arts & Letters",0,0,NA
5956,7,6,"M",0,1,3.77,1250,"Business & Economics",1,0,NA
5957,4,7,"F",1,0,3.09,980,"Arts & Letters",0,0,NA
5958,6,7,"F",1,0,4.04,1390,"Arts & Letters",1,0,NA
5959,7,7,"M",0,0,3.93,1040,"Math & Science",0,0,NA
5960,7,7,"M",1,0,3.35,1270,"Business & Economics",0,0,NA
5961,6,7,"M",1,0,3.42,1360,"Math & Science",0,0,NA
5962,4,3,"F",1,0,3.55,1160,"Math & Science",0,0,NA
5963,7,4,"F",1,0,3.82,1370,"Arts & Letters",1,0,NA
5964,7,7,"F",0,1,3.67,930,"Arts & Letters",0,0,NA
5965,7,7,"F",1,0,4.27,1230,"Arts & Letters",1,1,3.923
5966,5,3,"M",0,0,3.5,1250,"Math & Science",0,0,NA
5967,6,6,"F",0,1,3.48,1130,"Arts & Letters",0,0,NA
5968,7,6,"F",0,0,3.38,1360,"Math & Science",0,0,NA
5969,6,5,"F",1,0,4.14,1130,"Arts & Letters",1,1,3.369
5970,6,6,"F",1,0,3.39,1460,"Math & Science",1,0,NA
5971,7,7,"M",0,0,3.64,1020,"Business & Economics",0,0,NA
5972,6,6,"M",1,0,4.09,1440,"Business & Economics",1,0,NA
5973,7,6,"F",1,0,4,1170,"Arts & Letters",0,1,3.217
5974,6,7,"M",1,0,4.3,1300,"Math & Science",1,1,2.577
5975,6,6,"F",0,1,3.56,1250,"Arts & Letters",0,0,NA
5976,3,6,"M",1,0,3.67,1080,"Arts & Letters",0,0,NA
5977,4,6,"F",1,0,3.26,920,"Arts & Letters",0,0,NA
5978,6,7,"F",0,0,3.12,910,"Arts & Letters",0,0,NA
5979,6,6,"F",0,0,3.54,1270,"Math & Science",0,0,NA
5980,6,6,"F",1,0,3.68,1210,"Arts & Letters",0,0,NA
5981,6,3,"M",1,0,3.95,1250,"Business & Economics",1,1,3.446
5982,3,3,"F",0,0,4.39,1550,"Math & Science",1,0,NA
5983,1,2,"F",0,0,3.67,1120,"Arts & Letters",1,0,NA
5984,7,7,"M",1,0,3.7,1440,"Math & Science",0,0,NA
5985,7,6,"M",1,0,4.15,1190,"Math & Science",1,0,NA
5986,4,4,"F",1,0,4.09,1230,"Math & Science",1,1,3.18
5987,6,4,"F",1,0,3.79,1180,"Arts & Letters",0,0,NA
5988,7,7,"F",0,0,3.41,1140,"Arts & Letters",0,0,NA
5989,6,7,"M",0,1,3.52,1310,"Arts & Letters",1,0,NA
5990,7,7,"M",1,0,3.18,1090,"Arts & Letters",0,0,NA
5991,7,7,"M",1,0,3.82,1280,"Math & Science",0,0,NA
5992,6,6,"F",0,0,3.59,1160,"Arts & Letters",0,0,NA
5993,3,6,"M",1,0,3.42,1060,"Arts & Letters",0,0,NA
5994,6,6,"M",0,0,3.33,900,"Arts & Letters",0,0,NA
5995,3,3,"M",0,0,3.95,780,"Arts & Letters",0,0,NA
5996,3,2,"F",0,0,3.35,1100,"Math & Science",0,0,NA
5997,6,6,"M",1,0,3.54,1180,"Arts & Letters",0,0,NA
5998,7,7,"F",1,0,3.5,1250,"Arts & Letters",0,1,2.935
5999,3,6,"M",0,0,3.08,1110,"Business & Economics",0,0,NA
6000,7,6,"F",1,0,4.1,1400,"Arts & Letters",1,1,3.841
6001,6,6,"F",1,0,3.41,980,"Math & Science",0,0,NA
6002,7,6,"F",0,1,4.23,1430,"Math & Science",1,0,NA
6003,6,7,"F",1,0,2.86,1170,"Arts & Letters",1,0,NA
6004,5,3,"F",0,1,3.18,1080,"Math & Science",0,0,NA
6005,6,7,"M",1,0,3.69,950,"Business & Economics",0,0,NA
6006,6,4,"F",1,0,3.88,1220,"Math & Science",0,0,NA
6007,7,6,"M",0,0,3.18,980,"Math & Science",0,0,NA
6008,4,6,"M",0,0,3.75,1310,"Math & Science",0,0,NA
6009,6,4,"M",1,0,3.05,860,"Business & Economics",0,0,NA
6010,5,3,"M",1,0,2.89,1090,"Arts & Letters",0,0,NA
6011,6,6,"F",1,0,3.68,1300,"Arts & Letters",0,0,NA
6012,3,4,"F",1,0,2.86,1010,"Business & Economics",0,0,NA
6013,4,7,"M",1,0,3.14,1340,"Business & Economics",0,0,NA
6014,7,7,"M",1,0,4,1310,"Math & Science",1,0,NA
6015,6,6,"F",1,0,3.83,1270,"Business & Economics",0,0,NA
6016,7,7,"F",1,0,3.67,1250,"Business & Economics",1,0,NA
6017,6,6,"F",1,0,3.83,1340,"Arts & Letters",1,1,3.346
6018,6,5,"F",1,0,3.23,1300,"Math & Science",0,0,NA
6019,6,7,"F",1,0,4.23,1520,"Math & Science",1,0,NA
6020,4,6,"F",1,0,3.95,1200,"Arts & Letters",0,0,NA
6021,6,6,"M",0,1,3.9,1390,"Math & Science",1,0,NA
6022,6,7,"F",1,0,4.04,1420,"Math & Science",1,0,NA
6023,6,6,"F",1,0,3.45,1210,"Arts & Letters",0,0,NA
6024,7,5,"F",1,0,3.54,1080,"Arts & Letters",0,0,NA
6025,6,4,"M",1,0,3.35,1000,"Business & Economics",0,0,NA
6026,6,7,"F",0,0,4.14,1380,"Math & Science",1,0,NA
6027,4,6,"M",1,0,3.55,1210,"Business & Economics",0,0,NA
6028,4,6,"F",1,0,2.88,1170,"Math & Science",0,0,NA
6029,5,2,"F",0,1,3.68,1130,"Arts & Letters",1,0,NA
6030,3,5,"F",0,0,3.9,1050,"Business & Economics",0,0,NA
6031,4,6,"F",0,1,3.9,1060,"Business & Economics",0,0,NA
6032,7,5,"M",1,0,3.55,1030,"Math & Science",0,0,NA
6033,6,4,"F",1,0,3.36,960,"Arts & Letters",0,0,NA
6034,3,6,"F",1,0,3.96,1180,"Arts & Letters",0,0,NA
6035,4,4,"F",0,0,3.52,980,"Arts & Letters",0,0,NA
6036,5,7,"M",0,1,3.75,1090,"Math & Science",1,1,3.043
6037,7,7,"M",0,0,3.48,1550,"Math & Science",1,1,3.092
6038,6,6,"F",0,1,3.96,1320,"Arts & Letters",0,0,NA
6039,6,7,"F",0,0,3.77,1340,"Arts & Letters",0,0,NA
6040,6,4,"F",1,0,3.43,1430,"Arts & Letters",0,0,NA
6041,6,7,"F",1,0,3.59,1150,"Arts & Letters",0,0,NA
6042,4,5,"M",0,0,2.88,960,"Business & Economics",0,0,NA
6043,7,6,"F",1,0,3.68,1230,"Arts & Letters",0,0,NA
6044,4,5,"F",1,0,2.2,1040,"Math & Science",0,0,NA
6045,3,3,"F",1,0,4.23,1400,"Arts & Letters",0,0,NA
6046,7,6,"F",0,1,4.08,1410,"Business & Economics",1,1,3.659
6047,6,6,"F",1,0,3.86,1170,"Arts & Letters",0,0,NA
6048,6,7,"F",0,1,4,1530,"Math & Science",1,0,NA
6049,7,4,"M",1,0,4.27,1100,"Business & Economics",0,0,NA
6050,7,6,"M",0,0,2.29,940,"Math & Science",0,0,NA
6051,6,7,"F",1,0,3.88,1150,"Arts & Letters",0,0,NA
6052,3,1,"F",0,0,3.5,900,"Arts & Letters",0,0,NA
6053,2,7,"M",1,0,2.9,1140,"Math & Science",0,0,NA
6054,4,6,"M",1,0,3.64,1170,"Business & Economics",0,0,NA
6055,3,3,"F",1,0,3.7,1190,"Arts & Letters",0,0,NA
6056,6,6,"M",1,0,3.41,1280,"Math & Science",0,0,NA
6057,7,6,"M",0,0,3.55,1510,"Arts & Letters",0,0,NA
6058,7,7,"M",1,0,3.41,1140,"Math & Science",0,0,NA
6059,6,7,"F",1,0,2.64,1060,"Arts & Letters",0,0,NA
6060,4,4,"M",0,0,2.85,1010,"Arts & Letters",0,0,NA
6061,6,7,"F",1,0,4.17,1230,"Math & Science",0,0,NA
6062,6,6,"M",1,0,3.05,1290,"Business & Economics",1,1,2.074
6063,2,2,"F",0,0,4.27,1390,"Math & Science",1,0,NA
6064,4,4,"M",0,1,2.4,920,"Math & Science",0,0,NA
6065,6,6,"F",0,0,3.82,1150,"Business & Economics",0,0,NA
6066,2,2,"F",0,0,3,970,"Arts & Letters",0,0,NA
6067,4,4,"F",1,0,4.12,1080,"Business & Economics",0,0,NA
6068,4,4,"M",0,0,2.76,830,"Math & Science",0,0,NA
6069,1,1,"F",0,0,4,950,"Arts & Letters",0,0,NA
6070,6,6,"F",1,0,4.36,1190,"Math & Science",1,1,3.666
6071,5,7,"F",1,0,4.17,1330,"Arts & Letters",0,1,3.122
6072,7,7,"M",1,0,3.65,1220,"Arts & Letters",0,0,NA
6073,6,6,"F",0,1,3.52,1330,"Math & Science",0,0,NA
6074,7,4,"F",1,0,3.52,1390,"Math & Science",1,1,3.39
6075,6,5,"F",1,0,3.83,1020,"Arts & Letters",0,0,NA
6076,6,4,"F",1,0,4.15,1310,"Math & Science",1,0,NA
6077,4,5,"M",0,0,3.95,1060,"Arts & Letters",0,0,NA
6078,2,2,"F",1,0,3,740,"Math & Science",0,0,NA
6079,7,6,"M",0,0,3.5,1100,"Arts & Letters",0,0,NA
6080,7,6,"M",1,0,4.28,1390,"Business & Economics",1,0,NA
6081,6,6,"F",1,0,3.85,1100,"Math & Science",0,0,NA
6082,6,6,"F",1,0,2.6,780,"Arts & Letters",0,0,NA
6083,7,7,"F",1,0,3.25,1210,"Math & Science",0,0,NA
6084,3,3,"M",1,0,3.38,1310,"Math & Science",0,0,NA
6085,6,6,"F",0,1,3.27,1200,"Business & Economics",0,0,NA
6086,6,6,"F",1,0,3.91,1350,"Math & Science",1,0,NA
6087,7,7,"F",1,0,3.54,1150,"Arts & Letters",0,0,NA
6088,7,4,"F",1,0,3.7,1080,"Business & Economics",0,0,NA
6089,3,3,"M",1,0,3.62,1300,"Arts & Letters",0,0,NA
6090,3,5,"F",1,0,3.5,900,"Math & Science",0,0,NA
6091,2,5,"F",0,1,3.62,1090,"Arts & Letters",0,0,NA
6092,6,4,"F",1,0,3.22,1190,"Arts & Letters",0,0,NA
6093,7,7,"F",0,1,3.48,1270,"Business & Economics",0,0,NA
6094,7,6,"F",1,0,3.62,1130,"Math & Science",1,1,2.605
6095,6,6,"M",1,0,3.62,1380,"Business & Economics",1,0,NA
6096,7,7,"F",1,0,4.18,1330,"Math & Science",1,0,NA
6097,6,4,"M",0,1,3.71,1360,"Math & Science",1,0,NA
6098,6,6,"F",1,0,3.75,1150,"Arts & Letters",1,0,NA
6099,6,6,"F",1,0,3.75,1230,"Math & Science",0,0,NA
6100,7,7,"F",0,0,3.45,1040,"Math & Science",0,0,NA
6101,7,4,"F",1,0,4.15,1420,"Arts & Letters",1,0,NA
6102,4,5,"F",1,0,3.27,1030,"Math & Science",0,0,NA
6103,5,3,"F",0,0,2.5,990,"Arts & Letters",0,0,NA
6104,4,4,"F",0,0,2.44,840,"Arts & Letters",0,0,NA
6105,4,4,"F",1,0,3.96,1410,"Arts & Letters",1,1,2.823
6106,6,6,"F",1,0,3.25,920,"Arts & Letters",0,0,NA
6107,6,6,"F",0,1,4,1340,"Arts & Letters",1,0,NA
6108,6,7,"M",0,0,3.9,1250,"Math & Science",1,1,2.849
6109,7,7,"M",1,0,3.14,970,"Arts & Letters",0,0,NA
6110,7,6,"M",1,0,3.95,1240,"Math & Science",0,0,NA
6111,6,7,"M",1,0,3.6,1220,"Arts & Letters",0,0,NA
6112,5,7,"F",0,1,3.73,1280,"Arts & Letters",0,0,NA
6113,6,4,"F",0,0,3.28,1030,"Math & Science",0,0,NA
6114,6,4,"F",1,0,4.14,1480,"Math & Science",1,0,NA
6115,6,7,"F",0,0,3.5,1110,"Math & Science",0,0,NA
6116,6,4,"F",0,1,3.79,1380,"Business & Economics",1,0,NA
6117,7,7,"F",1,0,3.95,1170,"Math & Science",0,0,NA
6118,6,3,"F",0,0,4.32,1440,"Arts & Letters",0,0,NA
6119,7,7,"F",1,0,3.91,1290,"Arts & Letters",1,1,3.343
6120,6,6,"M",1,0,3.07,1240,"Arts & Letters",0,0,NA
6121,7,6,"M",0,0,4.05,1150,"Math & Science",0,0,NA
6122,7,6,"F",0,1,2.24,990,"Business & Economics",0,0,NA
6123,7,6,"F",1,0,4.2,1360,"Math & Science",1,0,NA
6124,4,4,"F",1,0,3.8,960,"Arts & Letters",0,0,NA
6125,4,6,"F",0,0,3.78,1120,"Math & Science",0,0,NA
6126,6,6,"M",0,0,3.45,1180,"Business & Economics",0,0,NA
6127,7,7,"M",1,0,4,1350,"Business & Economics",1,0,NA
6128,7,6,"F",1,0,3.09,1030,"Arts & Letters",0,0,NA
6129,6,6,"M",0,1,4.18,1390,"Business & Economics",1,0,NA
6130,6,7,"M",1,0,3.12,1030,"Math & Science",0,0,NA
6131,5,7,"F",0,0,2.85,940,"Arts & Letters",0,0,NA
6132,4,5,"F",0,0,3.53,980,"Arts & Letters",0,0,NA
6133,4,3,"F",1,0,3.8,1050,"Math & Science",0,0,NA
6134,6,6,"M",1,0,3.48,1250,"Arts & Letters",0,0,NA
6135,2,3,"F",1,0,3.5,810,"Arts & Letters",0,0,NA
6136,6,4,"F",1,0,3.55,940,"Arts & Letters",0,0,NA
6137,3,6,"F",0,0,3.83,1130,"Arts & Letters",0,0,NA
6138,4,4,"M",1,0,3,1090,"Business & Economics",0,0,NA
6139,5,3,"M",0,0,2.95,1030,"Business & Economics",0,0,NA
6140,3,7,"M",1,0,4.08,1310,"Math & Science",0,0,NA
6141,7,6,"M",0,1,3,920,"Arts & Letters",0,0,NA
6142,6,6,"M",0,0,3.57,1000,"Arts & Letters",0,1,2.9
6143,6,3,"F",1,0,3.9,1220,"Arts & Letters",1,1,3.618
6144,2,2,"F",0,0,3.76,710,"Business & Economics",0,0,NA
6145,5,4,"F",1,0,3.5,1100,"Arts & Letters",0,0,NA
6146,7,6,"F",1,0,3.57,1130,"Math & Science",1,0,NA
6147,3,4,"F",1,0,3.19,900,"Arts & Letters",0,0,NA
6148,7,5,"M",1,0,3,1390,"Business & Economics",0,0,NA
6149,1,3,"M",0,0,3.79,1120,"Math & Science",0,0,NA
6150,7,7,"F",0,0,3.41,1360,"Arts & Letters",0,0,NA
6151,1,1,"F",0,1,4,1330,"Business & Economics",1,0,NA
6152,7,7,"F",1,0,4.33,1320,"Math & Science",0,0,NA
6153,1,1,"F",0,0,4.08,790,"Business & Economics",0,0,NA
6154,3,4,"M",1,0,3.05,990,"Arts & Letters",0,0,NA
6155,7,6,"F",1,0,4.2,1250,"Math & Science",1,0,NA
6156,3,3,"F",0,1,3.33,740,"Business & Economics",0,0,NA
6157,1,1,"M",0,1,3.4,740,"Business & Economics",0,0,NA
6158,4,3,"F",1,0,2.93,1070,"Math & Science",0,0,NA
6159,6,6,"F",0,0,3,1170,"Business & Economics",0,0,NA
6160,4,4,"M",1,0,2.87,1140,"Arts & Letters",0,0,NA
6161,6,6,"M",1,0,4.35,1550,"Math & Science",1,0,NA
6162,2,2,"M",0,1,3.5,930,"Arts & Letters",1,0,NA
6163,3,6,"M",0,0,3.25,1150,"Math & Science",0,0,NA
6164,1,1,"M",0,0,4.36,1210,"Math & Science",1,0,NA
6165,7,6,"F",1,0,3.4,1140,"Business & Economics",0,0,NA
6166,4,3,"F",0,0,2.33,930,"Math & Science",0,0,NA
6167,3,3,"F",1,0,2.56,940,"Arts & Letters",0,0,NA
6168,7,4,"M",1,0,3.82,1270,"Arts & Letters",0,0,NA
6169,7,4,"F",0,0,2.7,810,"Business & Economics",0,0,NA
6170,7,6,"F",1,0,4,1420,"Arts & Letters",1,0,NA
6171,7,7,"F",1,0,3.36,1110,"Arts & Letters",0,0,NA
6172,4,4,"M",0,0,2.75,1020,"Business & Economics",0,0,NA
6173,4,6,"F",0,0,3.85,1200,"Arts & Letters",0,0,NA
6174,5,6,"F",0,1,3.8,1060,"Business & Economics",0,0,NA
6175,3,3,"M",0,1,2.57,1110,"Arts & Letters",0,0,NA
6176,7,6,"M",1,0,4.05,1240,"Business & Economics",1,0,NA
6177,4,4,"F",1,0,3.1,1180,"Business & Economics",0,0,NA
6178,7,6,"F",0,0,3.95,1070,"Math & Science",0,0,NA
6179,4,7,"M",1,0,3.55,1140,"Business & Economics",0,0,NA
6180,5,5,"F",0,0,2.88,1200,"Business & Economics",0,0,NA
6181,2,3,"F",0,0,3.32,970,"Math & Science",0,0,NA
6182,7,6,"M",1,0,3.79,1240,"Math & Science",0,0,NA
6183,7,6,"M",0,0,3.07,1100,"Math & Science",0,0,NA
6184,6,6,"M",0,0,3.68,1040,"Business & Economics",1,0,NA
6185,2,3,"F",0,0,3.55,810,"Arts & Letters",0,0,NA
6186,7,6,"F",1,0,3.11,1140,"Business & Economics",0,0,NA
6187,6,7,"F",1,0,3.86,1250,"Arts & Letters",0,0,NA
6188,7,3,"F",0,0,3.57,1070,"Arts & Letters",0,0,NA
6189,6,6,"F",1,0,4.22,1520,"Business & Economics",1,0,NA
6190,3,3,"F",0,1,3.96,1190,"Math & Science",1,0,NA
6191,4,4,"F",0,0,2.8,1210,"Math & Science",0,0,NA
6192,6,4,"F",1,0,3.09,1110,"Math & Science",0,0,NA
6193,7,7,"M",1,0,3.76,1340,"Arts & Letters",1,0,NA
6194,2,4,"F",1,0,3.19,1190,"Arts & Letters",0,0,NA
6195,6,6,"F",0,0,4.21,1140,"Arts & Letters",1,0,NA
6196,3,3,"M",0,0,3.32,1160,"Business & Economics",0,0,NA
6197,7,7,"F",0,1,3.87,1540,"Arts & Letters",0,0,NA
6198,6,7,"M",1,0,3.31,1210,"Arts & Letters",1,1,3.028
6199,5,5,"F",1,0,3.81,1100,"Arts & Letters",0,0,NA
6200,6,5,"F",1,0,4.05,1310,"Math & Science",1,0,NA
6201,5,5,"M",1,0,4.04,1390,"Math & Science",1,0,NA
6202,7,4,"F",0,1,3.08,1170,"Math & Science",0,0,NA
6203,6,6,"M",1,0,4.08,1170,"Math & Science",1,0,NA
6204,4,3,"F",0,0,3.57,1190,"Arts & Letters",0,0,NA
6205,4,7,"F",1,0,3.57,1070,"Arts & Letters",0,0,NA
6206,4,3,"M",0,0,3.3,1100,"Math & Science",0,0,NA
6207,4,4,"F",1,0,3,1140,"Arts & Letters",0,0,NA
6208,6,6,"F",0,0,3.5,1100,"Math & Science",1,1,3.012
6209,3,3,"F",1,0,3.33,1110,"Math & Science",0,0,NA
6210,3,6,"F",0,0,3.33,1150,"Math & Science",0,0,NA
6211,4,7,"F",1,0,3.86,1180,"Arts & Letters",0,0,NA
6212,6,2,"M",0,0,3.55,1010,"Math & Science",1,1,2.206
6213,7,5,"M",1,0,3.88,1240,"Arts & Letters",1,0,NA
6214,4,6,"F",1,0,3.75,1070,"Arts & Letters",0,1,3.018
6215,4,4,"M",1,0,4.05,1000,"Business & Economics",0,0,NA
6216,7,6,"F",1,0,3.04,1090,"Math & Science",0,0,NA
6217,3,6,"F",1,0,3.89,1380,"Arts & Letters",0,0,NA
6218,7,7,"M",0,1,4.04,1530,"Business & Economics",1,0,NA
6219,6,6,"F",1,0,3.43,1270,"Arts & Letters",0,0,NA
6220,6,6,"F",0,0,4,1210,"Business & Economics",0,0,NA
6221,4,4,"F",0,1,3.79,1150,"Math & Science",0,0,NA
6222,3,3,"F",0,1,3.22,810,"Math & Science",0,0,NA
6223,6,5,"M",1,0,2.85,990,"Arts & Letters",0,0,NA
6224,6,7,"F",1,0,3.75,1170,"Arts & Letters",0,0,NA
6225,3,3,"M",0,0,3.97,1240,"Math & Science",1,0,NA
6226,3,6,"M",1,0,3.16,980,"Math & Science",0,0,NA
6227,6,6,"F",1,0,3.71,1260,"Arts & Letters",1,1,2.998
6228,6,6,"M",1,0,4.15,1430,"Business & Economics",0,0,NA
6229,7,3,"M",1,0,3.65,1240,"Math & Science",0,0,NA
6230,6,6,"F",0,0,3.96,1270,"Arts & Letters",1,0,NA
6231,6,6,"F",1,0,4.06,1250,"Business & Economics",1,1,3.215
6232,3,5,"M",0,0,3.46,1100,"Math & Science",0,0,NA
6233,6,7,"F",1,0,4.25,1250,"Math & Science",0,0,NA
6234,6,6,"M",0,0,3.75,1290,"Arts & Letters",0,1,2.743
6235,6,6,"F",1,0,3.92,1210,"Business & Economics",0,0,NA
6236,5,5,"F",0,0,3.41,1150,"Arts & Letters",0,0,NA
6237,7,5,"M",1,0,4.09,1280,"Business & Economics",0,0,NA
6238,6,5,"F",1,0,3.5,1250,"Math & Science",1,1,3.534
6239,7,6,"F",1,0,4.23,1550,"Arts & Letters",1,0,NA
6240,3,3,"F",1,0,3.31,1150,"Arts & Letters",0,0,NA
6241,7,5,"F",0,0,2.75,1140,"Business & Economics",0,0,NA
6242,3,3,"M",0,0,3.45,1230,"Arts & Letters",0,0,NA
6243,3,6,"F",0,0,4.15,1030,"Math & Science",1,0,NA
6244,6,6,"M",1,0,3.68,1270,"Arts & Letters",1,1,3.502
6245,6,2,"M",0,0,3.86,1280,"Math & Science",1,0,NA
6246,6,6,"F",0,1,3.61,1140,"Math & Science",0,0,NA
6247,6,7,"M",1,0,2.73,1200,"Business & Economics",0,0,NA
6248,7,3,"F",0,0,3.59,1270,"Math & Science",0,0,NA
6249,7,7,"F",1,0,3.72,1080,"Math & Science",0,0,NA
6250,6,7,"F",0,0,3.15,1080,"Math & Science",0,0,NA
6251,3,3,"M",1,0,2.79,1010,"Math & Science",0,0,NA
6252,5,6,"F",1,0,3.7,1330,"Math & Science",0,0,NA
6253,3,5,"F",1,0,3.75,930,"Math & Science",0,0,NA
6254,6,4,"F",0,0,3.86,1330,"Math & Science",0,1,2.811
6255,5,2,"M",0,1,3.72,1050,"Arts & Letters",0,0,NA
6256,5,4,"F",1,0,2.75,940,"Business & Economics",0,0,NA
6257,6,6,"F",1,0,3.62,1270,"Arts & Letters",1,0,NA
6258,6,7,"F",1,0,4.09,1050,"Arts & Letters",1,0,NA
6259,6,5,"F",1,0,3,1130,"Math & Science",0,0,NA
6260,5,4,"M",0,0,3.3,990,"Arts & Letters",0,0,NA
6261,7,6,"F",0,1,4.14,1290,"Business & Economics",1,0,NA
6262,2,2,"F",0,1,3.46,1110,"Business & Economics",1,1,3.055
6263,6,5,"F",0,0,3.82,930,"Math & Science",0,0,NA
6264,6,4,"F",1,0,3.88,1160,"Business & Economics",0,0,NA
6265,5,6,"F",0,0,3.32,1200,"Arts & Letters",0,0,NA
6266,1,3,"M",0,0,3.35,910,"Business & Economics",0,0,NA
6267,7,6,"M",0,1,3.42,1170,"Math & Science",1,0,NA
6268,7,7,"F",0,1,3.82,1320,"Business & Economics",1,0,NA
6269,6,6,"M",0,1,3.37,1100,"Business & Economics",0,0,NA
6270,2,6,"F",0,0,3,1070,"Math & Science",0,0,NA
6271,1,1,"F",0,0,3.95,910,"Arts & Letters",0,0,NA
6272,6,6,"F",1,0,3.75,1130,"Arts & Letters",0,0,NA
6273,3,3,"F",1,0,3.5,1150,"Math & Science",0,0,NA
6274,1,1,"F",0,0,3.67,1060,"Arts & Letters",1,0,NA
6275,1,1,"F",0,0,3.85,930,"Business & Economics",0,0,NA
6276,7,6,"M",1,0,3.64,1020,"Math & Science",0,0,NA
6277,4,6,"M",1,0,3.29,1200,"Arts & Letters",1,1,2.755
6278,7,6,"M",0,0,3.18,1230,"Arts & Letters",0,0,NA
6279,3,1,"M",0,1,3.36,660,"Math & Science",0,0,NA
6280,7,7,"M",0,1,3.32,1100,"Business & Economics",0,0,NA
6281,6,6,"M",1,0,3.3,1160,"Math & Science",0,0,NA
6282,6,6,"F",0,1,4.44,1230,"Math & Science",1,0,NA
6283,6,3,"F",0,1,3.5,1100,"Arts & Letters",0,0,NA
6284,6,3,"F",0,0,2.94,870,"Business & Economics",0,0,NA
6285,1,1,"F",0,0,2.36,730,"Math & Science",0,0,NA
6286,1,1,"F",0,0,3.07,830,"Arts & Letters",0,0,NA
6287,6,3,"F",1,0,3.95,1080,"Arts & Letters",0,0,NA
6288,6,5,"F",0,0,3.05,940,"Math & Science",0,0,NA
6289,6,7,"F",1,0,2.85,1010,"Math & Science",0,0,NA
6290,3,3,"M",0,0,2.85,820,"Arts & Letters",0,0,NA
6291,6,6,"M",1,0,3.25,1080,"Business & Economics",0,0,NA
6292,4,6,"F",1,0,3.92,1330,"Math & Science",1,0,NA
6293,5,6,"F",0,0,4.1,1190,"Business & Economics",1,1,3.144
6294,7,7,"M",1,0,3.78,1330,"Business & Economics",1,0,NA
6295,5,5,"F",1,0,3.4,1040,"Arts & Letters",0,0,NA
6296,4,4,"M",1,0,3.09,1010,"Business & Economics",0,0,NA
6297,6,6,"F",1,0,3.86,1220,"Math & Science",0,0,NA
6298,6,5,"M",1,0,3.95,1110,"Arts & Letters",0,0,NA
6299,3,3,"F",1,0,3.95,1210,"Arts & Letters",0,0,NA
6300,7,7,"F",0,0,3.62,1170,"Business & Economics",0,0,NA
6301,7,7,"M",1,0,2.79,1270,"Math & Science",0,0,NA
6302,6,5,"M",1,0,3.43,1120,"Business & Economics",0,0,NA
6303,3,4,"F",1,0,3.52,970,"Arts & Letters",0,0,NA
6304,4,2,"F",0,1,4.09,1110,"Business & Economics",1,0,NA
6305,4,7,"F",1,0,3.15,1160,"Arts & Letters",0,0,NA
6306,3,3,"M",1,0,2.89,850,"Business & Economics",0,0,NA
6307,7,7,"F",0,1,3.45,1020,"Arts & Letters",0,0,NA
6308,2,2,"M",0,0,4.11,820,"Math & Science",0,0,NA
6309,3,3,"F",1,0,2.77,1010,"Math & Science",0,0,NA
6310,2,5,"F",1,0,3.9,850,"Arts & Letters",0,0,NA
6311,4,6,"F",1,0,4.15,1440,"Math & Science",1,0,NA
6312,3,3,"M",0,0,3.12,990,"Business & Economics",1,0,NA
6313,6,6,"F",0,1,3.14,1090,"Arts & Letters",0,0,NA
6314,6,4,"F",1,0,3.06,1070,"Business & Economics",0,0,NA
6315,4,6,"F",1,0,3.95,1300,"Arts & Letters",0,0,NA
6316,7,2,"F",1,0,3.53,1250,"Math & Science",0,0,NA
6317,7,7,"F",1,0,3.96,1100,"Arts & Letters",1,1,3.548
6318,7,7,"F",1,0,3.82,1260,"Business & Economics",1,1,2.524
6319,6,6,"F",1,0,4.05,1440,"Arts & Letters",1,0,NA
6320,7,7,"M",0,0,3.4,1130,"Arts & Letters",0,0,NA
6321,6,5,"M",1,0,3.82,1130,"Business & Economics",0,0,NA
6322,7,6,"F",0,0,3.91,1250,"Arts & Letters",0,0,NA
6323,1,1,"F",0,1,4.15,1000,"Arts & Letters",1,0,NA
6324,6,6,"F",1,0,3.83,1150,"Arts & Letters",0,0,NA
6325,6,6,"M",0,1,3.45,1250,"Arts & Letters",0,0,NA
6326,7,6,"M",0,0,3.1,830,"Math & Science",0,0,NA
6327,5,3,"F",0,0,3.35,860,"Arts & Letters",0,0,NA
6328,4,3,"M",0,0,4,1150,"Business & Economics",1,1,3.698
6329,3,6,"M",0,0,2.36,1060,"Arts & Letters",0,0,NA
6330,1,1,"F",0,0,2.83,650,"Arts & Letters",0,0,NA
6331,7,7,"F",1,0,4.13,1350,"Math & Science",1,0,NA
6332,4,4,"F",1,0,3.16,910,"Arts & Letters",0,0,NA
6333,4,3,"F",0,0,4.04,1280,"Math & Science",1,0,NA
6334,6,6,"F",0,0,2.83,880,"Arts & Letters",0,0,NA
6335,1,1,"F",0,0,4,760,"Arts & Letters",0,0,NA
6336,4,5,"F",0,1,4.18,1270,"Math & Science",1,1,3.236
6337,1,1,"F",0,1,3.36,990,"Math & Science",0,0,NA
6338,6,6,"F",1,0,3.73,1160,"Arts & Letters",0,0,NA
6339,7,7,"F",1,0,3.55,1080,"Business & Economics",0,0,NA
6340,7,6,"F",0,0,3.83,1310,"Business & Economics",1,0,NA
6341,6,6,"M",1,0,3.11,1190,"Business & Economics",0,0,NA
6342,6,4,"F",1,0,3.73,1090,"Math & Science",0,0,NA
6343,1,1,"F",0,0,0,880,"Business & Economics",0,0,NA
6344,6,3,"F",1,0,3.5,1100,"Math & Science",0,0,NA
6345,2,2,"F",0,1,3.5,980,"Arts & Letters",0,0,NA
6346,7,6,"F",1,0,3.73,1300,"Business & Economics",1,0,NA
6347,4,6,"M",0,0,2.64,1010,"Business & Economics",0,0,NA
6348,4,4,"F",1,0,3.68,1070,"Business & Economics",1,0,NA
6349,7,6,"F",1,0,3.59,1270,"Arts & Letters",0,0,NA
6350,7,6,"M",0,1,3.42,1160,"Arts & Letters",1,0,NA
6351,7,4,"M",0,0,3.55,1260,"Math & Science",0,0,NA
6352,7,6,"M",0,1,3.14,1190,"Math & Science",0,0,NA
6353,7,7,"M",1,0,3.7,1110,"Math & Science",0,0,NA
6354,7,7,"F",0,0,2.86,1050,"Arts & Letters",0,0,NA
6355,6,7,"F",1,0,3.7,1170,"Arts & Letters",0,0,NA
6356,6,6,"M",1,0,3.75,1440,"Math & Science",1,0,NA
6357,2,4,"F",0,0,3.44,1130,"Arts & Letters",1,0,NA
6358,6,7,"M",1,0,3.59,1290,"Math & Science",1,1,2.373
6359,4,3,"M",0,0,2.86,1090,"Business & Economics",0,0,NA
6360,4,4,"F",0,1,3.5,1180,"Arts & Letters",1,0,NA
6361,2,2,"M",0,0,3.62,950,"Arts & Letters",1,0,NA
6362,6,6,"F",1,0,4,1210,"Math & Science",0,0,NA
6363,7,3,"F",0,0,3.68,1030,"Math & Science",0,0,NA
6364,6,6,"F",1,0,2.93,1190,"Business & Economics",0,0,NA
6365,4,3,"F",0,0,3.59,1040,"Arts & Letters",0,0,NA
6366,5,4,"F",0,0,3.78,1160,"Math & Science",0,0,NA
6367,4,4,"F",1,0,2.89,980,"Math & Science",0,0,NA
6368,2,2,"F",0,0,3.35,610,"Arts & Letters",0,0,NA
6369,6,5,"M",1,0,3.5,1330,"Arts & Letters",0,1,3.421
6370,7,7,"M",0,0,3.8,1140,"Business & Economics",0,0,NA
6371,3,4,"F",0,0,3.5,1150,"Math & Science",0,0,NA
6372,4,5,"F",1,0,3.88,1140,"Math & Science",1,0,NA
6373,6,6,"M",1,0,3.9,1080,"Business & Economics",0,0,NA
6374,7,7,"M",1,0,3.64,1280,"Business & Economics",0,0,NA
6375,4,4,"M",1,0,3.35,1260,"Arts & Letters",0,0,NA
6376,4,4,"F",1,0,3.18,1110,"Math & Science",0,0,NA
6377,6,4,"M",1,0,3.62,1340,"Business & Economics",1,0,NA
6378,6,7,"F",1,0,3.72,1290,"Arts & Letters",0,0,NA
6379,7,7,"F",1,0,3.96,1050,"Math & Science",0,0,NA
6380,6,3,"F",0,1,4,1200,"Math & Science",1,0,NA
6381,7,6,"F",1,0,4.05,1130,"Math & Science",0,0,NA
6382,6,7,"M",0,0,3.81,1170,"Business & Economics",0,0,NA
6383,3,7,"F",0,0,3.39,1380,"Arts & Letters",0,0,NA
6384,4,6,"M",0,0,2.81,1130,"Arts & Letters",0,0,NA
6385,6,6,"M",1,0,3.75,1210,"Business & Economics",1,0,NA
6386,3,5,"M",1,0,2.8,1010,"Arts & Letters",0,0,NA
6387,7,7,"F",1,0,3.62,1050,"Math & Science",0,0,NA
6388,6,4,"F",0,0,3.88,1380,"Math & Science",1,0,NA
6389,6,6,"M",0,0,3.67,1410,"Math & Science",0,0,NA
6390,1,1,"M",0,1,2.64,720,"Arts & Letters",0,0,NA
6391,4,5,"M",1,0,3.67,1250,"Business & Economics",0,0,NA
6392,3,3,"F",1,0,2.67,960,"Arts & Letters",0,0,NA
6393,3,5,"M",0,0,3.56,1450,"Math & Science",0,0,NA
6394,7,3,"M",0,1,3.68,1370,"Business & Economics",1,0,NA
6395,7,7,"F",1,0,3.9,1370,"Arts & Letters",1,0,NA
6396,7,6,"F",1,0,3.65,1290,"Arts & Letters",1,1,3.107
6397,4,7,"F",1,0,3.47,1200,"Arts & Letters",0,0,NA
6398,5,7,"M",1,0,4.2,1260,"Math & Science",1,0,NA
6399,7,6,"F",1,0,4,1240,"Math & Science",0,1,3.917
6400,6,6,"F",1,0,3.9,1050,"Math & Science",0,1,2.95
6401,3,4,"M",0,0,4.19,1300,"Math & Science",1,0,NA
6402,4,6,"F",1,0,3.77,1370,"Arts & Letters",0,0,NA
6403,7,7,"M",0,1,3,1100,"Arts & Letters",0,0,NA
6404,6,6,"M",1,0,3.59,1040,"Business & Economics",0,0,NA
6405,6,6,"M",0,0,3.55,950,"Business & Economics",0,0,NA
6406,6,3,"F",0,0,3.42,1060,"Business & Economics",0,0,NA
6407,7,7,"F",0,1,3.27,1110,"Math & Science",0,0,NA
6408,6,6,"F",1,0,3.68,1080,"Arts & Letters",1,0,NA
6409,3,3,"M",0,0,4.05,1020,"Math & Science",1,0,NA
6410,2,1,"M",0,0,3,660,"Business & Economics",0,0,NA
6411,4,4,"M",0,1,3.35,1110,"Arts & Letters",0,0,NA
6412,4,7,"F",1,0,3.12,930,"Math & Science",0,0,NA
6413,6,4,"F",0,0,3.26,920,"Business & Economics",0,0,NA
6414,4,1,"M",0,1,3.73,980,"Math & Science",0,0,NA
6415,3,5,"F",1,0,2.96,1150,"Arts & Letters",0,0,NA
6416,1,1,"F",0,0,2.88,950,"Arts & Letters",0,0,NA
6417,1,4,"M",0,1,4.29,1350,"Math & Science",1,0,NA
6418,7,7,"F",0,0,4.05,1150,"Business & Economics",0,0,NA
6419,1,1,"M",0,0,3.21,1020,"Math & Science",0,0,NA
6420,2,3,"M",0,0,3.16,920,"Math & Science",0,0,NA
6421,5,5,"F",1,0,2.8,770,"Math & Science",0,0,NA
6422,1,1,"F",0,0,4.15,920,"Math & Science",1,0,NA
6423,2,2,"M",0,0,3.4,790,"Arts & Letters",0,0,NA
6424,1,1,"F",0,0,3.83,940,"Business & Economics",0,0,NA
6425,6,3,"F",0,0,3.29,1360,"Arts & Letters",0,0,NA
6426,2,5,"F",0,0,3.6,730,"Arts & Letters",0,0,NA
6427,1,1,"F",0,0,3.14,710,"Arts & Letters",0,0,NA
6428,6,6,"F",0,0,3.42,1120,"Arts & Letters",0,0,NA
6429,6,6,"M",1,0,3.73,1360,"Math & Science",1,0,NA
6430,6,6,"F",1,0,4.22,1320,"Arts & Letters",1,1,3.788
6431,6,6,"F",0,1,3.43,1450,"Business & Economics",1,1,3.64
6432,3,5,"F",1,0,3.92,1010,"Business & Economics",0,0,NA
6433,3,4,"F",0,0,3.58,1240,"Arts & Letters",1,1,3.181
6434,2,3,"F",0,1,2.75,980,"Arts & Letters",0,0,NA
6435,6,5,"F",1,0,3.12,1100,"Math & Science",0,0,NA
6436,6,7,"M",1,0,4.04,1330,"Arts & Letters",0,1,3.501
6437,6,3,"M",1,0,3.33,940,"Arts & Letters",0,0,NA
6438,4,6,"F",1,0,3.25,990,"Arts & Letters",0,0,NA
6439,6,6,"M",1,0,3.96,1370,"Business & Economics",0,0,NA
6440,2,3,"F",0,0,3.55,890,"Arts & Letters",0,0,NA
6441,4,5,"M",0,0,3.35,1180,"Math & Science",0,0,NA
6442,6,5,"F",1,0,3.43,1390,"Business & Economics",0,0,NA
6443,7,7,"M",0,0,3.5,1210,"Arts & Letters",0,0,NA
6444,1,2,"F",0,0,3.73,1080,"Arts & Letters",0,0,NA
6445,3,3,"M",0,0,3.05,830,"Math & Science",0,0,NA
6446,4,4,"F",1,0,4.09,1310,"Arts & Letters",1,0,NA
6447,3,6,"F",0,0,3.41,1130,"Arts & Letters",0,0,NA
6448,1,1,"F",0,0,4.13,1040,"Math & Science",1,0,NA
6449,6,3,"F",1,0,3.5,1310,"Arts & Letters",0,0,NA
6450,6,6,"M",1,0,3.81,1290,"Business & Economics",0,0,NA
6451,4,6,"M",1,0,4.14,1350,"Arts & Letters",1,0,NA
6452,7,4,"M",0,0,3.41,1000,"Math & Science",0,0,NA
6453,6,3,"F",1,0,3.05,1110,"Arts & Letters",0,0,NA
6454,6,4,"F",1,0,3,990,"Math & Science",0,0,NA
6455,7,6,"F",0,0,3.16,720,"Math & Science",0,0,NA
6456,6,7,"M",1,0,2.71,980,"Math & Science",0,0,NA
6457,6,4,"F",0,0,4,1120,"Math & Science",0,0,NA
6458,6,4,"F",1,0,4.17,1250,"Math & Science",1,1,2.765
6459,6,7,"M",1,0,3.4,1210,"Business & Economics",0,0,NA
6460,7,6,"F",0,1,3.79,1090,"Math & Science",0,0,NA
6461,2,3,"F",0,0,3.55,770,"Arts & Letters",0,0,NA
6462,7,5,"M",1,0,2.55,1240,"Math & Science",0,0,NA
6463,4,4,"M",1,0,2.86,1070,"Arts & Letters",0,0,NA
6464,4,4,"M",0,0,3.5,1060,"Arts & Letters",0,0,NA
6465,6,3,"M",0,0,3.73,1080,"Business & Economics",0,0,NA
6466,7,4,"F",0,0,2.89,1110,"Arts & Letters",0,0,NA
6467,5,6,"F",1,0,3.23,1170,"Math & Science",0,0,NA
6468,7,7,"M",1,0,3.45,1130,"Math & Science",0,0,NA
6469,3,6,"F",1,0,3.41,1230,"Arts & Letters",0,0,NA
6470,6,6,"M",0,0,3.67,1030,"Business & Economics",0,0,NA
6471,4,5,"M",1,0,3.82,1020,"Arts & Letters",0,0,NA
6472,3,6,"F",1,0,2.79,960,"Business & Economics",0,0,NA
6473,6,5,"F",0,1,3.64,1390,"Arts & Letters",0,0,NA
6474,7,6,"M",0,0,3.55,1220,"Arts & Letters",0,0,NA
6475,6,7,"F",0,0,3.55,970,"Math & Science",0,0,NA
6476,6,4,"M",0,1,3.35,1410,"Arts & Letters",1,0,NA
6477,6,4,"M",1,0,3.45,1100,"Math & Science",0,0,NA
6478,6,6,"M",1,0,3.41,1190,"Business & Economics",0,0,NA
6479,4,4,"F",0,1,3.72,1050,"Math & Science",0,0,NA
6480,4,4,"F",0,0,3.5,990,"Math & Science",0,0,NA
6481,3,3,"F",1,0,3,1090,"Arts & Letters",0,0,NA
6482,7,6,"M",0,1,3.45,1420,"Math & Science",0,0,NA
6483,3,3,"F",0,0,3.1,820,"Arts & Letters",0,0,NA
6484,7,7,"F",1,0,3.5,1310,"Arts & Letters",0,0,NA
6485,4,3,"M",1,0,3.13,940,"Business & Economics",0,0,NA
6486,3,3,"M",1,0,2.89,920,"Arts & Letters",0,0,NA
6487,7,5,"M",1,0,3.54,1420,"Business & Economics",1,1,2.778
6488,6,7,"F",1,0,3.77,1220,"Arts & Letters",1,1,3.246
6489,6,6,"F",1,0,3.85,990,"Math & Science",0,0,NA
6490,7,7,"M",1,0,3.68,1170,"Business & Economics",0,0,NA
6491,6,4,"F",1,0,2.85,930,"Arts & Letters",0,0,NA
6492,6,6,"M",1,0,3.45,1240,"Business & Economics",0,0,NA
6493,7,7,"F",1,0,3.49,1390,"Math & Science",1,1,2.871
6494,7,5,"F",1,0,3.55,1510,"Math & Science",0,0,NA
6495,3,3,"F",1,0,3.61,1160,"Math & Science",0,0,NA
6496,7,5,"M",0,0,4,1230,"Arts & Letters",0,0,NA
6497,3,3,"F",1,0,4.19,1360,"Math & Science",1,0,NA
6498,7,7,"F",0,0,3.11,1080,"Arts & Letters",0,0,NA
6499,7,6,"F",0,1,3.62,1020,"Arts & Letters",0,0,NA
6500,6,6,"F",0,0,3.67,1160,"Business & Economics",1,0,NA
6501,7,7,"M",1,0,3.23,1360,"Arts & Letters",0,0,NA
6502,2,2,"M",0,0,3.25,890,"Math & Science",0,0,NA
6503,7,7,"F",0,1,3.86,1330,"Math & Science",1,1,3.107
6504,3,3,"F",1,0,3.24,1120,"Business & Economics",0,0,NA
6505,5,3,"M",0,0,3.2,1020,"Arts & Letters",0,0,NA
6506,2,1,"F",0,0,3.4,1020,"Math & Science",0,0,NA
6507,2,4,"M",0,0,3.59,1070,"Arts & Letters",1,0,NA
6508,7,6,"F",1,0,3.17,1080,"Arts & Letters",0,0,NA
6509,6,6,"F",1,0,4.21,1370,"Arts & Letters",1,0,NA
6510,6,4,"F",0,0,3.5,1140,"Arts & Letters",0,0,NA
6511,7,6,"F",1,0,3.91,1160,"Arts & Letters",0,0,NA
6512,6,6,"F",1,0,4.23,1360,"Math & Science",1,0,NA
6513,4,5,"F",1,0,4.18,1230,"Math & Science",0,0,NA
6514,7,4,"F",0,0,4.12,1240,"Math & Science",1,0,NA
6515,6,6,"F",0,0,3.82,1320,"Math & Science",1,0,NA
6516,6,5,"F",0,1,3.73,1270,"Business & Economics",1,0,NA
6517,6,6,"F",1,0,3.96,1250,"Arts & Letters",1,0,NA
6518,6,6,"M",1,0,3.75,1070,"Math & Science",0,0,NA
6519,6,6,"F",1,0,4.26,1270,"Math & Science",1,0,NA
6520,6,6,"M",0,0,3.69,1480,"Business & Economics",1,0,NA
6521,4,5,"M",0,1,3.9,1570,"Math & Science",1,0,NA
6522,1,2,"F",0,0,3.65,1080,"Math & Science",1,0,NA
6523,6,6,"F",0,0,3.38,1280,"Arts & Letters",0,0,NA
6524,6,4,"M",0,0,2.71,950,"Arts & Letters",0,0,NA
6525,4,4,"F",0,0,3.9,1290,"Math & Science",1,0,NA
6526,3,5,"M",1,0,3.74,1040,"Business & Economics",1,1,2.739
6527,7,6,"F",0,0,4.11,1320,"Math & Science",0,0,NA
6528,4,6,"F",1,0,2.92,1040,"Math & Science",0,0,NA
6529,7,6,"M",0,1,3.82,1230,"Math & Science",1,1,2.64
6530,6,5,"F",1,0,3.45,1080,"Arts & Letters",0,0,NA
6531,7,6,"M",0,1,3.66,1320,"Business & Economics",0,0,NA
6532,1,1,"F",0,0,3.5,1000,"Math & Science",1,0,NA
6533,7,7,"F",1,0,4.2,1330,"Math & Science",1,1,3.434
6534,1,3,"M",0,1,4.27,1290,"Math & Science",1,0,NA
6535,6,6,"M",0,1,3.59,1310,"Arts & Letters",0,0,NA
6536,3,3,"F",0,0,2.68,920,"Arts & Letters",0,0,NA
6537,4,3,"F",0,0,4.33,1450,"Arts & Letters",1,0,NA
6538,6,7,"M",0,1,3.5,1080,"Math & Science",0,0,NA
6539,7,7,"M",1,0,3.38,1080,"Math & Science",0,0,NA
6540,5,3,"F",0,0,3.45,1110,"Math & Science",0,0,NA
6541,6,7,"F",1,0,3.5,1090,"Business & Economics",0,0,NA
6542,5,6,"M",0,1,2.37,660,"Math & Science",0,0,NA
6543,6,4,"M",1,0,3.96,1290,"Math & Science",0,0,NA
6544,2,5,"F",0,0,3.92,1220,"Math & Science",1,0,NA
6545,6,6,"F",0,0,3,970,"Arts & Letters",0,0,NA
6546,7,6,"M",1,0,3.59,1140,"Business & Economics",0,0,NA
6547,6,6,"M",1,0,3.64,790,"Arts & Letters",0,0,NA
6548,6,6,"M",1,0,4.05,1410,"Business & Economics",1,0,NA
6549,7,7,"F",1,0,3.13,1140,"Arts & Letters",0,0,NA
6550,6,6,"M",1,0,3.86,1210,"Business & Economics",1,1,2.575
6551,7,6,"F",0,1,3.81,1210,"Business & Economics",0,0,NA
6552,3,5,"F",0,0,2.62,1020,"Arts & Letters",0,0,NA
6553,6,6,"M",1,0,3.05,1050,"Business & Economics",0,0,NA
6554,3,3,"F",1,0,3.55,1090,"Math & Science",0,0,NA
6555,3,4,"F",0,0,3.65,990,"Arts & Letters",0,0,NA
6556,6,5,"F",1,0,3.45,1150,"Arts & Letters",0,0,NA
6557,3,4,"F",0,0,2.87,1020,"Math & Science",0,0,NA
6558,6,6,"M",1,0,3.41,990,"Business & Economics",1,1,2.851
6559,6,6,"F",1,0,3.16,1230,"Arts & Letters",0,0,NA
6560,1,1,"M",0,0,3.86,1140,"Arts & Letters",0,0,NA
6561,3,1,"M",0,0,3.92,990,"Business & Economics",1,0,NA
6562,1,1,"M",0,0,3.29,1120,"Arts & Letters",0,0,NA
6563,3,6,"F",1,0,4.32,1210,"Math & Science",0,0,NA
6564,1,1,"M",0,0,3.64,1010,"Arts & Letters",0,0,NA
6565,6,4,"F",0,1,3.05,1090,"Arts & Letters",1,1,2.575
6566,6,7,"M",0,0,3.33,1210,"Math & Science",0,0,NA
6567,1,3,"F",0,1,4.09,1040,"Math & Science",1,1,2.36
6568,6,5,"F",1,0,3.5,1110,"Math & Science",0,0,NA
6569,6,4,"F",1,0,3.38,1000,"Math & Science",0,0,NA
6570,6,6,"F",1,0,4.17,1210,"Arts & Letters",0,1,3.238
6571,5,3,"F",1,0,3.5,940,"Math & Science",0,0,NA
6572,4,6,"F",0,1,4.21,1290,"Math & Science",0,0,NA
6573,6,6,"M",0,0,3.75,1100,"Arts & Letters",1,1,3.423
6574,7,7,"F",0,0,3.36,1010,"Arts & Letters",0,0,NA
6575,7,7,"F",1,0,3.18,1150,"Arts & Letters",0,0,NA
6576,2,3,"M",0,1,4.18,1030,"Math & Science",1,0,NA
6577,3,4,"F",1,0,2.74,1040,"Math & Science",0,0,NA
6578,7,7,"M",1,0,3.69,1310,"Math & Science",1,1,2.993
6579,6,5,"F",1,0,3.55,1150,"Business & Economics",0,0,NA
6580,7,7,"M",0,1,4.08,1430,"Math & Science",1,0,NA
6581,4,3,"F",1,0,3.9,1480,"Arts & Letters",1,0,NA
6582,6,6,"F",0,0,3.44,1200,"Arts & Letters",0,0,NA
6583,7,6,"F",1,0,3.88,1280,"Business & Economics",1,1,3.457
6584,7,6,"F",1,0,3.27,1160,"Math & Science",0,0,NA
6585,6,3,"F",1,0,3.91,1010,"Arts & Letters",0,0,NA
6586,5,3,"M",1,0,3,1180,"Math & Science",0,0,NA
6587,7,6,"F",0,0,3.85,1400,"Arts & Letters",0,0,NA
6588,6,3,"M",1,0,3.55,1320,"Math & Science",0,0,NA
6589,7,6,"F",1,0,3.91,1190,"Arts & Letters",1,1,3.353
6590,3,3,"F",0,0,3,1060,"Math & Science",0,0,NA
6591,6,6,"M",1,0,2.72,990,"Business & Economics",0,0,NA
6592,7,5,"F",0,0,3.4,1110,"Business & Economics",0,0,NA
6593,6,6,"F",1,0,3.46,1140,"Arts & Letters",0,1,2.975
6594,1,3,"F",0,0,3.2,850,"Arts & Letters",0,0,NA
6595,1,1,"M",0,1,4.08,1150,"Math & Science",1,0,NA
6596,1,1,"F",0,1,3.75,880,"Business & Economics",1,0,NA
6597,4,4,"F",1,0,3.2,1250,"Arts & Letters",1,0,NA
6598,3,3,"M",0,0,3,1140,"Arts & Letters",0,0,NA
6599,7,4,"M",0,1,3.35,1140,"Business & Economics",0,0,NA
6600,2,2,"M",0,0,3.5,870,"Math & Science",0,0,NA
6601,6,7,"F",1,0,4.15,1410,"Arts & Letters",1,0,NA
6602,3,3,"F",0,0,3.09,770,"Math & Science",0,0,NA
6603,5,7,"M",0,1,3.14,1280,"Arts & Letters",0,0,NA
6604,3,4,"F",0,0,3.82,1100,"Business & Economics",0,0,NA
6605,2,2,"F",0,1,3.27,1190,"Math & Science",1,1,2.125
6606,3,3,"F",0,0,4,1270,"Arts & Letters",0,0,NA
6607,2,1,"F",0,0,3.82,980,"Math & Science",0,0,NA
6608,6,7,"F",1,0,3.77,1460,"Arts & Letters",1,0,NA
6609,7,7,"M",0,0,3.08,1020,"Business & Economics",0,0,NA
6610,7,7,"M",1,0,4.26,1230,"Arts & Letters",0,0,NA
6611,6,6,"F",1,0,3.58,810,"Math & Science",0,0,NA
6612,3,3,"F",0,0,2.87,1290,"Arts & Letters",0,0,NA
6613,7,3,"F",0,1,3.37,1300,"Arts & Letters",0,0,NA
6614,7,5,"F",1,0,4,1340,"Arts & Letters",1,0,NA
6615,7,7,"F",1,0,3.41,1250,"Arts & Letters",0,1,3.411
6616,3,6,"F",0,0,4.05,1200,"Math & Science",0,1,3.116
6617,7,7,"F",1,0,3.23,1050,"Arts & Letters",0,0,NA
6618,6,6,"F",1,0,3.62,1270,"Math & Science",0,0,NA
6619,1,1,"F",0,0,3.04,790,"Math & Science",0,0,NA
6620,4,5,"F",0,1,3.64,1040,"Math & Science",0,0,NA
6621,6,3,"M",1,0,3.09,1340,"Business & Economics",0,0,NA
6622,4,5,"F",1,0,2.94,1190,"Arts & Letters",0,0,NA
6623,2,2,"F",0,0,3.54,970,"Business & Economics",1,0,NA
6624,6,4,"M",1,0,3.1,1160,"Arts & Letters",0,0,NA
6625,6,5,"F",1,0,4.23,1240,"Arts & Letters",1,1,3.266
6626,6,4,"F",0,1,3.61,1440,"Math & Science",0,0,NA
6627,6,3,"F",0,0,4.08,1120,"Math & Science",1,0,NA
6628,1,1,"F",0,0,3.26,740,"Arts & Letters",0,0,NA
6629,6,6,"M",1,0,3.85,1240,"Business & Economics",0,0,NA
6630,6,6,"F",1,0,3.6,1050,"Math & Science",0,0,NA
6631,3,2,"F",0,1,3.72,940,"Business & Economics",0,0,NA
6632,7,6,"F",0,1,3,830,"Business & Economics",0,0,NA
6633,7,7,"M",1,0,3.73,1170,"Business & Economics",0,0,NA
6634,4,3,"M",1,0,4.12,1240,"Business & Economics",1,1,3.422
6635,2,2,"F",0,0,3.27,830,"Arts & Letters",0,0,NA
6636,6,6,"M",1,0,3.09,1000,"Math & Science",0,0,NA
6637,6,6,"M",0,1,4.32,1290,"Arts & Letters",1,0,NA
6638,2,2,"M",0,0,2.96,1080,"Arts & Letters",0,0,NA
6639,4,7,"F",1,0,3.33,1060,"Arts & Letters",0,0,NA
6640,6,6,"F",1,0,3.05,1370,"Arts & Letters",1,0,NA
6641,6,5,"F",1,0,3,1070,"Math & Science",0,0,NA
6642,4,5,"F",0,0,4,780,"Arts & Letters",0,0,NA
6643,7,6,"M",1,0,3.83,1200,"Math & Science",1,1,1.788
6644,7,7,"M",1,0,3.85,1270,"Business & Economics",0,1,3.176
6645,2,3,"M",0,0,2.94,700,"Arts & Letters",0,0,NA
6646,6,6,"F",1,0,4.36,1210,"Math & Science",1,1,3.684
6647,2,3,"F",0,0,2.83,650,"Arts & Letters",0,0,NA
6648,3,3,"M",0,1,3.75,1240,"Math & Science",1,1,2.821
6649,6,4,"M",0,0,2.78,860,"Business & Economics",0,0,NA
6650,7,7,"M",1,0,3.26,1340,"Business & Economics",0,0,NA
6651,7,6,"F",1,0,3.65,1350,"Arts & Letters",1,1,2.193
6652,1,2,"F",0,0,2.9,910,"Math & Science",0,0,NA
6653,7,7,"F",1,0,3.96,1080,"Math & Science",0,0,NA
6654,6,6,"M",1,0,2.9,1110,"Business & Economics",0,0,NA
6655,6,3,"F",1,0,3.86,1140,"Arts & Letters",0,0,NA
6656,4,6,"M",0,0,3.05,1310,"Arts & Letters",0,0,NA
6657,7,5,"M",1,0,3.58,1450,"Math & Science",1,0,NA
6658,7,7,"F",1,0,3.96,1120,"Math & Science",0,0,NA
6659,2,1,"F",0,0,2.55,810,"Arts & Letters",0,0,NA
6660,7,4,"F",1,0,3.36,1180,"Arts & Letters",0,0,NA
6661,7,6,"M",0,0,4.13,1280,"Math & Science",1,0,NA
6662,4,6,"F",0,0,4,1190,"Arts & Letters",1,1,3.099
6663,2,2,"M",0,0,3.24,960,"Arts & Letters",0,0,NA
6664,6,6,"F",1,0,3.88,1050,"Arts & Letters",0,0,NA
6665,2,7,"M",0,1,3.04,1230,"Math & Science",1,1,3.133
6666,6,6,"M",1,0,3.39,1120,"Business & Economics",0,0,NA
6667,7,6,"M",1,0,3.25,1130,"Arts & Letters",0,0,NA
6668,2,6,"F",0,0,3.62,1170,"Arts & Letters",1,0,NA
6669,7,6,"M",0,1,3.32,1200,"Math & Science",0,0,NA
6670,3,6,"F",0,0,2.86,850,"Arts & Letters",0,0,NA
6671,3,3,"M",0,0,3.25,1220,"Arts & Letters",0,0,NA
6672,6,6,"M",1,0,3.86,1340,"Math & Science",1,1,3.29
6673,4,4,"M",1,0,3.7,1320,"Business & Economics",0,0,NA
6674,3,3,"F",1,0,2.83,860,"Business & Economics",0,0,NA
6675,3,1,"F",0,1,4.35,1140,"Math & Science",0,0,NA
6676,7,7,"M",1,0,3.39,1190,"Business & Economics",0,0,NA
6677,7,6,"M",0,1,3.67,1460,"Business & Economics",1,0,NA
6678,6,6,"F",1,0,3.91,1200,"Math & Science",1,1,3.537
6679,2,2,"F",0,1,4,1000,"Business & Economics",1,0,NA
6680,4,4,"F",1,0,3.29,1040,"Arts & Letters",0,0,NA
6681,3,5,"M",1,0,3.33,1240,"Math & Science",0,0,NA
6682,3,3,"F",1,0,3.95,1160,"Math & Science",0,0,NA
6683,5,7,"M",1,0,4.25,1120,"Business & Economics",0,0,NA
6684,7,7,"F",0,1,4,1290,"Business & Economics",1,0,NA
6685,3,3,"M",0,1,3.91,1220,"Math & Science",1,0,NA
6686,4,4,"M",1,0,3.06,950,"Business & Economics",0,0,NA
6687,6,3,"M",1,0,4.25,1260,"Business & Economics",1,1,3.487
6688,6,5,"F",0,0,4,1350,"Arts & Letters",0,1,3.434
6689,7,7,"M",1,0,4.05,1340,"Math & Science",1,1,2.732
6690,7,6,"F",0,0,3.69,1120,"Arts & Letters",0,0,NA
6691,6,6,"F",1,0,3.73,1220,"Math & Science",1,1,3.359
6692,7,7,"F",0,1,3.5,1150,"Arts & Letters",0,0,NA
6693,6,7,"M",1,0,3.27,1340,"Arts & Letters",0,0,NA
6694,3,3,"M",0,0,3.88,1010,"Math & Science",0,0,NA
6695,6,4,"F",0,0,2.6,870,"Math & Science",0,0,NA
6696,6,6,"F",1,0,4,1150,"Business & Economics",1,1,3.186
6697,6,6,"M",1,0,3.59,1310,"Business & Economics",1,1,3.661
6698,1,1,"M",0,0,3.29,1200,"Arts & Letters",0,0,NA
6699,7,7,"F",1,0,3.85,1420,"Math & Science",1,0,NA
6700,4,4,"F",1,0,2.91,1050,"Business & Economics",0,0,NA
6701,7,7,"F",1,0,3.6,1040,"Business & Economics",0,0,NA
6702,5,6,"M",1,0,3.52,1310,"Math & Science",0,0,NA
6703,6,4,"F",1,0,3.75,1170,"Math & Science",0,0,NA
6704,6,6,"M",1,0,3.33,1450,"Arts & Letters",0,0,NA
6705,7,7,"M",1,0,4.27,1250,"Arts & Letters",0,0,NA
6706,2,1,"F",0,1,4.23,1100,"Math & Science",1,0,NA
6707,6,6,"F",1,0,4.04,1300,"Arts & Letters",1,0,NA
6708,4,6,"M",0,0,2.67,940,"Math & Science",0,0,NA
6709,5,7,"M",1,0,3.86,1440,"Math & Science",1,1,3.34
6710,1,1,"M",0,0,3.27,1030,"Arts & Letters",0,0,NA
6711,4,5,"M",0,0,3.58,1030,"Business & Economics",0,0,NA
6712,3,3,"M",0,0,4,1160,"Business & Economics",1,0,NA
6713,2,6,"F",0,0,3.96,1130,"Arts & Letters",0,0,NA
6714,6,6,"M",1,0,4.33,1310,"Business & Economics",0,0,NA
6715,2,2,"M",0,1,2.96,1020,"Arts & Letters",0,0,NA
6716,6,6,"M",1,0,4.18,1180,"Math & Science",1,1,2.364
6717,6,7,"F",1,0,3.1,1240,"Arts & Letters",0,0,NA
6718,6,7,"M",0,0,3.9,1440,"Arts & Letters",1,0,NA
6719,6,6,"M",1,0,3.73,1350,"Math & Science",0,0,NA
6720,3,2,"F",0,0,3.06,880,"Arts & Letters",0,0,NA
6721,6,6,"F",1,0,4.15,1230,"Math & Science",0,0,NA
6722,5,3,"F",0,0,2.64,820,"Math & Science",0,0,NA
6723,7,6,"M",1,0,3.33,1180,"Math & Science",0,0,NA
6724,7,5,"M",1,0,4.09,1070,"Math & Science",0,0,NA
6725,7,7,"F",1,0,3.65,1270,"Arts & Letters",0,0,NA
6726,4,4,"F",0,0,3.8,1000,"Math & Science",0,0,NA
6727,6,6,"M",1,0,3.47,1280,"Arts & Letters",0,0,NA
6728,4,5,"M",0,1,3.88,1190,"Business & Economics",0,0,NA
6729,4,7,"F",1,0,3.91,980,"Arts & Letters",0,0,NA
6730,5,3,"F",1,0,3.65,1230,"Arts & Letters",0,1,3.203
6731,4,3,"F",0,0,4.21,1150,"Math & Science",0,0,NA
6732,7,7,"F",1,0,4.05,1470,"Math & Science",1,0,NA
6733,7,5,"M",1,0,2.75,1180,"Arts & Letters",0,0,NA
6734,7,6,"F",1,0,3.91,1090,"Business & Economics",0,0,NA
6735,3,4,"M",1,0,3.85,1340,"Arts & Letters",0,0,NA
6736,7,4,"F",0,0,3.21,970,"Arts & Letters",0,0,NA
6737,4,6,"F",0,0,4,1400,"Math & Science",1,0,NA
6738,7,7,"M",1,0,4.2,1400,"Math & Science",1,0,NA
6739,6,6,"M",0,0,3.64,1080,"Math & Science",0,0,NA
6740,5,4,"F",0,0,3.5,1240,"Business & Economics",0,1,3.034
6741,7,6,"M",1,0,4,1130,"Business & Economics",1,0,NA
6742,6,6,"F",0,0,3.45,1040,"Arts & Letters",1,1,1.744
6743,2,3,"F",0,1,3.85,1140,"Math & Science",1,0,NA
6744,6,6,"M",1,0,3.74,1120,"Business & Economics",1,0,NA
6745,4,6,"M",0,0,2.3,970,"Math & Science",0,0,NA
6746,6,4,"F",1,0,3.89,1320,"Business & Economics",1,1,3.232
6747,6,6,"F",0,0,3.15,910,"Arts & Letters",0,0,NA
6748,7,7,"M",0,0,2.57,1280,"Arts & Letters",0,0,NA
6749,6,6,"M",1,0,3.8,1180,"Business & Economics",0,1,3.22
6750,7,6,"M",1,0,3.68,1320,"Business & Economics",1,0,NA
6751,1,2,"M",0,0,3.68,1060,"Math & Science",0,0,NA
6752,7,7,"F",0,1,4.14,1390,"Math & Science",1,0,NA
6753,1,1,"F",0,0,3.05,920,"Arts & Letters",0,0,NA
6754,1,2,"M",0,0,3.92,970,"Business & Economics",0,0,NA
6755,3,3,"M",0,0,4.3,1170,"Business & Economics",1,0,NA
6756,6,6,"F",0,1,3.86,1520,"Arts & Letters",1,0,NA
6757,3,3,"F",1,0,3.95,1010,"Arts & Letters",0,0,NA
6758,4,6,"M",0,1,3.67,1330,"Math & Science",0,0,NA
6759,7,6,"M",0,0,3.4,860,"Arts & Letters",0,0,NA
6760,1,4,"F",0,1,3.33,900,"Business & Economics",0,0,NA
6761,2,2,"F",0,1,3.27,880,"Business & Economics",0,0,NA
6762,6,3,"F",0,0,3.95,1230,"Arts & Letters",0,0,NA
6763,4,4,"F",0,0,3.58,1050,"Arts & Letters",0,0,NA
6764,6,6,"M",0,1,3.95,1400,"Math & Science",0,0,NA
6765,6,6,"F",0,0,3.79,1340,"Arts & Letters",0,0,NA
6766,6,5,"M",1,0,3.1,1090,"Business & Economics",0,0,NA
6767,4,6,"F",0,0,3.73,1360,"Arts & Letters",1,1,3.45
6768,2,6,"F",0,0,2.92,1060,"Arts & Letters",0,0,NA
6769,7,6,"M",1,0,3.25,1210,"Math & Science",1,1,2.599
6770,6,3,"M",1,0,2.62,1220,"Business & Economics",0,0,NA
6771,3,3,"M",0,0,3.35,1040,"Math & Science",0,0,NA
6772,7,7,"M",1,0,3.37,1360,"Arts & Letters",1,1,2.166
6773,6,6,"F",1,0,3.71,1130,"Business & Economics",0,0,NA
6774,7,7,"M",0,1,3.3,1120,"Business & Economics",0,0,NA
6775,4,1,"F",0,0,4.05,970,"Business & Economics",0,0,NA
6776,4,4,"F",0,0,3.11,1160,"Math & Science",0,0,NA
6777,7,6,"F",1,0,3.59,1290,"Arts & Letters",0,0,NA
6778,6,5,"F",1,0,3.14,980,"Business & Economics",0,0,NA
6779,3,3,"M",1,0,3.9,1180,"Business & Economics",0,0,NA
6780,6,6,"F",1,0,3.2,1290,"Arts & Letters",0,0,NA
6781,6,4,"M",0,1,3.18,1040,"Business & Economics",0,0,NA
6782,7,7,"F",1,0,3.22,1190,"Business & Economics",0,0,NA
6783,6,4,"F",0,1,3.71,1290,"Math & Science",0,0,NA
6784,6,7,"F",1,0,3.95,1170,"Arts & Letters",1,1,3.523
6785,5,4,"F",0,0,3.09,1040,"Arts & Letters",0,0,NA
6786,6,3,"F",1,0,3.55,1010,"Arts & Letters",0,0,NA
6787,7,6,"M",1,0,4.1,1360,"Math & Science",1,0,NA
6788,6,6,"F",1,0,3.04,880,"Business & Economics",0,0,NA
6789,3,6,"M",1,0,3.45,1110,"Math & Science",0,0,NA
6790,7,5,"F",0,1,3.82,1020,"Math & Science",0,0,NA
6791,2,2,"M",1,0,3.67,1290,"Math & Science",1,0,NA
6792,6,6,"F",1,0,4.14,1110,"Arts & Letters",0,0,NA
6793,4,4,"M",0,0,3.25,1040,"Arts & Letters",0,0,NA
6794,7,6,"F",0,0,3.46,840,"Business & Economics",0,0,NA
6795,6,5,"F",0,1,3.42,830,"Arts & Letters",0,0,NA
6796,6,4,"M",1,0,3.62,1370,"Arts & Letters",0,0,NA
6797,5,6,"F",0,0,3.81,1150,"Math & Science",0,0,NA
6798,4,4,"F",0,1,3.24,1340,"Arts & Letters",1,1,2.499
6799,5,6,"M",0,1,3.46,1080,"Arts & Letters",1,1,1.856
6800,6,4,"M",0,1,3.92,1250,"Business & Economics",1,0,NA
6801,6,5,"F",0,0,4.25,1380,"Math & Science",1,0,NA
6802,4,4,"F",0,0,2.59,860,"Business & Economics",0,0,NA
6803,7,7,"F",1,0,4.22,1140,"Math & Science",1,1,3.738
6804,4,4,"M",0,0,3.68,1070,"Business & Economics",0,0,NA
6805,5,5,"M",0,1,3.87,1070,"Arts & Letters",0,0,NA
6806,4,3,"F",0,0,2.94,770,"Arts & Letters",0,0,NA
6807,3,5,"M",1,0,3.25,1170,"Arts & Letters",0,0,NA
6808,5,5,"F",1,0,3.85,1390,"Business & Economics",1,1,3.191
6809,4,5,"F",0,0,2.71,810,"Arts & Letters",0,0,NA
6810,6,6,"M",1,0,3.05,1020,"Arts & Letters",0,0,NA
6811,6,6,"F",0,0,2.78,780,"Math & Science",0,0,NA
6812,7,6,"F",1,0,3.3,1140,"Math & Science",0,0,NA
6813,7,6,"F",1,0,4.09,1290,"Math & Science",1,1,3.93
6814,6,5,"F",0,0,2.83,1070,"Arts & Letters",0,0,NA
6815,1,1,"F",0,0,3.19,740,"Arts & Letters",0,0,NA
6816,4,4,"M",0,1,3.5,990,"Math & Science",0,0,NA
6817,4,4,"F",0,0,2.79,930,"Arts & Letters",0,0,NA
6818,6,6,"F",1,0,3.22,990,"Arts & Letters",0,0,NA
6819,2,1,"F",0,0,3.76,1190,"Arts & Letters",0,0,NA
6820,1,1,"F",0,0,3.81,1040,"Math & Science",1,0,NA
6821,1,1,"M",0,0,2.73,840,"Arts & Letters",0,0,NA
6822,4,4,"M",0,1,3.05,860,"Business & Economics",0,0,NA
6823,6,7,"M",0,0,3.11,1300,"Arts & Letters",0,0,NA
6824,6,7,"F",0,0,3.14,920,"Math & Science",0,1,2.652
6825,7,6,"F",1,0,3.77,1110,"Arts & Letters",1,1,3.217
6826,1,1,"F",0,1,3.58,1060,"Math & Science",1,0,NA
6827,6,6,"F",1,0,3.75,1100,"Arts & Letters",1,0,NA
6828,7,6,"M",1,0,2.91,1180,"Business & Economics",0,0,NA
6829,6,6,"F",0,0,4.27,1400,"Math & Science",1,0,NA
6830,7,4,"F",0,0,3.79,1140,"Arts & Letters",1,1,3.195
6831,6,3,"F",1,0,3,1080,"Math & Science",0,0,NA
6832,7,4,"F",1,0,3.17,910,"Arts & Letters",0,0,NA
6833,1,1,"F",0,0,4,950,"Math & Science",0,0,NA
6834,3,3,"F",0,1,3.73,1210,"Math & Science",0,0,NA
6835,7,5,"M",0,0,3.84,1090,"Math & Science",0,0,NA
6836,6,6,"M",1,0,3.31,1350,"Math & Science",0,0,NA
6837,6,5,"F",0,1,3.83,1080,"Math & Science",0,0,NA
6838,7,7,"F",1,0,4.23,1560,"Arts & Letters",1,0,NA
6839,6,6,"F",1,0,3.83,1220,"Arts & Letters",0,0,NA
6840,4,4,"F",0,0,3.4,1100,"Math & Science",0,0,NA
6841,5,6,"M",0,0,2.6,1060,"Arts & Letters",0,0,NA
6842,4,4,"M",1,0,3.68,1360,"Business & Economics",1,1,3.079
6843,7,4,"M",1,0,4.05,1300,"Math & Science",0,0,NA
6844,7,7,"M",1,0,3.77,1210,"Arts & Letters",0,0,NA
6845,7,7,"F",0,0,3.6,1320,"Arts & Letters",1,0,NA
6846,4,3,"F",0,1,3.64,1170,"Math & Science",0,0,NA
6847,4,4,"M",0,0,2.2,940,"Arts & Letters",0,0,NA
6848,6,6,"F",1,0,3.32,1110,"Arts & Letters",0,0,NA
6849,3,3,"F",0,0,3.59,860,"Math & Science",0,0,NA
6850,6,7,"M",0,0,3.18,1360,"Arts & Letters",0,0,NA
6851,3,3,"F",1,0,3.4,1060,"Math & Science",0,0,NA
6852,6,6,"M",0,0,2.64,1100,"Business & Economics",0,0,NA
6853,4,4,"F",1,0,3.68,890,"Arts & Letters",0,0,NA
6854,2,3,"F",0,0,4,990,"Business & Economics",0,0,NA
6855,3,4,"F",0,0,3.27,950,"Arts & Letters",0,0,NA
6856,3,4,"M",0,0,2.3,890,"Arts & Letters",0,0,NA
6857,6,3,"M",0,0,3,810,"Arts & Letters",0,0,NA
6858,6,6,"F",1,0,3.59,1040,"Math & Science",0,0,NA
6859,6,4,"F",0,0,4.2,1290,"Math & Science",0,0,NA
6860,2,2,"F",1,0,2.19,750,"Arts & Letters",0,0,NA
6861,6,6,"F",0,1,4.27,1460,"Math & Science",1,1,3.904
6862,3,6,"M",1,0,2.9,980,"Business & Economics",0,0,NA
6863,6,6,"F",0,0,3.85,1060,"Arts & Letters",0,0,NA
6864,7,7,"F",1,0,3,1040,"Arts & Letters",0,0,NA
6865,4,6,"M",0,0,3.96,1210,"Arts & Letters",1,0,NA
6866,5,7,"M",1,0,3.22,1200,"Arts & Letters",0,0,NA
6867,5,3,"M",1,0,2.54,1110,"Business & Economics",0,0,NA
6868,7,3,"M",0,1,3.16,1100,"Math & Science",0,0,NA
6869,6,6,"M",1,0,2.48,1230,"Business & Economics",0,0,NA
6870,3,4,"M",1,0,3.65,1060,"Business & Economics",0,0,NA
6871,7,3,"M",1,0,3.65,1250,"Business & Economics",0,0,NA
6872,6,3,"M",0,1,3,1170,"Math & Science",0,0,NA
6873,6,6,"M",1,0,3.36,1040,"Business & Economics",0,0,NA
6874,5,4,"F",1,0,3,1040,"Arts & Letters",0,0,NA
6875,4,4,"F",1,0,3.45,980,"Math & Science",0,0,NA
6876,6,7,"F",1,0,4.04,1310,"Math & Science",1,0,NA
6877,5,7,"M",0,0,3.38,1410,"Math & Science",0,0,NA
6878,1,1,"F",0,0,3.7,1240,"Math & Science",1,0,NA
6879,7,6,"F",1,0,3.55,1050,"Arts & Letters",0,0,NA
6880,4,6,"M",1,0,2.65,1270,"Arts & Letters",0,0,NA
6881,4,6,"F",0,0,3.3,1090,"Math & Science",0,0,NA
6882,7,7,"M",1,0,3.63,1290,"Math & Science",1,1,3.433
6883,4,7,"F",0,0,2.88,1130,"Arts & Letters",0,0,NA
6884,5,3,"M",0,0,3.25,990,"Math & Science",0,0,NA
6885,3,2,"F",0,0,3.18,860,"Arts & Letters",0,0,NA
6886,6,6,"M",1,0,3.79,1240,"Arts & Letters",1,1,3.441
6887,6,7,"F",1,0,3.57,1230,"Arts & Letters",0,0,NA
6888,4,7,"M",0,0,3.38,1410,"Business & Economics",1,0,NA
6889,6,4,"F",0,1,3.32,1180,"Arts & Letters",1,1,2.992
6890,7,7,"M",1,0,4.07,1280,"Math & Science",1,0,NA
6891,6,4,"F",1,0,3.3,1070,"Arts & Letters",0,0,NA
6892,2,7,"F",1,0,4.17,1320,"Math & Science",1,1,3.397
6893,7,6,"M",1,0,3.52,1530,"Math & Science",1,0,NA
6894,7,4,"M",1,0,3.5,1210,"Math & Science",0,0,NA
6895,6,6,"M",1,0,3.61,1120,"Arts & Letters",0,0,NA
6896,7,5,"F",1,0,2.6,880,"Arts & Letters",0,0,NA
6897,3,3,"M",0,0,3.71,1000,"Arts & Letters",0,0,NA
6898,6,6,"F",0,1,3.84,1310,"Math & Science",1,0,NA
6899,1,4,"F",0,0,4,930,"Business & Economics",1,0,NA
6900,6,6,"F",1,0,3.67,1270,"Math & Science",0,0,NA
6901,6,6,"M",0,0,3.07,900,"Math & Science",0,0,NA
6902,7,6,"F",1,0,4.2,1150,"Arts & Letters",0,0,NA
6903,3,7,"F",0,0,3.62,1100,"Math & Science",0,0,NA
6904,5,3,"M",0,1,3.84,1300,"Math & Science",0,0,NA
6905,2,6,"M",1,0,3.61,1410,"Business & Economics",0,0,NA
6906,7,6,"F",1,0,3.65,1110,"Math & Science",0,0,NA
6907,3,3,"F",0,1,3.57,1060,"Math & Science",0,0,NA
6908,6,7,"F",1,0,4.1,1160,"Arts & Letters",1,0,NA
6909,4,4,"F",0,0,3.38,850,"Math & Science",0,0,NA
6910,7,7,"M",1,0,3.45,1270,"Arts & Letters",0,0,NA
6911,4,3,"F",1,0,3.12,1160,"Arts & Letters",0,0,NA
6912,5,7,"M",1,0,4.35,1290,"Math & Science",1,0,NA
6913,5,6,"M",1,0,3.15,1190,"Math & Science",0,0,NA
6914,2,5,"F",0,0,2.92,810,"Math & Science",0,0,NA
6915,5,6,"M",1,0,3.09,1110,"Math & Science",0,0,NA
6916,3,4,"F",0,0,3.36,1080,"Math & Science",0,0,NA
6917,1,1,"F",0,1,4.33,1310,"Math & Science",1,0,NA
6918,3,4,"M",0,1,3.73,1170,"Business & Economics",0,0,NA
6919,6,6,"F",1,0,3.61,1070,"Arts & Letters",0,0,NA
6920,7,6,"F",1,0,4,1260,"Arts & Letters",0,0,NA
6921,6,6,"F",1,0,3.15,940,"Arts & Letters",0,0,NA
6922,2,2,"F",0,0,2.9,1050,"Arts & Letters",0,0,NA
6923,3,3,"M",0,0,3.39,1210,"Business & Economics",0,0,NA
6924,1,4,"F",1,0,2.75,990,"Business & Economics",0,0,NA
6925,6,6,"F",0,0,3.35,990,"Math & Science",0,0,NA
6926,2,3,"F",0,0,3.14,910,"Arts & Letters",0,0,NA
6927,7,7,"M",0,0,2.78,1020,"Arts & Letters",0,0,NA
6928,7,6,"F",0,0,3.15,1010,"Math & Science",0,0,NA
6929,3,6,"M",0,0,2.55,1140,"Arts & Letters",0,0,NA
6930,3,5,"F",0,0,3.36,1230,"Math & Science",0,0,NA
6931,7,7,"F",1,0,3.6,1310,"Math & Science",0,0,NA
6932,7,6,"F",0,0,3.7,840,"Arts & Letters",0,0,NA
6933,3,5,"F",0,1,3.5,920,"Math & Science",0,0,NA
6934,6,7,"F",0,1,3.81,1160,"Math & Science",0,0,NA
6935,1,1,"F",0,0,3.25,1030,"Arts & Letters",0,0,NA
6936,6,6,"F",0,0,2.31,1100,"Math & Science",0,0,NA
6937,7,6,"F",1,0,4.04,1270,"Arts & Letters",0,0,NA
6938,2,1,"F",0,0,2.88,970,"Math & Science",0,0,NA
6939,4,4,"M",0,1,2.36,960,"Business & Economics",0,0,NA
6940,6,6,"F",1,0,3.5,1190,"Arts & Letters",0,0,NA
6941,2,5,"F",0,0,3.14,970,"Business & Economics",0,0,NA
6942,6,6,"F",1,0,3.68,1150,"Arts & Letters",1,1,3.233
6943,6,4,"F",1,0,3.84,1180,"Arts & Letters",1,1,3.604
6944,6,6,"M",0,1,3.83,1030,"Math & Science",0,0,NA
6945,6,6,"M",0,1,3.91,1240,"Math & Science",0,0,NA
6946,7,6,"F",0,1,3.5,1320,"Business & Economics",1,0,NA
6947,2,6,"F",1,0,4.27,1280,"Math & Science",1,1,3.355
6948,2,2,"M",0,1,3.05,1050,"Business & Economics",0,0,NA
6949,4,6,"F",0,1,3.36,1070,"Business & Economics",0,0,NA
6950,7,6,"M",0,0,3.25,1220,"Arts & Letters",0,0,NA
6951,7,7,"F",0,1,4.1,1320,"Math & Science",1,0,NA
6952,4,3,"F",0,1,3.75,1170,"Math & Science",0,0,NA
6953,6,6,"F",1,0,4.05,1200,"Arts & Letters",0,0,NA
6954,4,4,"M",0,1,3.38,1140,"Math & Science",0,0,NA
6955,3,7,"M",1,0,2.64,890,"Arts & Letters",0,0,NA
6956,7,7,"F",1,0,4.17,1210,"Arts & Letters",1,0,NA
6957,6,4,"M",0,1,3.9,1140,"Math & Science",0,0,NA
6958,6,6,"F",1,0,4.17,1220,"Arts & Letters",0,1,3.242
6959,6,6,"M",1,0,3.5,1160,"Business & Economics",0,0,NA
6960,7,7,"F",1,0,3.62,1120,"Arts & Letters",0,0,NA
6961,6,6,"F",1,0,3.4,1240,"Arts & Letters",0,0,NA
6962,1,1,"F",0,1,3.5,1000,"Arts & Letters",0,0,NA
6963,6,6,"F",0,1,3,1020,"Business & Economics",0,0,NA
6964,6,6,"F",0,1,3.18,910,"Math & Science",0,0,NA
6965,3,3,"F",0,1,3.23,800,"Math & Science",0,0,NA
6966,6,6,"F",1,0,3.09,990,"Arts & Letters",0,0,NA
6967,2,4,"F",0,0,2.82,750,"Arts & Letters",0,0,NA
6968,6,6,"F",1,0,3.75,1270,"Arts & Letters",0,0,NA
6969,3,3,"F",0,1,2.14,650,"Business & Economics",0,0,NA
6970,5,6,"M",1,0,3.44,950,"Business & Economics",1,1,2.05
6971,6,7,"M",1,0,3.12,1150,"Business & Economics",0,0,NA
6972,7,7,"M",1,0,3.65,1310,"Business & Economics",1,1,3.17
6973,3,3,"M",0,1,3.75,1020,"Math & Science",1,0,NA
6974,4,3,"M",0,0,3.09,1160,"Arts & Letters",0,0,NA
6975,7,7,"M",0,1,3.1,1170,"Math & Science",0,0,NA
6976,7,7,"F",1,0,4.18,1160,"Math & Science",1,0,NA
6977,7,7,"F",1,0,3.33,980,"Business & Economics",0,0,NA
6978,7,6,"M",1,0,3.83,1310,"Business & Economics",0,0,NA
6979,3,3,"M",0,0,3.71,1420,"Math & Science",0,0,NA
6980,7,7,"F",1,0,3.55,1510,"Math & Science",0,0,NA
6981,3,3,"F",1,0,3.5,1030,"Arts & Letters",0,0,NA
6982,3,7,"F",1,0,2.62,990,"Business & Economics",0,0,NA
6983,7,6,"M",0,0,3.68,1080,"Math & Science",0,0,NA
6984,5,5,"F",0,0,2.59,850,"Arts & Letters",0,0,NA
6985,5,6,"M",0,0,3.55,910,"Math & Science",0,0,NA
6986,4,4,"M",1,0,2.47,1020,"Math & Science",0,0,NA
6987,5,5,"M",0,1,4.05,1180,"Arts & Letters",0,0,NA
6988,3,3,"F",1,0,3.3,1040,"Math & Science",0,0,NA
6989,6,7,"M",1,0,2.94,1390,"Business & Economics",0,0,NA
6990,4,6,"M",0,1,3.65,1200,"Business & Economics",0,0,NA
6991,7,7,"F",1,0,3.15,1190,"Arts & Letters",0,0,NA
6992,7,7,"F",0,1,3.45,1260,"Arts & Letters",0,0,NA
6993,6,6,"F",1,0,3.45,1130,"Arts & Letters",0,0,NA
6994,6,6,"F",0,0,3.95,1210,"Business & Economics",0,0,NA
6995,4,7,"M",1,0,3.64,940,"Arts & Letters",0,0,NA
6996,3,6,"F",1,0,4.36,1360,"Math & Science",1,1,3.292
6997,6,6,"M",0,1,3.5,1410,"Business & Economics",1,0,NA
6998,5,7,"M",1,0,3.83,1430,"Math & Science",1,1,2.717
6999,5,7,"F",1,0,3.81,1500,"Arts & Letters",1,0,NA
7000,6,3,"M",1,0,3.55,1010,"Arts & Letters",0,0,NA
7001,6,6,"M",1,0,4.25,1210,"Business & Economics",1,0,NA
7002,7,4,"M",1,0,2.75,1000,"Business & Economics",0,0,NA
7003,7,7,"F",1,0,3.75,1160,"Arts & Letters",0,0,NA
7004,7,6,"F",1,0,3.3,1030,"Arts & Letters",0,0,NA
7005,6,6,"M",1,0,3.6,1330,"Arts & Letters",0,0,NA
7006,6,3,"F",1,0,3.92,1220,"Math & Science",0,0,NA
7007,7,6,"M",1,0,3.37,1370,"Business & Economics",0,1,3.065
7008,5,7,"F",1,0,3.5,1350,"Arts & Letters",0,0,NA
7009,7,6,"F",0,1,3.86,1340,"Math & Science",0,0,NA
7010,7,7,"F",1,0,3.77,1110,"Arts & Letters",0,0,NA
7011,3,3,"M",0,0,3.81,1100,"Business & Economics",0,0,NA
7012,6,6,"M",0,1,3.54,1180,"Math & Science",0,0,NA
7013,4,6,"M",1,0,2.88,980,"Business & Economics",0,0,NA
7014,6,5,"M",1,0,3.06,990,"Arts & Letters",0,0,NA
7015,7,7,"F",0,0,3.32,1290,"Arts & Letters",0,0,NA
7016,7,6,"F",1,0,4,1280,"Math & Science",1,0,NA
7017,7,4,"F",1,0,3.77,1190,"Arts & Letters",0,0,NA
7018,1,1,"F",0,0,4.11,950,"Math & Science",1,0,NA
7019,4,4,"F",0,1,3.5,1210,"Math & Science",1,1,2.838
7020,6,6,"F",0,0,3.62,1180,"Arts & Letters",0,0,NA
7021,7,7,"M",1,0,3.09,1360,"Arts & Letters",0,0,NA
7022,6,6,"M",0,1,3,1200,"Math & Science",0,0,NA
7023,6,6,"F",0,0,4.29,1310,"Math & Science",1,0,NA
7024,7,7,"M",0,1,2.95,1060,"Math & Science",0,0,NA
7025,7,7,"F",1,0,3.4,1150,"Math & Science",0,0,NA
7026,7,7,"F",1,0,2.95,1060,"Arts & Letters",0,0,NA
7027,6,7,"F",1,0,4.29,1260,"Math & Science",1,0,NA
7028,7,5,"M",0,0,4.14,1060,"Math & Science",0,0,NA
7029,6,6,"M",1,0,3.43,1010,"Business & Economics",0,0,NA
7030,6,6,"M",0,0,3.25,1070,"Business & Economics",0,0,NA
7031,7,6,"M",1,0,3.15,1230,"Business & Economics",0,0,NA
7032,6,7,"M",0,0,2.89,1140,"Business & Economics",0,0,NA
7033,7,7,"F",1,0,3.88,1280,"Math & Science",1,1,3.372
7034,7,7,"M",1,0,3.87,1240,"Business & Economics",0,0,NA
7035,6,4,"M",1,0,3.39,1290,"Math & Science",0,0,NA
7036,1,1,"F",0,0,4.23,870,"Arts & Letters",0,0,NA
7037,6,6,"F",1,0,3.46,1140,"Arts & Letters",0,0,NA
7038,6,4,"F",0,1,3.29,1090,"Math & Science",0,0,NA
7039,3,7,"M",0,0,4.33,1240,"Business & Economics",1,0,NA
7040,7,7,"M",0,1,3.53,1180,"Business & Economics",1,1,2.355
7041,4,6,"F",1,0,3.1,950,"Arts & Letters",0,0,NA
7042,6,4,"M",1,0,2.79,1070,"Business & Economics",0,0,NA
7043,5,5,"F",0,0,3.59,1180,"Arts & Letters",0,0,NA
7044,4,6,"M",1,0,3.45,1230,"Business & Economics",0,0,NA
7045,6,6,"M",0,0,3.88,1210,"Math & Science",0,0,NA
7046,6,4,"M",1,0,3.43,1320,"Arts & Letters",0,0,NA
7047,7,6,"M",1,0,3.22,990,"Math & Science",0,0,NA
7048,7,7,"F",1,0,4,1040,"Math & Science",0,0,NA
7049,6,6,"F",1,0,3.96,1150,"Business & Economics",0,0,NA
7050,4,6,"M",1,0,2.65,1300,"Math & Science",0,0,NA
7051,3,4,"F",1,0,3.42,880,"Arts & Letters",0,0,NA
7052,5,6,"F",0,1,3.17,1010,"Arts & Letters",0,0,NA
7053,5,6,"M",1,0,3.5,1210,"Math & Science",1,0,NA
7054,4,6,"F",0,0,3.62,1010,"Arts & Letters",0,0,NA
7055,3,4,"F",0,0,3.13,1030,"Math & Science",0,0,NA
7056,4,7,"F",0,0,3.35,1180,"Arts & Letters",0,0,NA
7057,7,6,"M",0,0,3.39,1360,"Arts & Letters",1,1,3.434
7058,4,6,"F",1,0,3.61,1160,"Math & Science",0,0,NA
7059,5,7,"F",1,0,3.05,1350,"Arts & Letters",1,0,NA
7060,3,6,"F",1,0,3.9,1230,"Arts & Letters",0,0,NA
7061,6,6,"F",1,0,4.05,1220,"Arts & Letters",0,1,3.554
7062,3,5,"M",0,0,4.05,1020,"Math & Science",0,0,NA
7063,1,1,"F",0,0,2.06,750,"Arts & Letters",0,0,NA
7064,7,7,"F",0,0,3.14,1120,"Arts & Letters",0,0,NA
7065,4,6,"F",1,0,4.26,1210,"Math & Science",1,1,3.464
7066,7,7,"M",1,0,3.7,1330,"Math & Science",0,0,NA
7067,6,6,"F",1,0,4.05,1280,"Arts & Letters",1,1,3.338
7068,7,6,"F",1,0,3.79,1110,"Arts & Letters",0,0,NA
7069,5,7,"M",1,0,3,1380,"Math & Science",0,0,NA
7070,6,6,"M",1,0,3.44,1170,"Business & Economics",0,0,NA
7071,7,7,"M",1,0,3.92,1350,"Arts & Letters",1,0,NA
7072,6,6,"M",0,0,3.65,1130,"Arts & Letters",0,0,NA
7073,6,3,"M",0,1,3.69,1470,"Math & Science",1,0,NA
7074,7,7,"M",1,0,3.09,1230,"Math & Science",1,0,NA
7075,4,7,"F",0,0,3.7,1280,"Math & Science",0,0,NA
7076,6,6,"M",1,0,3.25,1130,"Business & Economics",0,0,NA
7077,5,7,"F",1,0,3.79,1070,"Arts & Letters",0,0,NA
7078,7,6,"M",0,0,3.75,1330,"Arts & Letters",1,0,NA
7079,4,6,"F",1,0,3.59,1470,"Arts & Letters",1,0,NA
7080,6,7,"M",0,1,3.75,1170,"Math & Science",1,0,NA
7081,1,4,"M",0,0,2.43,770,"Business & Economics",0,0,NA
7082,3,5,"F",1,0,3.45,1150,"Arts & Letters",0,0,NA
7083,4,7,"M",1,0,2.94,830,"Arts & Letters",0,0,NA
7084,7,6,"F",1,0,4.05,1190,"Math & Science",1,1,2.013
7085,4,4,"F",1,0,3.77,980,"Arts & Letters",0,0,NA
7086,6,7,"F",0,0,3.1,1220,"Arts & Letters",0,0,NA
7087,4,4,"F",0,0,3.82,1120,"Arts & Letters",0,0,NA
7088,6,7,"F",1,0,3.13,1220,"Arts & Letters",0,0,NA
7089,6,6,"M",1,0,3.18,960,"Arts & Letters",0,0,NA
7090,7,6,"F",1,0,3.7,1140,"Arts & Letters",0,0,NA
7091,3,4,"F",1,0,2.71,1000,"Arts & Letters",0,0,NA
7092,7,6,"F",1,0,3.5,1210,"Arts & Letters",0,0,NA
7093,7,6,"M",1,0,4.04,1510,"Math & Science",1,0,NA
7094,2,4,"F",0,0,3.27,1030,"Business & Economics",0,0,NA
7095,7,5,"F",1,0,4,1160,"Math & Science",0,0,NA
7096,4,6,"F",1,0,4,1260,"Math & Science",1,0,NA
7097,6,5,"M",1,0,2.82,1320,"Arts & Letters",0,0,NA
7098,7,6,"M",0,0,3.65,1100,"Arts & Letters",0,0,NA
7099,6,7,"M",1,0,3.5,1310,"Arts & Letters",0,1,3.065
7100,5,4,"F",0,0,2.78,930,"Arts & Letters",0,0,NA
7101,5,6,"M",1,0,3.67,1190,"Math & Science",0,0,NA
7102,1,4,"F",0,1,4.04,1110,"Arts & Letters",0,0,NA
7103,6,6,"F",1,0,3.7,1230,"Math & Science",0,0,NA
7104,7,7,"F",1,0,4.1,1200,"Business & Economics",0,0,NA
7105,7,6,"F",1,0,4.05,1420,"Arts & Letters",1,0,NA
7106,6,6,"F",1,0,4.08,1300,"Business & Economics",1,1,3.564
7107,5,6,"M",0,0,3.81,1240,"Arts & Letters",0,0,NA
7108,4,4,"F",0,0,2.8,1030,"Math & Science",0,0,NA
7109,7,3,"F",0,0,3.17,1050,"Arts & Letters",0,0,NA
7110,7,6,"F",1,0,4.18,1450,"Math & Science",1,0,NA
7111,7,3,"M",0,1,3.44,1120,"Business & Economics",0,0,NA
7112,3,3,"M",1,0,2.94,1030,"Business & Economics",0,0,NA
7113,3,3,"F",0,0,4.08,1140,"Math & Science",1,1,2.966
7114,6,7,"F",1,0,2.92,1090,"Arts & Letters",0,0,NA
7115,7,7,"M",0,1,4.05,1510,"Math & Science",1,0,NA
7116,6,6,"M",1,0,4.27,1380,"Math & Science",1,1,3.084
7117,7,6,"F",1,0,3.76,1130,"Arts & Letters",0,0,NA
7118,2,4,"F",0,0,4,980,"Arts & Letters",0,0,NA
7119,6,4,"F",1,0,3.82,1330,"Math & Science",0,0,NA
7120,3,3,"M",0,0,3.7,1060,"Arts & Letters",0,0,NA
7121,4,6,"M",1,0,3.58,1230,"Business & Economics",0,0,NA
7122,6,6,"F",1,0,3.94,1090,"Math & Science",1,1,1.564
7123,4,7,"M",1,0,3.75,1180,"Business & Economics",1,1,3.252
7124,5,5,"M",1,0,3.58,1170,"Arts & Letters",0,0,NA
7125,7,6,"M",0,0,3.73,1230,"Business & Economics",1,0,NA
7126,6,4,"F",1,0,3.5,1120,"Arts & Letters",0,0,NA
7127,2,1,"M",0,0,3.36,1110,"Math & Science",0,0,NA
7128,3,3,"F",0,0,3.41,1150,"Math & Science",0,0,NA
7129,6,6,"M",1,0,3.35,1160,"Business & Economics",0,0,NA
7130,7,4,"M",1,0,3.75,1340,"Arts & Letters",0,0,NA
7131,7,7,"F",1,0,4.19,1530,"Arts & Letters",1,0,NA
7132,5,3,"F",0,1,3.15,1000,"Arts & Letters",0,0,NA
7133,6,4,"F",1,0,3.5,1250,"Arts & Letters",0,0,NA
7134,2,1,"F",0,0,3,1030,"Arts & Letters",0,0,NA
7135,6,7,"F",1,0,4.19,1260,"Arts & Letters",0,0,NA
7136,4,7,"F",0,0,2.83,1170,"Arts & Letters",0,0,NA
7137,7,7,"F",0,0,3.55,1110,"Math & Science",0,0,NA
7138,7,7,"M",1,0,3.67,1140,"Arts & Letters",0,1,2.209
7139,3,4,"F",0,1,4,1220,"Arts & Letters",0,0,NA
7140,6,4,"F",1,0,3.68,1100,"Math & Science",1,1,2.318
7141,6,6,"F",0,0,3.32,1070,"Math & Science",0,0,NA
7142,7,7,"F",1,0,3.07,1110,"Arts & Letters",0,0,NA
7143,1,3,"M",0,0,2.8,790,"Arts & Letters",0,0,NA
7144,3,5,"F",1,0,3.96,1200,"Math & Science",1,0,NA
7145,7,4,"M",1,0,3.93,1250,"Business & Economics",1,1,2.884
7146,4,5,"M",0,0,2.79,930,"Arts & Letters",0,0,NA
7147,7,6,"F",1,0,3.13,1200,"Business & Economics",0,0,NA
7148,6,2,"M",0,1,3.32,820,"Arts & Letters",0,0,NA
7149,4,3,"F",1,0,2.69,1010,"Arts & Letters",0,0,NA
7150,6,7,"M",1,0,3.48,1150,"Arts & Letters",0,0,NA
7151,6,6,"F",1,0,3.95,1170,"Business & Economics",0,0,NA
7152,6,7,"M",1,0,4.09,1310,"Business & Economics",1,0,NA
7153,6,6,"F",1,0,3.48,1310,"Arts & Letters",0,0,NA
7154,6,6,"M",1,0,4.21,1170,"Business & Economics",1,1,3.281
7155,6,7,"M",0,0,3.87,1410,"Business & Economics",1,0,NA
7156,1,6,"M",0,0,3,960,"Business & Economics",0,0,NA
7157,4,7,"F",0,1,4,1230,"Math & Science",1,0,NA
7158,3,3,"F",0,1,3.64,990,"Business & Economics",0,0,NA
7159,4,6,"M",0,1,3.91,1440,"Math & Science",1,0,NA
7160,3,3,"M",0,1,3.92,1340,"Business & Economics",1,0,NA
7161,6,7,"M",0,0,2.8,930,"Math & Science",0,0,NA
7162,6,7,"F",0,0,3.45,1070,"Arts & Letters",0,0,NA
7163,1,1,"F",0,0,3.58,1000,"Arts & Letters",0,0,NA
7164,7,7,"M",1,0,3.9,1190,"Math & Science",0,0,NA
7165,6,3,"F",0,1,3.95,1230,"Arts & Letters",1,0,NA
7166,6,7,"M",0,1,4,1290,"Math & Science",1,0,NA
7167,1,1,"F",0,1,3.83,880,"Math & Science",0,0,NA
7168,7,7,"F",1,0,3.77,1350,"Business & Economics",1,0,NA
7169,7,7,"F",0,0,4.21,1430,"Business & Economics",1,1,3.566
7170,7,7,"M",1,0,4.11,1220,"Arts & Letters",0,0,NA
7171,2,2,"F",0,1,3.52,1350,"Business & Economics",1,0,NA
7172,6,7,"F",0,1,3.44,1300,"Business & Economics",1,0,NA
7173,6,7,"F",1,0,4.33,1410,"Arts & Letters",0,0,NA
7174,1,1,"M",0,0,3.67,920,"Math & Science",0,0,NA
7175,3,3,"F",1,0,3.85,1250,"Arts & Letters",0,0,NA
7176,3,3,"F",0,1,2.96,940,"Arts & Letters",0,0,NA
7177,3,3,"M",0,1,3.3,1150,"Business & Economics",1,1,2.437
7178,2,1,"M",0,1,2.59,760,"Business & Economics",0,0,NA
7179,6,6,"M",0,0,3.25,1050,"Arts & Letters",0,0,NA
7180,7,6,"M",1,0,4.33,1530,"Math & Science",1,0,NA
7181,6,6,"M",1,0,3.05,1050,"Business & Economics",0,0,NA
7182,5,5,"M",0,0,3.75,1150,"Arts & Letters",1,1,3.457
7183,5,5,"F",0,0,4.18,1190,"Math & Science",0,1,3.087
7184,5,7,"F",1,0,3.62,1270,"Arts & Letters",0,0,NA
7185,4,6,"F",0,1,3.2,1100,"Arts & Letters",0,0,NA
7186,7,7,"F",0,1,3.93,1400,"Business & Economics",1,0,NA
7187,2,1,"F",0,1,2.67,1120,"Math & Science",0,0,NA
7188,4,6,"F",0,0,3.3,1060,"Arts & Letters",0,0,NA
7189,7,6,"M",0,1,2.85,900,"Business & Economics",0,0,NA
7190,7,7,"F",0,1,3.25,1220,"Business & Economics",0,0,NA
7191,3,1,"F",0,1,3.09,1300,"Arts & Letters",0,0,NA
7192,1,1,"F",0,1,3.65,1070,"Business & Economics",1,0,NA
7193,4,6,"F",1,0,3.29,1000,"Math & Science",0,0,NA
7194,6,6,"M",0,1,3,1380,"Business & Economics",0,0,NA
7195,7,7,"F",1,0,3.91,1070,"Math & Science",0,0,NA
7196,6,6,"F",1,0,3,910,"Math & Science",0,0,NA
7197,6,6,"F",1,0,4.1,1360,"Business & Economics",1,1,2.845
7198,7,6,"M",0,1,3.55,1110,"Math & Science",0,0,NA
7199,2,3,"M",0,1,2.77,1140,"Math & Science",0,0,NA
7200,7,7,"M",1,0,3.31,1120,"Arts & Letters",0,0,NA
7201,2,2,"M",0,0,3.48,800,"Math & Science",0,0,NA
7202,7,5,"F",0,1,3.48,1080,"Arts & Letters",0,0,NA
7203,7,6,"M",1,0,3.9,1160,"Arts & Letters",0,0,NA
7204,6,6,"F",1,0,3.16,1070,"Math & Science",0,1,3.164
7205,3,3,"F",0,1,3.65,960,"Math & Science",0,0,NA
7206,5,6,"F",0,0,3.73,1300,"Business & Economics",1,1,2.919
7207,6,6,"M",1,0,4.06,1400,"Business & Economics",1,0,NA
7208,6,6,"F",1,0,4.14,1320,"Arts & Letters",0,0,NA
7209,6,6,"F",0,0,3.58,1260,"Arts & Letters",0,0,NA
7210,7,6,"M",0,0,3.27,1290,"Arts & Letters",0,0,NA
7211,5,4,"F",0,0,4.06,1220,"Arts & Letters",0,0,NA
7212,4,6,"F",0,0,4.21,1280,"Math & Science",1,0,NA
7213,6,6,"F",1,0,3.86,1250,"Math & Science",1,0,NA
7214,3,4,"M",0,0,2.58,1130,"Math & Science",0,0,NA
7215,3,6,"F",1,0,3.43,1160,"Business & Economics",0,0,NA
7216,6,6,"F",1,0,4.24,1260,"Arts & Letters",1,0,NA
7217,5,6,"M",1,0,2.95,800,"Math & Science",0,0,NA
7218,6,7,"M",1,0,4.05,1350,"Math & Science",1,0,NA
7219,7,7,"M",1,0,4.27,1540,"Math & Science",1,0,NA
7220,6,6,"M",1,0,4.4,1370,"Business & Economics",1,0,NA
7221,4,7,"F",0,0,4,1040,"Math & Science",0,0,NA
7222,5,4,"F",1,0,3.1,880,"Arts & Letters",0,0,NA
7223,6,6,"M",0,1,3.55,1490,"Math & Science",0,0,NA
7224,6,6,"M",0,0,3.57,1100,"Business & Economics",0,0,NA
7225,7,6,"F",1,0,4.17,1410,"Arts & Letters",1,0,NA
7226,6,7,"F",1,0,3.64,1400,"Business & Economics",1,0,NA
7227,6,5,"F",0,0,4.36,1370,"Arts & Letters",1,0,NA
7228,6,6,"M",1,0,3.16,1100,"Business & Economics",0,0,NA
7229,7,7,"M",0,0,3.75,1160,"Arts & Letters",0,0,NA
7230,7,4,"F",1,0,3.94,1270,"Arts & Letters",0,0,NA
7231,2,3,"F",0,0,4.09,1230,"Math & Science",1,0,NA
7232,6,3,"F",1,0,3.5,1390,"Arts & Letters",0,0,NA
7233,6,6,"F",1,0,3.4,1250,"Math & Science",0,0,NA
7234,6,7,"M",1,0,4.04,1170,"Arts & Letters",0,0,NA
7235,7,7,"F",0,0,3.89,1330,"Math & Science",1,0,NA
7236,7,6,"F",1,0,3.59,1150,"Arts & Letters",0,0,NA
7237,7,6,"M",0,0,3.96,1550,"Math & Science",1,0,NA
7238,6,7,"M",1,0,3.22,1110,"Math & Science",0,0,NA
7239,6,6,"M",0,1,3.95,1160,"Math & Science",1,1,3.028
7240,6,6,"F",1,0,3.73,1080,"Business & Economics",0,0,NA
7241,2,3,"F",0,0,3.45,860,"Arts & Letters",0,0,NA
7242,7,6,"F",1,0,3,880,"Arts & Letters",0,0,NA
7243,7,6,"F",0,0,3.64,1240,"Arts & Letters",0,0,NA
7244,6,6,"M",1,0,3.77,1430,"Business & Economics",1,0,NA
7245,4,4,"F",0,0,3.41,840,"Math & Science",0,0,NA
7246,6,7,"M",1,0,3.91,1140,"Math & Science",0,0,NA
7247,7,7,"M",1,0,3.41,1210,"Business & Economics",0,0,NA
7248,6,4,"F",1,0,3.65,1110,"Business & Economics",0,0,NA
7249,4,5,"F",1,0,3.67,1170,"Arts & Letters",0,0,NA
7250,3,7,"M",1,0,3.81,1230,"Math & Science",0,0,NA
7251,3,5,"F",0,0,3.45,820,"Business & Economics",0,0,NA
7252,4,6,"F",1,0,3.64,1190,"Business & Economics",1,0,NA
7253,3,6,"M",1,0,2.63,860,"Arts & Letters",0,0,NA
7254,6,7,"F",1,0,3.45,1040,"Business & Economics",0,0,NA
7255,5,6,"M",1,0,3.09,1040,"Business & Economics",0,0,NA
7256,6,6,"F",1,0,4.17,1400,"Arts & Letters",1,0,NA
7257,4,3,"M",1,0,3.71,840,"Math & Science",0,0,NA
7258,7,7,"F",1,0,3.27,1050,"Arts & Letters",0,0,NA
7259,6,6,"F",0,1,3.91,1540,"Math & Science",1,0,NA
7260,4,2,"M",0,1,4,1440,"Math & Science",1,0,NA
7261,7,6,"M",1,0,3.67,1210,"Arts & Letters",1,1,3.805
7262,7,7,"M",1,0,3.04,1430,"Arts & Letters",0,0,NA
7263,7,7,"F",0,1,4.08,1320,"Business & Economics",1,0,NA
7264,7,7,"M",1,0,3.67,1360,"Arts & Letters",0,0,NA
7265,7,7,"F",0,0,3.96,1130,"Math & Science",0,0,NA
7266,6,6,"F",0,0,3.75,1370,"Arts & Letters",0,0,NA
7267,6,7,"M",0,0,2.6,930,"Arts & Letters",0,0,NA
7268,6,6,"M",1,0,3.2,1310,"Arts & Letters",0,0,NA
7269,4,5,"M",1,0,3.45,1270,"Business & Economics",1,0,NA
7270,7,6,"M",0,0,4,1200,"Arts & Letters",1,1,2.982
7271,7,7,"F",0,0,3.65,1160,"Business & Economics",0,0,NA
7272,2,3,"F",1,0,3.35,1140,"Arts & Letters",0,0,NA
7273,6,3,"M",1,0,3.14,1480,"Math & Science",0,0,NA
7274,6,3,"F",0,0,3.64,1150,"Math & Science",0,0,NA
7275,6,6,"F",1,0,3.4,1080,"Business & Economics",0,0,NA
7276,5,5,"F",1,0,3.52,1160,"Arts & Letters",0,0,NA
7277,5,6,"F",1,0,2.96,1260,"Arts & Letters",0,0,NA
7278,7,7,"F",1,0,3.96,1290,"Math & Science",0,0,NA
7279,6,7,"M",1,0,3.25,970,"Arts & Letters",0,0,NA
7280,2,4,"F",0,1,3.75,1220,"Arts & Letters",0,0,NA
7281,6,5,"F",1,0,2.61,1040,"Arts & Letters",0,0,NA
7282,6,6,"F",0,0,3.6,1210,"Math & Science",0,0,NA
7283,4,4,"F",1,0,3.91,1230,"Math & Science",0,0,NA
7284,1,5,"F",0,1,4.31,1180,"Math & Science",1,0,NA
7285,4,7,"M",1,0,3.5,1070,"Business & Economics",0,0,NA
7286,7,6,"M",1,0,2.63,1180,"Arts & Letters",0,0,NA
7287,6,6,"F",0,1,4.25,1530,"Business & Economics",1,0,NA
7288,6,5,"F",1,0,3.68,1410,"Business & Economics",1,0,NA
7289,3,3,"F",1,0,3.1,1010,"Arts & Letters",0,0,NA
7290,7,7,"F",1,0,4.18,1550,"Business & Economics",1,0,NA
7291,6,6,"M",1,0,3.82,1380,"Business & Economics",0,0,NA
7292,7,7,"M",1,0,3.75,1300,"Business & Economics",0,0,NA
7293,7,7,"F",1,0,3.75,1210,"Arts & Letters",0,0,NA
7294,7,7,"F",1,0,3.58,1100,"Arts & Letters",0,0,NA
7295,5,3,"F",0,1,4.05,1560,"Business & Economics",1,0,NA
7296,4,6,"F",1,0,3.41,1080,"Arts & Letters",0,0,NA
7297,7,7,"M",1,0,3.52,1290,"Business & Economics",0,0,NA
7298,5,4,"M",0,0,4.38,1300,"Math & Science",1,0,NA
7299,7,7,"F",0,1,4.21,1390,"Math & Science",1,0,NA
7300,6,6,"F",1,0,3.04,1290,"Arts & Letters",0,0,NA
7301,5,7,"F",1,0,4.05,1220,"Business & Economics",1,1,3.6
7302,6,6,"F",1,0,3.79,1260,"Business & Economics",1,0,NA
7303,6,3,"M",1,0,4.06,1220,"Business & Economics",1,0,NA
7304,7,7,"F",1,0,3.68,1250,"Arts & Letters",1,0,NA
7305,7,7,"F",1,0,3.77,1310,"Business & Economics",1,1,2.854
7306,4,4,"F",0,0,3.71,1410,"Business & Economics",0,0,NA
7307,4,4,"F",1,0,4.25,1560,"Math & Science",1,0,NA
7308,7,6,"M",1,0,3.8,1330,"Math & Science",1,0,NA
7309,7,4,"F",1,0,3.14,1020,"Arts & Letters",0,0,NA
7310,5,6,"M",1,0,3.5,1280,"Math & Science",0,0,NA
7311,7,7,"M",1,0,3.12,1360,"Arts & Letters",1,1,3.011
7312,4,6,"F",0,0,3.83,1540,"Arts & Letters",1,0,NA
7313,7,7,"M",0,0,3.5,1250,"Math & Science",0,0,NA
7314,7,7,"M",1,0,3.36,1180,"Math & Science",0,0,NA
7315,7,6,"M",0,0,3.91,1480,"Math & Science",1,0,NA
7316,6,6,"M",0,1,3.55,1120,"Math & Science",0,0,NA
7317,7,6,"F",1,0,3.82,1020,"Business & Economics",0,0,NA
7318,3,3,"F",1,0,3.25,960,"Math & Science",0,0,NA
7319,4,4,"M",1,0,3.35,1080,"Math & Science",0,0,NA
7320,4,4,"M",1,0,3.39,1000,"Math & Science",0,0,NA
7321,7,6,"F",0,0,3.72,1480,"Arts & Letters",1,0,NA
7322,6,6,"F",1,0,3.62,1050,"Business & Economics",0,0,NA
7323,6,6,"F",0,0,3.8,1260,"Math & Science",0,0,NA
7324,7,7,"M",0,0,3.83,1430,"Math & Science",1,0,NA
7325,7,7,"F",1,0,4.3,1440,"Math & Science",1,0,NA
7326,2,3,"F",0,0,4,890,"Math & Science",0,0,NA
7327,3,7,"M",1,0,3.55,1100,"Arts & Letters",0,0,NA
7328,6,7,"F",1,0,3.48,1180,"Arts & Letters",0,0,NA
7329,7,7,"M",1,0,3.77,1170,"Math & Science",0,0,NA
7330,7,6,"M",1,0,2.26,1180,"Math & Science",0,0,NA
7331,3,3,"F",1,0,3.3,850,"Arts & Letters",0,0,NA
7332,1,3,"M",0,1,3.09,1060,"Business & Economics",0,0,NA
7333,7,7,"F",1,0,3.56,1060,"Math & Science",0,0,NA
7334,3,3,"F",0,1,3.43,1220,"Business & Economics",0,0,NA
7335,7,7,"F",1,0,3.32,1090,"Business & Economics",0,0,NA
7336,4,4,"M",0,1,2.95,940,"Math & Science",0,0,NA
7337,7,5,"M",1,0,3.77,1350,"Business & Economics",0,0,NA
7338,6,6,"F",0,0,4.05,1170,"Business & Economics",0,0,NA
7339,6,3,"F",1,0,3.39,1240,"Math & Science",0,0,NA
7340,3,6,"M",0,1,2.6,890,"Business & Economics",0,0,NA
7341,6,6,"F",0,0,4.28,1240,"Math & Science",0,0,NA
7342,6,5,"F",1,0,4,1450,"Business & Economics",1,0,NA
7343,6,6,"M",1,0,4,1330,"Business & Economics",1,0,NA
7344,7,7,"F",0,0,3.46,1330,"Arts & Letters",1,0,NA
7345,7,7,"M",1,0,3.7,1530,"Math & Science",1,0,NA
7346,7,6,"M",1,0,3.44,1550,"Business & Economics",1,0,NA
7347,6,6,"F",1,0,3.75,1200,"Math & Science",0,0,NA
7348,7,6,"M",0,0,3.04,1210,"Business & Economics",0,0,NA
7349,6,6,"F",1,0,3.59,1040,"Arts & Letters",0,0,NA
7350,4,6,"F",1,0,3.5,1430,"Business & Economics",0,0,NA
7351,7,6,"F",1,0,3.5,1170,"Business & Economics",1,1,2.082
7352,1,1,"M",0,0,4.2,1300,"Business & Economics",1,0,NA
7353,4,4,"F",0,0,3.44,760,"Business & Economics",0,0,NA
7354,7,7,"F",1,0,4.18,1240,"Math & Science",0,0,NA
7355,6,7,"F",1,0,4.21,1470,"Arts & Letters",1,0,NA
7356,2,2,"M",0,0,2.67,810,"Arts & Letters",0,0,NA
7357,6,6,"F",1,0,4,1460,"Arts & Letters",1,0,NA
7358,3,5,"M",1,0,3.35,1240,"Business & Economics",0,0,NA
7359,3,4,"F",1,0,4,1110,"Business & Economics",0,0,NA
7360,6,6,"M",1,0,3.41,1270,"Arts & Letters",1,0,NA
7361,6,6,"M",1,0,3.35,1310,"Business & Economics",0,1,2.065
7362,7,6,"M",1,0,3.92,1470,"Arts & Letters",1,0,NA
7363,7,7,"F",1,0,3.36,1120,"Math & Science",0,0,NA
7364,6,6,"M",1,0,3.68,1140,"Arts & Letters",0,0,NA
7365,4,7,"M",0,0,3.55,1030,"Math & Science",0,0,NA
7366,6,6,"F",1,0,3.73,1270,"Arts & Letters",1,0,NA
7367,7,4,"F",1,0,3.24,950,"Arts & Letters",0,0,NA
7368,6,6,"M",0,0,2.33,1010,"Math & Science",0,0,NA
7369,2,5,"F",0,0,3,910,"Arts & Letters",0,0,NA
7370,6,4,"M",1,0,3.2,1160,"Math & Science",0,0,NA
7371,6,3,"M",0,1,3.23,1150,"Business & Economics",0,0,NA
7372,4,5,"F",1,0,3.52,1040,"Arts & Letters",0,0,NA
7373,6,6,"M",1,0,3.48,1430,"Business & Economics",1,1,2.747
7374,6,6,"F",0,0,3.64,1040,"Arts & Letters",0,0,NA
7375,3,3,"F",0,0,3.4,1290,"Arts & Letters",0,0,NA
7376,7,7,"F",1,0,3.78,1100,"Arts & Letters",1,1,3.058
7377,7,6,"M",1,0,3.79,1100,"Math & Science",0,0,NA
7378,6,6,"F",0,1,3.68,1230,"Math & Science",0,0,NA
7379,6,6,"F",1,0,3.5,1260,"Arts & Letters",1,0,NA
7380,5,6,"F",1,0,4.04,1070,"Math & Science",0,0,NA
7381,7,7,"M",1,0,3.59,1270,"Math & Science",0,0,NA
7382,7,7,"F",1,0,3.18,1000,"Math & Science",0,0,NA
7383,3,6,"F",1,0,3.22,870,"Arts & Letters",0,0,NA
7384,6,6,"F",1,0,3.5,1010,"Business & Economics",0,0,NA
7385,7,6,"F",1,0,3.95,1150,"Arts & Letters",1,1,3.504
7386,6,6,"M",1,0,3.43,1250,"Math & Science",0,0,NA
7387,4,4,"F",1,0,2.94,840,"Arts & Letters",0,0,NA
7388,2,1,"F",1,0,3.14,990,"Arts & Letters",1,0,NA
7389,6,6,"F",1,0,3.7,1330,"Arts & Letters",1,0,NA
7390,1,1,"M",0,0,3.09,930,"Business & Economics",0,0,NA
7391,4,6,"M",1,0,3.7,1190,"Arts & Letters",1,1,3.065
7392,3,3,"M",0,1,3.08,1160,"Business & Economics",1,0,NA
7393,7,6,"F",1,0,2.96,1090,"Arts & Letters",0,0,NA
7394,3,3,"F",0,0,2.79,840,"Business & Economics",0,0,NA
7395,2,6,"M",1,0,3.05,1070,"Business & Economics",0,0,NA
7396,6,6,"F",1,0,3.7,930,"Arts & Letters",0,0,NA
7397,4,6,"M",0,1,2.85,980,"Arts & Letters",0,0,NA
7398,6,6,"M",0,1,3.17,1060,"Math & Science",0,1,2.594
7399,3,6,"M",0,1,4.36,1440,"Math & Science",1,0,NA
7400,4,7,"F",1,0,3.52,1190,"Math & Science",0,0,NA
7401,6,7,"M",1,0,3.88,1340,"Math & Science",0,0,NA
7402,3,3,"M",1,0,3.23,1150,"Math & Science",0,0,NA
7403,7,4,"F",1,0,4.27,1300,"Math & Science",1,1,3.568
7404,7,4,"F",0,0,4.4,1330,"Math & Science",1,0,NA
7405,7,7,"F",0,0,3.5,970,"Arts & Letters",0,0,NA
7406,6,3,"M",0,0,3.28,1110,"Arts & Letters",0,0,NA
7407,6,7,"F",1,0,4.09,950,"Arts & Letters",1,0,NA
7408,7,7,"F",1,0,4.04,1310,"Math & Science",0,0,NA
7409,6,7,"F",1,0,4.04,1380,"Arts & Letters",0,0,NA
7410,5,2,"F",1,0,3.09,980,"Arts & Letters",0,0,NA
7411,6,7,"F",1,0,4,1340,"Math & Science",1,0,NA
7412,3,6,"M",1,0,3.53,1010,"Math & Science",0,0,NA
7413,7,7,"M",0,0,3,1150,"Math & Science",0,0,NA
7414,7,7,"M",1,0,3.97,1240,"Math & Science",0,0,NA
7415,7,6,"M",0,1,3.46,1140,"Math & Science",0,0,NA
7416,6,6,"F",1,0,3.12,1130,"Math & Science",0,0,NA
7417,7,7,"F",1,0,3.88,1150,"Arts & Letters",1,0,NA
7418,6,6,"F",0,0,3.41,1240,"Math & Science",0,0,NA
7419,6,6,"F",1,0,4.12,1230,"Math & Science",1,0,NA
7420,2,1,"M",0,1,3.85,1180,"Business & Economics",1,0,NA
7421,3,3,"M",0,0,3.95,1090,"Arts & Letters",0,0,NA
7422,3,3,"M",1,0,2.71,980,"Arts & Letters",0,0,NA
7423,7,7,"F",0,1,3.91,1310,"Arts & Letters",0,0,NA
7424,7,4,"M",1,0,3.2,1230,"Math & Science",0,0,NA
7425,6,6,"F",1,0,3.21,1060,"Arts & Letters",0,0,NA
7426,6,4,"F",1,0,3.65,1020,"Math & Science",0,0,NA
7427,4,4,"M",1,0,3.48,1210,"Business & Economics",0,0,NA
7428,7,4,"F",1,0,3.32,980,"Arts & Letters",0,0,NA
7429,7,7,"F",1,0,4.09,1350,"Arts & Letters",1,0,NA
7430,6,6,"F",1,0,3.73,1290,"Arts & Letters",0,0,NA
7431,4,4,"M",1,0,3.95,1250,"Arts & Letters",0,0,NA
7432,5,1,"F",0,1,3.96,940,"Arts & Letters",0,0,NA
7433,6,7,"M",0,0,3.35,1300,"Math & Science",0,0,NA
7434,6,6,"M",1,0,3.6,1030,"Arts & Letters",0,0,NA
7435,7,5,"M",1,0,3.14,1100,"Arts & Letters",0,0,NA
7436,7,7,"F",1,0,3.62,1160,"Math & Science",0,0,NA
7437,6,6,"M",1,0,3.75,1040,"Business & Economics",0,0,NA
7438,7,7,"M",0,0,3,790,"Arts & Letters",0,0,NA
7439,6,6,"F",1,0,3.79,1240,"Math & Science",0,0,NA
7440,7,4,"M",0,0,3.64,1210,"Business & Economics",0,0,NA
7441,5,6,"M",0,0,3.79,1130,"Math & Science",0,0,NA
7442,7,6,"M",1,0,3.32,1140,"Business & Economics",0,0,NA
7443,6,7,"M",1,0,3.5,1350,"Arts & Letters",0,0,NA
7444,6,4,"M",1,0,3.63,1020,"Math & Science",0,0,NA
7445,5,2,"F",0,0,3.5,960,"Arts & Letters",0,0,NA
7446,6,5,"F",1,0,3.78,1120,"Business & Economics",0,0,NA
7447,6,6,"F",1,0,3.6,1150,"Math & Science",0,0,NA
7448,2,6,"M",0,0,3.85,1170,"Arts & Letters",1,0,NA
7449,3,3,"F",0,0,2.83,1080,"Arts & Letters",0,1,2.64
7450,6,3,"M",1,0,3.62,1190,"Business & Economics",0,0,NA
7451,6,6,"F",1,0,3.36,1120,"Arts & Letters",1,1,3.524
7452,6,6,"F",1,0,3.4,1020,"Arts & Letters",0,0,NA
7453,7,7,"F",1,0,3.55,1110,"Business & Economics",0,0,NA
7454,6,6,"F",1,0,3.91,1270,"Arts & Letters",0,0,NA
7455,4,4,"M",1,0,2.86,870,"Business & Economics",0,0,NA
7456,3,4,"M",1,0,3.36,1150,"Arts & Letters",0,0,NA
7457,3,2,"M",0,0,3.42,1000,"Math & Science",0,0,NA
7458,6,7,"M",0,0,3.61,1280,"Math & Science",1,0,NA
7459,7,6,"M",0,1,3.78,1240,"Business & Economics",1,1,2.877
7460,6,3,"F",1,0,3.16,1160,"Arts & Letters",0,0,NA
7461,3,3,"M",0,1,3.79,1430,"Business & Economics",1,0,NA
7462,6,6,"M",1,0,4.23,1510,"Business & Economics",1,0,NA
7463,1,4,"M",0,0,3.35,1190,"Math & Science",0,0,NA
7464,7,6,"F",0,0,3.67,1340,"Math & Science",0,0,NA
7465,7,4,"F",0,1,4.25,1400,"Business & Economics",1,0,NA
7466,6,7,"M",1,0,4,1300,"Business & Economics",1,0,NA
7467,7,7,"F",0,0,4.05,1030,"Arts & Letters",0,0,NA
7468,7,7,"F",1,0,3.5,1450,"Arts & Letters",0,0,NA
7469,7,6,"F",1,0,3.64,960,"Math & Science",0,0,NA
7470,6,6,"F",1,0,4,1320,"Business & Economics",1,0,NA
7471,5,3,"F",1,0,3.71,1010,"Arts & Letters",0,0,NA
7472,7,7,"F",0,0,3.43,1260,"Arts & Letters",0,0,NA
7473,3,3,"M",0,1,3.21,1350,"Business & Economics",0,0,NA
7474,4,4,"M",0,1,2.68,1430,"Arts & Letters",0,0,NA
7475,4,4,"F",0,1,3.75,1060,"Math & Science",0,0,NA
7476,4,5,"F",0,0,3.28,870,"Math & Science",0,0,NA
7477,3,3,"M",1,0,2.86,1180,"Math & Science",0,0,NA
7478,7,7,"M",0,0,3.91,1130,"Business & Economics",0,0,NA
7479,5,6,"F",0,1,3.88,1170,"Arts & Letters",1,0,NA
7480,7,6,"F",1,0,3.17,1110,"Arts & Letters",0,0,NA
7481,4,4,"M",0,0,2.95,1050,"Business & Economics",0,0,NA
7482,4,4,"F",0,1,3.68,1230,"Math & Science",0,0,NA
7483,6,6,"F",0,1,3.62,1190,"Arts & Letters",0,0,NA
7484,4,4,"F",1,0,4.23,1340,"Business & Economics",1,0,NA
7485,7,6,"M",0,0,3.36,1450,"Math & Science",0,0,NA
7486,7,4,"M",1,0,4.25,1470,"Math & Science",1,0,NA
7487,7,6,"M",1,0,4.17,1290,"Math & Science",1,0,NA
7488,6,5,"M",1,0,2.72,1370,"Business & Economics",0,0,NA
7489,3,1,"F",0,1,3.14,1230,"Math & Science",0,0,NA
7490,6,5,"F",1,0,3.64,1310,"Arts & Letters",1,0,NA
7491,7,6,"M",1,0,3.79,1060,"Business & Economics",0,0,NA
7492,6,7,"M",1,0,3.75,1250,"Math & Science",1,0,NA
7493,7,7,"M",1,0,3.85,1440,"Arts & Letters",1,0,NA
7494,7,7,"M",0,1,3.68,1240,"Arts & Letters",0,0,NA
7495,6,7,"M",1,0,3.7,1390,"Arts & Letters",0,0,NA
7496,5,2,"M",1,0,3.75,1210,"Business & Economics",1,0,NA
7497,6,6,"F",1,0,3.88,1220,"Arts & Letters",0,1,3.145
7498,4,7,"F",1,0,4.14,1310,"Arts & Letters",0,0,NA
7499,6,5,"F",0,0,3.64,1180,"Math & Science",0,0,NA
7500,7,6,"F",0,1,3.32,1310,"Arts & Letters",1,1,3.109
7501,6,4,"M",1,0,3.7,1150,"Business & Economics",0,0,NA
7502,6,6,"M",0,1,4.2,1350,"Math & Science",1,0,NA
7503,7,7,"F",1,0,3.27,1120,"Arts & Letters",0,0,NA
7504,6,3,"M",0,0,3.55,1210,"Business & Economics",0,0,NA
7505,4,4,"F",1,0,4.25,1540,"Business & Economics",1,0,NA
7506,4,7,"F",1,0,4.15,1350,"Arts & Letters",1,0,NA
7507,2,6,"F",1,0,3.64,1240,"Arts & Letters",0,0,NA
7508,7,6,"F",0,0,3.3,1210,"Arts & Letters",1,1,2.876
7509,4,5,"M",1,0,4.12,1170,"Arts & Letters",0,0,NA
7510,6,6,"F",1,0,4.04,1410,"Math & Science",1,0,NA
7511,6,6,"M",0,1,4.27,1070,"Math & Science",0,0,NA
7512,3,7,"F",1,0,3.6,1080,"Math & Science",0,0,NA
7513,6,7,"M",1,0,3.56,1550,"Business & Economics",1,0,NA
7514,7,7,"F",0,1,3.46,1450,"Business & Economics",1,1,3.346
7515,6,6,"F",0,0,4.4,1290,"Math & Science",1,0,NA
7516,5,5,"F",1,0,4.05,1330,"Math & Science",1,1,3.613
7517,4,4,"M",0,1,3.56,1020,"Math & Science",0,0,NA
7518,7,7,"F",1,0,3.75,1420,"Arts & Letters",0,0,NA
7519,4,2,"F",0,1,3,990,"Business & Economics",0,0,NA
7520,6,6,"M",0,1,3.77,1250,"Business & Economics",0,0,NA
7521,4,4,"F",1,0,3.75,1070,"Math & Science",0,0,NA
7522,1,1,"M",0,1,3.2,1140,"Math & Science",0,0,NA
7523,7,6,"F",1,0,3.96,1170,"Business & Economics",0,0,NA
7524,7,7,"F",0,1,4.18,1330,"Arts & Letters",1,0,NA
7525,1,1,"M",0,1,3.82,1250,"Math & Science",1,0,NA
7526,7,5,"M",1,0,3.25,1040,"Business & Economics",0,0,NA
7527,6,3,"M",1,0,3.75,1110,"Business & Economics",0,0,NA
7528,3,3,"F",0,1,3.47,910,"Business & Economics",0,0,NA
7529,5,4,"M",1,0,3.82,1390,"Arts & Letters",1,0,NA
7530,3,3,"M",0,0,2.35,840,"Business & Economics",0,0,NA
7531,1,1,"F",0,0,4.35,1140,"Business & Economics",1,0,NA
7532,1,1,"F",0,0,3.31,910,"Arts & Letters",0,0,NA
7533,4,4,"F",0,0,3.44,880,"Business & Economics",0,0,NA
7534,6,5,"F",0,0,3.96,1210,"Arts & Letters",1,0,NA
7535,3,5,"M",0,0,2.82,900,"Arts & Letters",0,0,NA
7536,1,1,"M",0,0,3.18,1060,"Math & Science",0,0,NA
7537,6,5,"M",1,0,3.4,1230,"Business & Economics",1,1,2.698
7538,3,4,"F",0,0,3.33,860,"Math & Science",0,0,NA
7539,6,6,"F",0,0,3.85,1070,"Arts & Letters",0,0,NA
7540,6,7,"F",0,0,3.46,1270,"Arts & Letters",0,0,NA
7541,3,3,"M",1,0,3.94,1470,"Math & Science",1,0,NA
7542,6,5,"F",1,0,3.29,930,"Arts & Letters",0,0,NA
7543,4,4,"F",1,0,2.69,800,"Math & Science",0,0,NA
7544,1,4,"F",0,0,3.36,940,"Math & Science",0,0,NA
7545,7,6,"F",1,0,3.94,1440,"Arts & Letters",1,0,NA
7546,1,1,"M",0,0,4,1110,"Arts & Letters",1,0,NA
7547,6,6,"F",1,0,4.04,1310,"Business & Economics",1,0,NA
7548,2,2,"F",0,0,3.6,840,"Math & Science",0,0,NA
7549,7,4,"F",1,0,3.77,1210,"Math & Science",0,0,NA
7550,1,3,"F",0,1,3.76,850,"Arts & Letters",0,0,NA
7551,4,5,"M",1,0,3.75,1240,"Math & Science",1,1,2.98
7552,5,3,"F",0,1,4.15,1040,"Business & Economics",1,0,NA
7553,7,4,"F",1,0,3.83,930,"Math & Science",0,0,NA
7554,3,3,"M",1,0,4.35,1220,"Math & Science",1,0,NA
7555,4,6,"F",1,0,3.82,1170,"Math & Science",0,0,NA
7556,3,4,"M",0,1,4.08,1030,"Arts & Letters",1,0,NA
7557,1,1,"M",0,0,3.38,850,"Math & Science",0,0,NA
7558,4,3,"F",1,0,2.85,950,"Math & Science",0,0,NA
7559,7,7,"F",1,0,3.71,1160,"Math & Science",0,0,NA
7560,4,4,"F",0,1,4.25,1330,"Math & Science",1,0,NA
7561,3,3,"F",1,0,3.72,1210,"Arts & Letters",0,0,NA
7562,1,1,"M",0,1,3.39,950,"Arts & Letters",0,0,NA
7563,3,3,"F",0,1,4.2,1030,"Business & Economics",0,0,NA
7564,6,6,"M",1,0,3.57,1060,"Business & Economics",0,0,NA
7565,7,7,"M",1,0,3.9,1240,"Arts & Letters",1,0,NA
7566,4,4,"F",0,1,3.88,1130,"Arts & Letters",0,0,NA
7567,6,4,"F",0,1,3.91,1150,"Arts & Letters",1,1,2.924
7568,3,4,"M",0,0,3.65,1120,"Math & Science",0,0,NA
7569,4,7,"F",0,1,4,1270,"Arts & Letters",1,0,NA
7570,1,4,"F",1,0,4.13,1190,"Math & Science",1,1,3.384
7571,4,4,"F",0,1,3.6,920,"Math & Science",0,0,NA
7572,4,4,"F",0,0,3.25,860,"Business & Economics",0,0,NA
7573,7,7,"F",0,0,3.81,1400,"Business & Economics",1,0,NA
7574,6,6,"M",0,0,3.67,1000,"Arts & Letters",0,0,NA
7575,7,6,"F",1,0,4,1270,"Arts & Letters",1,1,2.971
7576,3,3,"F",0,1,3.59,1140,"Math & Science",0,0,NA
7577,7,7,"F",0,1,3.71,1190,"Business & Economics",0,0,NA
7578,7,6,"M",1,0,3.9,1340,"Business & Economics",1,1,3.534
7579,4,7,"M",1,0,3.59,1300,"Business & Economics",1,1,2.433
7580,6,6,"F",0,1,3.5,1190,"Arts & Letters",0,0,NA
7581,6,6,"F",1,0,3.67,1120,"Math & Science",0,0,NA
7582,6,6,"M",1,0,2.95,1150,"Business & Economics",0,0,NA
7583,4,4,"M",1,0,3.81,1120,"Arts & Letters",1,0,NA
7584,6,6,"F",0,0,3.44,1030,"Arts & Letters",0,0,NA
7585,7,6,"F",1,0,3.96,1150,"Arts & Letters",0,0,NA
7586,7,7,"F",1,0,3.26,1320,"Arts & Letters",0,0,NA
7587,3,7,"F",0,1,4.33,1380,"Math & Science",1,0,NA
7588,7,5,"M",1,0,3.85,1220,"Arts & Letters",1,0,NA
7589,3,4,"F",1,0,4.14,1210,"Math & Science",1,0,NA
7590,6,4,"M",0,0,3.54,1300,"Math & Science",1,1,1.64
7591,3,3,"F",1,0,3.59,1050,"Business & Economics",0,0,NA
7592,2,3,"F",0,0,3.82,1250,"Arts & Letters",0,0,NA
7593,6,6,"F",0,0,3.1,1250,"Arts & Letters",0,0,NA
7594,4,2,"F",0,1,3.4,950,"Arts & Letters",0,0,NA
7595,6,6,"M",0,0,3.97,1310,"Arts & Letters",1,0,NA
7596,7,6,"M",0,0,3.33,1180,"Business & Economics",0,0,NA
7597,6,5,"M",1,0,4.11,1170,"Math & Science",0,0,NA
7598,1,1,"F",0,0,3.5,1070,"Business & Economics",0,0,NA
7599,6,6,"F",1,0,4.29,1040,"Arts & Letters",1,0,NA
7600,6,4,"F",0,0,2.95,970,"Math & Science",0,0,NA
7601,6,6,"F",1,0,2.68,920,"Arts & Letters",0,0,NA
7602,5,3,"F",0,1,3.12,1160,"Arts & Letters",0,0,NA
7603,4,6,"F",0,0,3.88,1330,"Arts & Letters",1,0,NA
7604,6,6,"M",1,0,3.31,960,"Math & Science",0,0,NA
7605,3,3,"M",0,0,3.86,1490,"Math & Science",1,0,NA
7606,4,3,"F",1,0,3.73,1000,"Arts & Letters",0,0,NA
7607,7,6,"F",1,0,3.78,1310,"Arts & Letters",1,0,NA
7608,5,5,"F",1,0,3.55,1030,"Arts & Letters",1,0,NA
7609,7,7,"F",1,0,3.2,980,"Math & Science",0,0,NA
7610,4,6,"F",1,0,3.12,900,"Arts & Letters",0,0,NA
7611,7,7,"F",0,1,3.5,1030,"Arts & Letters",0,0,NA
7612,6,6,"F",0,0,3.42,1130,"Math & Science",0,0,NA
7613,6,6,"M",0,1,3.72,1320,"Business & Economics",1,1,3.49
7614,2,3,"M",0,1,3.67,1170,"Math & Science",1,1,2.205
7615,6,6,"F",0,0,3.75,1160,"Business & Economics",0,0,NA
7616,6,7,"M",0,0,3.96,1480,"Math & Science",1,0,NA
7617,5,5,"M",0,1,3.55,1240,"Math & Science",0,0,NA
7618,4,4,"F",1,0,3,930,"Math & Science",0,0,NA
7619,4,4,"F",1,0,4.08,1160,"Business & Economics",0,0,NA
7620,1,1,"M",0,0,3.06,760,"Math & Science",0,0,NA
7621,4,4,"F",1,0,3.36,1230,"Business & Economics",0,0,NA
7622,7,7,"M",0,1,4.32,1220,"Math & Science",0,0,NA
7623,3,2,"F",0,0,4.14,1350,"Arts & Letters",1,0,NA
7624,4,4,"M",0,0,3.77,970,"Math & Science",0,0,NA
7625,3,3,"F",0,1,3.62,1230,"Math & Science",0,0,NA
7626,6,6,"F",0,1,3.75,1290,"Arts & Letters",0,0,NA
7627,4,4,"M",0,0,3.11,970,"Business & Economics",0,0,NA
7628,6,4,"F",0,0,3.44,960,"Arts & Letters",0,0,NA
7629,3,6,"F",1,0,3.21,1360,"Arts & Letters",1,0,NA
7630,6,6,"F",1,0,3.9,1060,"Math & Science",0,0,NA
7631,6,6,"F",1,0,3.33,1030,"Arts & Letters",0,0,NA
7632,4,4,"F",0,0,2.55,990,"Arts & Letters",0,0,NA
7633,7,6,"M",1,0,4.33,1420,"Math & Science",1,0,NA
7634,4,1,"F",0,1,3.14,1070,"Arts & Letters",0,0,NA
7635,7,7,"F",1,0,3.88,1230,"Arts & Letters",1,1,2.938
7636,5,6,"M",0,0,3.7,1190,"Math & Science",0,0,NA
7637,6,6,"M",0,0,2.87,1200,"Business & Economics",0,0,NA
7638,6,6,"M",1,0,4.05,1290,"Business & Economics",0,0,NA
7639,3,6,"M",1,0,3.05,1070,"Math & Science",0,0,NA
7640,4,4,"F",1,0,2.4,1230,"Arts & Letters",0,0,NA
7641,6,6,"F",1,0,3.91,1170,"Math & Science",0,0,NA
7642,7,7,"F",1,0,3.32,1250,"Arts & Letters",0,0,NA
7643,1,1,"F",0,1,3.4,1030,"Arts & Letters",0,0,NA
7644,5,4,"F",1,0,3.22,1080,"Arts & Letters",0,0,NA
7645,3,6,"F",1,0,4.22,1450,"Math & Science",1,0,NA
7646,7,7,"F",1,0,3.75,1420,"Math & Science",0,0,NA
7647,7,6,"F",0,1,3.45,1220,"Math & Science",0,0,NA
7648,6,6,"M",1,0,3.77,1460,"Arts & Letters",1,0,NA
7649,1,1,"M",0,0,2.75,920,"Arts & Letters",0,0,NA
7650,7,6,"F",1,0,3.89,1200,"Business & Economics",1,0,NA
7651,7,6,"M",1,0,3.41,1200,"Business & Economics",0,0,NA
7652,6,7,"F",1,0,3.67,1070,"Math & Science",0,0,NA
7653,6,5,"F",0,0,3.42,1100,"Business & Economics",1,0,NA
7654,7,7,"M",1,0,4.09,1250,"Math & Science",0,0,NA
7655,7,7,"F",1,0,3.91,1280,"Arts & Letters",1,0,NA
7656,4,4,"F",0,1,3.19,870,"Math & Science",0,0,NA
7657,3,6,"M",0,0,3.69,1160,"Business & Economics",0,0,NA
7658,5,5,"F",1,0,3.23,900,"Arts & Letters",0,0,NA
7659,4,1,"F",0,1,3.38,1180,"Math & Science",1,0,NA
7660,7,7,"F",0,1,3.5,1230,"Math & Science",0,0,NA
7661,7,6,"F",1,0,3.65,1180,"Arts & Letters",0,0,NA
7662,4,6,"F",1,0,3.44,1080,"Arts & Letters",0,0,NA
7663,4,4,"F",1,0,3.68,1070,"Math & Science",0,0,NA
7664,3,3,"M",1,0,3.32,940,"Math & Science",0,0,NA
7665,6,6,"M",1,0,3.95,1540,"Math & Science",1,0,NA
7666,4,7,"F",1,0,3.62,1290,"Arts & Letters",0,0,NA
7667,7,7,"F",1,0,4,1220,"Math & Science",0,0,NA
7668,7,7,"M",1,0,4.15,1360,"Arts & Letters",1,0,NA
7669,7,6,"F",0,0,3.77,1220,"Math & Science",0,0,NA
7670,2,2,"F",0,0,3.68,1190,"Arts & Letters",1,1,3.101
7671,6,6,"F",1,0,4.09,1220,"Arts & Letters",0,1,3.275
7672,6,6,"F",0,0,4.18,1340,"Arts & Letters",1,0,NA
7673,7,7,"M",1,0,3.69,1120,"Math & Science",0,0,NA
7674,6,6,"M",1,0,3.91,1490,"Math & Science",1,1,3.26
7675,4,1,"M",0,1,3.58,1090,"Math & Science",0,0,NA
7676,3,3,"F",0,1,4.05,1280,"Arts & Letters",0,0,NA
7677,7,6,"F",0,1,3.92,1350,"Arts & Letters",1,0,NA
7678,3,6,"M",0,1,4.04,1250,"Math & Science",0,0,NA
7679,6,6,"F",1,0,4.32,1510,"Business & Economics",1,0,NA
7680,6,7,"M",1,0,4,1120,"Arts & Letters",0,0,NA
7681,7,7,"F",1,0,3.2,1050,"Math & Science",0,0,NA
7682,3,3,"F",0,0,4,1170,"Math & Science",0,0,NA
7683,7,7,"M",1,0,3.45,1340,"Business & Economics",1,0,NA
7684,6,7,"F",1,0,3.74,1380,"Arts & Letters",1,0,NA
7685,3,3,"F",0,0,3.59,1030,"Math & Science",0,0,NA
7686,3,3,"M",0,0,2.29,930,"Business & Economics",0,0,NA
7687,7,5,"F",1,0,4,1250,"Math & Science",1,0,NA
7688,4,4,"F",0,1,4.28,1000,"Math & Science",0,0,NA
7689,6,6,"F",1,0,4,1330,"Math & Science",0,0,NA
7690,6,7,"M",1,0,3.65,1410,"Arts & Letters",1,0,NA
7691,1,1,"F",0,1,4.05,1210,"Math & Science",1,0,NA
7692,6,7,"M",0,0,3.45,1240,"Arts & Letters",0,0,NA
7693,3,3,"F",0,1,3.55,920,"Arts & Letters",0,0,NA
7694,3,4,"F",0,0,3.72,1200,"Business & Economics",0,0,NA
7695,6,5,"F",1,0,4.07,1080,"Math & Science",0,0,NA
7696,6,5,"M",0,0,3.5,1260,"Business & Economics",0,0,NA
7697,6,4,"F",1,0,3.04,1130,"Arts & Letters",1,0,NA
7698,6,3,"M",0,1,2.68,1210,"Business & Economics",0,0,NA
7699,5,7,"F",1,0,3.27,1110,"Math & Science",0,0,NA
7700,2,6,"M",0,0,2.65,950,"Math & Science",0,0,NA
7701,4,7,"F",0,1,3.55,790,"Math & Science",0,0,NA
7702,1,3,"F",0,1,3.87,1030,"Math & Science",0,0,NA
7703,7,7,"M",0,1,3.88,1230,"Business & Economics",0,0,NA
7704,7,7,"F",1,0,3.55,1570,"Arts & Letters",0,0,NA
7705,7,7,"M",0,1,3.62,1360,"Business & Economics",1,0,NA
7706,3,7,"F",1,0,3.52,1210,"Arts & Letters",1,0,NA
7707,4,4,"F",1,0,4.08,1220,"Business & Economics",1,0,NA
7708,6,6,"M",1,0,3.32,1080,"Business & Economics",0,0,NA
7709,7,2,"F",0,0,3.75,1150,"Arts & Letters",1,1,2.971
7710,1,1,"F",0,1,3.2,910,"Business & Economics",0,0,NA
7711,1,1,"F",0,0,4.09,1010,"Business & Economics",1,1,3.367
7712,7,6,"F",1,0,4.12,1210,"Math & Science",1,1,3.786
7713,7,7,"F",1,0,3.55,1170,"Business & Economics",0,0,NA
7714,3,3,"F",1,0,4.1,1190,"Business & Economics",1,0,NA
7715,6,3,"F",1,0,4,1440,"Arts & Letters",1,0,NA
7716,2,1,"M",0,1,3.14,720,"Arts & Letters",0,0,NA
7717,3,3,"F",1,0,3.55,910,"Arts & Letters",0,0,NA
7718,6,4,"F",1,0,3.57,940,"Arts & Letters",0,0,NA
7719,6,4,"F",1,0,2.75,860,"Arts & Letters",0,0,NA
7720,1,4,"F",0,1,3.45,1060,"Math & Science",0,0,NA
7721,7,7,"M",0,0,3.75,1200,"Business & Economics",0,0,NA
7722,1,2,"F",0,0,2.87,830,"Math & Science",0,0,NA
7723,6,6,"M",1,0,3.6,1080,"Math & Science",0,0,NA
7724,7,7,"F",0,0,3.73,1320,"Arts & Letters",1,0,NA
7725,1,2,"F",0,0,3.92,910,"Math & Science",1,0,NA
7726,6,4,"M",1,0,3.05,1050,"Arts & Letters",0,0,NA
7727,6,6,"M",1,0,4.06,1480,"Arts & Letters",1,0,NA
7728,6,7,"F",1,0,3.35,1080,"Arts & Letters",0,0,NA
7729,5,5,"M",1,0,2.58,1020,"Business & Economics",0,0,NA
7730,1,1,"F",0,0,4.33,1040,"Math & Science",1,0,NA
7731,7,6,"M",0,1,4.25,1530,"Business & Economics",1,0,NA
7732,7,6,"F",1,0,4.08,1320,"Arts & Letters",1,0,NA
7733,7,6,"M",1,0,4.14,1260,"Business & Economics",1,0,NA
7734,1,1,"F",0,0,3.73,940,"Arts & Letters",0,0,NA
7735,6,6,"M",1,0,4.23,1450,"Math & Science",1,0,NA
7736,7,6,"M",1,0,4.08,1410,"Math & Science",1,0,NA
7737,1,1,"F",0,0,2.77,920,"Math & Science",0,0,NA
7738,7,7,"F",1,0,2.7,920,"Arts & Letters",0,0,NA
7739,6,4,"M",1,0,4.27,1360,"Business & Economics",1,0,NA
7740,6,6,"F",1,0,3.65,1440,"Arts & Letters",1,1,3.612
7741,7,6,"F",0,1,3.5,1340,"Business & Economics",0,0,NA
7742,6,6,"F",1,0,3.52,1130,"Arts & Letters",0,0,NA
7743,3,3,"F",1,0,4,1160,"Math & Science",0,0,NA
7744,6,5,"F",0,1,3.58,1100,"Arts & Letters",0,0,NA
7745,5,6,"F",0,0,3.82,870,"Math & Science",0,0,NA
7746,7,7,"F",1,0,3.27,1020,"Arts & Letters",0,0,NA
7747,7,7,"F",1,0,4,1160,"Arts & Letters",1,0,NA
7748,7,7,"F",1,0,3.76,1100,"Math & Science",0,0,NA
7749,7,7,"F",1,0,3.52,1130,"Business & Economics",0,0,NA
7750,7,7,"F",1,0,4.04,1420,"Arts & Letters",1,0,NA
7751,6,6,"F",1,0,3.5,1170,"Arts & Letters",0,0,NA
7752,4,4,"F",0,0,3.95,1120,"Arts & Letters",0,0,NA
7753,6,5,"M",1,0,4,1180,"Math & Science",1,0,NA
7754,4,5,"F",0,1,3.75,1040,"Math & Science",0,0,NA
7755,7,3,"F",0,0,3.62,1220,"Arts & Letters",0,0,NA
7756,6,6,"F",1,0,4.08,1340,"Business & Economics",1,0,NA
7757,4,2,"F",0,0,2.29,880,"Math & Science",0,0,NA
7758,6,6,"F",1,0,3.65,1040,"Arts & Letters",1,0,NA
7759,7,6,"M",1,0,3.94,1310,"Business & Economics",1,0,NA
7760,6,6,"F",0,0,2.75,1100,"Math & Science",1,1,0.916
7761,2,2,"M",0,0,3.36,960,"Business & Economics",0,0,NA
7762,6,3,"F",0,0,3.24,1080,"Arts & Letters",0,0,NA
7763,1,1,"M",0,0,3.35,790,"Arts & Letters",0,0,NA
7764,5,6,"F",0,0,3.56,920,"Math & Science",0,0,NA
7765,1,5,"F",0,1,2.95,930,"Math & Science",0,0,NA
7766,7,6,"F",1,0,3.88,1170,"Arts & Letters",0,0,NA
7767,6,3,"F",0,0,3.45,1280,"Arts & Letters",1,0,NA
7768,6,6,"F",0,1,4.09,1370,"Business & Economics",1,0,NA
7769,3,6,"F",1,0,3.54,1090,"Arts & Letters",0,0,NA
7770,7,6,"F",0,0,4.18,1320,"Arts & Letters",0,0,NA
7771,4,4,"M",1,0,3.33,830,"Math & Science",0,0,NA
7772,2,2,"F",0,1,2.43,1140,"Arts & Letters",0,0,NA
7773,6,6,"F",1,0,4.04,1280,"Arts & Letters",1,0,NA
7774,6,7,"F",1,0,3.58,1250,"Business & Economics",0,0,NA
7775,5,6,"F",0,0,3.65,950,"Arts & Letters",0,0,NA
7776,7,7,"M",1,0,3.85,1390,"Arts & Letters",0,0,NA
7777,3,6,"F",0,0,3.75,1180,"Business & Economics",1,0,NA
7778,6,6,"F",1,0,3.14,830,"Math & Science",0,0,NA
7779,7,7,"M",1,0,4.3,1440,"Business & Economics",1,0,NA
7780,3,4,"F",1,0,3.72,1290,"Arts & Letters",0,0,NA
7781,1,3,"F",0,1,3.82,1070,"Math & Science",1,0,NA
7782,6,6,"F",1,0,4.04,1270,"Business & Economics",1,0,NA
7783,2,3,"F",0,0,3.38,800,"Arts & Letters",0,0,NA
7784,6,4,"F",1,0,3.91,1310,"Arts & Letters",0,0,NA
7785,3,3,"F",0,0,2.81,940,"Business & Economics",0,0,NA
7786,7,4,"F",1,0,4.15,1130,"Math & Science",0,0,NA
7787,7,5,"F",1,0,3.95,1170,"Math & Science",0,0,NA
7788,2,2,"F",0,0,3.17,750,"Math & Science",0,0,NA
7789,7,4,"F",1,0,3.24,850,"Math & Science",0,0,NA
7790,6,6,"F",1,0,2.95,1030,"Arts & Letters",0,0,NA
7791,7,6,"F",1,0,4.36,1380,"Math & Science",1,0,NA
7792,7,7,"F",1,0,4.17,1350,"Arts & Letters",1,0,NA
7793,5,5,"F",1,0,4.23,1210,"Math & Science",0,0,NA
7794,7,6,"F",0,1,4.12,1320,"Math & Science",1,1,3.329
7795,6,3,"F",0,0,3.52,1250,"Arts & Letters",1,0,NA
7796,2,2,"F",0,1,4,1200,"Math & Science",1,0,NA
7797,6,6,"F",1,0,3.8,1190,"Business & Economics",0,0,NA
7798,3,5,"M",1,0,3.45,1290,"Business & Economics",0,0,NA
7799,6,6,"M",1,0,4.15,1350,"Arts & Letters",1,0,NA
7800,3,3,"M",1,0,3.36,1250,"Arts & Letters",0,1,2.692
7801,7,6,"M",0,1,2.8,1220,"Business & Economics",0,0,NA
7802,7,7,"M",1,0,3.12,1130,"Business & Economics",0,0,NA
7803,6,4,"F",0,1,3.29,1030,"Math & Science",0,0,NA
7804,3,3,"F",0,1,4,1340,"Business & Economics",1,0,NA
7805,6,6,"F",0,1,3.55,1270,"Arts & Letters",0,0,NA
7806,1,1,"F",0,0,3.86,860,"Arts & Letters",0,0,NA
7807,7,6,"F",1,0,4.04,1130,"Math & Science",0,0,NA
7808,4,3,"M",1,0,3.38,1120,"Math & Science",0,0,NA
7809,4,7,"F",1,0,3.92,1050,"Math & Science",0,0,NA
7810,7,7,"M",0,0,3.45,1130,"Math & Science",0,0,NA
7811,1,1,"M",0,1,3.05,1180,"Business & Economics",0,0,NA
7812,6,6,"F",1,0,4.09,1060,"Math & Science",0,0,NA
7813,1,2,"F",0,1,3.29,930,"Arts & Letters",0,0,NA
7814,7,6,"M",0,1,3.41,1430,"Business & Economics",0,0,NA
7815,6,3,"M",1,0,4.18,1390,"Business & Economics",1,0,NA
7816,7,7,"M",1,0,4.1,1110,"Business & Economics",0,0,NA
7817,5,7,"F",1,0,4.15,1250,"Arts & Letters",0,0,NA
7818,7,6,"M",0,0,3.2,1300,"Arts & Letters",0,0,NA
7819,6,5,"F",1,0,3.67,1080,"Arts & Letters",0,0,NA
7820,1,3,"M",0,0,3.32,1030,"Math & Science",0,0,NA
7821,6,7,"F",0,1,3.43,1060,"Math & Science",0,0,NA
7822,6,5,"F",1,0,4.2,1280,"Arts & Letters",1,1,3.65
7823,2,3,"F",0,1,3.52,860,"Arts & Letters",0,0,NA
7824,6,4,"M",1,0,3.5,1140,"Business & Economics",0,0,NA
7825,7,6,"M",0,1,3.86,1290,"Business & Economics",0,0,NA
7826,7,7,"F",1,0,4,1320,"Math & Science",0,0,NA
7827,7,6,"M",1,0,3.23,1100,"Math & Science",0,0,NA
7828,4,5,"M",0,0,2.7,910,"Arts & Letters",0,0,NA
7829,6,6,"M",0,1,3.68,1280,"Math & Science",0,0,NA
7830,3,5,"F",1,0,2.95,1150,"Arts & Letters",0,0,NA
7831,6,6,"F",1,0,3.67,1130,"Math & Science",0,0,NA
7832,6,6,"M",1,0,3.19,1280,"Math & Science",0,0,NA
7833,6,6,"F",1,0,3.62,1090,"Math & Science",0,0,NA
7834,6,6,"F",1,0,3.55,920,"Math & Science",0,0,NA
7835,2,7,"F",0,0,3.28,1030,"Math & Science",0,0,NA
7836,4,6,"M",1,0,3.32,1210,"Business & Economics",0,0,NA
7837,6,6,"F",1,0,3.73,1170,"Math & Science",0,0,NA
7838,6,6,"F",0,1,3.9,1450,"Math & Science",1,0,NA
7839,4,4,"F",0,0,3.58,1060,"Arts & Letters",0,0,NA
7840,4,2,"F",0,0,3.85,810,"Math & Science",0,0,NA
7841,2,2,"F",0,0,2.95,830,"Math & Science",0,0,NA
7842,1,3,"F",0,1,3.79,1190,"Business & Economics",1,0,NA
7843,3,6,"F",0,0,3.55,1330,"Arts & Letters",1,0,NA
7844,3,6,"M",0,1,3.5,1000,"Math & Science",0,0,NA
7845,6,6,"F",1,0,3.81,1140,"Arts & Letters",0,0,NA
7846,7,7,"M",0,0,3.32,1300,"Arts & Letters",0,0,NA
7847,7,6,"F",0,1,3.89,1420,"Arts & Letters",0,0,NA
7848,6,2,"M",1,0,3.71,1380,"Math & Science",1,0,NA
7849,4,4,"F",0,0,4.27,1380,"Math & Science",1,0,NA
7850,7,6,"F",0,1,4.14,1210,"Arts & Letters",0,0,NA
7851,6,6,"M",0,1,3.95,1080,"Math & Science",0,0,NA
7852,7,7,"M",1,0,3.86,1410,"Business & Economics",1,0,NA
7853,2,4,"M",0,0,3.42,890,"Math & Science",0,0,NA
7854,6,6,"F",0,1,4.33,1370,"Math & Science",1,0,NA
7855,6,6,"M",1,0,2.56,930,"Arts & Letters",0,0,NA
7856,6,6,"F",1,0,4.04,1490,"Math & Science",1,0,NA
7857,7,7,"M",1,0,3.4,1140,"Arts & Letters",0,0,NA
7858,7,6,"F",1,0,3.77,1230,"Math & Science",0,0,NA
7859,7,7,"F",1,0,3.97,1190,"Arts & Letters",1,0,NA
7860,7,4,"F",0,1,2.79,1080,"Math & Science",0,0,NA
7861,3,3,"F",0,0,3.53,950,"Math & Science",0,0,NA
7862,7,6,"M",0,0,3.32,1320,"Arts & Letters",0,0,NA
7863,7,6,"F",1,0,3.45,1190,"Arts & Letters",0,0,NA
7864,3,4,"M",1,0,2.6,1100,"Arts & Letters",0,0,NA
7865,3,1,"F",0,1,3.61,830,"Business & Economics",0,0,NA
7866,3,3,"F",0,0,3.11,930,"Arts & Letters",0,0,NA
7867,1,1,"M",0,0,3.28,780,"Arts & Letters",0,0,NA
7868,3,4,"M",1,0,3.78,990,"Business & Economics",0,0,NA
7869,6,6,"F",1,0,3.17,860,"Arts & Letters",0,0,NA
7870,1,1,"M",0,0,3.7,940,"Math & Science",0,0,NA
7871,7,6,"F",1,0,4.32,1410,"Math & Science",1,0,NA
7872,6,4,"F",0,0,4.15,1020,"Math & Science",0,0,NA
7873,5,3,"M",1,0,3.75,1300,"Business & Economics",1,1,3.108
7874,7,3,"F",0,0,3.8,1130,"Arts & Letters",0,0,NA
7875,4,4,"F",0,0,3.44,1310,"Math & Science",0,0,NA
7876,6,6,"F",1,0,3.77,1380,"Arts & Letters",0,0,NA
7877,3,4,"F",0,0,3.05,1050,"Arts & Letters",0,0,NA
7878,6,4,"M",0,0,3.12,1020,"Business & Economics",0,0,NA
7879,6,5,"M",1,0,3.95,1220,"Math & Science",0,0,NA
7880,2,2,"F",0,0,4.36,1170,"Arts & Letters",1,0,NA
7881,4,4,"F",0,0,3.6,1200,"Arts & Letters",1,0,NA
7882,3,3,"F",0,0,3.72,1030,"Arts & Letters",0,0,NA
7883,5,6,"M",1,0,3.48,1160,"Business & Economics",0,0,NA
7884,6,6,"F",0,0,3.23,960,"Arts & Letters",0,0,NA
7885,2,2,"M",0,0,2.75,810,"Math & Science",0,0,NA
7886,6,6,"F",1,0,3.69,1270,"Math & Science",1,0,NA
7887,7,6,"F",1,0,3.65,1370,"Arts & Letters",1,0,NA
7888,3,5,"F",0,0,3.05,1020,"Arts & Letters",0,0,NA
7889,6,6,"M",1,0,4,1250,"Business & Economics",1,1,3.126
7890,3,1,"M",0,0,3.22,1040,"Math & Science",0,0,NA
7891,6,6,"M",1,0,3.82,1170,"Business & Economics",1,0,NA
7892,6,6,"F",1,0,2.77,910,"Arts & Letters",0,0,NA
7893,6,6,"M",1,0,3.68,1160,"Business & Economics",1,1,3.052
7894,2,1,"M",0,0,4.15,1200,"Math & Science",1,0,NA
7895,6,6,"F",1,0,3.76,1210,"Math & Science",1,0,NA
7896,6,6,"M",1,0,3.32,820,"Arts & Letters",0,0,NA
7897,4,6,"M",1,0,3.59,1140,"Arts & Letters",0,0,NA
7898,3,6,"F",1,0,4.19,1430,"Arts & Letters",1,0,NA
7899,6,6,"F",1,0,4.04,1300,"Arts & Letters",1,0,NA
7900,6,3,"M",1,0,3.06,1130,"Business & Economics",0,0,NA
7901,5,6,"M",1,0,3.36,1140,"Arts & Letters",0,0,NA
7902,7,7,"F",1,0,3.38,1180,"Arts & Letters",0,0,NA
7903,4,6,"M",0,0,3.53,1020,"Math & Science",0,0,NA
7904,1,1,"F",0,0,3.44,930,"Math & Science",1,1,1.129
7905,4,5,"F",1,0,3.86,1200,"Math & Science",0,0,NA
7906,7,7,"F",1,0,2.8,1400,"Arts & Letters",0,0,NA
7907,4,6,"F",1,0,3.29,1040,"Math & Science",0,0,NA
7908,5,7,"F",1,0,3.25,1080,"Arts & Letters",0,0,NA
7909,6,6,"F",1,0,3.75,1190,"Arts & Letters",0,0,NA
7910,4,6,"F",1,0,3.96,1230,"Arts & Letters",0,0,NA
7911,6,5,"M",1,0,3.85,1120,"Math & Science",0,0,NA
7912,3,3,"F",0,1,2.15,950,"Arts & Letters",0,0,NA
7913,3,6,"M",1,0,3.5,990,"Math & Science",0,0,NA
7914,6,6,"F",1,0,3.56,1220,"Arts & Letters",1,1,2.506
7915,7,6,"F",1,0,3.5,1260,"Math & Science",1,1,3.138
7916,7,4,"M",1,0,3.55,1480,"Arts & Letters",0,0,NA
7917,4,3,"F",0,0,3.33,1050,"Math & Science",0,0,NA
7918,4,4,"F",1,0,3.45,1060,"Arts & Letters",0,0,NA
7919,4,3,"F",1,0,3.05,1010,"Arts & Letters",0,0,NA
7920,6,6,"M",1,0,3.64,1120,"Math & Science",0,0,NA
7921,7,5,"M",1,0,3.72,1310,"Math & Science",1,1,3.022
7922,6,6,"F",0,1,4,1230,"Math & Science",0,0,NA
7923,7,6,"M",0,0,3.58,1250,"Arts & Letters",0,0,NA
7924,6,7,"M",1,0,3.91,1530,"Arts & Letters",1,0,NA
7925,7,5,"F",0,1,3.88,1340,"Business & Economics",1,0,NA
7926,7,7,"F",1,0,3.83,1500,"Business & Economics",1,0,NA
7927,4,6,"F",1,0,4.27,1210,"Math & Science",1,1,3.53
7928,6,6,"M",1,0,3.49,1250,"Business & Economics",0,0,NA
7929,1,2,"M",0,0,2.96,1080,"Business & Economics",0,0,NA
7930,4,7,"F",1,0,3.86,1160,"Business & Economics",0,0,NA
7931,3,3,"F",0,1,2.67,890,"Arts & Letters",0,0,NA
7932,3,3,"F",0,0,3.52,980,"Math & Science",0,0,NA
7933,1,1,"F",0,0,3.73,1170,"Math & Science",1,0,NA
7934,6,5,"M",0,1,3.88,1320,"Math & Science",1,0,NA
7935,7,4,"M",0,1,3.71,1270,"Arts & Letters",1,0,NA
7936,7,7,"M",0,0,3.5,1420,"Math & Science",1,0,NA
7937,6,5,"F",1,0,3.36,980,"Business & Economics",0,0,NA
7938,3,3,"F",0,1,4.14,1340,"Math & Science",1,0,NA
7939,6,5,"M",0,0,2.58,770,"Math & Science",0,0,NA
7940,7,7,"M",0,1,3,1160,"Math & Science",0,0,NA
7941,1,1,"M",0,0,3.5,1160,"Arts & Letters",1,0,NA
7942,1,3,"F",0,0,3.06,810,"Arts & Letters",0,0,NA
7943,7,6,"M",1,0,4.13,1350,"Business & Economics",1,0,NA
7944,6,7,"F",1,0,3.04,970,"Math & Science",0,0,NA
7945,6,7,"F",1,0,3.15,910,"Math & Science",0,0,NA
7946,4,3,"F",1,0,3.27,1110,"Business & Economics",0,0,NA
7947,1,1,"M",0,0,3.45,900,"Math & Science",0,0,NA
7948,7,6,"M",1,0,3.25,1240,"Math & Science",0,0,NA
7949,5,5,"M",1,0,3.85,1180,"Math & Science",0,0,NA
7950,7,7,"M",1,0,3.25,1110,"Business & Economics",0,0,NA
7951,1,6,"F",0,0,3.88,830,"Arts & Letters",0,0,NA
7952,2,2,"F",0,0,3.67,890,"Arts & Letters",0,0,NA
7953,7,4,"M",0,0,3.04,910,"Arts & Letters",0,0,NA
7954,6,6,"M",0,1,3.38,1190,"Business & Economics",0,0,NA
7955,6,6,"M",1,0,2.86,1420,"Arts & Letters",1,1,2.944
7956,7,7,"F",1,0,2.91,1050,"Arts & Letters",0,0,NA
7957,6,5,"M",1,0,3.1,1070,"Math & Science",0,0,NA
7958,6,6,"M",1,0,4.12,1190,"Arts & Letters",0,0,NA
7959,3,3,"F",0,0,3.5,1360,"Arts & Letters",1,0,NA
7960,7,4,"M",0,0,2.83,1100,"Arts & Letters",0,0,NA
7961,6,2,"M",0,0,3.96,1010,"Business & Economics",0,0,NA
7962,6,4,"F",1,0,4.15,1390,"Math & Science",1,1,3.58
7963,6,5,"M",0,0,2.67,1140,"Arts & Letters",0,0,NA
7964,3,3,"F",1,0,3.5,950,"Arts & Letters",0,0,NA
7965,7,7,"F",1,0,3.13,1350,"Arts & Letters",0,1,2.702
7966,7,6,"M",1,0,3.59,1440,"Business & Economics",0,0,NA
7967,3,3,"F",1,0,3.57,1200,"Business & Economics",0,0,NA
7968,7,6,"F",1,0,4.21,1450,"Arts & Letters",1,0,NA
7969,7,6,"F",0,0,3.86,1530,"Arts & Letters",1,0,NA
7970,6,4,"M",1,0,3.6,1250,"Math & Science",0,0,NA
7971,3,4,"M",1,0,3.46,1040,"Business & Economics",0,1,2.85
7972,6,7,"F",0,0,3.6,1280,"Arts & Letters",0,0,NA
7973,7,7,"F",1,0,3.45,1020,"Arts & Letters",0,0,NA
7974,4,7,"M",1,0,3.96,1290,"Math & Science",0,0,NA
7975,7,4,"F",1,0,3.75,1200,"Math & Science",0,0,NA
7976,5,3,"M",1,0,3.25,1180,"Math & Science",0,0,NA
7977,6,6,"F",0,1,3.66,1230,"Arts & Letters",0,0,NA
7978,6,6,"F",1,0,3.79,1340,"Arts & Letters",1,0,NA
7979,3,5,"F",0,0,3.35,1130,"Math & Science",0,0,NA
7980,7,7,"M",1,0,3.3,1390,"Math & Science",0,0,NA
7981,3,3,"F",0,1,3.73,1200,"Math & Science",0,0,NA
7982,5,7,"F",0,1,3.62,1170,"Arts & Letters",0,0,NA
7983,4,4,"F",1,0,3.25,1210,"Arts & Letters",0,0,NA
7984,4,4,"M",0,0,3,870,"Arts & Letters",0,0,NA
7985,3,3,"F",1,0,3.65,1080,"Math & Science",0,0,NA
7986,7,6,"F",1,0,3.5,1140,"Arts & Letters",0,0,NA
7987,3,6,"F",1,0,3.73,1190,"Business & Economics",1,1,3.3
7988,3,6,"M",1,0,3.48,950,"Math & Science",0,0,NA
7989,5,2,"F",0,0,3.82,890,"Business & Economics",0,0,NA
7990,6,7,"F",1,0,4.27,1420,"Arts & Letters",1,0,NA
7991,1,1,"F",0,0,2.68,880,"Arts & Letters",0,0,NA
7992,7,2,"F",0,0,4.04,830,"Math & Science",0,0,NA
7993,4,4,"F",0,0,3.1,960,"Math & Science",0,0,NA
7994,6,1,"M",0,1,3.77,1050,"Arts & Letters",0,0,NA
7995,6,6,"F",1,0,4,1280,"Math & Science",0,0,NA
7996,7,6,"F",0,1,3.86,1200,"Arts & Letters",0,0,NA
7997,7,5,"F",1,0,3.38,1110,"Business & Economics",0,0,NA
7998,2,2,"F",0,1,3.73,1080,"Math & Science",1,0,NA
7999,5,6,"M",1,0,3.71,1170,"Business & Economics",0,0,NA
8000,7,6,"M",1,0,4.12,1350,"Math & Science",1,0,NA
8001,1,1,"F",0,0,3.57,920,"Arts & Letters",0,0,NA
8002,2,2,"F",0,1,3.88,970,"Math & Science",0,0,NA
8003,7,6,"M",0,1,3.96,1390,"Math & Science",1,0,NA
8004,6,4,"M",0,0,3.08,1140,"Arts & Letters",0,0,NA
8005,6,6,"M",0,0,3.39,1220,"Math & Science",0,0,NA
8006,6,7,"M",0,1,3.43,1190,"Math & Science",0,0,NA
8007,7,7,"F",1,0,3.38,1180,"Arts & Letters",0,0,NA
8008,6,6,"M",0,1,4,960,"Math & Science",0,0,NA
8009,3,3,"F",0,0,3.91,750,"Business & Economics",0,0,NA
8010,4,2,"F",1,0,2.88,810,"Arts & Letters",0,0,NA
8011,7,5,"F",1,0,3.23,950,"Arts & Letters",0,0,NA
8012,1,1,"F",0,0,3.71,1050,"Math & Science",1,0,NA
8013,3,3,"M",0,0,3.91,1060,"Arts & Letters",1,0,NA
8014,7,4,"F",1,0,3.91,1530,"Business & Economics",1,1,3.959
8015,3,3,"F",0,0,2.32,740,"Math & Science",0,0,NA
8016,7,7,"F",1,0,4.04,1200,"Math & Science",1,0,NA
8017,4,6,"F",1,0,4.12,1100,"Math & Science",0,0,NA
8018,2,1,"F",0,0,3.25,860,"Arts & Letters",0,0,NA
8019,1,1,"F",0,0,3.86,750,"Business & Economics",1,0,NA
8020,3,3,"F",0,0,4.05,1280,"Arts & Letters",1,0,NA
8021,3,3,"M",0,0,3.61,950,"Business & Economics",0,0,NA
8022,7,6,"M",1,0,3.5,1150,"Arts & Letters",0,0,NA
8023,2,2,"F",0,0,3.68,890,"Math & Science",1,0,NA
8024,6,6,"M",1,0,3.82,1160,"Arts & Letters",1,0,NA
8025,3,6,"M",1,0,3.95,1220,"Arts & Letters",0,0,NA
8026,6,6,"F",1,0,4.4,1450,"Arts & Letters",1,0,NA
8027,1,1,"F",0,0,3.83,840,"Arts & Letters",0,0,NA
8028,6,6,"F",1,0,3.43,940,"Arts & Letters",0,0,NA
8029,7,6,"F",0,0,3.38,1250,"Arts & Letters",0,0,NA
8030,7,7,"F",1,0,3.32,1210,"Arts & Letters",1,1,3.116
8031,6,6,"M",1,0,3.08,1320,"Arts & Letters",0,0,NA
8032,4,3,"M",1,0,3.7,1410,"Business & Economics",1,0,NA
8033,2,2,"M",0,0,3.4,900,"Math & Science",0,0,NA
8034,1,1,"F",0,1,3.8,1080,"Business & Economics",0,0,NA
8035,5,3,"F",0,1,3.64,1040,"Math & Science",0,0,NA
8036,3,3,"F",0,1,4.2,1040,"Business & Economics",1,0,NA
8037,6,6,"F",1,0,3.65,1280,"Arts & Letters",0,0,NA
8038,4,7,"M",1,0,3.09,1090,"Business & Economics",0,0,NA
8039,6,3,"F",1,0,3.86,1200,"Math & Science",0,0,NA
8040,7,7,"F",1,0,3.88,1280,"Arts & Letters",0,0,NA
8041,7,7,"M",1,0,4.2,1310,"Math & Science",1,0,NA
8042,6,6,"M",0,1,3.68,1320,"Arts & Letters",1,0,NA
8043,6,3,"F",1,0,3.37,950,"Business & Economics",0,0,NA
8044,7,7,"F",1,0,3.88,1340,"Arts & Letters",1,0,NA
8045,7,7,"F",1,0,3.92,1290,"Arts & Letters",1,0,NA
8046,6,6,"M",0,1,3.5,1230,"Math & Science",0,0,NA
8047,6,7,"M",0,0,3.86,1410,"Business & Economics",1,1,3.317
8048,6,7,"M",0,0,2.91,1270,"Arts & Letters",0,0,NA
8049,4,6,"F",1,0,4.07,1380,"Arts & Letters",1,0,NA
8050,6,6,"F",1,0,4.14,1360,"Arts & Letters",1,0,NA
8051,6,7,"F",1,0,3.95,1560,"Business & Economics",1,0,NA
8052,4,7,"M",1,0,3.32,1230,"Business & Economics",0,0,NA
8053,7,6,"F",1,0,3.95,1290,"Arts & Letters",0,0,NA
8054,7,7,"M",1,0,3.56,1360,"Arts & Letters",0,0,NA
8055,6,6,"F",0,0,4.33,1440,"Math & Science",1,0,NA
8056,7,6,"F",1,0,3.56,1170,"Arts & Letters",0,0,NA
8057,7,4,"F",1,0,3.64,1200,"Math & Science",0,0,NA
8058,7,7,"F",1,0,4.3,1330,"Math & Science",1,0,NA
8059,4,3,"F",1,0,3.53,980,"Business & Economics",0,0,NA
8060,4,7,"F",1,0,3.39,1320,"Business & Economics",0,0,NA
8061,4,4,"F",1,0,3.95,1120,"Math & Science",0,0,NA
8062,5,6,"F",1,0,3.05,1170,"Arts & Letters",0,0,NA
8063,6,7,"F",1,0,3.73,1260,"Arts & Letters",1,0,NA
8064,7,6,"F",1,0,4.09,1510,"Arts & Letters",1,0,NA
8065,6,6,"M",1,0,3.55,1240,"Arts & Letters",0,0,NA
8066,7,6,"F",1,0,3.25,1140,"Arts & Letters",0,0,NA
8067,7,7,"F",1,0,3.73,1230,"Math & Science",0,0,NA
8068,7,4,"M",1,0,3.54,1380,"Arts & Letters",1,0,NA
8069,6,6,"F",1,0,2.82,1220,"Arts & Letters",0,0,NA
8070,3,5,"F",1,0,3.35,1060,"Arts & Letters",0,0,NA
8071,3,7,"M",1,0,3.23,1210,"Math & Science",0,0,NA
8072,7,7,"F",0,1,3.82,1370,"Arts & Letters",0,0,NA
8073,7,6,"F",1,0,3.79,1420,"Business & Economics",1,0,NA
8074,6,5,"M",0,1,3,1140,"Math & Science",0,0,NA
8075,7,6,"F",1,0,4.27,1450,"Business & Economics",1,1,3.635
8076,6,7,"F",1,0,4.12,1390,"Business & Economics",1,0,NA
8077,6,6,"F",0,0,3.9,1270,"Arts & Letters",1,0,NA
8078,6,3,"F",1,0,3.95,1410,"Business & Economics",0,0,NA
8079,3,6,"F",0,1,3.75,1170,"Arts & Letters",1,1,3.23
8080,4,6,"M",1,0,3.36,1090,"Math & Science",0,0,NA
8081,7,6,"M",0,0,2.79,1170,"Math & Science",0,0,NA
8082,4,5,"F",1,0,3.88,1500,"Arts & Letters",0,0,NA
8083,6,5,"M",1,0,4.14,1430,"Math & Science",1,0,NA
8084,7,6,"F",1,0,3.85,1430,"Math & Science",1,0,NA
8085,6,6,"M",1,0,2.8,880,"Arts & Letters",0,0,NA
8086,7,7,"F",1,0,3.73,1320,"Arts & Letters",0,0,NA
8087,6,6,"M",1,0,3.11,1270,"Business & Economics",0,0,NA
8088,4,6,"F",1,0,3.68,1120,"Business & Economics",0,0,NA
8089,3,4,"F",0,0,3.12,1110,"Arts & Letters",0,0,NA
8090,7,7,"M",0,1,3.75,1520,"Math & Science",1,0,NA
8091,4,6,"M",1,0,3.6,1230,"Business & Economics",1,1,2.612
8092,4,7,"F",1,0,3.26,1080,"Arts & Letters",0,0,NA
8093,7,7,"M",1,0,3.05,1330,"Business & Economics",0,0,NA
8094,7,6,"M",1,0,4.38,1560,"Math & Science",1,0,NA
8095,6,6,"M",1,0,3.05,1280,"Arts & Letters",1,0,NA
8096,7,5,"M",0,0,3.85,1170,"Math & Science",1,0,NA
8097,7,6,"F",1,0,3.55,1350,"Arts & Letters",0,0,NA
8098,3,3,"F",1,0,4.25,1360,"Arts & Letters",1,0,NA
8099,7,6,"F",0,1,4,1190,"Math & Science",1,0,NA
8100,6,6,"F",0,0,3.72,1420,"Math & Science",1,0,NA
8101,7,6,"F",1,0,3.9,1380,"Math & Science",1,0,NA
8102,6,7,"M",1,0,3.92,1540,"Business & Economics",1,0,NA
8103,4,6,"F",1,0,3.77,1260,"Math & Science",1,1,3.211
8104,7,7,"M",1,0,2.75,1440,"Math & Science",0,0,NA
8105,7,7,"M",1,0,4.05,1240,"Arts & Letters",0,0,NA
8106,4,4,"M",1,0,3.05,1370,"Arts & Letters",0,0,NA
8107,7,7,"F",0,0,3.4,1260,"Math & Science",1,1,2.744
8108,4,4,"F",1,0,3.71,1090,"Math & Science",0,0,NA
8109,7,7,"M",0,0,3.67,1070,"Arts & Letters",1,1,2.79
8110,7,6,"F",1,0,4.3,1480,"Arts & Letters",1,0,NA
8111,5,4,"M",1,0,3.62,1080,"Math & Science",0,0,NA
8112,6,4,"M",0,1,2.96,1250,"Business & Economics",0,0,NA
8113,6,6,"F",1,0,3.75,1100,"Arts & Letters",1,0,NA
8114,7,6,"M",1,0,3.42,1150,"Business & Economics",0,0,NA
8115,4,4,"F",1,0,3.96,1260,"Math & Science",0,0,NA
8116,6,6,"F",0,0,4.23,1240,"Math & Science",0,0,NA
8117,3,3,"F",1,0,3.67,1120,"Arts & Letters",0,0,NA
8118,3,6,"F",0,0,3.55,1090,"Business & Economics",1,1,3.026
8119,2,3,"M",0,0,3.14,810,"Arts & Letters",0,0,NA
8120,7,6,"F",1,0,3.89,1220,"Business & Economics",1,0,NA
8121,7,4,"M",1,0,3.71,1490,"Business & Economics",1,0,NA
8122,3,3,"M",0,0,3.67,900,"Math & Science",0,0,NA
8123,6,6,"F",1,0,3.41,1240,"Arts & Letters",0,0,NA
8124,2,2,"M",0,0,3.25,950,"Math & Science",0,0,NA
8125,6,4,"M",0,0,3.95,1160,"Business & Economics",0,0,NA
8126,7,7,"F",1,0,4.08,1170,"Business & Economics",1,1,3.209
8127,6,5,"F",1,0,4.22,1300,"Math & Science",1,0,NA
8128,3,7,"F",1,0,3.62,1260,"Arts & Letters",0,0,NA
8129,4,4,"M",1,0,3.04,1060,"Arts & Letters",0,0,NA
8130,4,4,"F",1,0,3.7,1340,"Math & Science",0,0,NA
8131,5,7,"F",1,0,3.96,1270,"Math & Science",1,1,3.682
8132,6,6,"F",0,0,3.68,1290,"Math & Science",0,0,NA
8133,7,7,"F",1,0,4.18,1260,"Business & Economics",1,1,3.532
8134,4,4,"F",0,0,3.73,1230,"Business & Economics",1,1,3.314
8135,4,6,"M",1,0,3.74,1330,"Arts & Letters",0,0,NA
8136,5,5,"M",1,0,3.65,1180,"Business & Economics",0,0,NA
8137,3,3,"M",1,0,3.63,1220,"Arts & Letters",0,0,NA
8138,3,6,"F",1,0,4.05,1140,"Business & Economics",1,0,NA
8139,4,6,"F",1,0,3.83,1250,"Business & Economics",0,0,NA
8140,4,4,"F",0,0,4.36,1270,"Business & Economics",1,0,NA
8141,4,5,"M",1,0,3.5,1150,"Business & Economics",0,0,NA
8142,3,3,"M",0,0,3.19,1160,"Business & Economics",0,0,NA
8143,6,6,"M",1,0,3.55,1110,"Business & Economics",0,0,NA
8144,7,7,"F",0,0,3.75,1190,"Business & Economics",0,0,NA
8145,7,7,"F",1,0,3.67,1190,"Arts & Letters",1,0,NA
8146,3,3,"F",0,1,3.36,1010,"Arts & Letters",0,0,NA
8147,6,4,"M",1,0,3.19,1180,"Business & Economics",0,0,NA
8148,7,6,"F",1,0,3.65,1270,"Business & Economics",0,1,3.45
8149,6,4,"M",1,0,3.84,1290,"Math & Science",0,0,NA
8150,7,7,"M",0,0,2.63,1090,"Math & Science",0,0,NA
8151,7,7,"F",0,1,3.87,1370,"Arts & Letters",1,0,NA
8152,6,7,"F",0,0,3.72,1240,"Arts & Letters",1,1,3.026
8153,7,7,"M",0,0,4.14,1530,"Math & Science",1,0,NA
8154,6,6,"M",1,0,3.59,1470,"Math & Science",1,1,3.678
8155,7,5,"M",0,0,3.5,1090,"Arts & Letters",0,0,NA
8156,7,4,"F",1,0,3.56,1080,"Arts & Letters",0,0,NA
8157,4,7,"M",1,0,3.85,1030,"Business & Economics",0,0,NA
8158,6,5,"F",0,1,4,1090,"Business & Economics",0,0,NA
8159,6,3,"M",1,0,3.6,1120,"Business & Economics",0,0,NA
8160,3,5,"F",0,0,3.67,990,"Math & Science",1,0,NA
8161,6,3,"M",1,0,2.64,1140,"Math & Science",0,0,NA
8162,6,6,"F",1,0,4.32,1420,"Business & Economics",1,0,NA
8163,6,4,"M",1,0,4.08,1420,"Arts & Letters",0,0,NA
8164,4,7,"F",1,0,4.18,1360,"Arts & Letters",1,0,NA
8165,3,7,"F",0,0,3.09,1290,"Math & Science",0,0,NA
8166,6,4,"F",1,0,4.14,1440,"Math & Science",1,0,NA
8167,3,3,"F",0,0,3.73,1140,"Arts & Letters",0,0,NA
8168,7,7,"M",0,1,3.11,1080,"Arts & Letters",0,0,NA
8169,7,6,"M",0,1,3.67,1190,"Math & Science",0,0,NA
8170,4,7,"M",1,0,4.14,1170,"Business & Economics",1,0,NA
8171,5,7,"M",1,0,3.45,1060,"Arts & Letters",0,0,NA
8172,7,4,"F",0,0,3.64,1050,"Math & Science",0,0,NA
8173,2,3,"F",0,0,3.7,1220,"Arts & Letters",1,0,NA
8174,4,3,"F",0,0,4.14,1180,"Arts & Letters",1,1,3.397
8175,6,6,"M",1,0,3.46,1200,"Business & Economics",0,0,NA
8176,7,6,"M",1,0,4.25,1450,"Math & Science",1,0,NA
8177,7,7,"M",0,0,3.55,1370,"Math & Science",0,0,NA
8178,7,6,"M",0,1,3.88,1430,"Math & Science",1,0,NA
8179,7,7,"F",1,0,3.55,1260,"Arts & Letters",0,0,NA
8180,6,6,"M",0,1,2.45,990,"Business & Economics",0,0,NA
8181,6,5,"M",1,0,3.05,1010,"Business & Economics",0,0,NA
8182,6,5,"F",0,0,3.55,1250,"Arts & Letters",0,0,NA
8183,7,7,"F",1,0,4.29,1300,"Business & Economics",1,0,NA
8184,3,6,"F",0,0,3.2,1030,"Arts & Letters",0,0,NA
8185,7,4,"F",0,0,4.2,1500,"Business & Economics",1,0,NA
8186,4,5,"F",1,0,3.6,1220,"Math & Science",0,0,NA
8187,7,6,"F",1,0,4.38,1370,"Arts & Letters",1,0,NA
8188,7,6,"M",0,1,3.68,1260,"Math & Science",0,0,NA
8189,7,7,"F",1,0,3.77,1050,"Arts & Letters",0,0,NA
8190,6,5,"M",1,0,3.96,1450,"Business & Economics",1,0,NA
8191,5,6,"M",0,1,3.96,1230,"Business & Economics",1,0,NA
8192,2,3,"M",0,0,3.33,1000,"Arts & Letters",0,0,NA
8193,6,6,"F",1,0,3.5,1030,"Math & Science",0,0,NA
8194,4,7,"F",1,0,3.79,1200,"Arts & Letters",0,1,3.166
8195,1,3,"F",0,0,2.95,1080,"Arts & Letters",0,0,NA
8196,2,1,"F",0,0,3.55,880,"Math & Science",0,0,NA
8197,3,4,"F",0,0,3.47,1010,"Math & Science",1,0,NA
8198,7,6,"F",1,0,2.95,1130,"Arts & Letters",0,0,NA
8199,6,6,"M",1,0,3.77,1230,"Math & Science",0,0,NA
8200,7,6,"F",0,1,4.3,1240,"Arts & Letters",0,0,NA
8201,3,3,"M",1,0,3.78,1270,"Math & Science",1,0,NA
8202,7,6,"F",1,0,3.64,1230,"Math & Science",0,0,NA
8203,7,3,"F",0,0,3,1070,"Arts & Letters",0,0,NA
8204,5,2,"F",1,0,4.04,1240,"Business & Economics",1,0,NA
8205,2,1,"F",0,1,3.25,930,"Math & Science",0,0,NA
8206,3,3,"F",1,0,3.2,1330,"Arts & Letters",0,0,NA
8207,4,4,"F",0,0,3.55,1180,"Arts & Letters",1,1,3.35
8208,6,6,"F",1,0,3.92,1300,"Math & Science",1,0,NA
8209,6,6,"F",1,0,3.91,1320,"Arts & Letters",0,0,NA
8210,6,7,"F",1,0,3.85,1300,"Business & Economics",0,0,NA
8211,7,7,"M",1,0,3.27,1330,"Math & Science",0,0,NA
8212,7,7,"M",1,0,3.89,1420,"Math & Science",0,0,NA
8213,7,7,"M",1,0,3.35,1280,"Arts & Letters",0,0,NA
8214,7,6,"F",1,0,3.86,1310,"Math & Science",1,0,NA
8215,6,6,"F",1,0,3.4,1130,"Arts & Letters",0,0,NA
8216,3,3,"M",0,0,3.59,1090,"Math & Science",0,0,NA
8217,7,6,"M",1,0,3.68,1230,"Math & Science",0,0,NA
8218,6,6,"M",1,0,3.33,1210,"Arts & Letters",1,1,2.522
8219,1,4,"F",0,0,3.88,1230,"Arts & Letters",1,1,2.757
8220,6,7,"F",1,0,3.95,1050,"Math & Science",0,0,NA
8221,6,7,"M",0,0,3.82,1350,"Business & Economics",1,0,NA
8222,7,3,"M",1,0,3.96,910,"Math & Science",0,0,NA
8223,3,6,"F",0,0,3.75,1070,"Math & Science",0,0,NA
8224,6,7,"M",1,0,4.21,1340,"Math & Science",1,0,NA
8225,4,4,"F",1,0,3.95,1200,"Business & Economics",0,0,NA
8226,6,6,"F",1,0,3.05,1120,"Arts & Letters",0,0,NA
8227,6,6,"F",0,0,4.2,1450,"Business & Economics",1,0,NA
8228,4,4,"F",1,0,3.73,990,"Math & Science",0,0,NA
8229,7,6,"M",1,0,3.73,1530,"Math & Science",1,1,3.295
8230,4,6,"F",1,0,4.28,1430,"Business & Economics",1,0,NA
8231,6,4,"M",0,0,3.94,1230,"Math & Science",1,0,NA
8232,1,1,"M",0,0,3.78,970,"Arts & Letters",0,0,NA
8233,6,6,"F",1,0,3.58,1290,"Business & Economics",0,0,NA
8234,5,7,"F",1,0,3.38,950,"Math & Science",0,0,NA
8235,6,7,"M",1,0,4.2,1300,"Math & Science",1,0,NA
8236,7,7,"M",1,0,4.14,1300,"Math & Science",0,0,NA
8237,6,6,"M",1,0,3.19,1230,"Math & Science",0,0,NA
8238,1,1,"M",0,0,3.95,950,"Arts & Letters",0,0,NA
8239,4,6,"M",1,0,3.32,1140,"Arts & Letters",0,1,3.005
8240,6,7,"F",1,0,4,1030,"Arts & Letters",0,0,NA
8241,4,6,"M",1,0,4.05,1270,"Business & Economics",1,0,NA
8242,7,6,"F",0,0,3.28,1010,"Math & Science",0,0,NA
8243,4,4,"F",1,0,4.33,1290,"Arts & Letters",1,0,NA
8244,7,6,"M",0,0,3,1210,"Math & Science",0,0,NA
8245,7,6,"F",1,0,0,790,"Business & Economics",0,0,NA
8246,3,3,"M",0,0,2.22,1200,"Math & Science",0,0,NA
8247,6,7,"F",1,0,3.76,1110,"Business & Economics",1,0,NA
8248,6,4,"M",1,0,4,1270,"Math & Science",0,0,NA
8249,6,6,"M",1,0,3.5,1350,"Math & Science",0,0,NA
8250,7,6,"M",0,0,4.25,1430,"Math & Science",1,0,NA
8251,4,4,"F",1,0,4,1340,"Math & Science",1,0,NA
8252,7,6,"M",0,0,3.23,1160,"Arts & Letters",0,0,NA
8253,4,4,"F",1,0,4.15,1210,"Math & Science",0,0,NA
8254,6,7,"F",0,0,4.14,1430,"Arts & Letters",0,1,3.597
8255,2,4,"M",0,0,2.9,900,"Math & Science",0,0,NA
8256,7,7,"M",1,0,3.3,1020,"Business & Economics",0,0,NA
8257,6,6,"F",1,0,4.2,1310,"Arts & Letters",0,0,NA
8258,1,1,"F",0,0,2.23,860,"Arts & Letters",0,0,NA
8259,7,3,"F",0,0,3.08,1240,"Math & Science",0,0,NA
8260,6,3,"F",0,0,3.77,1360,"Arts & Letters",0,0,NA
8261,4,4,"M",1,0,3.86,1340,"Math & Science",1,0,NA
8262,7,7,"F",0,0,3.88,1090,"Arts & Letters",0,0,NA
8263,6,3,"F",0,0,4.28,1380,"Business & Economics",1,0,NA
8264,7,6,"M",1,0,3.44,1110,"Arts & Letters",1,1,3.179
8265,3,3,"F",0,1,3.95,1100,"Math & Science",1,1,2.572
8266,6,7,"F",1,0,3.44,1060,"Arts & Letters",0,0,NA
8267,6,3,"M",1,0,4.36,1430,"Math & Science",1,0,NA
8268,6,6,"M",1,0,3.85,1290,"Arts & Letters",0,0,NA
8269,4,6,"F",0,0,3.74,1430,"Math & Science",0,0,NA
8270,4,4,"M",0,0,2.41,1070,"Math & Science",0,0,NA
8271,3,6,"M",1,0,2.92,1230,"Arts & Letters",0,0,NA
8272,7,6,"M",0,0,3.6,1310,"Math & Science",0,0,NA
8273,7,5,"F",1,0,3.83,1240,"Business & Economics",0,0,NA
8274,4,7,"M",1,0,4.35,1400,"Math & Science",1,0,NA
8275,6,6,"M",1,0,2.92,990,"Arts & Letters",0,0,NA
8276,6,6,"F",0,0,3.62,1280,"Math & Science",0,0,NA
8277,6,7,"M",1,0,2.44,970,"Arts & Letters",0,0,NA
8278,4,6,"F",1,0,3.5,1150,"Arts & Letters",0,0,NA
8279,6,7,"M",0,0,2.75,1080,"Math & Science",0,0,NA
8280,1,1,"M",0,0,2.93,680,"Math & Science",0,0,NA
8281,6,6,"F",1,0,3.96,1190,"Arts & Letters",0,0,NA
8282,5,6,"M",1,0,3.59,1390,"Math & Science",0,0,NA
8283,5,5,"F",1,0,4.08,1200,"Business & Economics",1,0,NA
8284,6,6,"M",1,0,3.92,1130,"Business & Economics",1,0,NA
8285,6,4,"F",1,0,3.77,1150,"Math & Science",1,0,NA
8286,6,6,"F",1,0,4.3,1120,"Arts & Letters",0,0,NA
8287,7,7,"F",1,0,3.67,1270,"Math & Science",0,0,NA
8288,6,4,"F",1,0,3.09,960,"Math & Science",0,0,NA
8289,6,7,"F",1,0,3.18,1290,"Arts & Letters",0,0,NA
8290,6,6,"F",0,0,4.32,1500,"Math & Science",1,0,NA
8291,2,6,"M",0,1,3.2,1140,"Business & Economics",1,1,3.057
8292,6,6,"M",0,1,3.77,1100,"Business & Economics",0,0,NA
8293,3,3,"M",0,0,3.33,1200,"Business & Economics",0,0,NA
8294,4,6,"F",1,0,3.85,1250,"Arts & Letters",1,1,3.463
8295,6,6,"F",0,0,3.5,1170,"Business & Economics",0,0,NA
8296,7,7,"F",1,0,4.26,1550,"Math & Science",1,0,NA
8297,3,6,"F",1,0,4.14,1360,"Business & Economics",1,1,3.057
8298,6,7,"F",0,0,3.08,950,"Arts & Letters",0,0,NA
8299,6,6,"F",0,0,3.79,1320,"Math & Science",1,0,NA
8300,6,6,"F",1,0,3.55,1130,"Math & Science",0,0,NA
8301,6,7,"M",1,0,4.15,1120,"Math & Science",0,0,NA
8302,4,3,"F",0,0,3.34,1260,"Arts & Letters",0,0,NA
8303,7,7,"F",1,0,4.04,1420,"Arts & Letters",1,0,NA
8304,7,6,"F",1,0,4.05,940,"Math & Science",0,0,NA
8305,6,6,"F",1,0,4.04,1030,"Math & Science",0,0,NA
8306,7,6,"M",1,0,4.29,1460,"Math & Science",1,0,NA
8307,7,7,"M",1,0,3.96,1580,"Math & Science",1,0,NA
8308,6,6,"F",1,0,3.5,1060,"Arts & Letters",0,0,NA
8309,7,7,"M",1,0,4.37,1480,"Business & Economics",1,1,3
8310,7,7,"M",1,0,2.94,1180,"Arts & Letters",0,1,3.083
8311,6,4,"F",1,0,3.75,1130,"Arts & Letters",0,0,NA
8312,4,5,"F",1,0,3.29,1230,"Business & Economics",0,0,NA
8313,4,6,"M",1,0,4.17,1460,"Business & Economics",1,0,NA
8314,6,6,"F",1,0,2.92,1040,"Business & Economics",0,0,NA
8315,7,6,"F",1,0,3.85,1280,"Arts & Letters",1,0,NA
8316,7,6,"M",0,0,3.79,1390,"Math & Science",0,0,NA
8317,3,3,"F",0,1,4.18,1060,"Math & Science",1,0,NA
8318,6,6,"F",0,0,4,1270,"Math & Science",0,0,NA
8319,4,5,"F",0,0,4.1,1400,"Arts & Letters",1,0,NA
8320,7,7,"M",1,0,3.44,1240,"Business & Economics",0,0,NA
8321,4,7,"M",1,0,4.16,1260,"Business & Economics",1,0,NA
8322,7,4,"F",1,0,3.96,1400,"Arts & Letters",1,0,NA
8323,5,6,"F",1,0,3.36,1080,"Arts & Letters",1,1,3.279
8324,3,3,"M",1,0,3.95,1290,"Math & Science",0,0,NA
8325,7,6,"F",0,0,3.73,1120,"Business & Economics",0,0,NA
8326,4,4,"F",0,0,3.5,1190,"Math & Science",0,0,NA
8327,6,6,"F",1,0,4,1480,"Arts & Letters",1,0,NA
8328,4,4,"F",1,0,3,850,"Arts & Letters",0,0,NA
8329,6,6,"F",0,1,4,1390,"Math & Science",1,0,NA
8330,5,5,"M",0,0,2.45,830,"Arts & Letters",0,0,NA
8331,6,7,"M",1,0,3.33,1090,"Arts & Letters",0,0,NA
8332,1,1,"F",0,0,3.95,1160,"Arts & Letters",1,0,NA
8333,4,6,"F",1,0,3.14,1080,"Arts & Letters",0,0,NA
8334,4,5,"M",0,1,4,1010,"Math & Science",0,0,NA
8335,6,7,"M",1,0,2.88,1300,"Math & Science",0,0,NA
8336,4,7,"M",1,0,3.75,1180,"Business & Economics",0,0,NA
8337,5,6,"F",1,0,3.8,1060,"Arts & Letters",0,0,NA
8338,7,7,"M",0,0,2.5,1160,"Math & Science",0,0,NA
8339,5,5,"F",0,0,3.38,880,"Business & Economics",0,0,NA
8340,6,6,"M",0,0,3.58,1330,"Business & Economics",1,1,3.583
8341,3,5,"M",1,0,3.75,1210,"Arts & Letters",0,0,NA
8342,6,6,"M",1,0,3.5,1110,"Business & Economics",0,0,NA
8343,3,3,"M",0,0,3.32,890,"Arts & Letters",0,0,NA
8344,6,6,"F",1,0,3.56,1280,"Business & Economics",1,0,NA
8345,6,3,"F",0,0,3.62,1080,"Business & Economics",0,0,NA
8346,7,7,"F",1,0,3.86,1200,"Arts & Letters",0,0,NA
8347,1,1,"M",0,0,4.05,1180,"Math & Science",1,0,NA
8348,4,4,"F",1,0,3.5,1160,"Arts & Letters",0,0,NA
8349,4,4,"M",0,0,3.56,1060,"Math & Science",0,0,NA
8350,1,1,"F",0,1,3.54,1210,"Math & Science",1,0,NA
8351,6,7,"F",0,0,2.91,1020,"Math & Science",0,0,NA
8352,7,6,"F",1,0,4.23,1300,"Math & Science",1,0,NA
8353,7,7,"F",0,1,3.95,1280,"Math & Science",1,0,NA
8354,3,3,"F",0,0,3.55,1140,"Business & Economics",0,0,NA
8355,4,4,"M",1,0,3.28,1430,"Business & Economics",0,0,NA
8356,3,2,"M",0,0,2.52,1060,"Math & Science",0,0,NA
8357,4,5,"F",1,0,3.64,1120,"Math & Science",0,0,NA
8358,7,6,"M",1,0,2.52,1130,"Business & Economics",0,0,NA
8359,4,3,"F",0,0,3.67,1120,"Business & Economics",0,0,NA
8360,6,6,"F",1,0,3.8,1090,"Business & Economics",0,0,NA
8361,6,2,"M",0,1,4.17,1200,"Business & Economics",1,0,NA
8362,7,6,"M",1,0,3.95,1330,"Arts & Letters",1,1,3.303
8363,3,3,"M",0,1,4.05,1380,"Math & Science",1,0,NA
8364,7,6,"M",1,0,3.64,1380,"Business & Economics",1,0,NA
8365,4,6,"F",1,0,3.85,1480,"Math & Science",1,1,3.277
8366,3,3,"M",0,1,3.09,1100,"Math & Science",0,0,NA
8367,6,6,"M",1,0,3.18,1090,"Math & Science",0,0,NA
8368,4,5,"F",1,0,3.73,1280,"Math & Science",0,0,NA
8369,5,6,"F",0,1,3.6,1080,"Business & Economics",0,0,NA
8370,7,7,"F",0,0,3.82,1470,"Math & Science",1,0,NA
8371,6,6,"F",1,0,3.83,1270,"Math & Science",1,0,NA
8372,6,6,"M",1,0,3.15,1120,"Arts & Letters",0,0,NA
8373,7,6,"F",1,0,3.36,1190,"Arts & Letters",0,0,NA
8374,6,5,"M",1,0,3.67,1220,"Math & Science",1,1,2.542
8375,6,5,"M",0,0,3.88,1400,"Math & Science",0,0,NA
8376,6,3,"F",1,0,3.64,1340,"Math & Science",1,0,NA
8377,6,6,"M",1,0,2.8,1070,"Arts & Letters",0,0,NA
8378,6,6,"F",0,0,3.38,1080,"Arts & Letters",1,1,3.366
8379,7,4,"F",1,0,3.54,1070,"Math & Science",0,0,NA
8380,3,3,"M",1,0,3,1400,"Business & Economics",0,0,NA
8381,7,3,"M",0,0,3,890,"Math & Science",0,0,NA
8382,6,7,"M",0,1,3.35,1220,"Math & Science",0,0,NA
8383,4,4,"F",0,1,3.7,1150,"Math & Science",1,0,NA
8384,3,3,"M",0,0,3.8,1210,"Arts & Letters",1,0,NA
8385,6,6,"M",1,0,3.25,850,"Math & Science",0,0,NA
8386,1,1,"M",0,0,3.24,990,"Arts & Letters",0,0,NA
8387,6,3,"F",0,0,3.37,920,"Math & Science",0,0,NA
8388,5,6,"M",1,0,2.5,1010,"Business & Economics",0,0,NA
8389,3,3,"F",1,0,4.04,1320,"Arts & Letters",0,0,NA
8390,7,6,"F",1,0,2.73,1210,"Math & Science",0,0,NA
8391,6,6,"F",1,0,3.82,1190,"Arts & Letters",0,0,NA
8392,6,7,"F",0,1,3.68,1460,"Arts & Letters",0,0,NA
8393,7,7,"M",1,0,3.43,1170,"Business & Economics",0,0,NA
8394,4,7,"F",0,0,2.95,1290,"Math & Science",0,0,NA
8395,3,4,"M",0,1,3.46,1270,"Arts & Letters",0,0,NA
8396,2,2,"F",0,0,4.37,1130,"Business & Economics",1,0,NA
8397,6,6,"M",0,0,2.45,1250,"Math & Science",0,0,NA
8398,7,7,"F",1,0,4.05,1300,"Business & Economics",0,0,NA
8399,7,7,"M",1,0,3.79,1270,"Arts & Letters",1,0,NA
8400,5,4,"M",0,1,3.8,1270,"Arts & Letters",0,0,NA
8401,6,4,"F",0,0,4.25,1380,"Math & Science",1,0,NA
8402,5,5,"M",1,0,3.88,1170,"Arts & Letters",1,1,3.079
8403,6,6,"F",1,0,4.32,1310,"Math & Science",1,0,NA
8404,6,6,"M",1,0,4.25,1370,"Business & Economics",1,0,NA
8405,7,6,"M",1,0,3.55,1490,"Business & Economics",1,0,NA
8406,7,6,"M",1,0,3.62,1140,"Business & Economics",1,0,NA
8407,3,3,"M",0,1,3.31,1090,"Business & Economics",0,0,NA
8408,5,4,"F",0,0,3.62,1220,"Business & Economics",0,0,NA
8409,7,4,"M",1,0,4.11,1270,"Arts & Letters",1,0,NA
8410,3,3,"F",0,1,4.08,1270,"Math & Science",1,0,NA
8411,3,5,"F",1,0,4.09,1210,"Math & Science",1,0,NA
8412,7,7,"F",0,0,4.36,1320,"Math & Science",1,0,NA
8413,7,6,"M",1,0,3.15,1190,"Math & Science",0,0,NA
8414,6,6,"M",0,0,4.36,1530,"Business & Economics",1,0,NA
8415,7,6,"F",0,0,4.27,1450,"Math & Science",1,0,NA
8416,7,6,"F",1,0,3.29,1030,"Math & Science",0,0,NA
8417,6,6,"M",1,0,3.68,1320,"Math & Science",0,0,NA
8418,7,7,"F",0,0,3.5,1090,"Business & Economics",0,0,NA
8419,7,6,"M",1,0,4.15,1190,"Business & Economics",0,0,NA
8420,6,3,"F",1,0,4.15,1210,"Arts & Letters",0,0,NA
8421,7,7,"M",1,0,3.95,1260,"Arts & Letters",0,0,NA
8422,3,7,"M",1,0,4.09,1390,"Arts & Letters",1,0,NA
8423,1,1,"F",0,0,3.55,980,"Math & Science",0,0,NA
8424,2,2,"F",0,0,3.19,1020,"Arts & Letters",0,0,NA
8425,1,3,"M",0,0,3.96,1020,"Math & Science",1,0,NA
8426,7,5,"M",1,0,3.32,1270,"Math & Science",0,0,NA
8427,3,3,"M",1,0,3.15,1320,"Arts & Letters",1,0,NA
8428,7,7,"F",1,0,3.75,1100,"Math & Science",0,0,NA
8429,3,6,"M",0,0,3.88,1260,"Business & Economics",0,0,NA
8430,6,3,"F",1,0,4,1040,"Math & Science",1,1,3.416
8431,7,7,"M",1,0,3.52,1340,"Arts & Letters",1,0,NA
8432,6,6,"M",1,0,3.32,1070,"Business & Economics",0,0,NA
8433,7,6,"F",0,1,3,1200,"Arts & Letters",0,0,NA
8434,4,6,"F",0,1,4.27,1120,"Math & Science",0,0,NA
8435,3,3,"F",1,0,4.27,1360,"Arts & Letters",1,1,3.823
8436,6,6,"F",0,1,4.06,1260,"Arts & Letters",0,0,NA
8437,5,3,"M",1,0,3.25,1160,"Math & Science",0,0,NA
8438,6,6,"M",1,0,3.96,1530,"Business & Economics",1,0,NA
8439,6,4,"F",0,1,3.87,1170,"Arts & Letters",1,1,3.435
8440,6,5,"F",0,1,3.73,1100,"Math & Science",0,0,NA
8441,5,4,"F",0,0,3.7,1070,"Arts & Letters",0,0,NA
8442,6,6,"M",1,0,3.45,1130,"Math & Science",0,0,NA
8443,5,6,"F",1,0,3.45,990,"Arts & Letters",0,0,NA
8444,6,3,"M",1,0,3.3,1060,"Business & Economics",0,0,NA
8445,6,4,"F",1,0,4.27,1490,"Business & Economics",1,0,NA
8446,2,4,"F",1,0,2.79,1030,"Math & Science",0,0,NA
8447,5,6,"M",1,0,3.92,1270,"Math & Science",0,0,NA
8448,5,1,"F",0,0,3.55,790,"Arts & Letters",0,0,NA
8449,4,3,"F",1,0,3.05,1190,"Math & Science",0,0,NA
8450,6,6,"F",1,0,2.82,910,"Arts & Letters",0,0,NA
8451,4,3,"M",0,0,3.12,1070,"Business & Economics",0,0,NA
8452,6,6,"F",0,0,4.14,1310,"Math & Science",1,0,NA
8453,7,7,"M",1,0,4.12,1520,"Business & Economics",1,0,NA
8454,6,3,"M",1,0,3,1080,"Math & Science",0,0,NA
8455,7,6,"M",1,0,3.69,1350,"Math & Science",1,0,NA
8456,6,4,"F",1,0,3.14,1210,"Arts & Letters",0,0,NA
8457,4,7,"F",1,0,3.92,1100,"Business & Economics",0,0,NA
8458,4,5,"M",0,0,3.47,680,"Arts & Letters",0,0,NA
8459,6,6,"F",1,0,3.75,1280,"Business & Economics",1,1,3.299
8460,6,4,"M",0,0,3.56,1390,"Business & Economics",0,0,NA
8461,6,6,"F",1,0,3.3,1150,"Math & Science",0,0,NA
8462,3,6,"F",0,0,3.95,1430,"Business & Economics",1,0,NA
8463,3,7,"F",0,0,3.24,1140,"Arts & Letters",0,0,NA
8464,7,7,"F",0,0,3.1,1460,"Arts & Letters",0,0,NA
8465,3,6,"M",1,0,3.75,1120,"Math & Science",0,0,NA
8466,3,3,"F",1,0,3.32,1090,"Math & Science",0,0,NA
8467,3,6,"F",1,0,2.75,1080,"Business & Economics",0,0,NA
8468,6,6,"F",1,0,3.91,1140,"Arts & Letters",0,0,NA
8469,6,4,"F",1,0,4,1280,"Math & Science",1,0,NA
8470,6,6,"F",0,0,3.62,1110,"Arts & Letters",1,1,2.957
8471,7,4,"M",0,1,3.12,1190,"Math & Science",0,0,NA
8472,6,3,"F",1,0,3.73,1150,"Arts & Letters",0,0,NA
8473,7,6,"M",1,0,3.95,1250,"Arts & Letters",0,0,NA
8474,3,6,"F",1,0,3.72,1220,"Business & Economics",0,0,NA
8475,1,1,"F",0,0,3.71,870,"Arts & Letters",0,0,NA
8476,3,3,"F",1,0,3.62,1060,"Math & Science",0,0,NA
8477,1,1,"F",0,1,4.09,880,"Arts & Letters",1,0,NA
8478,4,3,"F",1,0,4,1160,"Arts & Letters",0,0,NA
8479,6,6,"M",1,0,4.2,1430,"Business & Economics",1,0,NA
8480,6,6,"F",1,0,3.25,1250,"Arts & Letters",0,0,NA
8481,6,5,"F",0,0,4.32,1190,"Arts & Letters",0,0,NA
8482,6,3,"M",1,0,2.55,840,"Business & Economics",0,0,NA
8483,7,7,"F",1,0,3.85,1230,"Arts & Letters",0,0,NA
8484,6,6,"F",1,0,3.88,1170,"Business & Economics",0,0,NA
8485,5,5,"M",1,0,3.7,990,"Math & Science",0,0,NA
8486,6,6,"F",1,0,4.15,1100,"Business & Economics",0,0,NA
8487,3,3,"M",0,0,3.57,950,"Business & Economics",0,0,NA
8488,5,5,"M",1,0,4.06,1290,"Business & Economics",0,0,NA
8489,4,5,"F",1,0,4,1180,"Arts & Letters",1,0,NA
8490,7,7,"F",1,0,4.05,1550,"Arts & Letters",1,1,3.301
8491,7,7,"F",0,1,4.09,1440,"Math & Science",1,0,NA
8492,7,7,"F",1,0,4.27,1210,"Arts & Letters",1,0,NA
8493,4,3,"F",0,0,4.21,940,"Arts & Letters",0,0,NA
8494,6,5,"F",0,0,3.05,680,"Business & Economics",0,0,NA
8495,7,6,"F",0,0,3.38,950,"Arts & Letters",0,0,NA
8496,7,6,"M",1,0,3.54,1290,"Math & Science",0,0,NA
8497,6,3,"M",0,1,3.72,1210,"Business & Economics",0,0,NA
8498,6,6,"F",1,0,3.46,1170,"Math & Science",0,0,NA
8499,3,3,"F",1,0,3.08,1020,"Arts & Letters",0,0,NA
8500,6,5,"M",0,0,2.77,1020,"Arts & Letters",0,0,NA
8501,7,7,"M",1,0,3.41,1110,"Math & Science",0,0,NA
8502,5,5,"F",0,1,4,1240,"Arts & Letters",0,0,NA
8503,1,5,"F",1,0,3.95,1030,"Arts & Letters",0,0,NA
8504,7,7,"F",0,0,3.55,1040,"Arts & Letters",0,0,NA
8505,7,6,"M",0,1,3.35,1410,"Math & Science",0,0,NA
8506,6,6,"F",1,0,4.1,1280,"Math & Science",0,0,NA
8507,7,6,"F",1,0,4.19,1530,"Business & Economics",1,0,NA
8508,4,4,"M",0,1,2.95,1000,"Arts & Letters",0,0,NA
8509,7,6,"F",0,0,2.79,1230,"Business & Economics",0,0,NA
8510,3,3,"M",1,0,3.67,1380,"Math & Science",0,0,NA
8511,3,3,"F",1,0,3.76,1060,"Arts & Letters",0,0,NA
8512,2,2,"F",0,1,3.5,1110,"Business & Economics",1,0,NA
8513,4,6,"F",1,0,3.29,1380,"Business & Economics",1,1,3.409
8514,6,6,"M",1,0,3.85,1240,"Math & Science",1,1,2.881
8515,6,7,"M",1,0,3,960,"Math & Science",0,0,NA
8516,6,6,"M",1,0,2.84,1100,"Arts & Letters",0,0,NA
8517,6,7,"F",1,0,4.1,1320,"Business & Economics",1,0,NA
8518,7,6,"F",1,0,4.15,1390,"Math & Science",1,0,NA
8519,2,2,"M",0,1,3.24,800,"Business & Economics",0,0,NA
8520,7,5,"M",0,1,3.68,1350,"Business & Economics",0,0,NA
8521,7,6,"M",1,0,4.21,1460,"Math & Science",1,1,3.498
8522,7,7,"M",0,1,3.85,1580,"Business & Economics",1,0,NA
8523,4,5,"M",1,0,3.91,940,"Business & Economics",1,1,2.999
8524,3,4,"M",0,0,2.5,900,"Arts & Letters",0,1,2.425
8525,2,5,"F",0,1,3.14,910,"Arts & Letters",0,0,NA
8526,4,2,"F",0,0,3.73,1110,"Math & Science",1,0,NA
8527,4,4,"F",1,0,3.17,1060,"Arts & Letters",0,0,NA
8528,6,6,"F",0,1,3.83,1050,"Math & Science",0,0,NA
8529,7,7,"M",0,0,3.38,1220,"Business & Economics",0,0,NA
8530,4,4,"F",0,0,3,600,"Math & Science",0,0,NA
8531,6,7,"F",1,0,4.09,1150,"Arts & Letters",0,0,NA
8532,6,4,"F",0,0,4,1220,"Arts & Letters",0,0,NA
8533,7,7,"M",1,0,2.4,1130,"Arts & Letters",0,0,NA
8534,6,7,"M",0,0,4.14,1360,"Arts & Letters",1,0,NA
8535,6,7,"F",1,0,3.91,1020,"Arts & Letters",1,0,NA
8536,6,6,"F",0,0,3.58,1080,"Math & Science",0,0,NA
8537,5,6,"M",1,0,3.42,1160,"Math & Science",0,0,NA
8538,6,5,"M",0,0,2.88,1180,"Arts & Letters",0,0,NA
8539,7,3,"M",0,0,3.67,1350,"Arts & Letters",1,0,NA
8540,5,6,"F",1,0,3,1070,"Arts & Letters",0,0,NA
8541,3,3,"F",0,0,3.82,1130,"Arts & Letters",0,0,NA
8542,6,6,"M",1,0,3.92,1320,"Business & Economics",1,0,NA
8543,6,7,"F",1,0,3.77,1140,"Arts & Letters",0,0,NA
8544,6,5,"F",0,1,3.82,1310,"Arts & Letters",0,0,NA
8545,4,5,"F",1,0,3.76,980,"Math & Science",0,0,NA
8546,7,7,"F",1,0,3.74,1250,"Arts & Letters",0,0,NA
8547,7,4,"F",1,0,3.17,1220,"Arts & Letters",0,0,NA
8548,6,5,"F",1,0,3.6,1380,"Math & Science",0,0,NA
8549,7,4,"M",1,0,3.83,1310,"Business & Economics",1,1,2.864
8550,6,5,"F",1,0,3.32,970,"Arts & Letters",0,0,NA
8551,7,6,"F",0,0,2.96,1290,"Arts & Letters",0,0,NA
8552,2,6,"M",1,0,3.95,1170,"Business & Economics",1,0,NA
8553,4,4,"F",1,0,3.95,1380,"Math & Science",0,0,NA
8554,7,7,"F",0,0,4.04,1280,"Arts & Letters",0,0,NA
8555,3,6,"F",1,0,4,1210,"Arts & Letters",0,0,NA
8556,6,6,"F",0,1,3.44,980,"Math & Science",0,0,NA
8557,3,4,"F",1,0,3.7,880,"Math & Science",0,0,NA
8558,7,6,"M",1,0,3,1290,"Business & Economics",0,0,NA
8559,7,7,"F",1,0,3.88,1390,"Arts & Letters",1,0,NA
8560,7,7,"F",1,0,3.06,940,"Arts & Letters",0,0,NA
8561,6,5,"M",0,0,3.33,1290,"Arts & Letters",0,0,NA
8562,6,5,"M",0,0,3.33,710,"Arts & Letters",0,0,NA
8563,4,6,"M",1,0,2.76,1130,"Business & Economics",0,0,NA
8564,7,6,"F",0,0,3.41,1260,"Math & Science",0,0,NA
8565,6,7,"F",1,0,3,1440,"Arts & Letters",0,0,NA
8566,6,7,"F",0,0,3.85,1050,"Arts & Letters",0,0,NA
8567,7,7,"F",0,0,3.75,1050,"Arts & Letters",0,0,NA
8568,3,6,"F",1,0,4.4,1380,"Math & Science",1,0,NA
8569,3,3,"F",1,0,3.85,1220,"Arts & Letters",0,0,NA
8570,4,1,"F",0,0,4.05,820,"Business & Economics",0,0,NA
8571,6,6,"F",1,0,3.62,1170,"Math & Science",0,0,NA
8572,6,6,"M",0,0,2.9,970,"Math & Science",0,0,NA
8573,6,6,"M",1,0,3.13,1130,"Arts & Letters",0,0,NA
8574,6,4,"M",1,0,3.23,1210,"Business & Economics",0,0,NA
8575,7,7,"F",0,0,3.25,1250,"Arts & Letters",0,0,NA
8576,4,4,"M",1,0,3.41,1440,"Arts & Letters",1,1,2.349
8577,4,4,"F",1,0,3.5,1040,"Business & Economics",0,0,NA
8578,6,4,"F",1,0,3.35,1050,"Math & Science",0,0,NA
8579,6,4,"M",1,0,3.23,1400,"Business & Economics",0,0,NA
8580,1,1,"F",0,0,3.82,1040,"Business & Economics",0,0,NA
8581,7,6,"M",0,0,3.45,1160,"Business & Economics",0,0,NA
8582,6,6,"F",1,0,3.09,1250,"Arts & Letters",0,0,NA
8583,6,5,"F",1,0,4.12,1090,"Arts & Letters",0,0,NA
8584,6,7,"M",1,0,2.95,1450,"Business & Economics",0,0,NA
8585,7,5,"F",1,0,3.42,1040,"Business & Economics",0,0,NA
8586,7,7,"F",1,0,3.83,1180,"Math & Science",1,0,NA
8587,6,5,"F",0,0,3.14,1130,"Arts & Letters",0,0,NA
8588,7,6,"F",0,1,3.4,1140,"Math & Science",0,0,NA
8589,7,6,"F",0,0,3.75,1130,"Arts & Letters",1,0,NA
8590,1,1,"F",0,0,3.73,870,"Arts & Letters",0,0,NA
8591,5,6,"M",1,0,4.36,1580,"Math & Science",1,0,NA
8592,6,4,"F",1,0,4.3,1330,"Math & Science",1,0,NA
8593,6,4,"F",1,0,3.06,930,"Math & Science",0,0,NA
8594,7,6,"F",0,0,3.5,1190,"Business & Economics",0,0,NA
8595,3,3,"F",0,0,3.17,1160,"Business & Economics",0,0,NA
8596,7,6,"F",1,0,4.1,1290,"Arts & Letters",1,0,NA
8597,5,6,"M",1,0,3.19,1090,"Math & Science",0,0,NA
8598,3,6,"F",0,0,3.68,770,"Arts & Letters",0,0,NA
8599,7,6,"M",1,0,3.65,1090,"Business & Economics",0,0,NA
8600,6,6,"M",1,0,3.4,1360,"Business & Economics",0,0,NA
8601,6,6,"F",1,0,3.95,1340,"Math & Science",0,0,NA
8602,7,6,"F",0,0,3.33,960,"Arts & Letters",0,0,NA
8603,6,5,"M",1,0,3.64,1200,"Arts & Letters",0,0,NA
8604,4,4,"M",1,0,3.6,1320,"Math & Science",1,0,NA
8605,6,7,"M",1,0,3.7,1240,"Business & Economics",0,0,NA
8606,6,4,"M",1,0,3.27,940,"Math & Science",0,0,NA
8607,3,6,"F",0,0,4.36,1150,"Arts & Letters",0,0,NA
8608,3,3,"F",0,0,3.75,1210,"Math & Science",0,0,NA
8609,7,6,"F",1,0,4.33,1310,"Math & Science",1,0,NA
8610,4,7,"F",1,0,4.09,1200,"Business & Economics",1,0,NA
8611,3,5,"F",0,0,3.41,1150,"Arts & Letters",0,0,NA
8612,7,7,"F",1,0,3.86,1140,"Arts & Letters",1,0,NA
8613,4,4,"M",1,0,2.62,1050,"Business & Economics",0,0,NA
8614,6,6,"F",1,0,4,1520,"Math & Science",1,0,NA
8615,3,4,"F",1,0,3.1,1040,"Arts & Letters",0,0,NA
8616,4,6,"M",1,0,2.9,1190,"Arts & Letters",0,0,NA
8617,6,4,"F",0,0,3.35,1190,"Business & Economics",0,0,NA
8618,7,5,"F",1,0,3.05,1060,"Math & Science",0,0,NA
8619,6,6,"M",1,0,3.11,1080,"Arts & Letters",0,0,NA
8620,7,7,"M",0,1,4.24,1550,"Business & Economics",1,0,NA
8621,4,4,"F",0,0,4.14,1240,"Arts & Letters",0,0,NA
8622,4,6,"F",1,0,3.55,1160,"Math & Science",0,0,NA
8623,5,7,"M",1,0,4.24,1470,"Math & Science",1,0,NA
8624,2,1,"F",0,0,3.21,780,"Arts & Letters",0,0,NA
8625,6,6,"F",1,0,3.95,1290,"Math & Science",0,0,NA
8626,6,5,"F",1,0,4,1350,"Math & Science",1,1,3.123
8627,4,6,"F",1,0,4.15,1300,"Arts & Letters",1,0,NA
8628,6,7,"M",0,0,2.83,1270,"Arts & Letters",0,0,NA
8629,1,1,"M",0,1,3.58,1060,"Math & Science",0,0,NA
8630,3,3,"M",0,1,3.14,1130,"Math & Science",0,0,NA
8631,2,7,"F",1,0,3.56,1150,"Arts & Letters",1,0,NA
8632,7,7,"M",0,0,2.78,1050,"Math & Science",0,0,NA
8633,6,6,"M",0,1,3.91,1050,"Business & Economics",1,0,NA
8634,5,3,"F",1,0,3.1,1100,"Arts & Letters",0,0,NA
8635,7,5,"M",0,0,2.95,1230,"Arts & Letters",0,0,NA
8636,4,6,"M",0,0,3.65,1120,"Business & Economics",0,0,NA
8637,7,7,"M",0,1,3.69,1370,"Business & Economics",1,0,NA
8638,6,7,"M",1,0,3.7,1250,"Arts & Letters",0,0,NA
8639,3,3,"F",0,0,3.28,970,"Arts & Letters",0,0,NA
8640,6,6,"F",1,0,3.91,1250,"Arts & Letters",0,0,NA
8641,6,7,"F",0,0,3.7,1180,"Arts & Letters",0,0,NA
8642,7,7,"M",0,0,4.05,1120,"Math & Science",0,0,NA
8643,6,6,"M",0,1,2.41,1030,"Arts & Letters",0,0,NA
8644,6,6,"M",0,1,3.28,1320,"Business & Economics",0,0,NA
8645,5,6,"F",1,0,3.92,1320,"Arts & Letters",1,1,3.719
8646,1,3,"F",0,1,3.89,1200,"Arts & Letters",1,0,NA
8647,7,6,"M",0,1,3.45,1180,"Math & Science",0,0,NA
8648,6,4,"F",0,0,4,1110,"Math & Science",1,0,NA
8649,5,7,"M",0,1,3.75,1130,"Business & Economics",0,0,NA
8650,1,1,"F",0,0,2.91,780,"Math & Science",0,0,NA
8651,4,6,"F",0,1,3.86,1220,"Math & Science",1,0,NA
8652,7,6,"M",0,1,3.35,1400,"Business & Economics",0,0,NA
8653,7,6,"F",1,0,3.68,1080,"Arts & Letters",0,0,NA
8654,6,6,"M",1,0,4.27,1290,"Business & Economics",1,1,3.878
8655,6,6,"M",0,1,2.68,910,"Business & Economics",0,0,NA
8656,3,4,"F",0,0,3.36,1370,"Math & Science",1,0,NA
8657,7,5,"M",1,0,3.71,1280,"Math & Science",0,0,NA
8658,2,2,"F",0,0,4.2,1230,"Arts & Letters",1,0,NA
8659,3,3,"M",1,0,2.76,950,"Arts & Letters",0,0,NA
8660,6,5,"M",0,0,2.39,960,"Business & Economics",0,0,NA
8661,3,6,"F",0,0,2.87,670,"Math & Science",0,0,NA
8662,6,7,"M",1,0,3.61,1550,"Business & Economics",1,0,NA
8663,3,3,"F",0,0,3.14,920,"Arts & Letters",0,0,NA
8664,6,6,"M",1,0,3.54,1130,"Math & Science",0,0,NA
8665,6,6,"M",1,0,3.22,1260,"Math & Science",0,0,NA
8666,4,6,"M",1,0,3.3,1160,"Math & Science",0,0,NA
8667,1,1,"F",0,1,4.06,1030,"Math & Science",1,0,NA
8668,6,6,"F",1,0,4.3,1510,"Math & Science",1,0,NA
8669,1,1,"M",0,0,2.62,390,"Arts & Letters",0,0,NA
8670,4,6,"F",0,0,3.24,1110,"Math & Science",0,0,NA
8671,7,6,"F",1,0,3.88,1150,"Arts & Letters",0,0,NA
8672,7,6,"F",1,0,3.54,1120,"Arts & Letters",0,0,NA
8673,3,6,"F",1,0,3.64,1230,"Business & Economics",0,0,NA
8674,1,1,"F",0,0,4,1020,"Math & Science",0,0,NA
8675,6,5,"M",1,0,3.75,1200,"Arts & Letters",0,0,NA
8676,6,6,"F",1,0,2.61,1030,"Arts & Letters",0,0,NA
8677,4,6,"F",0,1,3.35,890,"Math & Science",0,0,NA
8678,7,7,"F",1,0,3.47,1210,"Arts & Letters",0,0,NA
8679,6,5,"M",1,0,2.88,950,"Math & Science",0,0,NA
8680,7,5,"F",1,0,4.29,1400,"Math & Science",1,1,3.621
8681,6,5,"F",1,0,3.22,1110,"Math & Science",0,0,NA
8682,3,7,"M",1,0,4.1,1150,"Math & Science",0,0,NA
8683,2,3,"M",1,0,3.4,1110,"Arts & Letters",1,0,NA
8684,6,7,"M",1,0,3.29,1130,"Math & Science",0,0,NA
8685,7,5,"M",1,0,3.78,1260,"Arts & Letters",0,0,NA
8686,6,7,"F",1,0,3.83,1080,"Arts & Letters",1,0,NA
8687,4,3,"F",1,0,3.2,920,"Arts & Letters",0,0,NA
8688,6,6,"M",0,0,3.25,1200,"Arts & Letters",1,1,3.068
8689,3,7,"M",1,0,4.29,1500,"Business & Economics",1,0,NA
8690,3,3,"F",0,0,3.2,710,"Math & Science",0,0,NA
8691,4,3,"F",1,0,3,1020,"Arts & Letters",0,0,NA
8692,1,4,"F",0,0,3.79,990,"Arts & Letters",0,0,NA
8693,6,7,"F",1,0,3.95,1100,"Arts & Letters",0,0,NA
8694,4,4,"F",0,1,3.48,890,"Arts & Letters",0,0,NA
8695,4,1,"M",0,1,3.55,1110,"Business & Economics",0,0,NA
8696,7,5,"F",1,0,3.3,790,"Arts & Letters",0,0,NA
8697,6,6,"F",0,1,4.08,1280,"Arts & Letters",1,1,3.828
8698,7,3,"M",1,0,3,1030,"Math & Science",0,0,NA
8699,6,6,"F",0,0,3.75,1210,"Math & Science",0,0,NA
8700,6,7,"F",0,1,3.16,1180,"Math & Science",0,0,NA
8701,6,3,"M",0,0,2.9,1170,"Business & Economics",0,0,NA
8702,7,7,"M",1,0,3.26,1290,"Math & Science",0,0,NA
8703,4,3,"F",1,0,3.25,890,"Arts & Letters",0,0,NA
8704,3,4,"F",0,0,3.42,1090,"Math & Science",0,0,NA
8705,7,6,"F",0,1,3.71,1340,"Arts & Letters",0,0,NA
8706,6,6,"F",1,0,3.82,960,"Arts & Letters",0,0,NA
8707,6,3,"F",0,1,3.38,1300,"Arts & Letters",0,0,NA
8708,6,7,"M",1,0,3.21,1390,"Business & Economics",1,0,NA
8709,6,6,"M",0,1,3.81,1100,"Math & Science",0,0,NA
8710,7,7,"F",0,0,4.1,1380,"Arts & Letters",1,0,NA
8711,1,1,"F",0,0,3.6,900,"Business & Economics",1,0,NA
8712,5,7,"F",1,0,4.21,1080,"Business & Economics",1,1,3.534
8713,4,4,"F",0,1,3.14,1190,"Math & Science",0,0,NA
8714,1,1,"F",0,1,3.46,950,"Business & Economics",0,0,NA
8715,2,1,"F",0,0,4,1130,"Math & Science",1,0,NA
8716,7,7,"M",1,0,3.32,1320,"Arts & Letters",0,0,NA
8717,7,7,"F",1,0,3.15,1060,"Arts & Letters",0,0,NA
8718,6,7,"F",0,1,3.45,1050,"Arts & Letters",0,0,NA
8719,7,3,"F",1,0,4.09,1370,"Math & Science",1,0,NA
8720,3,3,"F",0,0,3.61,960,"Business & Economics",0,0,NA
8721,7,6,"F",0,1,3.73,1220,"Math & Science",0,0,NA
8722,7,4,"M",1,0,4.09,1370,"Math & Science",1,0,NA
8723,6,4,"F",0,0,3.31,1030,"Math & Science",0,0,NA
8724,4,3,"M",0,1,4.24,1260,"Math & Science",1,0,NA
8725,4,4,"F",0,0,3.22,950,"Arts & Letters",0,0,NA
8726,3,5,"M",1,0,4.05,1290,"Arts & Letters",1,0,NA
8727,4,5,"F",1,0,3.27,1110,"Business & Economics",0,0,NA
8728,7,7,"M",1,0,4.12,1380,"Business & Economics",1,0,NA
8729,4,4,"F",0,0,3.9,1100,"Arts & Letters",0,0,NA
8730,6,6,"F",0,0,3.95,1450,"Arts & Letters",1,1,3.623
8731,3,3,"F",0,1,3.59,1300,"Arts & Letters",1,0,NA
8732,6,6,"F",0,1,3.67,1210,"Arts & Letters",1,0,NA
8733,7,6,"F",1,0,4,1180,"Arts & Letters",0,0,NA
8734,4,4,"M",0,0,3.75,1000,"Math & Science",0,0,NA
8735,1,1,"F",0,1,3.76,980,"Arts & Letters",1,0,NA
8736,3,4,"F",1,0,3.32,1140,"Arts & Letters",0,0,NA
8737,7,7,"M",1,0,3.45,1170,"Business & Economics",0,0,NA
8738,4,7,"F",1,0,3.19,1240,"Arts & Letters",0,0,NA
8739,7,6,"F",0,0,4.1,1390,"Math & Science",1,0,NA
8740,6,6,"M",0,0,2.61,1170,"Business & Economics",0,0,NA
8741,6,7,"F",1,0,3,930,"Math & Science",0,0,NA
8742,4,4,"F",1,0,3.83,880,"Business & Economics",0,0,NA
8743,3,3,"F",1,0,2.14,930,"Arts & Letters",0,0,NA
8744,6,6,"M",0,0,3.41,1170,"Arts & Letters",0,0,NA
8745,6,5,"M",1,0,3.79,1170,"Math & Science",0,0,NA
8746,6,6,"F",1,0,3.75,970,"Math & Science",0,0,NA
8747,7,7,"F",1,0,4.08,1290,"Arts & Letters",0,0,NA
8748,7,6,"F",1,0,3.77,1210,"Business & Economics",1,0,NA
8749,4,6,"M",0,1,3.25,1090,"Arts & Letters",0,0,NA
8750,7,5,"M",1,0,4.2,1220,"Business & Economics",0,0,NA
8751,6,6,"F",1,0,4.09,1220,"Arts & Letters",1,0,NA
8752,3,6,"F",0,0,4.1,1180,"Math & Science",0,0,NA
8753,3,3,"F",1,0,3.95,1160,"Math & Science",0,0,NA
8754,4,6,"F",0,0,3.1,1030,"Arts & Letters",0,0,NA
8755,3,5,"F",1,0,3.68,1120,"Business & Economics",0,0,NA
8756,2,3,"F",0,0,3.86,1180,"Arts & Letters",0,0,NA
8757,2,2,"M",0,0,2.83,930,"Arts & Letters",0,0,NA
8758,7,7,"F",0,0,3.67,1170,"Business & Economics",1,0,NA
8759,7,7,"F",1,0,3,1060,"Business & Economics",1,1,3.268
8760,6,5,"M",1,0,2.62,970,"Math & Science",0,0,NA
8761,7,6,"F",1,0,3.6,1000,"Arts & Letters",0,0,NA
8762,6,4,"M",0,1,3.73,1170,"Business & Economics",0,0,NA
8763,6,7,"F",1,0,4.27,1350,"Business & Economics",1,0,NA
8764,3,3,"F",0,0,4.17,1160,"Business & Economics",1,0,NA
8765,6,7,"F",0,0,3.71,1210,"Arts & Letters",1,1,3.113
8766,2,1,"M",0,0,3.64,1260,"Business & Economics",1,0,NA
8767,7,7,"F",1,0,3.86,1310,"Business & Economics",1,1,3.291
8768,6,4,"M",1,0,3.62,1140,"Business & Economics",0,0,NA
8769,3,3,"F",1,0,3.27,970,"Arts & Letters",0,0,NA
8770,6,6,"F",1,0,3.92,1270,"Business & Economics",1,0,NA
8771,3,3,"M",0,0,3.48,1060,"Math & Science",0,0,NA
8772,4,1,"F",0,1,4.2,1250,"Arts & Letters",1,0,NA
8773,4,6,"F",0,0,4.12,1370,"Arts & Letters",1,0,NA
8774,5,6,"M",0,1,3.82,1290,"Arts & Letters",0,0,NA
8775,6,3,"F",0,0,3,960,"Arts & Letters",0,0,NA
8776,6,7,"M",1,0,4.33,1370,"Math & Science",1,0,NA
8777,6,6,"M",1,0,3,1060,"Math & Science",0,0,NA
8778,7,6,"F",1,0,3.78,1260,"Math & Science",0,0,NA
8779,7,7,"F",1,0,3.2,1060,"Arts & Letters",0,0,NA
8780,4,6,"M",0,0,3.38,1120,"Arts & Letters",0,0,NA
8781,7,6,"M",1,0,3.29,1260,"Math & Science",0,0,NA
8782,6,6,"M",1,0,3.3,1210,"Arts & Letters",0,0,NA
8783,4,5,"M",0,0,3.18,1030,"Arts & Letters",0,0,NA
8784,7,2,"M",1,0,3.54,1360,"Math & Science",0,0,NA
8785,4,5,"F",1,0,3.59,970,"Math & Science",0,0,NA
8786,7,6,"M",0,1,3.76,1100,"Business & Economics",1,1,3.13
8787,4,6,"F",1,0,2.58,1060,"Math & Science",0,0,NA
8788,7,7,"F",1,0,3.73,1280,"Arts & Letters",0,0,NA
8789,7,7,"F",1,0,3.9,1130,"Arts & Letters",0,0,NA
8790,6,7,"M",1,0,2.9,1070,"Math & Science",0,0,NA
8791,5,4,"F",0,0,3,960,"Arts & Letters",0,0,NA
8792,2,2,"F",0,1,4.29,990,"Math & Science",1,0,NA
8793,6,6,"F",1,0,3.8,1270,"Arts & Letters",1,0,NA
8794,6,6,"F",0,0,3.88,1350,"Arts & Letters",1,0,NA
8795,6,6,"F",0,0,2.55,990,"Business & Economics",0,0,NA
8796,6,6,"F",1,0,2.94,1050,"Arts & Letters",0,0,NA
8797,4,4,"F",0,0,2.61,1010,"Arts & Letters",0,0,NA
8798,6,6,"F",0,0,3.43,1320,"Arts & Letters",0,0,NA
8799,7,5,"F",1,0,3.8,1070,"Arts & Letters",0,0,NA
8800,7,7,"F",0,1,3.36,1230,"Arts & Letters",0,0,NA
8801,6,6,"F",1,0,3.86,1150,"Math & Science",0,0,NA
8802,6,7,"F",1,0,3.45,1090,"Business & Economics",0,0,NA
8803,5,6,"M",1,0,3.12,1140,"Math & Science",0,0,NA
8804,1,1,"M",0,0,3.6,850,"Arts & Letters",1,0,NA
8805,3,4,"F",1,0,3.18,1120,"Arts & Letters",0,0,NA
8806,7,6,"M",1,0,4.23,1270,"Math & Science",1,1,3.409
8807,4,4,"M",1,0,3.1,1080,"Arts & Letters",0,0,NA
8808,7,4,"F",1,0,3.95,1160,"Arts & Letters",1,0,NA
8809,5,6,"M",1,0,3.92,1350,"Math & Science",0,0,NA
8810,1,4,"F",0,0,3.4,1060,"Business & Economics",0,0,NA
8811,7,7,"M",1,0,4.11,1430,"Arts & Letters",1,0,NA
8812,3,3,"M",0,0,3.14,900,"Math & Science",0,0,NA
8813,6,6,"F",0,0,3.23,1110,"Math & Science",0,0,NA
8814,6,6,"F",0,0,2.22,910,"Arts & Letters",0,0,NA
8815,4,4,"M",0,1,3.58,1290,"Business & Economics",1,0,NA
8816,6,7,"M",0,0,2.69,860,"Arts & Letters",0,0,NA
8817,3,3,"M",1,0,3.41,1080,"Math & Science",0,0,NA
8818,3,3,"F",1,0,3.75,1060,"Math & Science",0,0,NA
8819,6,6,"F",0,0,3.71,1280,"Arts & Letters",1,0,NA
8820,7,6,"F",1,0,3.8,1280,"Business & Economics",1,1,3.384
8821,7,6,"M",1,0,2.95,1160,"Math & Science",0,0,NA
8822,4,2,"F",0,0,3.59,1010,"Math & Science",0,0,NA
8823,7,6,"M",1,0,4.1,1260,"Business & Economics",0,0,NA
8824,7,7,"M",1,0,3.67,1180,"Business & Economics",0,0,NA
8825,6,6,"M",1,0,3.38,1230,"Business & Economics",0,0,NA
8826,7,3,"F",0,1,3.83,1350,"Business & Economics",1,0,NA
8827,7,4,"M",1,0,3.54,1200,"Math & Science",0,0,NA
8828,6,6,"F",1,0,3.5,1190,"Arts & Letters",0,0,NA
8829,4,4,"M",0,0,2.96,1010,"Arts & Letters",0,0,NA
8830,3,7,"M",1,0,3.2,1150,"Business & Economics",0,0,NA
8831,6,6,"F",0,0,3.46,900,"Math & Science",0,0,NA
8832,7,7,"F",0,0,2.26,1150,"Arts & Letters",0,0,NA
8833,5,7,"M",1,0,2.92,1020,"Arts & Letters",0,0,NA
8834,6,5,"M",1,0,3.54,1220,"Arts & Letters",0,0,NA
8835,7,6,"F",0,1,3.85,1210,"Math & Science",0,0,NA
8836,6,6,"M",1,0,2.85,1120,"Arts & Letters",0,0,NA
8837,4,4,"F",1,0,3.94,1170,"Math & Science",1,0,NA
8838,6,6,"F",0,0,4.08,1230,"Math & Science",0,0,NA
8839,7,6,"F",1,0,3.19,1160,"Arts & Letters",0,0,NA
8840,7,6,"F",1,0,4.38,1490,"Math & Science",1,0,NA
8841,2,3,"F",0,0,3.27,830,"Arts & Letters",0,0,NA
8842,5,6,"F",1,0,4.05,1330,"Arts & Letters",1,0,NA
8843,7,7,"F",1,0,4.4,1420,"Arts & Letters",1,0,NA
8844,3,3,"M",0,1,4.08,1230,"Math & Science",0,0,NA
8845,6,6,"F",1,0,3.5,1200,"Arts & Letters",0,1,3.461
8846,7,6,"F",0,0,2.7,1180,"Arts & Letters",0,0,NA
8847,6,6,"M",0,1,2.91,1200,"Arts & Letters",0,0,NA
8848,6,7,"F",0,1,3.27,900,"Math & Science",0,0,NA
8849,7,7,"F",1,0,4.21,1430,"Math & Science",1,1,3.675
8850,4,3,"M",1,0,3.7,1210,"Business & Economics",0,0,NA
8851,7,6,"F",1,0,2.96,980,"Arts & Letters",0,0,NA
8852,3,3,"M",0,1,3.33,1000,"Business & Economics",0,0,NA
8853,6,6,"M",1,0,4.04,1350,"Math & Science",1,0,NA
8854,6,3,"F",1,0,3.45,1180,"Business & Economics",0,0,NA
8855,6,6,"M",1,0,3.14,1060,"Math & Science",0,0,NA
8856,6,6,"M",1,0,3.95,1250,"Business & Economics",0,0,NA
8857,7,6,"M",1,0,2.95,1310,"Math & Science",0,0,NA
8858,6,6,"M",1,0,3.18,1140,"Math & Science",0,0,NA
8859,7,7,"F",1,0,3.82,1220,"Math & Science",0,0,NA
8860,6,7,"M",1,0,3.18,1290,"Business & Economics",0,0,NA
8861,7,6,"F",1,0,4.05,1290,"Business & Economics",1,0,NA
8862,7,6,"F",0,1,3.25,1340,"Arts & Letters",0,0,NA
8863,7,7,"F",1,0,4,1100,"Math & Science",0,0,NA
8864,5,4,"M",1,0,4.17,1470,"Math & Science",1,0,NA
8865,3,7,"M",1,0,4.17,1190,"Math & Science",1,0,NA
8866,7,7,"M",1,0,3.28,1090,"Math & Science",0,0,NA
8867,7,7,"F",1,0,3.96,1240,"Arts & Letters",0,0,NA
8868,6,6,"F",0,0,3.75,1050,"Business & Economics",1,0,NA
8869,5,6,"M",1,0,3.93,1350,"Arts & Letters",0,0,NA
8870,6,4,"F",0,0,3.23,1050,"Arts & Letters",0,0,NA
8871,7,7,"F",0,0,3.69,1290,"Math & Science",1,0,NA
8872,7,4,"F",1,0,3.4,1080,"Arts & Letters",0,0,NA
8873,3,3,"M",0,0,3.4,1050,"Math & Science",0,0,NA
8874,6,6,"F",0,0,3.55,1090,"Math & Science",0,0,NA
8875,7,7,"F",1,0,4.04,1270,"Math & Science",1,0,NA
8876,6,7,"M",0,0,2.94,960,"Arts & Letters",0,0,NA
8877,6,6,"M",0,0,4.27,1340,"Business & Economics",1,1,3.502
8878,6,5,"F",1,0,4,1100,"Arts & Letters",0,0,NA
8879,5,5,"F",0,0,4,950,"Math & Science",0,0,NA
8880,5,5,"M",1,0,3.14,890,"Math & Science",0,0,NA
8881,4,4,"F",1,0,3.8,1160,"Arts & Letters",1,0,NA
8882,5,7,"F",0,0,3.91,1130,"Math & Science",0,0,NA
8883,3,3,"F",0,1,3.86,1250,"Arts & Letters",1,1,3.652
8884,6,6,"F",0,1,4.36,1420,"Math & Science",1,0,NA
8885,7,7,"M",1,0,3.62,1140,"Business & Economics",0,0,NA
8886,7,6,"M",1,0,2.89,1220,"Arts & Letters",0,0,NA
8887,6,7,"M",1,0,3.96,1180,"Business & Economics",0,0,NA
8888,7,6,"F",0,0,4,1250,"Business & Economics",1,0,NA
8889,5,6,"M",0,1,3.65,1120,"Math & Science",0,0,NA
8890,7,5,"M",0,0,3.27,1140,"Math & Science",0,1,2.853
8891,7,7,"M",1,0,3.96,1220,"Business & Economics",0,0,NA
8892,4,4,"M",1,0,3.64,1220,"Math & Science",1,1,2.629
8893,3,4,"F",1,0,3.17,1070,"Arts & Letters",0,0,NA
8894,4,3,"M",1,0,2.67,1050,"Business & Economics",0,0,NA
8895,4,6,"M",0,1,3.43,1380,"Math & Science",1,0,NA
8896,7,6,"M",0,0,3.75,1470,"Math & Science",1,0,NA
8897,7,7,"F",0,0,4.13,1050,"Business & Economics",0,0,NA
8898,2,2,"F",0,1,3.78,1270,"Math & Science",1,0,NA
8899,6,6,"F",1,0,3.78,1190,"Arts & Letters",0,0,NA
8900,7,7,"M",1,0,3.37,1080,"Arts & Letters",0,0,NA
8901,3,5,"M",1,0,4.05,1420,"Business & Economics",1,0,NA
8902,3,5,"M",0,1,3.39,1170,"Math & Science",0,0,NA
8903,7,6,"M",0,1,4.04,1380,"Business & Economics",1,0,NA
8904,1,1,"M",0,0,3.25,1020,"Business & Economics",0,0,NA
8905,6,5,"M",1,0,3.62,1120,"Arts & Letters",0,0,NA
8906,4,6,"F",0,0,3.68,1150,"Arts & Letters",0,0,NA
8907,2,3,"M",0,0,3.86,1100,"Business & Economics",1,0,NA
8908,7,6,"M",1,0,3.27,1250,"Math & Science",0,0,NA
8909,6,4,"F",0,1,3.59,1050,"Business & Economics",0,0,NA
8910,2,4,"F",0,0,3.5,990,"Arts & Letters",0,0,NA
8911,7,4,"F",1,0,3.5,1090,"Arts & Letters",0,0,NA
8912,4,3,"F",0,1,3.35,860,"Math & Science",0,0,NA
8913,6,4,"F",0,1,4,1220,"Arts & Letters",0,0,NA
8914,3,2,"F",0,1,3.9,950,"Arts & Letters",0,0,NA
8915,3,6,"M",0,0,3.27,1170,"Arts & Letters",0,0,NA
8916,3,7,"M",1,0,3.67,970,"Business & Economics",0,0,NA
8917,7,6,"M",1,0,3.32,1010,"Business & Economics",0,0,NA
8918,4,2,"F",0,1,3.55,1000,"Business & Economics",0,0,NA
8919,3,7,"F",1,0,3.78,1080,"Arts & Letters",0,0,NA
8920,6,6,"F",1,0,3.3,1050,"Arts & Letters",0,0,NA
8921,6,7,"M",1,0,3.62,1290,"Business & Economics",1,0,NA
8922,7,6,"M",1,0,3.62,1320,"Arts & Letters",1,1,3.104
8923,3,2,"F",0,0,3.05,1220,"Arts & Letters",0,0,NA
8924,6,6,"F",0,0,2.58,1080,"Math & Science",0,0,NA
8925,6,6,"F",1,0,4.3,1330,"Math & Science",1,1,3.848
8926,6,6,"M",1,0,3.67,1380,"Math & Science",1,0,NA
8927,4,3,"F",0,1,3.25,1030,"Business & Economics",0,0,NA
8928,6,6,"F",1,0,4.11,950,"Arts & Letters",0,0,NA
8929,6,7,"M",1,0,3.75,1320,"Business & Economics",1,0,NA
8930,7,7,"M",1,0,3.6,1170,"Business & Economics",0,0,NA
8931,6,6,"F",1,0,3.3,1280,"Arts & Letters",0,0,NA
8932,6,6,"M",1,0,3.35,1290,"Business & Economics",0,0,NA
8933,7,7,"M",0,1,3,1350,"Business & Economics",0,0,NA
8934,6,3,"F",0,1,3.52,1450,"Math & Science",1,0,NA
8935,6,6,"F",1,0,4.14,1170,"Business & Economics",1,1,2.537
8936,4,3,"F",0,0,3.23,1070,"Business & Economics",0,0,NA
8937,3,4,"F",0,0,3.59,960,"Arts & Letters",0,0,NA
8938,4,6,"F",0,1,3.63,1240,"Arts & Letters",0,0,NA
8939,6,6,"M",1,0,3.69,1230,"Arts & Letters",0,0,NA
8940,6,6,"F",1,0,2.62,1220,"Arts & Letters",0,0,NA
8941,7,6,"F",0,1,4.05,1300,"Business & Economics",0,0,NA
8942,3,3,"F",0,1,3.94,1310,"Arts & Letters",0,0,NA
8943,7,5,"M",1,0,3.26,1240,"Math & Science",0,0,NA
8944,6,3,"F",1,0,3.6,1380,"Math & Science",1,1,2.899
8945,6,6,"F",1,0,2.82,1400,"Arts & Letters",0,0,NA
8946,3,3,"F",1,0,3.75,1000,"Arts & Letters",0,0,NA
8947,7,6,"M",0,1,3.32,1410,"Math & Science",0,0,NA
8948,4,4,"F",1,0,3.77,1080,"Business & Economics",0,0,NA
8949,6,6,"F",1,0,3.41,1260,"Arts & Letters",0,0,NA
8950,4,4,"M",1,0,3.59,1250,"Business & Economics",0,0,NA
8951,6,3,"F",1,0,3.67,880,"Arts & Letters",0,0,NA
8952,1,3,"F",0,0,3.78,1120,"Arts & Letters",0,0,NA
8953,7,6,"M",1,0,3.5,1160,"Business & Economics",1,0,NA
8954,6,6,"F",0,1,3.05,1000,"Business & Economics",0,0,NA
8955,6,7,"F",1,0,4.14,1140,"Arts & Letters",0,0,NA
8956,4,7,"F",0,0,4.17,1210,"Arts & Letters",1,0,NA
8957,6,3,"F",1,0,4.05,1280,"Business & Economics",1,1,3.114
8958,7,6,"F",1,0,3.75,1240,"Arts & Letters",1,0,NA
8959,7,7,"M",0,1,3.14,1290,"Arts & Letters",0,0,NA
8960,6,5,"F",1,0,4.25,1130,"Business & Economics",0,0,NA
8961,6,6,"M",1,0,3.25,1140,"Business & Economics",0,0,NA
8962,6,6,"F",1,0,3.91,1290,"Arts & Letters",1,0,NA
8963,6,7,"M",0,0,3.32,1180,"Arts & Letters",1,1,3.113
8964,6,6,"F",1,0,4.27,1420,"Business & Economics",1,0,NA
8965,3,3,"M",0,0,3.2,890,"Arts & Letters",0,0,NA
8966,3,3,"F",0,0,3.7,970,"Math & Science",0,0,NA
8967,6,3,"F",0,0,3.67,1160,"Arts & Letters",0,0,NA
8968,6,7,"M",1,0,3.79,1460,"Business & Economics",1,1,3.719
8969,6,6,"M",0,1,3.44,1130,"Business & Economics",0,0,NA
8970,7,4,"M",0,0,3.25,1080,"Math & Science",0,0,NA
8971,6,6,"M",1,0,3.17,1170,"Arts & Letters",0,0,NA
8972,7,7,"F",0,1,2.91,1090,"Arts & Letters",0,0,NA
8973,7,6,"M",0,0,3.75,1270,"Arts & Letters",0,0,NA
8974,6,6,"M",1,0,3.19,1400,"Business & Economics",0,0,NA
8975,3,3,"F",0,0,3.32,880,"Math & Science",0,0,NA
8976,7,7,"F",1,0,2.95,1170,"Math & Science",0,0,NA
8977,7,4,"M",1,0,3.28,920,"Arts & Letters",0,0,NA
8978,2,1,"F",0,1,3.85,1200,"Math & Science",1,0,NA
8979,7,6,"F",1,0,3.96,1290,"Math & Science",1,0,NA
8980,6,4,"F",1,0,3.45,1160,"Arts & Letters",0,0,NA
8981,3,1,"M",0,1,3,1170,"Math & Science",0,0,NA
8982,3,2,"F",0,1,3.15,1210,"Arts & Letters",0,0,NA
8983,3,4,"M",0,1,3.38,1380,"Business & Economics",1,0,NA
8984,7,7,"M",0,0,3.25,1070,"Business & Economics",0,0,NA
8985,6,7,"F",0,1,3.5,1210,"Business & Economics",0,0,NA
8986,3,7,"F",0,0,4.05,1470,"Arts & Letters",1,0,NA
8987,4,5,"M",0,0,3.24,1210,"Math & Science",0,0,NA
8988,6,7,"M",1,0,2.65,1040,"Business & Economics",0,0,NA
8989,6,5,"F",0,0,3.94,1120,"Arts & Letters",0,0,NA
8990,6,6,"F",1,0,3.7,1390,"Arts & Letters",1,0,NA
8991,7,5,"F",1,0,3.44,1180,"Math & Science",0,0,NA
8992,4,2,"F",1,0,3.67,1180,"Arts & Letters",0,0,NA
8993,6,6,"M",1,0,4.14,1540,"Math & Science",1,0,NA
8994,4,4,"M",0,0,2.95,860,"Business & Economics",0,0,NA
8995,6,6,"M",1,0,3.13,1170,"Business & Economics",0,0,NA
8996,2,2,"F",1,0,2.83,800,"Math & Science",0,0,NA
8997,4,4,"F",0,0,3.23,880,"Math & Science",0,0,NA
8998,4,4,"F",0,0,3.95,1230,"Math & Science",1,0,NA
8999,4,6,"F",1,0,3.78,940,"Arts & Letters",0,0,NA
9000,1,7,"M",0,0,3.63,1010,"Math & Science",0,0,NA
9001,2,2,"F",0,0,3.43,1040,"Arts & Letters",1,0,NA
9002,3,3,"F",1,0,4.26,1140,"Arts & Letters",0,0,NA
9003,1,1,"M",0,0,3.05,910,"Math & Science",0,0,NA
9004,6,5,"F",1,0,3.4,1080,"Arts & Letters",0,0,NA
9005,3,4,"F",1,0,3.86,1070,"Business & Economics",1,1,3.162
9006,4,6,"F",0,1,3.96,1260,"Math & Science",1,0,NA
9007,3,3,"M",0,0,3.16,860,"Business & Economics",0,0,NA
9008,6,6,"M",0,1,3.75,1150,"Math & Science",0,0,NA
9009,6,6,"F",1,0,3.92,1580,"Arts & Letters",1,0,NA
9010,7,4,"F",1,0,3.05,1100,"Math & Science",0,0,NA
9011,6,6,"F",1,0,3.44,1230,"Arts & Letters",0,0,NA
9012,7,5,"M",1,0,3.4,1250,"Math & Science",0,0,NA
9013,7,4,"F",1,0,3.44,1280,"Math & Science",1,0,NA
9014,1,1,"F",0,0,3.22,1010,"Arts & Letters",0,0,NA
9015,6,7,"M",1,0,2.88,1070,"Business & Economics",0,0,NA
9016,3,3,"M",1,0,2.33,930,"Arts & Letters",0,0,NA
9017,6,7,"F",1,0,3.29,1180,"Business & Economics",0,0,NA
9018,6,7,"F",0,0,3.39,1190,"Arts & Letters",0,0,NA
9019,6,6,"M",1,0,4.32,1410,"Math & Science",1,0,NA
9020,6,6,"M",1,0,3.4,1280,"Business & Economics",0,0,NA
9021,3,3,"M",0,1,3.4,1210,"Math & Science",0,0,NA
9022,7,6,"M",1,0,2.9,1140,"Business & Economics",0,0,NA
9023,1,1,"F",0,1,3.27,740,"Arts & Letters",0,0,NA
9024,1,1,"M",1,0,3.1,930,"Math & Science",0,0,NA
9025,7,7,"M",1,0,3.82,1310,"Math & Science",1,0,NA
9026,4,7,"F",1,0,3.71,1270,"Arts & Letters",0,0,NA
9027,6,6,"F",1,0,3.83,940,"Arts & Letters",1,0,NA
9028,1,7,"F",0,0,3.91,1210,"Math & Science",1,0,NA
9029,3,3,"F",1,0,3.79,1160,"Math & Science",0,0,NA
9030,7,7,"M",1,0,3.54,1120,"Business & Economics",0,0,NA
9031,6,6,"F",1,0,3.9,1020,"Arts & Letters",1,1,3.337
9032,1,1,"M",0,1,2.43,990,"Business & Economics",0,0,NA
9033,7,4,"F",0,0,3.66,1330,"Arts & Letters",1,0,NA
9034,4,4,"F",0,0,3.67,1030,"Math & Science",0,0,NA
9035,6,6,"F",1,0,3.96,1230,"Arts & Letters",0,0,NA
9036,6,3,"F",0,1,2.96,1070,"Arts & Letters",0,0,NA
9037,3,3,"M",0,0,3.75,1160,"Math & Science",0,0,NA
9038,1,1,"F",0,0,3.61,1110,"Arts & Letters",0,0,NA
9039,6,6,"F",1,0,3.95,1150,"Arts & Letters",0,0,NA
9040,6,7,"M",1,0,4.05,1150,"Arts & Letters",0,0,NA
9041,6,4,"F",0,0,3.82,1220,"Arts & Letters",0,0,NA
9042,6,6,"M",0,1,3.45,1200,"Business & Economics",0,0,NA
9043,6,6,"M",1,0,3.67,1090,"Arts & Letters",0,0,NA
9044,7,6,"F",0,1,2.3,1220,"Arts & Letters",0,0,NA
9045,3,6,"M",1,0,4,930,"Arts & Letters",1,0,NA
9046,6,6,"M",1,0,3.78,1260,"Math & Science",0,0,NA
9047,3,6,"F",1,0,4.23,1250,"Math & Science",0,0,NA
9048,1,1,"M",0,0,3.22,1110,"Business & Economics",0,0,NA
9049,3,3,"F",1,0,3.81,1220,"Math & Science",0,0,NA
9050,7,3,"F",0,0,4,1000,"Math & Science",0,0,NA
9051,6,7,"F",1,0,3.5,1120,"Math & Science",0,0,NA
9052,7,4,"F",1,0,3.67,1140,"Math & Science",0,0,NA
9053,3,2,"F",0,1,3.53,1060,"Arts & Letters",0,0,NA
9054,3,3,"F",0,0,3.5,800,"Arts & Letters",0,0,NA
9055,7,6,"F",0,1,3.39,1180,"Arts & Letters",0,0,NA
9056,1,3,"F",0,0,3.87,1040,"Business & Economics",1,0,NA
9057,1,1,"M",0,1,3.75,960,"Math & Science",0,0,NA
9058,6,4,"F",1,0,3.32,1190,"Math & Science",0,0,NA
9059,3,3,"F",1,0,3.61,940,"Business & Economics",0,0,NA
9060,6,7,"M",0,0,4.23,1540,"Arts & Letters",0,0,NA
9061,6,6,"F",0,0,3.21,1090,"Arts & Letters",0,0,NA
9062,7,5,"M",1,0,3.19,1130,"Arts & Letters",0,0,NA
9063,3,3,"M",0,0,2.65,840,"Business & Economics",0,0,NA
9064,2,4,"F",0,0,3.36,1070,"Arts & Letters",0,0,NA
9065,6,6,"M",0,1,3.08,890,"Arts & Letters",0,0,NA
9066,3,3,"F",0,1,3.28,1250,"Arts & Letters",0,0,NA
9067,7,6,"F",0,0,3.92,1200,"Arts & Letters",1,0,NA
9068,6,4,"M",1,0,3.61,1300,"Math & Science",0,0,NA
9069,3,4,"F",0,1,3.08,1120,"Arts & Letters",0,0,NA
9070,5,4,"M",1,0,3.29,1250,"Arts & Letters",1,1,3.343
9071,6,7,"F",1,0,3.65,1150,"Arts & Letters",1,1,3.177
9072,7,6,"F",1,0,3.75,1050,"Arts & Letters",0,0,NA
9073,3,1,"M",0,1,3.77,1350,"Arts & Letters",0,0,NA
9074,7,7,"M",0,1,3.41,1260,"Business & Economics",0,0,NA
9075,6,6,"M",1,0,3.12,1110,"Arts & Letters",0,0,NA
9076,7,7,"F",1,0,3.8,1410,"Math & Science",1,0,NA
9077,6,3,"M",1,0,3.85,1230,"Business & Economics",0,0,NA
9078,6,6,"F",1,0,4.15,1320,"Arts & Letters",1,0,NA
9079,7,6,"M",0,1,2.95,990,"Math & Science",0,0,NA
9080,5,4,"M",1,0,2.72,1020,"Business & Economics",0,0,NA
9081,6,6,"M",1,0,3.25,1360,"Arts & Letters",1,1,3.519
9082,6,6,"M",1,0,3.15,920,"Arts & Letters",0,0,NA
9083,7,6,"M",1,0,3.94,1490,"Arts & Letters",1,0,NA
9084,6,6,"F",1,0,3.95,1200,"Math & Science",0,0,NA
9085,6,7,"M",1,0,3.32,1070,"Arts & Letters",0,0,NA
9086,4,3,"F",1,0,3.75,1040,"Arts & Letters",0,0,NA
9087,7,6,"M",1,0,3.93,1300,"Math & Science",1,0,NA
9088,7,7,"M",0,1,2.83,1320,"Math & Science",0,0,NA
9089,6,6,"F",1,0,3.2,1150,"Math & Science",0,0,NA
9090,7,3,"M",1,0,2.85,1080,"Arts & Letters",0,0,NA
9091,7,7,"M",0,1,3.55,1320,"Math & Science",0,0,NA
9092,2,2,"F",0,0,3.56,1030,"Arts & Letters",0,0,NA
9093,2,2,"M",0,0,3.15,1150,"Arts & Letters",0,0,NA
9094,4,7,"F",1,0,4.23,1290,"Business & Economics",1,0,NA
9095,7,7,"F",1,0,3.42,1140,"Business & Economics",0,0,NA
9096,7,7,"F",0,1,3.9,1540,"Business & Economics",1,0,NA
9097,1,1,"F",0,1,2.83,1170,"Math & Science",0,0,NA
9098,7,6,"F",0,1,4.12,1350,"Business & Economics",1,0,NA
9099,3,3,"F",1,0,3.95,1090,"Arts & Letters",0,0,NA
9100,7,6,"F",1,0,3.5,1300,"Arts & Letters",0,0,NA
9101,7,7,"M",1,0,3.88,1220,"Math & Science",0,0,NA
9102,7,7,"M",1,0,3.25,1090,"Arts & Letters",0,0,NA
9103,6,6,"F",0,1,3.82,1230,"Math & Science",0,0,NA
9104,6,7,"F",0,1,3.54,1080,"Math & Science",0,0,NA
9105,5,6,"M",1,0,3.48,1050,"Math & Science",0,0,NA
9106,7,6,"M",0,0,3.86,1390,"Business & Economics",1,0,NA
9107,6,6,"M",0,1,3.73,1260,"Math & Science",0,0,NA
9108,7,6,"F",1,0,4.27,1330,"Math & Science",1,0,NA
9109,7,7,"F",1,0,4.36,1310,"Business & Economics",1,0,NA
9110,6,6,"F",1,0,3.73,1230,"Math & Science",0,0,NA
9111,6,7,"F",0,0,3.43,1340,"Arts & Letters",0,0,NA
9112,2,2,"F",0,0,3.75,910,"Math & Science",0,0,NA
9113,4,6,"M",1,0,2.73,1280,"Math & Science",0,0,NA
9114,3,3,"M",1,0,3.82,1010,"Business & Economics",0,0,NA
9115,6,6,"F",1,0,3.7,1210,"Arts & Letters",1,1,3.234
9116,3,2,"F",0,1,3.55,1040,"Business & Economics",0,0,NA
9117,6,6,"M",0,1,3.09,990,"Math & Science",0,0,NA
9118,3,6,"M",1,0,3.4,1160,"Math & Science",0,0,NA
9119,6,6,"M",0,1,3.54,1360,"Math & Science",1,0,NA
9120,5,5,"M",1,0,4.23,1480,"Business & Economics",1,0,NA
9121,5,7,"F",1,0,3.4,1050,"Arts & Letters",0,0,NA
9122,5,6,"M",1,0,3.45,1270,"Business & Economics",0,0,NA
9123,7,3,"M",0,1,4.36,1370,"Math & Science",1,0,NA
9124,6,5,"M",0,1,3.38,1380,"Math & Science",0,0,NA
9125,6,6,"F",1,0,2.73,880,"Business & Economics",0,0,NA
9126,2,2,"F",0,1,4.05,1290,"Business & Economics",1,0,NA
9127,7,7,"M",1,0,4.31,1210,"Arts & Letters",0,0,NA
9128,2,1,"F",0,0,2.92,800,"Business & Economics",0,0,NA
9129,1,1,"M",0,0,3.48,990,"Arts & Letters",0,0,NA
9130,6,6,"F",1,0,3.11,1210,"Math & Science",0,0,NA
9131,3,1,"F",0,0,2.77,890,"Arts & Letters",0,0,NA
9132,7,6,"M",1,0,3.91,1180,"Business & Economics",0,0,NA
9133,1,6,"F",1,0,3.67,1310,"Arts & Letters",1,0,NA
9134,7,7,"M",1,0,4,1150,"Arts & Letters",1,0,NA
9135,6,6,"M",0,0,3.74,1310,"Arts & Letters",0,0,NA
9136,4,6,"M",0,0,3.23,1310,"Arts & Letters",1,0,NA
9137,3,6,"F",0,0,3.88,1100,"Arts & Letters",0,0,NA
9138,5,6,"F",1,0,3.55,1050,"Business & Economics",0,0,NA
9139,6,6,"F",0,1,3.5,1410,"Arts & Letters",0,0,NA
9140,7,7,"F",1,0,3.7,1130,"Arts & Letters",1,1,3.208
9141,6,6,"F",1,0,4,1160,"Math & Science",0,0,NA
9142,4,4,"F",1,0,3.29,1090,"Arts & Letters",0,0,NA
9143,2,2,"M",0,0,3.59,680,"Business & Economics",0,0,NA
9144,6,7,"M",1,0,3.21,1040,"Math & Science",0,0,NA
9145,1,1,"F",0,0,2.82,740,"Math & Science",0,0,NA
9146,6,7,"M",0,0,3.26,1230,"Business & Economics",0,0,NA
9147,4,3,"F",1,0,3.5,960,"Arts & Letters",0,0,NA
9148,4,4,"M",1,0,3.38,1000,"Arts & Letters",0,0,NA
9149,6,3,"M",1,0,2.71,1180,"Arts & Letters",0,0,NA
9150,7,7,"F",1,0,3.65,1290,"Arts & Letters",1,0,NA
9151,1,1,"M",0,0,3.73,920,"Math & Science",0,0,NA
9152,1,1,"M",0,1,3.38,1030,"Business & Economics",1,1,2.338
9153,1,1,"F",0,0,3.08,930,"Math & Science",0,0,NA
9154,7,6,"M",1,0,3.4,1290,"Business & Economics",0,0,NA
9155,6,3,"F",0,1,3.48,1240,"Arts & Letters",0,0,NA
9156,7,5,"F",1,0,3.06,930,"Arts & Letters",0,0,NA
9157,2,2,"F",0,0,4.09,980,"Arts & Letters",1,0,NA
9158,7,6,"M",0,0,4.29,1220,"Math & Science",1,0,NA
9159,7,6,"M",1,0,3.79,1280,"Math & Science",0,0,NA
9160,1,1,"F",0,1,3.7,1070,"Arts & Letters",0,0,NA
9161,1,2,"M",0,1,3.14,1140,"Arts & Letters",1,0,NA
9162,6,6,"M",1,0,3.75,1340,"Math & Science",0,0,NA
9163,7,7,"F",1,0,3.81,1290,"Arts & Letters",0,0,NA
9164,4,4,"M",1,0,3.7,1330,"Business & Economics",0,1,2.51
9165,6,4,"F",1,0,3.87,1360,"Arts & Letters",1,1,3.223
9166,4,6,"F",0,0,3.52,1020,"Arts & Letters",0,0,NA
9167,1,2,"F",0,1,3.11,770,"Arts & Letters",0,0,NA
9168,4,7,"F",0,1,2.95,1110,"Arts & Letters",0,0,NA
9169,6,4,"F",0,0,4.09,1340,"Math & Science",1,0,NA
9170,6,6,"F",1,0,3.25,1030,"Business & Economics",0,0,NA
9171,3,3,"F",1,0,2.86,1090,"Arts & Letters",0,0,NA
9172,6,7,"F",1,0,3.73,1100,"Arts & Letters",1,0,NA
9173,6,6,"F",1,0,3.42,1090,"Math & Science",0,0,NA
9174,7,7,"F",0,0,3.39,1330,"Math & Science",0,0,NA
9175,7,7,"F",0,0,3.79,1380,"Math & Science",1,0,NA
9176,6,5,"M",0,0,2.25,750,"Math & Science",0,0,NA
9177,7,6,"M",0,1,3.45,1130,"Business & Economics",0,0,NA
9178,6,6,"M",0,1,3.96,1220,"Business & Economics",0,0,NA
9179,6,7,"F",1,0,3.71,1230,"Arts & Letters",0,0,NA
9180,7,7,"F",1,0,3.45,1180,"Math & Science",0,0,NA
9181,5,5,"F",0,1,3.54,1210,"Business & Economics",0,0,NA
9182,2,2,"M",0,1,2.59,1070,"Math & Science",0,0,NA
9183,3,3,"F",1,0,3.04,810,"Math & Science",0,0,NA
9184,4,4,"F",0,1,3.05,1160,"Arts & Letters",0,0,NA
9185,4,5,"F",1,0,3.91,1280,"Arts & Letters",0,0,NA
9186,7,7,"F",1,0,3.88,1190,"Arts & Letters",1,1,3.228
9187,3,1,"F",0,1,3.59,1280,"Arts & Letters",0,0,NA
9188,5,6,"M",0,1,2.77,940,"Arts & Letters",0,0,NA
9189,5,3,"M",0,1,3.88,1120,"Math & Science",1,0,NA
9190,6,6,"F",1,0,3.52,1300,"Arts & Letters",0,0,NA
9191,5,3,"M",0,0,3.67,1080,"Business & Economics",0,0,NA
9192,7,7,"M",1,0,3.7,1370,"Math & Science",0,0,NA
9193,7,6,"M",1,0,4.14,1310,"Business & Economics",1,0,NA
9194,7,6,"F",1,0,4.27,1450,"Arts & Letters",1,0,NA
9195,5,6,"M",1,0,3.06,1180,"Arts & Letters",0,0,NA
9196,6,7,"F",0,0,3.43,1330,"Arts & Letters",0,0,NA
9197,1,2,"M",0,0,3.55,1150,"Math & Science",1,0,NA
9198,1,2,"F",0,0,3.28,880,"Math & Science",0,0,NA
9199,4,4,"F",0,1,3.9,1270,"Arts & Letters",0,0,NA
9200,1,1,"F",0,0,4.19,1200,"Arts & Letters",1,0,NA
9201,6,6,"F",0,1,3.69,1320,"Arts & Letters",0,0,NA
9202,2,3,"F",0,1,2.54,630,"Arts & Letters",0,0,NA
9203,7,6,"M",0,1,4.36,1430,"Math & Science",1,0,NA
9204,6,7,"M",1,0,3.75,1170,"Arts & Letters",1,0,NA
9205,1,1,"F",0,0,3.35,1100,"Arts & Letters",0,0,NA
9206,6,6,"F",0,1,4.22,1270,"Math & Science",1,0,NA
9207,7,7,"F",1,0,3.92,1180,"Arts & Letters",0,0,NA
9208,6,6,"F",0,0,3.6,1030,"Arts & Letters",0,0,NA
9209,7,6,"F",0,0,4.04,1390,"Arts & Letters",1,0,NA
9210,7,7,"M",1,0,3.54,1340,"Business & Economics",1,0,NA
9211,6,7,"M",0,0,3.19,1070,"Arts & Letters",0,0,NA
9212,6,6,"F",0,1,3.5,1500,"Business & Economics",0,0,NA
9213,6,5,"M",0,1,2.8,1330,"Business & Economics",0,0,NA
9214,7,5,"F",0,0,3.92,1090,"Arts & Letters",0,0,NA
9215,1,1,"F",0,0,3.93,1110,"Arts & Letters",1,0,NA
9216,6,6,"F",1,0,3.67,1230,"Math & Science",0,0,NA
9217,7,7,"M",1,0,4.17,1110,"Math & Science",0,0,NA
9218,6,5,"F",1,0,3.62,1320,"Math & Science",0,0,NA
9219,4,6,"F",0,0,2.88,1110,"Arts & Letters",0,0,NA
9220,7,6,"M",0,0,2.9,960,"Business & Economics",0,0,NA
9221,4,3,"M",0,1,2.9,1050,"Arts & Letters",0,0,NA
9222,6,6,"M",1,0,3.15,1050,"Math & Science",0,0,NA
9223,6,3,"M",0,0,3.42,1060,"Business & Economics",0,0,NA
9224,6,6,"F",0,1,3.76,1150,"Math & Science",0,0,NA
9225,7,6,"M",1,0,3.95,1310,"Math & Science",0,0,NA
9226,1,1,"F",0,0,3.82,990,"Math & Science",0,0,NA
9227,3,4,"F",1,0,3.8,1240,"Business & Economics",1,0,NA
9228,3,6,"M",0,0,3.64,1040,"Math & Science",0,0,NA
9229,6,6,"M",0,0,2.9,1010,"Math & Science",0,0,NA
9230,5,3,"M",1,0,3.32,1130,"Business & Economics",0,0,NA
9231,6,6,"F",1,0,3.4,1040,"Arts & Letters",0,0,NA
9232,4,4,"F",0,0,3.64,1050,"Arts & Letters",0,0,NA
9233,7,6,"M",0,1,3.09,1330,"Arts & Letters",1,0,NA
9234,6,6,"F",1,0,4.05,1290,"Business & Economics",1,1,3.128
9235,7,7,"F",1,0,3.5,1070,"Math & Science",0,0,NA
9236,5,3,"F",0,0,3.3,1140,"Math & Science",0,0,NA
9237,7,7,"F",0,1,3.28,1190,"Arts & Letters",0,0,NA
9238,2,7,"M",1,0,3.73,1180,"Arts & Letters",0,0,NA
9239,4,7,"F",0,0,3.96,1240,"Arts & Letters",1,0,NA
9240,6,6,"M",1,0,3.04,960,"Arts & Letters",0,0,NA
9241,6,6,"M",0,0,3.8,1180,"Business & Economics",0,0,NA
9242,7,7,"F",0,0,3.1,1090,"Business & Economics",0,0,NA
9243,6,6,"M",1,0,3.04,1110,"Business & Economics",0,0,NA
9244,6,6,"M",1,0,3.95,1430,"Arts & Letters",1,0,NA
9245,4,3,"M",0,0,3.29,1060,"Arts & Letters",0,0,NA
9246,6,6,"F",1,0,3.79,1260,"Arts & Letters",0,0,NA
9247,7,6,"F",1,0,3.08,1270,"Arts & Letters",1,0,NA
9248,6,7,"F",1,0,3.88,1160,"Math & Science",0,0,NA
9249,4,4,"F",1,0,2.68,710,"Arts & Letters",0,0,NA
9250,3,6,"F",0,0,3.65,930,"Arts & Letters",0,0,NA
9251,7,6,"F",0,1,3.91,1230,"Arts & Letters",0,0,NA
9252,3,3,"F",1,0,3.95,1320,"Business & Economics",1,1,3.515
9253,5,7,"F",1,0,4.16,1410,"Arts & Letters",1,0,NA
9254,7,7,"M",1,0,3.28,1230,"Business & Economics",0,0,NA
9255,3,4,"F",0,0,3.86,1310,"Math & Science",0,0,NA
9256,6,6,"F",1,0,3.65,1050,"Arts & Letters",0,0,NA
9257,5,6,"M",1,0,4.05,1240,"Business & Economics",0,0,NA
9258,4,7,"F",1,0,3.17,1000,"Arts & Letters",0,0,NA
9259,6,6,"F",1,0,3.6,1300,"Business & Economics",0,0,NA
9260,6,6,"F",1,0,3.42,1150,"Math & Science",0,0,NA
9261,7,6,"F",1,0,3.5,1130,"Business & Economics",0,0,NA
9262,1,1,"M",0,0,3.16,850,"Arts & Letters",0,0,NA
9263,7,7,"F",0,0,3,820,"Business & Economics",0,0,NA
9264,6,4,"F",1,0,3.15,1040,"Math & Science",0,0,NA
9265,7,6,"M",1,0,3.21,1370,"Business & Economics",0,0,NA
9266,4,4,"F",1,0,4.06,1130,"Arts & Letters",0,1,3.275
9267,7,7,"F",1,0,4.2,1380,"Arts & Letters",1,0,NA
9268,7,7,"F",1,0,3.83,1170,"Math & Science",1,1,2.908
9269,6,7,"M",0,0,4.29,1370,"Math & Science",1,0,NA
9270,6,6,"F",1,0,3.6,1230,"Arts & Letters",0,0,NA
9271,6,4,"F",0,0,3.32,1430,"Arts & Letters",0,0,NA
9272,3,3,"F",1,0,4.08,1050,"Arts & Letters",0,0,NA
9273,6,7,"M",0,0,4.05,1380,"Math & Science",1,0,NA
9274,7,6,"F",0,1,3.59,1340,"Math & Science",1,0,NA
9275,6,6,"M",0,1,3.82,1290,"Business & Economics",0,0,NA
9276,6,5,"F",0,0,3.55,1270,"Arts & Letters",0,0,NA
9277,3,3,"F",0,0,4.11,1040,"Math & Science",0,0,NA
9278,6,6,"M",0,1,3.5,1450,"Math & Science",0,0,NA
9279,7,5,"M",0,0,3.46,1100,"Business & Economics",0,0,NA
9280,7,6,"F",1,0,4.21,1190,"Business & Economics",1,1,3.521
9281,4,4,"F",1,0,3.14,980,"Arts & Letters",0,0,NA
9282,7,7,"M",1,0,4.4,1510,"Business & Economics",1,0,NA
9283,6,7,"F",1,0,3.2,1140,"Arts & Letters",1,1,2.694
9284,7,7,"F",0,1,4.33,1400,"Business & Economics",1,0,NA
9285,4,7,"M",0,0,3.23,1130,"Arts & Letters",0,0,NA
9286,5,5,"M",1,0,4,1220,"Business & Economics",0,0,NA
9287,4,4,"F",1,0,4,1290,"Arts & Letters",1,1,3.457
9288,6,6,"M",1,0,4.04,1480,"Business & Economics",1,0,NA
9289,6,7,"M",0,0,3.96,1460,"Math & Science",1,0,NA
9290,4,5,"M",0,0,3.75,930,"Arts & Letters",0,0,NA
9291,6,7,"F",1,0,4.21,1500,"Math & Science",1,1,3.729
9292,6,6,"M",0,0,3.48,930,"Business & Economics",0,0,NA
9293,4,7,"F",1,0,4.04,1290,"Business & Economics",1,0,NA
9294,7,7,"F",1,0,3.82,1130,"Arts & Letters",0,0,NA
9295,7,7,"F",1,0,3.33,970,"Math & Science",0,0,NA
9296,6,7,"M",1,0,3.24,1000,"Arts & Letters",0,0,NA
9297,5,4,"M",0,1,2.5,1080,"Math & Science",0,0,NA
9298,4,4,"F",0,0,3.21,880,"Arts & Letters",0,0,NA
9299,5,5,"F",0,0,3.58,760,"Arts & Letters",0,0,NA
9300,4,4,"M",1,0,3.58,1240,"Business & Economics",0,0,NA
9301,6,6,"F",1,0,3.54,1290,"Business & Economics",0,0,NA
9302,7,6,"M",1,0,3.33,1000,"Arts & Letters",1,0,NA
9303,6,7,"M",0,0,3.36,1080,"Business & Economics",0,0,NA
9304,6,6,"M",0,1,3.45,1140,"Business & Economics",0,0,NA
9305,7,6,"F",1,0,4.36,1300,"Math & Science",0,0,NA
9306,5,3,"F",0,0,3.65,1080,"Math & Science",1,1,2.63
9307,6,6,"M",0,1,3.52,1330,"Business & Economics",1,0,NA
9308,6,6,"F",1,0,4.11,1120,"Math & Science",0,0,NA
9309,6,7,"F",1,0,3.27,1040,"Arts & Letters",0,0,NA
9310,6,7,"F",1,0,3.44,1110,"Math & Science",0,0,NA
9311,7,7,"M",1,0,4.04,1320,"Math & Science",1,0,NA
9312,7,6,"F",1,0,3.85,1130,"Math & Science",0,0,NA
9313,6,5,"F",1,0,3.78,1050,"Arts & Letters",0,0,NA
9314,7,7,"F",0,1,3.39,990,"Arts & Letters",0,0,NA
9315,6,3,"M",0,1,3.36,990,"Math & Science",0,0,NA
9316,6,6,"M",0,1,3.5,1410,"Arts & Letters",0,0,NA
9317,7,7,"M",1,0,4.19,1380,"Math & Science",1,0,NA
9318,1,1,"F",0,1,4.28,1070,"Math & Science",1,0,NA
9319,4,4,"M",0,1,3.54,1020,"Math & Science",0,0,NA
9320,5,5,"M",1,0,3.18,1050,"Math & Science",0,0,NA
9321,2,4,"M",0,1,3.25,1200,"Math & Science",0,0,NA
9322,6,4,"M",1,0,3,1090,"Arts & Letters",0,0,NA
9323,4,4,"M",0,0,3.5,1050,"Business & Economics",0,0,NA
9324,7,6,"F",1,0,3.96,1320,"Business & Economics",1,1,3.313
9325,4,6,"M",1,0,3.8,1150,"Business & Economics",1,0,NA
9326,6,5,"F",0,0,3.65,1180,"Business & Economics",0,0,NA
9327,3,3,"F",0,0,2.25,810,"Arts & Letters",0,0,NA
9328,3,4,"M",0,0,3.09,1030,"Arts & Letters",0,0,NA
9329,7,3,"F",0,0,3.59,1210,"Business & Economics",0,0,NA
9330,1,1,"F",0,1,3.54,880,"Arts & Letters",0,0,NA
9331,7,7,"F",1,0,4.2,1560,"Math & Science",1,0,NA
9332,6,4,"M",0,0,2.94,900,"Arts & Letters",0,0,NA
9333,6,6,"M",1,0,3.52,1270,"Arts & Letters",1,1,3.1
9334,6,6,"F",1,0,3,1040,"Arts & Letters",0,0,NA
9335,7,7,"F",0,1,3.93,1220,"Math & Science",1,0,NA
9336,3,5,"M",1,0,3.4,1420,"Arts & Letters",1,1,3.963
9337,4,7,"M",1,0,3.56,950,"Arts & Letters",0,0,NA
9338,3,4,"F",0,0,4.08,1160,"Business & Economics",1,0,NA
9339,6,6,"M",0,1,4.13,1550,"Business & Economics",1,0,NA
9340,3,3,"F",1,0,3.25,1050,"Arts & Letters",0,0,NA
9341,3,6,"M",1,0,3.89,1090,"Business & Economics",1,0,NA
9342,6,7,"M",1,0,3.86,1340,"Math & Science",1,0,NA
9343,6,7,"F",0,0,3.71,1210,"Arts & Letters",0,1,3.241
9344,6,5,"F",1,0,2.72,1130,"Business & Economics",0,0,NA
9345,4,4,"M",1,0,3,1030,"Arts & Letters",0,0,NA
9346,3,3,"M",0,0,2.68,930,"Arts & Letters",0,0,NA
9347,7,7,"F",1,0,4.25,1460,"Business & Economics",1,0,NA
9348,4,3,"M",0,0,3.37,1080,"Math & Science",0,0,NA
9349,7,7,"M",1,0,3.4,1290,"Math & Science",0,0,NA
9350,7,3,"M",1,0,3.05,1210,"Business & Economics",0,0,NA
9351,6,6,"M",1,0,3.18,1010,"Business & Economics",0,0,NA
9352,7,7,"F",0,0,3.88,1180,"Math & Science",0,0,NA
9353,4,4,"F",1,0,3.77,1200,"Math & Science",0,0,NA
9354,6,4,"F",0,0,3.12,960,"Business & Economics",0,0,NA
9355,6,6,"F",1,0,3.77,1250,"Business & Economics",1,0,NA
9356,2,4,"M",0,0,3.91,1020,"Arts & Letters",1,1,2.016
9357,7,6,"M",1,0,2.92,1230,"Math & Science",0,0,NA
9358,4,4,"F",1,0,3.45,1010,"Math & Science",0,0,NA
9359,4,5,"F",1,0,3.94,1190,"Business & Economics",1,1,3.05
9360,5,5,"M",1,0,3.14,1070,"Arts & Letters",0,0,NA
9361,4,4,"F",1,0,2.44,1160,"Arts & Letters",0,0,NA
9362,4,7,"M",0,0,3.26,1010,"Math & Science",0,0,NA
9363,7,6,"F",1,0,3.8,980,"Math & Science",0,0,NA
9364,7,7,"M",1,0,4.12,1460,"Business & Economics",1,0,NA
9365,7,6,"F",1,0,3.82,1230,"Arts & Letters",0,1,3.379
9366,7,7,"F",0,1,3.68,1440,"Business & Economics",1,0,NA
9367,7,5,"F",0,1,2.95,860,"Arts & Letters",0,0,NA
9368,6,6,"M",0,1,3.77,1330,"Business & Economics",1,0,NA
9369,2,2,"F",0,0,4,1110,"Math & Science",1,0,NA
9370,6,5,"F",1,0,4,1190,"Math & Science",0,0,NA
9371,6,6,"F",0,0,3.91,1300,"Math & Science",1,0,NA
9372,4,4,"M",1,0,3.77,1150,"Business & Economics",1,1,2.908
9373,6,6,"F",0,1,3.17,1160,"Business & Economics",0,0,NA
9374,4,6,"F",0,0,3.55,1160,"Arts & Letters",1,0,NA
9375,4,6,"M",1,0,4.3,1410,"Arts & Letters",1,0,NA
9376,6,5,"F",1,0,3.7,970,"Math & Science",0,0,NA
9377,5,4,"M",0,0,3.58,1030,"Math & Science",0,0,NA
9378,3,3,"M",0,0,3.67,1070,"Math & Science",0,0,NA
9379,4,4,"F",0,1,3.65,1200,"Business & Economics",0,0,NA
9380,6,6,"F",0,0,4.04,1290,"Business & Economics",1,0,NA
9381,7,7,"F",1,0,3.94,1310,"Math & Science",1,0,NA
9382,6,6,"M",0,1,2.78,1060,"Math & Science",0,0,NA
9383,6,6,"M",1,0,3.45,1360,"Arts & Letters",1,0,NA
9384,5,6,"F",1,0,3.82,1040,"Business & Economics",1,0,NA
9385,7,7,"F",1,0,3.84,1270,"Math & Science",1,0,NA
9386,6,5,"M",0,0,3.96,1260,"Business & Economics",1,0,NA
9387,1,1,"F",0,1,4.36,1100,"Arts & Letters",0,0,NA
9388,6,6,"F",1,0,3.27,1050,"Arts & Letters",0,0,NA
9389,7,4,"M",1,0,3.65,1280,"Business & Economics",0,0,NA
9390,6,6,"F",1,0,4.09,1150,"Math & Science",0,0,NA
9391,6,6,"F",1,0,3.7,1240,"Arts & Letters",0,0,NA
9392,5,6,"F",1,0,3.8,1170,"Arts & Letters",0,0,NA
9393,4,3,"M",1,0,2.53,840,"Math & Science",0,0,NA
9394,4,3,"F",1,0,3.26,930,"Arts & Letters",0,0,NA
9395,6,7,"F",1,0,4.21,1340,"Arts & Letters",0,1,3.705
9396,7,7,"F",0,1,4.26,1390,"Math & Science",1,0,NA
9397,7,6,"F",1,0,3.71,1410,"Arts & Letters",0,0,NA
9398,3,1,"F",0,0,3.7,1190,"Math & Science",1,0,NA
9399,6,6,"F",1,0,4,1550,"Arts & Letters",1,0,NA
9400,7,7,"M",1,0,3.5,1170,"Math & Science",0,0,NA
9401,4,4,"F",0,0,4.14,1290,"Arts & Letters",1,0,NA
9402,7,6,"F",0,1,3.58,1190,"Business & Economics",1,1,2.955
9403,6,5,"F",0,1,3.05,1320,"Arts & Letters",0,0,NA
9404,7,4,"F",1,0,3.82,1170,"Arts & Letters",0,0,NA
9405,7,7,"M",1,0,2.7,1090,"Business & Economics",0,0,NA
9406,3,3,"F",1,0,4.16,1170,"Arts & Letters",0,0,NA
9407,6,6,"F",1,0,3.21,1010,"Arts & Letters",0,0,NA
9408,6,6,"F",1,0,2.79,1160,"Math & Science",0,0,NA
9409,7,6,"F",1,0,3,1230,"Math & Science",0,0,NA
9410,2,3,"M",1,0,3.22,1100,"Arts & Letters",0,0,NA
9411,6,6,"F",0,0,4.09,1270,"Math & Science",1,0,NA
9412,4,6,"M",1,0,3.47,1120,"Arts & Letters",0,0,NA
9413,4,4,"M",0,0,3.5,920,"Math & Science",0,0,NA
9414,6,7,"M",1,0,4.1,1360,"Math & Science",1,0,NA
9415,6,7,"F",1,0,3.77,1120,"Business & Economics",1,1,2.735
9416,6,4,"F",1,0,3.82,1250,"Arts & Letters",0,0,NA
9417,5,4,"M",1,0,3.95,1240,"Business & Economics",1,0,NA
9418,6,6,"F",1,0,3.47,1070,"Math & Science",0,0,NA
9419,3,6,"M",1,0,3.83,1230,"Arts & Letters",0,0,NA
9420,7,7,"M",1,0,3.61,1340,"Math & Science",0,0,NA
9421,7,5,"F",0,0,3.32,1010,"Math & Science",0,0,NA
9422,6,6,"F",0,0,3.65,1230,"Arts & Letters",0,0,NA
9423,6,5,"F",1,0,3.45,1330,"Math & Science",0,0,NA
9424,4,6,"F",1,0,3.68,1190,"Arts & Letters",0,0,NA
9425,6,6,"M",0,0,3.52,1100,"Arts & Letters",0,0,NA
9426,6,6,"F",1,0,3.9,1170,"Math & Science",0,0,NA
9427,7,5,"F",1,0,4.15,1400,"Business & Economics",1,0,NA
9428,7,6,"M",1,0,3.55,1270,"Arts & Letters",0,0,NA
9429,6,7,"F",1,0,3.96,1270,"Business & Economics",0,0,NA
9430,6,4,"F",1,0,3.3,1010,"Business & Economics",0,0,NA
9431,7,7,"F",1,0,3.4,970,"Arts & Letters",0,0,NA
9432,4,7,"F",1,0,3.61,1000,"Arts & Letters",0,0,NA
9433,7,3,"F",1,0,3.42,1170,"Arts & Letters",1,0,NA
9434,7,6,"F",1,0,4.07,1290,"Business & Economics",1,0,NA
9435,4,6,"M",1,0,3.68,1340,"Business & Economics",1,0,NA
9436,6,5,"F",1,0,4.09,1190,"Arts & Letters",1,1,3.521
9437,1,1,"F",0,0,4.15,1250,"Math & Science",1,1,3.489
9438,7,6,"M",1,0,4.15,1490,"Math & Science",1,0,NA
9439,7,6,"F",0,1,3.5,1430,"Math & Science",0,0,NA
9440,6,7,"F",1,0,3.96,1260,"Business & Economics",1,0,NA
9441,6,6,"F",1,0,3.1,960,"Math & Science",0,0,NA
9442,5,4,"F",0,1,3.23,1070,"Math & Science",0,0,NA
9443,3,3,"M",1,0,3.4,1170,"Business & Economics",0,0,NA
9444,7,7,"M",0,1,2.96,1280,"Math & Science",0,0,NA
9445,7,4,"F",0,0,3.23,1010,"Arts & Letters",0,0,NA
9446,6,6,"F",0,0,3.3,1040,"Math & Science",0,0,NA
9447,7,4,"F",0,0,4,1290,"Business & Economics",1,0,NA
9448,6,7,"F",1,0,3.72,1300,"Arts & Letters",0,0,NA
9449,7,5,"F",0,0,3.2,1130,"Arts & Letters",0,0,NA
9450,7,6,"M",0,0,3.5,1120,"Math & Science",0,0,NA
9451,3,3,"M",0,1,3.83,1340,"Math & Science",1,0,NA
9452,7,7,"F",1,0,3.33,1170,"Arts & Letters",0,0,NA
9453,6,6,"M",0,1,3.35,1490,"Arts & Letters",0,0,NA
9454,6,6,"F",0,1,4.11,1540,"Business & Economics",0,0,NA
9455,7,3,"F",0,1,3.05,1350,"Arts & Letters",0,0,NA
9456,5,7,"M",1,0,3.84,1170,"Business & Economics",0,0,NA
9457,3,3,"M",1,0,3.82,1050,"Math & Science",0,0,NA
9458,7,6,"F",1,0,3.25,1030,"Business & Economics",0,0,NA
9459,7,7,"F",0,1,3.82,1420,"Arts & Letters",0,0,NA
9460,6,7,"F",1,0,2.65,950,"Business & Economics",0,0,NA
9461,5,5,"F",0,0,3.75,1170,"Arts & Letters",0,0,NA
9462,6,7,"M",1,0,3.1,1240,"Business & Economics",0,0,NA
9463,6,6,"F",1,0,4.13,1210,"Arts & Letters",1,0,NA
9464,6,6,"F",1,0,3.95,1340,"Arts & Letters",1,1,3.407
9465,7,3,"M",1,0,3.75,1160,"Arts & Letters",0,1,2.653
9466,7,6,"M",1,0,3.61,1120,"Math & Science",0,0,NA
9467,7,7,"M",0,0,3.96,1100,"Arts & Letters",0,0,NA
9468,6,6,"M",1,0,3.27,1130,"Arts & Letters",0,0,NA
9469,6,5,"M",1,0,3.05,1130,"Business & Economics",0,0,NA
9470,3,1,"F",0,1,2.96,810,"Arts & Letters",0,0,NA
9471,6,4,"F",1,0,3.7,1020,"Arts & Letters",0,0,NA
9472,2,6,"M",0,1,4,1420,"Business & Economics",1,0,NA
9473,7,5,"M",1,0,4.19,1330,"Business & Economics",1,1,3.738
9474,6,6,"M",0,0,3.96,1420,"Business & Economics",1,0,NA
9475,7,7,"M",1,0,3.6,1340,"Business & Economics",0,0,NA
9476,4,4,"F",1,0,3.62,1010,"Arts & Letters",0,0,NA
9477,3,6,"F",1,0,3.5,1000,"Math & Science",0,0,NA
9478,7,6,"F",1,0,3.5,1230,"Arts & Letters",0,0,NA
9479,4,3,"F",0,1,3.15,1110,"Arts & Letters",0,0,NA
9480,3,4,"F",0,1,3.41,1190,"Business & Economics",0,0,NA
9481,4,4,"M",1,0,3.75,1160,"Business & Economics",0,0,NA
9482,6,7,"F",1,0,3.44,1190,"Math & Science",0,0,NA
9483,7,7,"M",0,0,2.95,1230,"Business & Economics",0,0,NA
9484,3,5,"F",1,0,3.9,1220,"Math & Science",0,0,NA
9485,7,6,"F",1,0,4.04,1380,"Business & Economics",1,0,NA
9486,6,5,"F",1,0,2.68,1050,"Arts & Letters",0,0,NA
9487,6,6,"F",1,0,4.05,1130,"Math & Science",0,0,NA
9488,6,4,"M",0,1,3.59,1050,"Arts & Letters",0,0,NA
9489,7,4,"F",1,0,3.22,1270,"Business & Economics",0,0,NA
9490,6,7,"F",1,0,3.52,1160,"Arts & Letters",0,0,NA
9491,6,6,"F",1,0,3.1,1110,"Arts & Letters",0,0,NA
9492,3,3,"F",0,1,3.26,1050,"Arts & Letters",0,0,NA
9493,4,6,"F",1,0,3.35,1310,"Arts & Letters",1,1,2.447
9494,6,6,"M",1,0,3.38,1120,"Business & Economics",0,0,NA
9495,6,6,"F",0,1,3.86,1410,"Math & Science",1,0,NA
9496,7,6,"F",0,1,3.91,1370,"Arts & Letters",1,0,NA
9497,6,6,"F",1,0,4.12,1330,"Math & Science",0,0,NA
9498,6,6,"F",1,0,3.64,1230,"Arts & Letters",0,0,NA
9499,7,6,"M",0,1,3.64,1460,"Math & Science",1,0,NA
9500,7,6,"F",0,1,3.58,1230,"Arts & Letters",0,0,NA
9501,7,6,"M",1,0,3.14,1190,"Business & Economics",0,0,NA
9502,6,6,"M",1,0,3,1050,"Math & Science",0,0,NA
9503,7,7,"F",0,1,3.91,1450,"Arts & Letters",1,0,NA
9504,4,6,"F",1,0,4.15,1460,"Math & Science",1,0,NA
9505,7,6,"F",0,1,3.54,1170,"Math & Science",0,0,NA
9506,6,5,"M",0,0,3.62,1190,"Arts & Letters",0,0,NA
9507,4,7,"M",1,0,3.11,1040,"Math & Science",0,0,NA
9508,7,6,"M",0,1,3.86,1240,"Math & Science",0,0,NA
9509,6,3,"F",0,1,2.75,860,"Math & Science",0,0,NA
9510,7,6,"F",0,1,3.48,1230,"Arts & Letters",0,0,NA
9511,6,5,"M",1,0,3.23,1200,"Arts & Letters",0,0,NA
9512,7,5,"M",1,0,3.82,1220,"Business & Economics",0,0,NA
9513,4,3,"F",0,1,3.54,1030,"Math & Science",1,0,NA
9514,3,4,"F",0,0,4.19,1360,"Arts & Letters",1,0,NA
9515,6,6,"F",1,0,3.58,1290,"Arts & Letters",0,0,NA
9516,7,7,"F",0,0,3.4,1110,"Arts & Letters",0,0,NA
9517,7,6,"M",1,0,3.8,1070,"Math & Science",0,0,NA
9518,3,3,"M",0,0,3.3,960,"Arts & Letters",0,0,NA
9519,6,6,"F",0,1,3.73,1170,"Math & Science",0,0,NA
9520,7,6,"M",0,1,3.27,1310,"Arts & Letters",0,0,NA
9521,5,6,"F",1,0,3.25,880,"Arts & Letters",0,0,NA
9522,7,7,"M",1,0,3.42,1410,"Arts & Letters",0,0,NA
9523,4,2,"M",1,0,3.14,1160,"Arts & Letters",0,0,NA
9524,6,4,"M",1,0,4.09,1390,"Arts & Letters",1,0,NA
9525,1,1,"M",0,1,3.29,1060,"Math & Science",0,0,NA
9526,4,4,"F",1,0,4,1100,"Arts & Letters",0,0,NA
9527,1,1,"F",0,0,2.85,910,"Math & Science",0,0,NA
9528,7,6,"F",1,0,3.86,1340,"Arts & Letters",0,0,NA
9529,3,5,"M",0,0,3.4,1170,"Math & Science",0,0,NA
9530,7,6,"F",1,0,3.48,910,"Arts & Letters",0,0,NA
9531,6,6,"F",0,1,3.9,1170,"Math & Science",0,0,NA
9532,7,7,"F",0,1,4.12,1390,"Math & Science",1,0,NA
9533,3,6,"F",0,0,2.74,690,"Arts & Letters",0,0,NA
9534,3,6,"F",1,0,3.2,980,"Arts & Letters",0,0,NA
9535,1,1,"M",0,0,3.35,750,"Arts & Letters",1,0,NA
9536,1,3,"F",0,0,3.33,970,"Arts & Letters",1,0,NA
9537,6,6,"M",1,0,3.62,1160,"Math & Science",0,0,NA
9538,5,7,"F",1,0,3.38,1160,"Math & Science",0,0,NA
9539,7,6,"M",1,0,4,1190,"Arts & Letters",1,0,NA
9540,3,4,"M",0,0,3.63,920,"Math & Science",0,0,NA
9541,2,2,"M",0,0,2.85,690,"Math & Science",0,0,NA
9542,2,2,"M",0,0,3.68,1420,"Math & Science",1,0,NA
9543,3,3,"M",0,1,4.1,1000,"Math & Science",0,0,NA
9544,7,4,"M",1,0,3.71,1240,"Business & Economics",0,0,NA
9545,3,3,"M",1,0,3.95,1110,"Business & Economics",0,0,NA
9546,4,4,"F",1,0,3.77,1230,"Arts & Letters",1,0,NA
9547,7,5,"F",1,0,3.5,1230,"Math & Science",0,0,NA
9548,1,1,"F",0,0,3.15,330,"Arts & Letters",0,0,NA
9549,4,4,"M",1,0,4.08,1380,"Arts & Letters",1,1,4
9550,3,4,"F",0,0,3.45,1060,"Arts & Letters",0,0,NA
9551,7,6,"F",0,0,3.35,1200,"Arts & Letters",0,0,NA
9552,5,6,"F",1,0,3.05,1080,"Arts & Letters",0,0,NA
9553,3,3,"M",1,0,3.65,1190,"Business & Economics",0,0,NA
9554,6,6,"F",1,0,4.23,1270,"Math & Science",1,0,NA
9555,4,6,"M",0,0,3.21,1150,"Business & Economics",0,0,NA
9556,6,4,"F",1,0,2.6,870,"Arts & Letters",0,0,NA
9557,7,7,"M",1,0,3.95,1500,"Business & Economics",1,0,NA
9558,4,6,"M",0,0,2.67,920,"Business & Economics",0,0,NA
9559,2,3,"M",0,0,2.59,1100,"Business & Economics",0,0,NA
9560,3,3,"M",0,1,3.32,860,"Arts & Letters",0,0,NA
9561,6,7,"M",1,0,3.68,1450,"Business & Economics",1,0,NA
9562,6,6,"F",1,0,3.75,1040,"Arts & Letters",0,0,NA
9563,4,4,"M",1,0,3.5,1100,"Math & Science",0,0,NA
9564,4,6,"F",1,0,4.07,1200,"Business & Economics",1,0,NA
9565,6,5,"F",0,0,4.28,1250,"Math & Science",1,0,NA
9566,3,4,"F",1,0,2.91,1090,"Math & Science",0,1,2.719
9567,4,7,"F",0,0,3.68,920,"Arts & Letters",0,0,NA
9568,7,6,"M",0,0,3.73,1210,"Arts & Letters",0,0,NA
9569,4,4,"F",1,0,3.53,1260,"Math & Science",0,0,NA
9570,6,4,"F",1,0,2.76,970,"Arts & Letters",0,0,NA
9571,1,2,"F",0,0,3.5,970,"Math & Science",0,0,NA
9572,3,3,"M",0,0,2.82,890,"Arts & Letters",0,0,NA
9573,6,7,"F",1,0,3.91,1210,"Math & Science",0,0,NA
9574,5,3,"M",1,0,3.75,1120,"Business & Economics",0,0,NA
9575,3,3,"F",0,1,3.25,1160,"Math & Science",1,1,1.372
9576,4,3,"M",0,1,3.53,1250,"Math & Science",0,0,NA
9577,5,6,"F",0,0,3.4,1040,"Math & Science",0,0,NA
9578,3,6,"M",0,0,3.25,1120,"Math & Science",1,1,1.855
9579,4,7,"M",1,0,2.79,1090,"Math & Science",0,0,NA
9580,6,6,"F",0,1,3.82,1280,"Math & Science",0,0,NA
9581,3,3,"F",0,1,4,1050,"Math & Science",1,0,NA
9582,7,6,"F",0,1,3.16,1200,"Math & Science",0,0,NA
9583,6,6,"M",1,0,3.95,1350,"Business & Economics",1,0,NA
9584,3,4,"M",1,0,3.42,1070,"Arts & Letters",0,0,NA
9585,7,6,"F",1,0,3.93,1110,"Math & Science",0,0,NA
9586,3,6,"F",1,0,3.39,1020,"Arts & Letters",0,0,NA
9587,6,6,"F",0,1,4.04,1470,"Math & Science",1,0,NA
9588,3,4,"M",0,1,3.7,1080,"Business & Economics",1,0,NA
9589,6,7,"F",1,0,3.9,1160,"Math & Science",0,1,2.799
9590,7,7,"M",1,0,4.08,1380,"Math & Science",1,0,NA
9591,3,3,"F",0,0,4,1010,"Math & Science",0,0,NA
9592,7,6,"M",0,1,3.09,1360,"Math & Science",0,0,NA
9593,2,1,"F",0,0,4.12,1120,"Arts & Letters",0,0,NA
9594,1,1,"F",0,0,3.95,1040,"Arts & Letters",0,0,NA
9595,6,6,"M",0,0,2.96,1100,"Math & Science",0,0,NA
9596,4,1,"M",0,0,2.41,910,"Arts & Letters",0,0,NA
9597,6,6,"F",0,0,4.23,1390,"Math & Science",1,0,NA
9598,4,2,"F",0,0,3.88,1020,"Arts & Letters",0,0,NA
9599,3,2,"F",0,1,4.08,920,"Arts & Letters",1,0,NA
9600,2,4,"F",0,0,2.77,960,"Arts & Letters",0,0,NA
9601,7,6,"F",1,0,3.8,1220,"Math & Science",1,1,2.925
9602,3,3,"F",0,1,3.41,910,"Arts & Letters",0,0,NA
9603,6,5,"M",1,0,3.67,1210,"Business & Economics",1,1,2.878
9604,2,6,"M",0,1,4.27,1360,"Business & Economics",1,0,NA
9605,3,3,"F",1,0,2.32,990,"Arts & Letters",0,0,NA
9606,3,3,"M",1,0,3.5,1230,"Math & Science",0,0,NA
9607,6,6,"F",1,0,3.18,1160,"Arts & Letters",0,0,NA
9608,3,2,"F",0,0,3.91,1260,"Math & Science",1,1,2.58
9609,6,6,"F",1,0,3.41,1110,"Math & Science",0,0,NA
9610,3,7,"F",1,0,4,1190,"Arts & Letters",1,0,NA
9611,4,6,"M",0,0,2.8,910,"Business & Economics",0,0,NA
9612,7,5,"F",1,0,3.24,1000,"Arts & Letters",0,0,NA
9613,6,7,"F",0,1,3.7,1090,"Arts & Letters",0,0,NA
9614,7,6,"F",0,0,3.22,980,"Arts & Letters",0,0,NA
9615,4,6,"F",0,0,2.91,790,"Arts & Letters",0,0,NA
9616,7,3,"M",1,0,3.76,1390,"Math & Science",1,1,2.845
9617,6,6,"F",1,0,4.15,1060,"Math & Science",0,0,NA
9618,7,6,"M",0,1,3.64,1260,"Business & Economics",0,0,NA
9619,5,3,"F",0,1,3.68,1250,"Math & Science",0,0,NA
9620,5,3,"F",0,0,3.64,1240,"Arts & Letters",1,1,2.93
9621,6,3,"M",0,0,3.85,1270,"Math & Science",0,0,NA
9622,7,5,"M",1,0,3.85,1440,"Business & Economics",1,0,NA
9623,6,7,"F",0,1,3.62,1150,"Math & Science",1,0,NA
9624,6,6,"M",1,0,3.72,1090,"Business & Economics",0,0,NA
9625,7,6,"F",0,0,3.38,1340,"Arts & Letters",1,0,NA
9626,6,5,"F",0,0,3.38,970,"Business & Economics",0,0,NA
9627,7,6,"M",1,0,4.24,1220,"Business & Economics",1,1,3.403
9628,6,6,"M",1,0,3.67,1320,"Arts & Letters",0,0,NA
9629,3,6,"F",1,0,2.9,950,"Arts & Letters",0,0,NA
9630,1,1,"F",0,0,2.82,910,"Arts & Letters",0,0,NA
9631,4,3,"F",0,0,2.85,1210,"Math & Science",0,0,NA
9632,6,6,"F",1,0,3.92,1380,"Arts & Letters",0,0,NA
9633,6,6,"M",1,0,3.04,1140,"Business & Economics",0,0,NA
9634,6,6,"F",0,1,3.92,1190,"Arts & Letters",0,0,NA
9635,7,6,"F",1,0,4.25,1310,"Math & Science",0,0,NA
9636,5,5,"F",0,0,3.5,980,"Arts & Letters",0,0,NA
9637,7,6,"M",1,0,3.4,950,"Math & Science",0,0,NA
9638,3,4,"F",0,1,3.36,1190,"Arts & Letters",0,0,NA
9639,7,6,"F",0,1,3.32,1340,"Math & Science",0,0,NA
9640,4,4,"M",1,0,3,1170,"Math & Science",0,0,NA
9641,7,7,"M",1,0,2.55,1100,"Arts & Letters",0,0,NA
9642,6,4,"M",1,0,3.48,1180,"Business & Economics",0,0,NA
9643,6,7,"F",0,0,3.75,1120,"Arts & Letters",0,0,NA
9644,7,7,"F",1,0,4.25,1550,"Business & Economics",1,0,NA
9645,6,6,"M",0,1,2.68,860,"Math & Science",0,0,NA
9646,6,5,"F",0,1,3.41,1260,"Arts & Letters",0,0,NA
9647,6,4,"F",0,1,3.1,960,"Arts & Letters",0,0,NA
9648,3,4,"M",0,1,3.41,1300,"Arts & Letters",1,0,NA
9649,2,3,"M",0,0,2.67,670,"Arts & Letters",0,0,NA
9650,6,5,"F",1,0,3.5,1190,"Arts & Letters",0,0,NA
9651,7,7,"M",1,0,4.31,1470,"Business & Economics",1,0,NA
9652,3,6,"F",0,0,4.12,990,"Business & Economics",0,0,NA
9653,7,7,"F",1,0,3.58,1210,"Math & Science",0,0,NA
9654,6,7,"M",0,1,3.25,1110,"Math & Science",0,0,NA
9655,6,7,"F",1,0,3.84,1340,"Arts & Letters",0,0,NA
9656,2,2,"F",0,0,4.19,1040,"Arts & Letters",0,0,NA
9657,6,5,"F",0,0,2.9,940,"Math & Science",0,0,NA
9658,7,7,"M",0,0,2.88,910,"Arts & Letters",0,0,NA
9659,6,6,"M",0,1,2.7,1030,"Arts & Letters",0,0,NA
9660,7,7,"M",0,1,4.1,1460,"Arts & Letters",1,0,NA
9661,2,6,"F",0,0,3.92,930,"Math & Science",0,0,NA
9662,2,5,"F",1,0,3.82,1040,"Math & Science",0,0,NA
9663,7,7,"M",1,0,3.91,1090,"Business & Economics",0,0,NA
9664,4,2,"F",0,0,3.35,1100,"Arts & Letters",0,0,NA
9665,7,7,"F",1,0,2.76,1200,"Arts & Letters",0,0,NA
9666,1,1,"F",0,0,3.05,990,"Math & Science",0,0,NA
9667,3,3,"M",1,0,3.7,870,"Business & Economics",0,0,NA
9668,7,7,"F",1,0,4.36,1430,"Math & Science",1,0,NA
9669,7,7,"M",0,1,3.75,1470,"Math & Science",1,0,NA
9670,4,7,"M",1,0,3.88,1470,"Math & Science",1,0,NA
9671,4,4,"M",0,0,3.39,1220,"Business & Economics",0,0,NA
9672,4,6,"F",1,0,4.14,1450,"Business & Economics",1,0,NA
9673,7,7,"M",1,0,3.96,1410,"Arts & Letters",1,0,NA
9674,6,6,"M",0,1,3.45,1040,"Arts & Letters",1,0,NA
9675,4,6,"F",1,0,3.67,1060,"Arts & Letters",0,0,NA
9676,2,2,"M",0,1,3.56,1030,"Arts & Letters",1,0,NA
9677,3,4,"M",1,0,3.46,1310,"Math & Science",0,0,NA
9678,2,2,"M",0,0,3.25,1200,"Math & Science",1,1,2.522
9679,6,6,"F",1,0,3.35,1210,"Arts & Letters",0,0,NA
9680,3,3,"M",0,0,3.14,710,"Math & Science",0,0,NA
9681,7,6,"F",1,0,3.82,1250,"Arts & Letters",1,0,NA
9682,4,4,"F",1,0,4,1260,"Math & Science",1,0,NA
9683,7,7,"F",1,0,4.09,1190,"Math & Science",0,0,NA
9684,6,7,"F",1,0,3.6,1310,"Arts & Letters",0,0,NA
9685,4,7,"F",1,0,2.83,900,"Arts & Letters",0,0,NA
9686,2,4,"F",0,0,3.86,1090,"Business & Economics",0,0,NA
9687,6,3,"F",0,0,3.32,1150,"Arts & Letters",0,0,NA
9688,6,6,"F",1,0,3.29,1290,"Business & Economics",0,0,NA
9689,7,7,"M",0,1,3.58,1600,"Math & Science",0,0,NA
9690,4,6,"F",0,1,3.65,990,"Arts & Letters",0,0,NA
9691,7,5,"F",0,1,3.74,1110,"Math & Science",0,0,NA
9692,7,6,"F",1,0,4.11,1190,"Math & Science",1,0,NA
9693,2,3,"F",0,0,2.48,1040,"Math & Science",0,0,NA
9694,6,6,"F",1,0,4.17,1180,"Math & Science",1,0,NA
9695,6,6,"M",0,1,3.62,1280,"Arts & Letters",1,0,NA
9696,3,6,"F",0,0,4.2,1150,"Arts & Letters",0,0,NA
9697,1,1,"F",0,1,3.4,920,"Math & Science",1,0,NA
9698,3,7,"F",1,0,3.45,1080,"Arts & Letters",0,0,NA
9699,2,2,"M",0,1,4.04,1270,"Math & Science",1,0,NA
9700,3,4,"F",1,0,3.74,1220,"Arts & Letters",0,0,NA
9701,7,6,"M",1,0,3.5,1390,"Arts & Letters",1,1,3.759
9702,1,1,"F",0,1,4.23,1190,"Arts & Letters",1,0,NA
9703,7,6,"M",0,0,4.08,1030,"Arts & Letters",0,0,NA
9704,7,5,"M",0,0,3.73,1320,"Arts & Letters",1,1,2.968
9705,3,4,"F",0,0,3.39,860,"Arts & Letters",0,0,NA
9706,1,1,"F",0,0,3.05,1020,"Arts & Letters",0,0,NA
9707,4,5,"F",1,0,3.23,1050,"Math & Science",0,0,NA
9708,7,3,"M",0,0,2.77,990,"Math & Science",0,0,NA
9709,6,4,"F",1,0,3.53,1210,"Business & Economics",0,0,NA
9710,1,1,"F",0,0,3.48,840,"Arts & Letters",0,0,NA
9711,2,6,"F",0,0,3.33,1020,"Math & Science",0,0,NA
9712,1,1,"F",0,0,2.7,870,"Arts & Letters",0,0,NA
9713,5,6,"M",1,0,3.1,1040,"Math & Science",0,0,NA
9714,3,3,"M",0,0,3.39,1150,"Math & Science",1,0,NA
9715,2,7,"F",1,0,3.91,1440,"Arts & Letters",1,0,NA
9716,6,6,"F",1,0,3.54,1230,"Arts & Letters",0,0,NA
9717,6,5,"F",1,0,3.1,1270,"Math & Science",0,1,2.796
9718,3,5,"F",0,1,3.77,1060,"Arts & Letters",0,0,NA
9719,6,6,"F",1,0,3.12,1120,"Business & Economics",0,0,NA
9720,3,3,"F",1,0,3.73,1090,"Arts & Letters",1,1,3.036
9721,7,6,"M",1,0,3.35,1200,"Math & Science",0,0,NA
9722,4,4,"M",0,0,2.73,980,"Math & Science",0,0,NA
9723,4,3,"M",1,0,2.53,1130,"Arts & Letters",0,0,NA
9724,4,7,"M",1,0,3.8,1150,"Math & Science",0,0,NA
9725,7,5,"M",1,0,3.17,1270,"Arts & Letters",0,0,NA
9726,1,1,"F",0,1,3.85,1150,"Math & Science",1,1,2.84
9727,7,6,"F",1,0,3.41,1190,"Business & Economics",0,0,NA
9728,6,3,"F",0,0,3.61,1260,"Arts & Letters",0,0,NA
9729,1,2,"F",0,1,3,850,"Arts & Letters",0,0,NA
9730,7,7,"M",1,0,3.5,860,"Arts & Letters",0,0,NA
9731,6,4,"F",1,0,3.35,1310,"Arts & Letters",0,0,NA
9732,7,7,"F",1,0,4.16,1490,"Business & Economics",1,0,NA
9733,3,3,"F",1,0,3.06,1180,"Math & Science",0,0,NA
9734,2,4,"M",1,0,4.24,1150,"Math & Science",0,0,NA
9735,6,5,"M",1,0,4,1100,"Business & Economics",1,1,3.02
9736,3,3,"M",1,0,4,1090,"Arts & Letters",0,0,NA
9737,7,7,"F",1,0,3.85,1250,"Arts & Letters",0,0,NA
9738,7,4,"F",0,1,3.95,1310,"Math & Science",0,0,NA
9739,1,1,"M",0,0,3.15,940,"Arts & Letters",0,0,NA
9740,6,7,"M",1,0,3.21,1270,"Arts & Letters",0,0,NA
9741,3,4,"F",0,0,2.83,900,"Math & Science",0,0,NA
9742,7,7,"F",1,0,4.2,1340,"Math & Science",1,0,NA
9743,1,2,"F",0,0,3.25,910,"Arts & Letters",0,0,NA
9744,6,3,"F",1,0,3.88,1290,"Arts & Letters",1,1,3.268
9745,6,4,"F",1,0,2.85,1060,"Math & Science",0,0,NA
9746,3,3,"M",0,1,2.86,980,"Arts & Letters",0,0,NA
9747,5,4,"F",0,0,4.37,830,"Arts & Letters",0,0,NA
9748,6,6,"F",1,0,3.85,1110,"Arts & Letters",1,1,3.597
9749,4,4,"F",1,0,3.55,900,"Arts & Letters",0,0,NA
9750,5,7,"F",0,0,3.64,1190,"Business & Economics",1,1,3.232
9751,6,5,"M",1,0,3.36,1240,"Business & Economics",0,0,NA
9752,3,3,"F",0,0,2.9,740,"Arts & Letters",0,0,NA
9753,2,2,"F",0,1,3.79,880,"Business & Economics",0,0,NA
9754,7,7,"F",1,0,3.39,980,"Arts & Letters",0,0,NA
9755,6,4,"F",1,0,4.05,1180,"Math & Science",0,0,NA
9756,7,6,"M",1,0,3,1410,"Business & Economics",0,0,NA
9757,7,7,"F",1,0,3.71,1280,"Arts & Letters",1,0,NA
9758,6,6,"M",1,0,3.45,960,"Arts & Letters",0,0,NA
9759,5,5,"F",1,0,3.8,1340,"Math & Science",0,0,NA
9760,7,7,"F",0,0,3.64,1170,"Business & Economics",1,0,NA
9761,3,3,"F",1,0,4.06,1090,"Arts & Letters",0,0,NA
9762,3,3,"M",1,0,3.42,980,"Math & Science",0,0,NA
9763,6,4,"M",1,0,3.7,1160,"Business & Economics",0,0,NA
9764,1,3,"M",0,0,2.89,880,"Math & Science",0,0,NA
9765,3,4,"F",1,0,3.44,960,"Arts & Letters",0,0,NA
9766,7,7,"F",0,0,3.27,1140,"Business & Economics",0,0,NA
9767,6,6,"F",1,0,3.12,960,"Math & Science",0,0,NA
9768,6,5,"M",1,0,2.39,1270,"Business & Economics",0,0,NA
9769,6,6,"F",1,0,3.27,980,"Math & Science",0,0,NA
9770,6,5,"F",1,0,3.92,1400,"Math & Science",1,0,NA
9771,2,5,"M",0,1,3.38,1290,"Arts & Letters",1,0,NA
9772,7,7,"M",0,0,3.81,1170,"Math & Science",1,0,NA
9773,7,7,"F",0,0,3.29,1080,"Math & Science",0,0,NA
9774,6,6,"M",1,0,3.38,1060,"Business & Economics",1,1,2.675
9775,5,5,"F",0,1,3.14,1010,"Arts & Letters",0,0,NA
9776,6,6,"M",0,0,3.5,1190,"Arts & Letters",0,0,NA
9777,7,7,"M",1,0,3.54,1360,"Math & Science",0,0,NA
9778,6,3,"F",0,0,3.32,1070,"Business & Economics",0,0,NA
9779,4,6,"F",1,0,4.14,1110,"Arts & Letters",1,0,NA
9780,6,4,"M",0,1,3.35,1260,"Math & Science",0,0,NA
9781,3,3,"F",0,1,3.64,1040,"Business & Economics",1,0,NA
9782,6,4,"M",1,0,4.32,1550,"Math & Science",1,0,NA
9783,1,1,"F",0,1,3.55,1230,"Math & Science",1,0,NA
9784,7,7,"F",0,0,3.8,1220,"Math & Science",0,0,NA
9785,4,6,"F",1,0,3.64,1320,"Math & Science",1,1,3.246
9786,7,7,"M",0,0,3.77,1320,"Math & Science",0,0,NA
9787,3,4,"F",0,1,3.75,1160,"Math & Science",0,0,NA
9788,6,7,"F",0,1,3.91,1140,"Arts & Letters",1,0,NA
9789,6,7,"M",1,0,3.12,980,"Business & Economics",0,0,NA
9790,6,6,"F",0,1,3.92,1070,"Math & Science",0,0,NA
9791,7,6,"M",0,1,3.75,1100,"Math & Science",0,0,NA
9792,4,4,"M",1,0,3.95,1080,"Arts & Letters",0,0,NA
9793,5,5,"F",0,1,3.79,1280,"Business & Economics",1,0,NA
9794,3,4,"M",0,1,3.26,1100,"Math & Science",0,0,NA
9795,6,2,"M",0,1,4.29,1440,"Math & Science",1,0,NA
9796,6,3,"F",0,1,4.1,1240,"Math & Science",0,0,NA
9797,6,6,"F",1,0,4.06,1420,"Arts & Letters",1,1,3.376
9798,4,7,"M",0,0,3.55,920,"Math & Science",0,0,NA
9799,6,3,"M",0,1,2.61,1230,"Business & Economics",0,0,NA
9800,6,6,"F",1,0,3.93,1460,"Math & Science",1,0,NA
9801,7,6,"F",0,1,4.11,1360,"Arts & Letters",1,0,NA
9802,6,6,"F",0,1,4,1070,"Math & Science",0,0,NA
9803,7,7,"F",0,1,3.74,1420,"Business & Economics",1,0,NA
9804,7,7,"F",0,1,3.83,1410,"Arts & Letters",0,0,NA
9805,6,6,"F",0,1,3.59,1310,"Business & Economics",0,0,NA
9806,7,7,"F",0,1,3.59,1200,"Business & Economics",0,0,NA
9807,6,6,"M",1,0,4,1440,"Arts & Letters",1,0,NA
9808,6,6,"F",1,0,3.65,1220,"Business & Economics",1,0,NA
9809,6,7,"F",1,0,3.76,1340,"Arts & Letters",1,0,NA
9810,7,7,"F",1,0,3.65,1250,"Math & Science",0,0,NA
9811,4,3,"F",0,0,2.65,1040,"Math & Science",0,0,NA
9812,7,7,"M",0,1,3.46,1280,"Math & Science",0,0,NA
9813,3,3,"F",0,1,3.41,1100,"Math & Science",0,0,NA
9814,3,6,"M",1,0,3.37,1190,"Business & Economics",0,0,NA
9815,7,6,"F",1,0,4.27,1310,"Math & Science",1,0,NA
9816,7,7,"F",1,0,3.74,1290,"Arts & Letters",1,1,3.638
9817,7,6,"M",1,0,4.1,1220,"Business & Economics",1,0,NA
9818,6,5,"F",0,1,3.38,1190,"Business & Economics",0,0,NA
9819,3,3,"M",0,0,3.22,780,"Math & Science",0,0,NA
9820,4,4,"F",0,0,4.21,1320,"Math & Science",1,1,3.453
9821,6,6,"F",1,0,4.19,1490,"Business & Economics",1,0,NA
9822,7,6,"F",0,1,3.71,1170,"Arts & Letters",0,0,NA
9823,7,6,"M",1,0,3.95,1290,"Arts & Letters",1,0,NA
9824,6,6,"F",1,0,4.08,1410,"Arts & Letters",1,0,NA
9825,7,7,"F",1,0,3.57,1350,"Arts & Letters",1,1,3.4
9826,7,6,"M",1,0,2.74,1210,"Arts & Letters",0,0,NA
9827,1,1,"F",0,0,4.17,1160,"Arts & Letters",1,0,NA
9828,4,4,"F",1,0,2.88,1100,"Arts & Letters",0,0,NA
9829,6,4,"F",0,1,4.08,1410,"Math & Science",1,0,NA
9830,6,7,"F",1,0,3.2,1100,"Arts & Letters",0,0,NA
9831,7,3,"M",0,1,3.42,1040,"Business & Economics",0,0,NA
9832,5,4,"F",0,0,2.73,1150,"Math & Science",0,0,NA
9833,2,2,"M",1,0,2.95,960,"Business & Economics",0,0,NA
9834,7,7,"F",1,0,3.71,1000,"Math & Science",0,0,NA
9835,7,7,"M",0,0,3.36,1190,"Business & Economics",0,0,NA
9836,6,7,"F",0,1,2.79,1160,"Math & Science",0,0,NA
9837,6,6,"M",1,0,3.86,1260,"Math & Science",0,0,NA
9838,6,6,"F",1,0,3.95,1190,"Arts & Letters",1,0,NA
9839,4,4,"F",1,0,3.4,1070,"Math & Science",0,0,NA
9840,6,6,"F",0,1,3.52,1440,"Business & Economics",1,0,NA
9841,7,6,"M",1,0,3.1,1140,"Business & Economics",0,0,NA
9842,6,4,"M",1,0,3.69,1260,"Math & Science",1,1,3.247
9843,4,4,"F",0,0,3.57,930,"Arts & Letters",0,0,NA
9844,4,2,"M",0,0,2.53,660,"Arts & Letters",0,0,NA
9845,7,6,"M",0,1,3.46,1380,"Business & Economics",0,0,NA
9846,1,1,"M",0,1,4,1220,"Math & Science",1,0,NA
9847,6,6,"F",0,1,3.42,950,"Math & Science",0,0,NA
9848,7,7,"F",1,0,3.4,1200,"Math & Science",0,0,NA
9849,6,6,"M",1,0,3.2,1270,"Arts & Letters",1,1,2.545
9850,6,6,"F",1,0,4,1210,"Math & Science",0,0,NA
9851,3,6,"M",1,0,3.45,1190,"Business & Economics",0,0,NA
9852,6,7,"F",0,0,3.67,1100,"Arts & Letters",1,1,2.623
9853,6,6,"M",1,0,3.5,1090,"Business & Economics",0,0,NA
9854,2,1,"M",0,1,3.8,1060,"Math & Science",0,0,NA
9855,1,3,"F",0,1,3.2,1070,"Arts & Letters",0,0,NA
9856,6,6,"F",1,0,3.46,1200,"Business & Economics",0,0,NA
9857,7,7,"F",1,0,4.29,1260,"Arts & Letters",0,0,NA
9858,6,7,"F",1,0,3.75,1270,"Business & Economics",0,0,NA
9859,7,7,"F",1,0,3.5,1170,"Arts & Letters",0,0,NA
9860,3,7,"M",1,0,2.92,1060,"Business & Economics",0,0,NA
9861,3,3,"M",0,0,3.23,1000,"Arts & Letters",0,0,NA
9862,1,1,"M",0,0,3.42,1160,"Arts & Letters",0,1,2.502
9863,1,4,"F",0,1,4.04,1380,"Arts & Letters",0,0,NA
9864,5,4,"F",0,1,3.62,1240,"Arts & Letters",0,0,NA
9865,7,7,"M",1,0,3.55,1240,"Arts & Letters",0,0,NA
9866,3,7,"M",1,0,3.88,1230,"Math & Science",0,0,NA
9867,1,1,"M",0,1,3.33,1020,"Math & Science",0,0,NA
9868,4,6,"F",0,0,4.05,1320,"Arts & Letters",0,0,NA
9869,5,5,"M",1,0,3.58,1240,"Math & Science",0,0,NA
9870,7,6,"F",0,1,3.73,1290,"Math & Science",1,0,NA
9871,6,6,"F",1,0,3.55,1100,"Arts & Letters",0,0,NA
9872,7,7,"F",1,0,3.68,1410,"Arts & Letters",1,0,NA
9873,4,4,"M",1,0,3.35,1100,"Arts & Letters",0,0,NA
9874,7,6,"F",1,0,4.12,1380,"Math & Science",1,1,3.803
9875,7,7,"M",1,0,3.67,1120,"Business & Economics",0,0,NA
9876,7,7,"F",1,0,3.18,950,"Arts & Letters",0,0,NA
9877,4,4,"F",1,0,4.2,910,"Arts & Letters",0,0,NA
9878,7,7,"F",0,1,3.18,1230,"Math & Science",0,0,NA
9879,1,1,"M",0,0,3.73,1110,"Business & Economics",1,1,3.169
9880,7,7,"F",1,0,2.94,960,"Math & Science",0,0,NA
9881,7,7,"M",1,0,3.95,1240,"Business & Economics",1,0,NA
9882,1,1,"M",0,1,2.68,1060,"Math & Science",0,0,NA
9883,7,6,"F",0,0,3.39,990,"Math & Science",0,0,NA
9884,1,3,"M",0,1,3.74,1000,"Business & Economics",0,0,NA
9885,7,6,"F",1,0,3.61,1030,"Math & Science",0,0,NA
9886,7,6,"F",0,1,4.04,1390,"Math & Science",1,0,NA
9887,6,7,"M",0,0,4.05,1360,"Math & Science",1,0,NA
9888,3,3,"M",0,0,3.25,840,"Math & Science",0,0,NA
9889,7,7,"F",0,0,3.83,1250,"Business & Economics",1,0,NA
9890,4,3,"F",1,0,3.71,1300,"Arts & Letters",0,0,NA
9891,6,6,"F",1,0,0,1360,"Arts & Letters",0,0,NA
9892,7,5,"M",1,0,3.5,1290,"Business & Economics",0,0,NA
9893,7,7,"F",0,0,4.33,1200,"Math & Science",1,0,NA
9894,6,4,"F",1,0,2.65,1260,"Arts & Letters",0,0,NA
9895,3,6,"F",1,0,4.15,1230,"Arts & Letters",0,0,NA
9896,1,1,"F",0,1,3.79,1050,"Arts & Letters",0,0,NA
9897,4,4,"F",0,0,4.18,1230,"Math & Science",0,0,NA
9898,6,6,"F",1,0,3.87,1240,"Business & Economics",1,1,3.239
9899,4,7,"F",1,0,4,1400,"Math & Science",1,0,NA
9900,1,1,"M",0,0,3.6,850,"Business & Economics",0,0,NA
9901,7,4,"F",0,0,2.95,1080,"Business & Economics",0,0,NA
9902,7,7,"F",1,0,3.36,1350,"Arts & Letters",0,0,NA
9903,5,6,"F",1,0,4.05,1180,"Math & Science",0,0,NA
9904,4,4,"F",0,0,3.74,1090,"Arts & Letters",1,0,NA
9905,4,6,"M",1,0,3.13,1330,"Math & Science",0,0,NA
9906,3,3,"F",1,0,3.88,1290,"Arts & Letters",0,1,3.416
9907,6,7,"F",1,0,2.73,910,"Arts & Letters",0,0,NA
9908,2,4,"M",0,0,3.46,1040,"Arts & Letters",0,0,NA
9909,7,7,"M",1,0,3.68,1240,"Business & Economics",1,1,3.35
9910,7,6,"F",1,0,4,1170,"Arts & Letters",1,0,NA
9911,4,4,"F",1,0,3.88,1060,"Business & Economics",0,0,NA
9912,4,7,"F",0,0,2.48,800,"Arts & Letters",0,0,NA
9913,4,4,"F",1,0,3.5,960,"Math & Science",0,0,NA
9914,4,6,"F",1,0,2.95,950,"Arts & Letters",0,0,NA
9915,3,3,"M",1,0,4.14,1100,"Business & Economics",0,0,NA
9916,6,6,"F",1,0,3.33,1110,"Business & Economics",0,0,NA
9917,2,3,"M",0,0,3.82,1290,"Business & Economics",1,0,NA
9918,5,4,"F",1,0,3.6,1020,"Math & Science",0,0,NA
9919,7,7,"M",0,1,3.32,1500,"Math & Science",0,0,NA
9920,4,4,"F",1,0,3.7,1180,"Math & Science",0,0,NA
9921,5,5,"M",1,0,2.68,830,"Math & Science",0,0,NA
9922,6,6,"F",1,0,3.62,1320,"Math & Science",0,0,NA
9923,4,6,"M",1,0,4,1080,"Arts & Letters",0,0,NA
9924,7,7,"M",0,1,3.5,1550,"Arts & Letters",0,0,NA
9925,7,7,"F",1,0,3.35,1270,"Arts & Letters",0,0,NA
9926,3,4,"M",1,0,4.1,1270,"Math & Science",1,1,3.034
9927,7,7,"F",1,0,3.73,1270,"Math & Science",1,0,NA
9928,1,1,"M",0,0,3.12,1180,"Arts & Letters",0,0,NA
9929,6,7,"F",0,1,2.95,1390,"Arts & Letters",0,0,NA
9930,4,6,"F",1,0,3.18,1090,"Arts & Letters",0,0,NA
9931,3,3,"F",1,0,3.7,1080,"Business & Economics",0,0,NA
9932,4,5,"M",1,0,3.2,1120,"Business & Economics",0,0,NA
9933,7,4,"F",1,0,2.82,1220,"Business & Economics",0,0,NA
9934,6,4,"M",1,0,3.78,1280,"Business & Economics",1,0,NA
9935,7,7,"M",0,0,2.83,1050,"Math & Science",0,0,NA
9936,5,6,"M",1,0,3.36,1310,"Business & Economics",1,1,3.08
9937,6,7,"M",1,0,4.14,1440,"Arts & Letters",1,0,NA
9938,4,6,"F",1,0,3.86,1060,"Arts & Letters",1,0,NA
9939,5,5,"F",0,1,3.55,1150,"Math & Science",0,0,NA
9940,3,6,"M",0,0,4.15,1410,"Business & Economics",1,0,NA
9941,7,6,"F",1,0,3.9,1190,"Math & Science",0,0,NA
9942,4,5,"F",0,0,2.84,1000,"Arts & Letters",0,0,NA
9943,6,6,"F",1,0,3.92,1050,"Math & Science",0,0,NA
9944,1,1,"F",0,0,3.17,870,"Math & Science",0,0,NA
9945,1,2,"F",0,0,3.96,810,"Math & Science",0,0,NA
9946,7,6,"M",0,0,3.8,1210,"Business & Economics",0,0,NA
9947,7,6,"M",0,0,3,1210,"Business & Economics",0,0,NA
9948,7,7,"F",1,0,4.05,1360,"Math & Science",1,0,NA
9949,7,4,"F",0,1,3.5,1250,"Math & Science",0,0,NA
9950,7,7,"M",1,0,3.85,1210,"Business & Economics",0,0,NA
9951,6,4,"F",0,0,2.91,1000,"Arts & Letters",0,0,NA
9952,6,6,"F",0,0,3.78,1230,"Math & Science",0,0,NA
9953,4,4,"F",1,0,2.89,1190,"Arts & Letters",0,0,NA
9954,4,5,"M",1,0,3.38,1180,"Business & Economics",0,0,NA
9955,4,5,"F",1,0,3.61,1060,"Math & Science",0,0,NA
9956,4,5,"M",0,0,2.8,1200,"Arts & Letters",0,0,NA
9957,6,6,"F",1,0,3.1,1150,"Math & Science",0,0,NA
9958,7,6,"F",1,0,4.38,1450,"Arts & Letters",1,0,NA
9959,7,7,"F",1,0,4.12,1340,"Arts & Letters",1,0,NA
9960,5,5,"M",1,0,3.3,1090,"Business & Economics",0,0,NA
9961,6,4,"M",0,0,2.15,780,"Arts & Letters",0,0,NA
9962,7,7,"M",1,0,3.58,1270,"Math & Science",0,0,NA
9963,6,6,"M",1,0,3.35,1250,"Arts & Letters",0,0,NA
9964,3,4,"F",1,0,3.54,990,"Arts & Letters",0,0,NA
9965,4,5,"F",1,0,3.48,1170,"Arts & Letters",0,0,NA
9966,6,5,"M",0,0,4.1,1360,"Arts & Letters",0,0,NA
9967,6,5,"M",1,0,4.29,1250,"Business & Economics",1,0,NA
9968,4,6,"F",1,0,3.65,1020,"Arts & Letters",0,0,NA
9969,6,6,"F",1,0,3.91,1170,"Math & Science",1,1,2.816
9970,4,6,"M",1,0,3.59,1180,"Math & Science",0,0,NA
9971,3,3,"F",0,1,3.73,1320,"Business & Economics",1,1,2.871
9972,6,6,"M",1,0,3.69,1250,"Arts & Letters",1,0,NA
9973,6,6,"F",0,0,3.23,1250,"Arts & Letters",0,0,NA
9974,3,4,"F",0,0,3.66,1160,"Arts & Letters",0,0,NA
9975,4,6,"F",0,1,3.36,880,"Math & Science",0,0,NA
9976,2,2,"F",0,1,3.27,1270,"Math & Science",1,0,NA
9977,6,6,"F",0,0,3.46,1080,"Math & Science",0,0,NA
9978,1,6,"F",0,0,2.89,790,"Math & Science",0,0,NA
9979,7,6,"F",0,0,3.5,1230,"Arts & Letters",0,0,NA
9980,7,7,"F",0,1,4.14,1200,"Math & Science",0,0,NA
9981,7,7,"F",1,0,3.45,1200,"Arts & Letters",0,0,NA
9982,6,5,"F",1,0,3.95,1260,"Arts & Letters",1,0,NA
9983,4,4,"F",0,0,3.38,1230,"Arts & Letters",1,0,NA
9984,1,2,"F",0,1,3.64,1210,"Math & Science",0,0,NA
9985,6,6,"M",0,0,3.7,1350,"Arts & Letters",1,0,NA
9986,7,7,"F",0,1,3.07,1150,"Arts & Letters",0,0,NA
9987,3,3,"F",1,0,4.27,1180,"Arts & Letters",1,0,NA
9988,7,7,"F",0,1,3.86,1490,"Math & Science",1,0,NA
9989,6,4,"F",1,0,4.18,1200,"Arts & Letters",1,1,3.572
9990,6,4,"M",0,1,4.11,1280,"Business & Economics",1,0,NA
9991,4,6,"M",1,0,3.1,1060,"Arts & Letters",0,0,NA
9992,4,6,"M",1,0,2.77,1150,"Business & Economics",0,0,NA
9993,5,6,"M",1,0,2.68,1070,"Math & Science",0,0,NA
9994,7,6,"F",1,0,4.05,1320,"Math & Science",1,0,NA
9995,6,6,"F",0,0,3.86,1340,"Arts & Letters",0,0,NA
9996,7,7,"F",1,0,4.44,1260,"Arts & Letters",1,0,NA
9997,7,7,"F",0,1,3.79,1360,"Arts & Letters",1,0,NA
9998,5,5,"F",0,0,2.75,810,"Arts & Letters",0,0,NA
9999,2,6,"M",1,0,3.48,1310,"Arts & Letters",1,0,NA
10000,4,4,"F",0,0,3.34,880,"Math & Science",0,0,NA
10001,6,6,"M",1,0,3.75,1260,"Math & Science",0,0,NA
10002,6,6,"F",1,0,3.92,1480,"Arts & Letters",1,0,NA
10003,7,6,"F",1,0,3.82,1160,"Arts & Letters",1,0,NA
10004,7,6,"F",0,1,3.71,1550,"Math & Science",1,0,NA
10005,6,7,"M",0,0,3.75,1100,"Business & Economics",1,0,NA
10006,1,1,"F",0,1,2.95,970,"Business & Economics",0,0,NA
10007,7,4,"M",0,0,4,1330,"Math & Science",0,0,NA
10008,7,6,"F",0,1,3,1350,"Business & Economics",0,0,NA
10009,6,5,"M",0,1,4,1330,"Math & Science",1,0,NA
10010,5,5,"F",0,0,3.2,1060,"Arts & Letters",0,0,NA
10011,7,7,"M",0,0,2.8,840,"Math & Science",0,0,NA
10012,6,6,"M",1,0,3.39,1070,"Arts & Letters",0,0,NA
10013,7,6,"F",0,1,3,1110,"Business & Economics",0,0,NA
10014,6,6,"M",1,0,3.67,1360,"Math & Science",0,0,NA
10015,4,6,"M",1,0,4.17,1430,"Math & Science",1,0,NA
10016,7,7,"F",0,1,3.88,1490,"Arts & Letters",0,0,NA
10017,2,3,"M",0,0,3.12,1070,"Math & Science",0,0,NA
10018,6,6,"M",0,0,3.57,950,"Business & Economics",0,0,NA
10019,5,5,"F",0,1,3.09,990,"Math & Science",0,0,NA
10020,6,6,"F",0,0,3.27,1160,"Arts & Letters",0,0,NA
10021,6,6,"M",1,0,3.83,1070,"Arts & Letters",0,0,NA
10022,1,4,"F",0,0,3.35,1000,"Business & Economics",0,0,NA
10023,7,6,"F",0,0,2.95,990,"Arts & Letters",0,0,NA
10024,6,7,"F",1,0,3.38,1100,"Math & Science",0,0,NA
10025,4,7,"F",0,1,3.64,1190,"Math & Science",0,0,NA
10026,7,7,"F",1,0,4,1300,"Arts & Letters",1,0,NA
10027,7,7,"F",0,1,4.1,1440,"Math & Science",1,0,NA
10028,6,6,"F",1,0,3.62,1300,"Arts & Letters",0,0,NA
10029,2,2,"F",0,1,3.63,1150,"Math & Science",0,0,NA
10030,6,7,"M",1,0,4.32,1510,"Business & Economics",1,0,NA
10031,7,6,"M",1,0,3.81,1260,"Business & Economics",1,0,NA
10032,6,3,"F",0,1,3.65,990,"Math & Science",1,1,2.579
10033,7,5,"F",1,0,4.12,1270,"Math & Science",1,0,NA
10034,3,4,"M",0,0,3.5,1450,"Math & Science",0,0,NA
10035,6,7,"F",1,0,3.65,1320,"Math & Science",0,0,NA
10036,7,7,"F",1,0,3.23,1150,"Arts & Letters",0,0,NA
10037,7,6,"F",1,0,4.36,1310,"Arts & Letters",1,0,NA
10038,6,3,"F",1,0,2.8,840,"Math & Science",0,0,NA
10039,6,5,"M",0,1,3.9,1240,"Business & Economics",0,0,NA
10040,4,4,"F",0,0,4.05,1100,"Math & Science",0,0,NA
10041,7,6,"M",1,0,3.44,1080,"Arts & Letters",0,0,NA
10042,6,6,"M",1,0,3.91,1310,"Business & Economics",1,0,NA
10043,6,6,"F",1,0,3.46,1280,"Arts & Letters",0,0,NA
10044,3,3,"F",1,0,3.22,860,"Arts & Letters",0,0,NA
10045,3,3,"M",1,0,3.75,1040,"Business & Economics",0,0,NA
10046,3,3,"F",0,0,2.67,1060,"Arts & Letters",0,0,NA
10047,4,4,"M",1,0,3.79,1050,"Math & Science",0,0,NA
10048,4,4,"F",1,0,4.3,1290,"Arts & Letters",0,0,NA
10049,2,1,"F",0,0,3.05,990,"Math & Science",0,0,NA
10050,4,4,"M",0,0,3.62,990,"Math & Science",1,0,NA
10051,6,7,"F",0,0,3.96,1340,"Arts & Letters",1,0,NA
10052,6,4,"F",0,0,4.16,980,"Arts & Letters",1,0,NA
10053,4,7,"F",1,0,4.12,910,"Arts & Letters",0,0,NA
10054,6,6,"F",1,0,3.54,1030,"Business & Economics",0,0,NA
10055,5,6,"M",1,0,4,1240,"Math & Science",1,1,3.713
10056,3,3,"M",1,0,3.65,1050,"Business & Economics",0,0,NA
10057,7,6,"F",1,0,3.91,1410,"Business & Economics",1,0,NA
10058,3,3,"F",0,1,2.74,1000,"Arts & Letters",0,0,NA
10059,7,7,"M",1,0,3.33,1410,"Business & Economics",0,0,NA
10060,3,4,"F",1,0,3.54,1260,"Arts & Letters",0,0,NA
10061,5,5,"M",0,0,3.73,1300,"Business & Economics",1,0,NA
10062,5,3,"M",0,1,3.48,930,"Business & Economics",0,0,NA
10063,4,6,"F",0,1,3.15,1080,"Math & Science",0,0,NA
10064,4,5,"F",1,0,3.6,1170,"Math & Science",0,0,NA
10065,6,5,"M",1,0,3.24,1390,"Arts & Letters",0,0,NA
10066,6,7,"F",1,0,3.68,1220,"Business & Economics",0,0,NA
10067,6,6,"M",1,0,3.46,1430,"Math & Science",0,0,NA
10068,6,6,"F",1,0,2.8,970,"Business & Economics",0,0,NA
10069,6,3,"F",1,0,3.5,1000,"Business & Economics",0,0,NA
10070,6,6,"F",1,0,3.85,1330,"Arts & Letters",0,0,NA
10071,2,4,"M",0,0,3.48,1150,"Business & Economics",0,0,NA
10072,5,4,"M",0,1,4.05,1380,"Business & Economics",1,0,NA
10073,7,7,"F",1,0,2.95,1030,"Arts & Letters",0,0,NA
10074,6,3,"F",1,0,3.64,1090,"Arts & Letters",0,0,NA
10075,7,6,"M",0,0,2.62,1260,"Math & Science",0,0,NA
10076,7,5,"F",1,0,2.38,1130,"Arts & Letters",0,0,NA
10077,4,6,"F",1,0,3.7,1190,"Math & Science",0,0,NA
10078,7,5,"F",1,0,3.8,1150,"Math & Science",0,0,NA
10079,6,6,"M",1,0,3.38,1280,"Arts & Letters",0,0,NA
10080,6,6,"M",1,0,3.55,1210,"Math & Science",0,0,NA
10081,4,3,"M",0,0,3.04,920,"Arts & Letters",0,0,NA
10082,7,6,"M",0,1,3.76,1350,"Arts & Letters",0,0,NA
10083,7,7,"F",1,0,2.83,1080,"Arts & Letters",0,0,NA
10084,7,7,"M",0,0,2.45,1140,"Arts & Letters",0,0,NA
10085,7,6,"F",1,0,3.23,1080,"Arts & Letters",0,0,NA
10086,6,6,"M",1,0,4.09,1280,"Business & Economics",1,1,3.808
10087,1,2,"F",0,1,3.45,1270,"Math & Science",1,0,NA
10088,6,6,"M",1,0,3,910,"Business & Economics",0,0,NA
10089,6,6,"M",1,0,3.05,1420,"Math & Science",0,0,NA
10090,4,6,"F",1,0,3.5,1240,"Math & Science",0,0,NA
10091,7,3,"F",1,0,4,1140,"Math & Science",0,0,NA
10092,3,3,"M",0,0,3.72,1260,"Arts & Letters",0,0,NA
10093,7,7,"F",1,0,3.83,1180,"Arts & Letters",0,0,NA
10094,7,7,"M",1,0,3.68,1380,"Math & Science",0,0,NA
10095,4,6,"F",1,0,3.58,990,"Math & Science",0,0,NA
10096,4,7,"M",1,0,3.3,1170,"Business & Economics",0,0,NA
10097,4,6,"M",1,0,3.83,1340,"Math & Science",0,0,NA
10098,7,7,"M",0,0,3.19,1000,"Arts & Letters",0,0,NA
10099,4,7,"M",1,0,2.65,1100,"Arts & Letters",0,0,NA
10100,7,7,"M",1,0,3.92,1510,"Business & Economics",1,0,NA
10101,6,4,"F",1,0,3.84,1170,"Arts & Letters",1,0,NA
10102,7,6,"F",0,1,4.25,1510,"Arts & Letters",1,0,NA
10103,6,6,"M",1,0,3.48,1020,"Math & Science",0,0,NA
10104,7,6,"F",0,0,4.04,1240,"Math & Science",0,0,NA
10105,4,4,"F",0,0,3.88,1380,"Business & Economics",1,1,2.863
10106,4,3,"F",0,0,3.42,1180,"Math & Science",1,0,NA
10107,6,6,"M",1,0,3.85,1430,"Math & Science",0,0,NA
10108,4,7,"M",0,0,2.76,930,"Math & Science",0,0,NA
10109,7,5,"F",1,0,3.65,1170,"Arts & Letters",0,0,NA
10110,4,7,"M",1,0,4,1180,"Math & Science",0,0,NA
10111,7,6,"F",1,0,3.5,790,"Arts & Letters",0,0,NA
10112,7,6,"F",1,0,3.35,1280,"Arts & Letters",0,0,NA
10113,4,3,"M",0,1,3.5,1390,"Arts & Letters",0,0,NA
10114,2,4,"M",0,0,3.22,1110,"Arts & Letters",0,0,NA
10115,7,7,"M",1,0,3.72,1140,"Arts & Letters",0,0,NA
10116,6,6,"M",0,1,2.61,1020,"Arts & Letters",0,0,NA
10117,2,2,"M",0,1,4.09,1140,"Math & Science",1,0,NA
10118,2,1,"F",0,1,3.16,790,"Business & Economics",0,0,NA
10119,6,6,"F",1,0,3.43,1210,"Arts & Letters",0,0,NA
10120,7,7,"M",1,0,2.88,1050,"Business & Economics",0,0,NA
10121,4,4,"F",0,1,3.79,1310,"Arts & Letters",0,0,NA
10122,3,4,"F",0,0,3.33,970,"Math & Science",0,0,NA
10123,6,7,"M",1,0,3.73,1040,"Business & Economics",0,0,NA
10124,6,6,"M",0,1,3.7,1300,"Math & Science",0,0,NA
10125,1,6,"M",0,0,3.75,910,"Math & Science",0,0,NA
10126,6,6,"F",0,1,3.91,1520,"Math & Science",0,0,NA
10127,7,6,"F",1,0,3.68,1130,"Business & Economics",0,0,NA
10128,6,6,"M",0,0,3.38,1140,"Arts & Letters",0,0,NA
10129,6,6,"F",1,0,4.35,1350,"Arts & Letters",1,0,NA
10130,3,4,"F",1,0,3.27,960,"Arts & Letters",0,0,NA
10131,3,4,"M",1,0,4.05,1290,"Math & Science",1,0,NA
10132,3,4,"F",1,0,3.45,950,"Math & Science",0,0,NA
10133,7,7,"M",0,0,3.1,1310,"Arts & Letters",0,0,NA
10134,7,4,"M",1,0,3.75,1230,"Arts & Letters",0,0,NA
10135,4,4,"M",1,0,2.75,830,"Math & Science",0,0,NA
10136,3,3,"M",0,0,3.91,1190,"Math & Science",0,0,NA
10137,7,7,"F",0,0,3.68,1260,"Arts & Letters",1,0,NA
10138,6,6,"M",0,1,3.82,1380,"Business & Economics",1,0,NA
10139,6,6,"F",1,0,3.4,980,"Math & Science",0,0,NA
10140,3,3,"F",1,0,3.05,1070,"Business & Economics",0,0,NA
10141,4,5,"M",1,0,2.89,960,"Math & Science",0,0,NA
10142,4,4,"F",0,0,4.18,1290,"Math & Science",0,0,NA
10143,4,5,"M",1,0,3.55,1160,"Business & Economics",0,0,NA
10144,7,6,"M",1,0,3.82,1190,"Business & Economics",1,0,NA
10145,6,6,"F",1,0,3.77,1500,"Math & Science",1,0,NA
10146,7,7,"M",1,0,4.38,1380,"Math & Science",1,0,NA
10147,3,3,"F",0,1,3.65,1050,"Arts & Letters",0,0,NA
10148,4,4,"F",0,1,4,1350,"Arts & Letters",0,0,NA
10149,6,4,"F",1,0,2.57,900,"Arts & Letters",0,0,NA
10150,4,7,"F",1,0,3.58,1100,"Math & Science",0,0,NA
10151,7,7,"F",1,0,3.67,1400,"Arts & Letters",1,0,NA
10152,7,6,"F",1,0,3.75,1100,"Business & Economics",1,0,NA
10153,7,6,"F",1,0,4.33,1520,"Math & Science",1,0,NA
10154,6,6,"F",1,0,3.58,1370,"Business & Economics",1,0,NA
10155,3,7,"M",1,0,3.5,1320,"Business & Economics",0,0,NA
10156,6,7,"M",0,0,3.91,1170,"Arts & Letters",1,0,NA
10157,6,6,"M",1,0,3.79,1170,"Math & Science",0,0,NA
10158,6,6,"M",1,0,2.78,1000,"Business & Economics",0,0,NA
10159,6,6,"F",1,0,3.46,1060,"Arts & Letters",0,0,NA
10160,7,7,"F",1,0,3.25,1130,"Arts & Letters",0,0,NA
10161,3,5,"F",1,0,3.38,1040,"Business & Economics",0,0,NA
10162,7,6,"M",1,0,2.96,1360,"Arts & Letters",0,0,NA
10163,7,7,"F",0,0,3.81,1380,"Arts & Letters",1,0,NA
10164,7,6,"M",1,0,3.5,1500,"Arts & Letters",0,0,NA
10165,6,4,"F",1,0,3.65,1280,"Math & Science",1,1,2.77
10166,4,3,"M",0,1,3.7,1090,"Arts & Letters",0,0,NA
10167,4,4,"F",1,0,3.64,1390,"Math & Science",1,0,NA
10168,7,7,"F",0,0,3.73,1310,"Arts & Letters",0,0,NA
10169,4,6,"M",0,0,3.22,1150,"Math & Science",0,0,NA
10170,7,6,"F",0,0,3.88,1250,"Math & Science",0,0,NA
10171,3,5,"F",1,0,2.81,870,"Arts & Letters",0,0,NA
10172,3,6,"M",1,0,4.14,1130,"Math & Science",0,0,NA
10173,5,5,"F",1,0,3.09,1150,"Arts & Letters",0,0,NA
10174,5,3,"M",0,0,3.75,1140,"Business & Economics",0,0,NA
10175,5,6,"M",1,0,3.06,930,"Arts & Letters",0,0,NA
10176,7,6,"M",1,0,3.96,1440,"Math & Science",1,0,NA
10177,6,6,"M",1,0,3.67,1270,"Business & Economics",0,0,NA
10178,6,7,"M",1,0,3.68,1440,"Arts & Letters",0,0,NA
10179,6,4,"M",1,0,2.46,930,"Business & Economics",0,0,NA
10180,5,7,"F",1,0,3.3,1110,"Arts & Letters",0,0,NA
10181,4,6,"M",1,0,3.35,1150,"Business & Economics",0,0,NA
10182,7,7,"M",1,0,3.44,820,"Arts & Letters",0,0,NA
10183,3,7,"M",1,0,3.45,1130,"Math & Science",0,0,NA
10184,6,5,"F",0,0,3.91,1310,"Arts & Letters",0,0,NA
10185,6,6,"F",1,0,2.94,900,"Arts & Letters",0,0,NA
10186,2,2,"F",0,1,3.27,1060,"Business & Economics",0,0,NA
10187,2,1,"M",1,0,3.92,1280,"Math & Science",1,0,NA
10188,3,5,"M",1,0,3.75,940,"Math & Science",0,0,NA
10189,4,4,"F",0,0,3.27,990,"Business & Economics",0,0,NA
10190,3,6,"F",1,0,3.43,1120,"Math & Science",0,0,NA
10191,7,7,"M",1,0,3.85,1140,"Math & Science",0,0,NA
10192,7,7,"F",0,0,4.12,1440,"Business & Economics",1,0,NA
10193,7,6,"M",1,0,3.04,1400,"Math & Science",0,0,NA
10194,2,2,"M",0,1,2.68,1010,"Arts & Letters",0,0,NA
10195,7,7,"M",1,0,2.96,1270,"Business & Economics",0,0,NA
10196,7,3,"F",0,0,3.11,1020,"Arts & Letters",0,0,NA
10197,6,5,"M",1,0,3.5,1050,"Business & Economics",0,0,NA
10198,6,6,"F",0,1,3.71,1200,"Arts & Letters",0,0,NA
10199,7,7,"M",0,0,3.85,1530,"Arts & Letters",1,0,NA
10200,3,4,"F",1,0,3.82,1190,"Arts & Letters",0,0,NA
10201,5,5,"M",1,0,4,1380,"Business & Economics",1,0,NA
10202,6,3,"M",1,0,4,1460,"Math & Science",1,0,NA
10203,7,4,"F",1,0,3.96,1250,"Business & Economics",1,0,NA
10204,6,6,"F",0,1,3.81,1010,"Math & Science",0,0,NA
10205,7,6,"F",1,0,4.12,1280,"Math & Science",1,0,NA
10206,6,6,"M",1,0,3.32,1000,"Arts & Letters",0,0,NA
10207,3,2,"F",0,0,3.06,990,"Arts & Letters",0,0,NA
10208,1,1,"M",1,0,2.81,1030,"Business & Economics",0,0,NA
10209,4,2,"F",0,1,3.77,1290,"Arts & Letters",0,0,NA
10210,7,5,"F",0,0,3.7,1310,"Arts & Letters",1,0,NA
10211,3,4,"F",0,0,3.59,1100,"Arts & Letters",0,0,NA
10212,4,4,"F",0,0,3.62,1150,"Arts & Letters",0,0,NA
10213,7,6,"F",1,0,3.42,1330,"Arts & Letters",0,0,NA
10214,2,2,"M",0,1,4,1080,"Business & Economics",0,0,NA
10215,6,6,"F",1,0,3.74,1100,"Math & Science",0,0,NA
10216,3,3,"M",0,0,3.81,1070,"Math & Science",0,0,NA
10217,4,6,"F",1,0,3.79,930,"Math & Science",0,0,NA
10218,2,3,"F",1,0,3.11,920,"Math & Science",0,0,NA
10219,6,6,"F",0,1,3.82,1270,"Business & Economics",1,0,NA
10220,7,7,"F",0,1,3.48,1300,"Arts & Letters",0,0,NA
10221,6,6,"F",0,1,3.48,1050,"Business & Economics",0,0,NA
10222,3,4,"F",1,0,2.55,1050,"Math & Science",0,0,NA
10223,6,6,"F",0,1,3.32,1040,"Math & Science",0,0,NA
10224,3,4,"M",0,0,3.08,1120,"Business & Economics",0,0,NA
10225,6,6,"F",1,0,2.95,980,"Arts & Letters",0,0,NA
10226,3,7,"M",0,0,3,1170,"Business & Economics",0,0,NA
10227,1,4,"F",1,0,4.13,1280,"Business & Economics",1,1,3.612
10228,6,6,"M",1,0,3.59,1100,"Business & Economics",0,0,NA
10229,6,5,"F",1,0,3.09,950,"Arts & Letters",0,0,NA
10230,6,6,"F",1,0,3.85,1250,"Business & Economics",0,0,NA
10231,1,1,"M",0,0,3.09,1020,"Math & Science",0,0,NA
10232,6,7,"F",1,0,2.55,1040,"Arts & Letters",0,0,NA
10233,7,7,"F",1,0,3.52,1010,"Arts & Letters",0,0,NA
10234,4,1,"M",0,0,3.67,1270,"Arts & Letters",0,0,NA
10235,4,5,"M",1,0,3.94,1210,"Math & Science",0,0,NA
10236,6,6,"F",1,0,4,1000,"Arts & Letters",1,1,3.196
10237,3,5,"M",0,0,3.64,1240,"Math & Science",0,0,NA
10238,7,7,"F",1,0,3.48,1260,"Arts & Letters",0,0,NA
10239,6,6,"F",1,0,3.25,1110,"Arts & Letters",0,0,NA
10240,4,4,"M",0,1,2.73,1040,"Arts & Letters",0,0,NA
10241,7,7,"M",1,0,3.5,1200,"Business & Economics",1,1,2.805
10242,7,7,"M",1,0,3.96,1270,"Arts & Letters",0,1,3.13
10243,6,6,"M",1,0,2.7,840,"Arts & Letters",0,0,NA
10244,5,7,"M",0,0,3.6,1300,"Arts & Letters",0,0,NA
10245,3,6,"F",0,0,3.68,870,"Math & Science",0,0,NA
10246,5,4,"M",1,0,3.1,1090,"Business & Economics",0,0,NA
10247,6,6,"F",1,0,4.21,1440,"Arts & Letters",1,0,NA
10248,7,7,"M",1,0,4.36,1460,"Math & Science",1,0,NA
10249,6,4,"F",1,0,3.5,1000,"Business & Economics",0,0,NA
10250,7,7,"M",0,1,3.36,1500,"Business & Economics",1,0,NA
10251,6,7,"M",1,0,3.95,1240,"Arts & Letters",1,1,1.409
10252,4,7,"M",1,0,3.92,1170,"Business & Economics",1,0,NA
10253,6,6,"F",1,0,3.8,1370,"Math & Science",0,0,NA
10254,6,5,"F",1,0,3.81,1040,"Business & Economics",1,0,NA
10255,4,3,"M",0,1,3.43,1110,"Math & Science",0,0,NA
10256,6,6,"M",1,0,3.29,1310,"Business & Economics",0,0,NA
10257,6,6,"M",1,0,3.54,1170,"Math & Science",0,0,NA
10258,4,6,"F",1,0,3.45,1370,"Arts & Letters",0,0,NA
10259,6,6,"F",1,0,3.76,1260,"Arts & Letters",0,0,NA
10260,7,7,"M",1,0,3.68,1230,"Math & Science",0,0,NA
10261,6,6,"F",0,1,4.21,1270,"Arts & Letters",1,0,NA
10262,4,4,"M",1,0,3.91,1430,"Business & Economics",1,0,NA
10263,6,7,"F",1,0,3.95,1460,"Math & Science",1,1,3.173
10264,6,6,"F",1,0,3.75,1160,"Arts & Letters",0,0,NA
10265,6,7,"M",1,0,3.45,1180,"Arts & Letters",1,1,2.904
10266,6,3,"M",1,0,3.25,1070,"Arts & Letters",0,0,NA
10267,6,6,"F",0,1,4.08,1300,"Arts & Letters",0,0,NA
10268,1,1,"M",0,0,2.82,1080,"Business & Economics",0,0,NA
10269,4,4,"F",0,0,3.44,1060,"Arts & Letters",0,0,NA
10270,7,6,"F",1,0,4.12,1330,"Math & Science",1,0,NA
10271,1,1,"M",0,1,3.43,910,"Math & Science",0,0,NA
10272,5,5,"F",0,0,3.69,1280,"Math & Science",0,0,NA
10273,3,2,"F",0,0,3.23,1020,"Business & Economics",0,0,NA
10274,6,5,"F",0,0,3.78,1190,"Business & Economics",0,0,NA
10275,6,3,"F",0,0,3.91,1240,"Math & Science",0,0,NA
10276,3,2,"F",0,0,4.15,1030,"Arts & Letters",1,0,NA
10277,6,7,"M",1,0,3.75,1230,"Arts & Letters",1,0,NA
10278,6,6,"M",0,0,3.5,1330,"Arts & Letters",0,0,NA
10279,7,6,"M",1,0,3.95,1340,"Math & Science",0,0,NA
10280,6,7,"F",0,0,3.23,1110,"Arts & Letters",0,0,NA
10281,6,5,"F",1,0,3.57,1010,"Business & Economics",0,0,NA
10282,6,6,"F",1,0,3.81,1130,"Arts & Letters",0,0,NA
10283,3,2,"M",0,0,3.32,1240,"Arts & Letters",1,0,NA
10284,6,6,"F",0,1,3.64,1420,"Business & Economics",1,0,NA
10285,5,5,"F",0,1,4,990,"Arts & Letters",0,0,NA
10286,6,7,"M",1,0,4,1010,"Math & Science",0,0,NA
10287,6,6,"M",1,0,3.52,1300,"Math & Science",0,0,NA
10288,7,6,"F",1,0,3,1230,"Arts & Letters",0,0,NA
10289,7,7,"F",0,0,4.12,1230,"Business & Economics",0,0,NA
10290,5,3,"F",0,0,3.74,1170,"Business & Economics",0,0,NA
10291,6,6,"F",1,0,3.94,1160,"Arts & Letters",1,1,3.601
10292,7,7,"F",0,1,4.12,1350,"Math & Science",1,0,NA
10293,7,6,"M",0,1,4.33,1440,"Business & Economics",1,0,NA
10294,6,3,"F",0,0,2.82,1320,"Business & Economics",0,0,NA
10295,3,6,"M",0,0,3.15,1190,"Arts & Letters",0,0,NA
10296,3,4,"M",0,0,3.78,1070,"Arts & Letters",1,1,2.765
10297,3,6,"F",1,0,3.76,1140,"Math & Science",0,0,NA
10298,6,5,"M",0,1,3.45,1340,"Business & Economics",1,1,2.351
10299,7,6,"M",1,0,3.8,1150,"Business & Economics",1,1,2.89
10300,7,6,"F",0,1,3.59,1170,"Math & Science",1,1,3.362
10301,4,3,"F",0,1,4.04,1180,"Math & Science",0,0,NA
10302,6,3,"F",0,0,3.08,920,"Math & Science",0,0,NA
10303,6,5,"F",1,0,3,1070,"Business & Economics",0,0,NA
10304,6,6,"F",0,1,4.27,1150,"Math & Science",0,0,NA
10305,7,6,"M",1,0,4.27,1510,"Math & Science",1,0,NA
10306,6,6,"M",1,0,3.23,1270,"Business & Economics",0,0,NA
10307,3,3,"F",1,0,3.95,1510,"Arts & Letters",1,0,NA
10308,6,6,"M",1,0,3.5,1260,"Arts & Letters",0,0,NA
10309,6,7,"M",0,1,3.33,1080,"Math & Science",0,0,NA
10310,3,3,"M",0,0,3.58,1080,"Math & Science",0,0,NA
10311,3,7,"M",1,0,3.4,1400,"Math & Science",1,1,2.02
10312,6,7,"F",1,0,4.19,1230,"Math & Science",0,0,NA
10313,4,5,"M",1,0,3.24,1120,"Business & Economics",0,0,NA
10314,6,6,"M",1,0,3.15,1250,"Math & Science",0,0,NA
10315,5,6,"F",0,1,3.25,1280,"Arts & Letters",0,0,NA
10316,3,5,"F",0,0,3.7,850,"Math & Science",0,0,NA
10317,7,7,"M",1,0,3.58,1250,"Math & Science",0,0,NA
10318,3,3,"M",0,1,2.79,1190,"Math & Science",0,0,NA
10319,6,7,"F",1,0,3.05,1120,"Arts & Letters",0,0,NA
10320,6,7,"M",0,1,4.04,1330,"Math & Science",0,0,NA
10321,6,6,"M",0,1,4.08,1500,"Math & Science",1,0,NA
10322,4,3,"F",1,0,3.1,1150,"Arts & Letters",0,0,NA
10323,6,5,"M",0,0,3,1020,"Business & Economics",0,0,NA
10324,6,7,"F",0,0,3.5,1080,"Math & Science",0,0,NA
10325,4,7,"F",1,0,3.68,1330,"Arts & Letters",0,0,NA
10326,5,6,"M",0,0,2.72,1030,"Math & Science",0,0,NA
10327,6,3,"F",0,1,3.55,1180,"Business & Economics",1,1,2.873
10328,6,6,"M",1,0,3.86,1170,"Business & Economics",0,0,NA
10329,3,3,"F",1,0,3.91,1100,"Arts & Letters",0,0,NA
10330,6,6,"F",1,0,3.82,1590,"Arts & Letters",1,0,NA
10331,6,6,"F",1,0,3.95,1120,"Arts & Letters",0,0,NA
10332,7,6,"F",0,0,3.5,1220,"Arts & Letters",0,0,NA
10333,6,5,"M",0,1,3.8,1050,"Business & Economics",0,0,NA
10334,5,6,"F",1,0,3.48,1150,"Math & Science",0,0,NA
10335,6,6,"F",0,0,3.5,1100,"Arts & Letters",0,0,NA
10336,7,6,"M",0,1,3.5,1210,"Business & Economics",0,0,NA
10337,3,3,"F",0,0,3.92,1230,"Business & Economics",1,1,3.2
10338,7,5,"M",1,0,3.24,1060,"Math & Science",0,0,NA
10339,7,4,"F",0,0,2.89,1030,"Business & Economics",0,0,NA
10340,6,7,"F",0,0,4.04,1130,"Math & Science",0,0,NA
10341,6,3,"F",1,0,3.29,1040,"Business & Economics",0,0,NA
10342,6,6,"M",0,1,4.14,1160,"Arts & Letters",0,0,NA
10343,4,4,"F",0,1,4.24,1380,"Math & Science",1,0,NA
10344,3,3,"F",0,1,4,1080,"Arts & Letters",1,0,NA
10345,7,7,"M",0,1,3.64,1310,"Math & Science",1,0,NA
10346,5,5,"F",1,0,3.75,1170,"Math & Science",0,0,NA
10347,5,3,"F",0,1,2.91,920,"Business & Economics",0,0,NA
10348,3,3,"M",0,1,3,1100,"Arts & Letters",0,0,NA
10349,6,6,"M",0,1,3.41,1370,"Business & Economics",1,0,NA
10350,6,4,"M",1,0,3.76,1030,"Business & Economics",0,0,NA
10351,6,7,"M",0,0,3.61,1240,"Math & Science",0,0,NA
10352,6,6,"F",0,1,3.5,1400,"Arts & Letters",0,0,NA
10353,7,6,"M",1,0,3.68,1280,"Business & Economics",0,0,NA
10354,7,6,"M",0,1,4.33,1510,"Arts & Letters",1,0,NA
10355,7,7,"M",0,0,2.75,1070,"Arts & Letters",0,0,NA
10356,2,7,"F",1,0,3.91,1060,"Arts & Letters",0,0,NA
10357,6,6,"F",1,0,3.79,1240,"Arts & Letters",0,0,NA
10358,7,7,"M",1,0,4.23,1480,"Math & Science",1,0,NA
10359,3,5,"M",0,0,2.5,840,"Math & Science",0,0,NA
10360,4,4,"M",0,0,3.06,880,"Business & Economics",0,1,2.522
10361,4,3,"M",0,0,3.6,970,"Arts & Letters",0,0,NA
10362,1,2,"F",0,0,3.39,1150,"Arts & Letters",0,0,NA
10363,7,6,"M",1,0,3.33,1250,"Arts & Letters",1,0,NA
10364,1,1,"M",0,0,3.75,1010,"Math & Science",0,0,NA
10365,5,7,"F",1,0,3.3,890,"Arts & Letters",0,0,NA
10366,4,4,"F",0,1,3.32,1110,"Math & Science",0,0,NA
10367,1,2,"F",0,0,2.84,750,"Business & Economics",0,0,NA
10368,3,4,"F",0,0,2.94,870,"Arts & Letters",0,0,NA
10369,1,1,"F",0,0,4.25,1010,"Arts & Letters",0,0,NA
10370,6,4,"F",0,0,3.5,970,"Arts & Letters",0,0,NA
10371,2,2,"M",0,0,4.15,1040,"Arts & Letters",1,0,NA
10372,7,7,"M",0,0,3.86,1160,"Business & Economics",0,0,NA
10373,3,3,"F",0,0,4.05,1150,"Math & Science",0,0,NA
10374,4,4,"F",0,0,3.14,890,"Math & Science",0,0,NA
10375,1,1,"F",0,0,3.6,790,"Arts & Letters",0,0,NA
10376,6,6,"M",0,1,2.71,1180,"Arts & Letters",0,0,NA
10377,4,3,"M",0,0,3.55,1310,"Business & Economics",1,1,2.925
10378,3,5,"F",1,0,3.19,910,"Arts & Letters",0,0,NA
10379,6,6,"F",1,0,4.3,1460,"Math & Science",1,1,3.562
10380,4,1,"F",0,0,3.17,770,"Arts & Letters",0,0,NA
10381,4,4,"F",0,0,2.5,1000,"Arts & Letters",0,0,NA
10382,7,7,"F",1,0,2.86,1210,"Arts & Letters",0,0,NA
10383,2,4,"F",0,0,2.65,810,"Math & Science",0,0,NA
10384,6,6,"F",1,0,3,1220,"Arts & Letters",0,0,NA
10385,4,6,"M",0,0,2.8,960,"Business & Economics",0,0,NA
10386,6,7,"M",1,0,3.71,1330,"Business & Economics",0,0,NA
10387,7,7,"F",1,0,4.14,1440,"Business & Economics",1,0,NA
10388,6,4,"M",0,0,2.39,930,"Business & Economics",0,0,NA
10389,6,7,"M",1,0,3.38,1100,"Business & Economics",0,0,NA
10390,3,3,"M",1,0,3.08,960,"Business & Economics",0,0,NA
10391,6,3,"F",0,0,3.7,1380,"Business & Economics",1,0,NA
10392,2,2,"F",0,0,2.47,770,"Arts & Letters",0,0,NA
10393,1,1,"F",0,0,4.19,990,"Arts & Letters",1,0,NA
10394,7,6,"M",1,0,4.04,1430,"Business & Economics",1,0,NA
10395,6,5,"F",0,0,3.59,1270,"Arts & Letters",1,0,NA
10396,4,4,"F",0,0,4,850,"Math & Science",0,0,NA
10397,6,3,"F",0,0,3.55,1120,"Arts & Letters",0,0,NA
10398,4,5,"M",0,1,3.65,1270,"Business & Economics",0,0,NA
10399,6,6,"M",0,0,3.52,1180,"Business & Economics",0,0,NA
10400,7,6,"F",1,0,4.15,1120,"Math & Science",0,0,NA
10401,6,5,"M",0,1,3.65,1120,"Math & Science",1,1,1.967
10402,6,6,"M",1,0,3.56,1240,"Math & Science",0,0,NA
10403,4,6,"F",1,0,4.2,1290,"Math & Science",1,1,3.314
10404,2,2,"M",1,0,3.08,1070,"Arts & Letters",1,1,2.893
10405,6,6,"M",0,0,3.21,1190,"Business & Economics",0,0,NA
10406,7,7,"F",1,0,3.27,1210,"Business & Economics",0,0,NA
10407,6,7,"M",1,0,3.06,940,"Business & Economics",0,0,NA
10408,4,6,"M",0,0,3.5,1300,"Business & Economics",0,0,NA
10409,2,1,"M",0,1,3.82,980,"Math & Science",1,0,NA
10410,3,3,"F",0,0,4.33,1330,"Arts & Letters",1,0,NA
10411,4,5,"F",1,0,3.95,1330,"Business & Economics",1,0,NA
10412,6,4,"F",0,0,3.79,1190,"Math & Science",0,0,NA
10413,5,4,"F",1,0,3.28,830,"Business & Economics",0,0,NA
10414,6,6,"F",1,0,4,1420,"Arts & Letters",1,1,3.729
10415,6,5,"F",1,0,3.6,970,"Math & Science",0,0,NA
10416,7,6,"M",1,0,2.96,1180,"Math & Science",0,0,NA
10417,4,4,"M",1,0,3.89,1010,"Arts & Letters",0,0,NA
10418,6,7,"M",1,0,3.25,1190,"Arts & Letters",0,0,NA
10419,6,5,"F",0,1,3.14,1270,"Arts & Letters",1,0,NA
10420,7,7,"F",0,1,3.27,1350,"Arts & Letters",0,0,NA
10421,6,3,"M",1,0,4.09,1420,"Math & Science",1,0,NA
10422,7,7,"F",1,0,3.58,1110,"Math & Science",0,0,NA
10423,6,6,"F",1,0,3.29,1130,"Business & Economics",1,1,3.22
10424,7,5,"F",1,0,3.05,1150,"Math & Science",0,0,NA
10425,4,7,"M",1,0,3.86,1250,"Arts & Letters",0,0,NA
10426,6,6,"F",0,0,3.95,1060,"Arts & Letters",0,0,NA
10427,6,7,"M",0,1,3.17,1330,"Business & Economics",0,0,NA
10428,6,6,"F",0,0,3.18,1260,"Math & Science",0,0,NA
10429,6,4,"F",0,1,3.68,1430,"Arts & Letters",1,0,NA
10430,7,6,"F",1,0,4.25,1200,"Arts & Letters",1,0,NA
10431,3,4,"F",0,1,3.62,1270,"Arts & Letters",0,0,NA
10432,7,4,"M",1,0,2.16,790,"Arts & Letters",0,0,NA
10433,6,6,"M",1,0,3.4,1170,"Business & Economics",0,0,NA
10434,3,4,"F",1,0,4.04,1150,"Math & Science",0,0,NA
10435,4,4,"F",1,0,2.91,1080,"Math & Science",0,0,NA
10436,6,7,"F",0,1,3.67,1030,"Math & Science",0,0,NA
10437,7,7,"M",1,0,4,1330,"Business & Economics",1,0,NA
10438,1,3,"M",0,1,3.88,1070,"Math & Science",1,0,NA
10439,6,6,"F",1,0,3.32,1110,"Business & Economics",0,0,NA
10440,6,6,"F",1,0,3.36,1030,"Arts & Letters",0,0,NA
10441,7,7,"M",1,0,3.6,1110,"Math & Science",0,0,NA
10442,6,5,"M",0,1,2.72,1180,"Business & Economics",0,0,NA
10443,3,1,"F",0,0,2.67,770,"Business & Economics",0,0,NA
10444,2,7,"M",0,0,2.79,1000,"Math & Science",0,0,NA
10445,2,1,"F",0,1,3.5,1330,"Math & Science",1,0,NA
10446,7,7,"M",0,1,3.35,1240,"Arts & Letters",0,0,NA
10447,6,6,"F",1,0,3.86,1330,"Math & Science",0,0,NA
10448,4,7,"F",1,0,3.95,1120,"Math & Science",0,0,NA
10449,7,6,"F",1,0,3.44,1050,"Arts & Letters",0,0,NA
10450,7,7,"F",0,1,3.59,890,"Arts & Letters",0,0,NA
10451,7,7,"F",1,0,2.95,1120,"Math & Science",0,0,NA
10452,7,6,"F",1,0,3.59,1120,"Business & Economics",0,0,NA
10453,7,3,"F",0,0,3.19,1020,"Math & Science",0,0,NA
10454,6,1,"F",0,0,3.14,1030,"Arts & Letters",0,0,NA
10455,6,6,"M",0,1,3.67,1430,"Math & Science",1,0,NA
10456,2,1,"F",0,0,2.78,830,"Arts & Letters",0,0,NA
10457,6,6,"F",1,0,3.87,1120,"Arts & Letters",0,0,NA
10458,7,6,"F",1,0,3.72,1140,"Arts & Letters",0,0,NA
10459,3,3,"M",0,1,3,1250,"Business & Economics",0,0,NA
10460,3,7,"F",0,0,2.93,1130,"Arts & Letters",0,0,NA
10461,4,4,"F",0,1,3.8,1120,"Math & Science",0,0,NA
10462,6,4,"F",0,0,2.78,1120,"Arts & Letters",0,0,NA
10463,3,3,"M",0,0,3.3,1010,"Math & Science",0,0,NA
10464,3,4,"M",0,0,3.11,1050,"Arts & Letters",0,0,NA
10465,6,7,"F",1,0,3.38,1120,"Arts & Letters",0,0,NA
10466,4,7,"M",1,0,3.23,1160,"Math & Science",0,0,NA
10467,4,4,"M",1,0,2.7,970,"Arts & Letters",0,0,NA
10468,6,7,"F",1,0,3.72,1210,"Math & Science",0,0,NA
10469,5,2,"M",0,1,2.95,1080,"Math & Science",0,0,NA
10470,6,3,"F",0,1,3,1100,"Arts & Letters",0,0,NA
10471,7,6,"F",0,1,3.27,1280,"Arts & Letters",0,0,NA
10472,7,6,"F",0,1,3.8,1310,"Arts & Letters",1,0,NA
10473,6,6,"M",1,0,4.05,1340,"Business & Economics",1,0,NA
10474,6,7,"M",1,0,4.05,1460,"Arts & Letters",1,0,NA
10475,4,6,"F",0,0,3,1080,"Arts & Letters",0,0,NA
10476,7,6,"F",0,1,3.55,1280,"Business & Economics",0,0,NA
10477,6,7,"M",1,0,3.05,1290,"Arts & Letters",0,0,NA
10478,7,6,"F",1,0,4,1200,"Math & Science",0,0,NA
10479,6,7,"M",1,0,3.21,1140,"Arts & Letters",0,0,NA
10480,7,7,"F",1,0,3.71,1100,"Arts & Letters",0,0,NA
10481,4,4,"M",1,0,4.04,1200,"Math & Science",1,0,NA
10482,3,6,"F",1,0,3.27,1090,"Arts & Letters",0,0,NA
10483,7,6,"M",0,1,4.04,1380,"Business & Economics",1,1,3.328
10484,6,3,"F",0,0,3.42,1010,"Math & Science",0,0,NA
10485,3,3,"F",0,1,3.45,1170,"Arts & Letters",0,0,NA
10486,6,6,"F",1,0,3,970,"Math & Science",0,0,NA
10487,6,4,"M",0,1,3.21,1280,"Business & Economics",0,0,NA
10488,7,6,"M",0,1,4.12,1540,"Math & Science",1,0,NA
10489,3,3,"F",0,0,4.05,1030,"Arts & Letters",0,0,NA
10490,6,4,"M",1,0,4.05,1270,"Math & Science",0,0,NA
10491,7,3,"M",0,0,3.27,1190,"Math & Science",0,0,NA
10492,5,3,"F",0,0,3.77,900,"Arts & Letters",0,0,NA
10493,6,6,"M",1,0,3.25,1120,"Arts & Letters",0,0,NA
10494,2,1,"F",0,0,3.35,1050,"Business & Economics",0,0,NA
10495,6,4,"F",0,0,3.1,980,"Arts & Letters",0,0,NA
10496,5,7,"F",0,0,3.79,1170,"Math & Science",0,0,NA
10497,6,6,"M",0,1,3.79,1340,"Business & Economics",0,0,NA
10498,6,5,"F",1,0,3.89,1100,"Math & Science",0,0,NA
10499,7,6,"F",1,0,3.85,1530,"Arts & Letters",1,0,NA
10500,4,4,"M",1,0,2.8,1030,"Business & Economics",0,0,NA
10501,7,6,"M",0,1,2.85,1190,"Business & Economics",0,0,NA
10502,1,2,"F",0,0,3.23,880,"Business & Economics",0,0,NA
10503,4,5,"M",0,0,3.15,920,"Math & Science",0,0,NA
10504,4,4,"F",1,0,2.9,880,"Arts & Letters",0,0,NA
10505,6,7,"F",1,0,3.86,1320,"Arts & Letters",1,0,NA
10506,4,4,"F",1,0,3.82,1300,"Business & Economics",1,0,NA
10507,6,6,"F",1,0,2.59,1020,"Math & Science",0,0,NA
10508,3,6,"M",1,0,3.83,1130,"Math & Science",0,0,NA
10509,6,6,"M",1,0,4.04,1560,"Math & Science",1,0,NA
10510,6,6,"M",0,1,3.46,1200,"Math & Science",0,0,NA
10511,6,4,"F",1,0,3.04,1080,"Arts & Letters",0,0,NA
10512,6,6,"M",0,0,3,880,"Business & Economics",0,0,NA
10513,4,4,"F",1,0,3.33,1150,"Business & Economics",1,1,2.673
10514,6,6,"F",0,0,4.12,1220,"Arts & Letters",0,0,NA
10515,7,7,"F",0,1,3.42,1210,"Math & Science",0,0,NA
10516,7,4,"F",1,0,3.7,1200,"Math & Science",0,0,NA
10517,6,5,"F",1,0,3.68,1140,"Arts & Letters",0,0,NA
10518,7,6,"F",0,0,4.29,1430,"Math & Science",1,1,3.629
10519,6,5,"F",1,0,3.48,1210,"Business & Economics",0,0,NA
10520,3,6,"F",0,1,3.21,1140,"Arts & Letters",0,0,NA
10521,6,5,"F",1,0,3.91,1040,"Arts & Letters",0,0,NA
10522,7,6,"F",0,1,3.59,1380,"Business & Economics",0,0,NA
10523,7,7,"F",1,0,3.69,1080,"Business & Economics",0,0,NA
10524,7,7,"F",1,0,4,1200,"Business & Economics",0,0,NA
10525,4,6,"F",1,0,3.95,1360,"Business & Economics",1,0,NA
10526,7,6,"F",1,0,3.35,1070,"Arts & Letters",0,0,NA
10527,6,6,"F",1,0,3.88,1190,"Arts & Letters",1,0,NA
10528,6,6,"F",1,0,4.2,1250,"Math & Science",0,0,NA
10529,3,3,"M",1,0,2.8,590,"Math & Science",0,0,NA
10530,6,6,"F",0,1,3.5,1070,"Arts & Letters",0,0,NA
10531,4,7,"F",1,0,3.94,1440,"Arts & Letters",0,0,NA
10532,7,7,"M",1,0,3.5,1250,"Business & Economics",0,0,NA
10533,6,6,"M",0,1,3.09,1110,"Business & Economics",0,0,NA
10534,6,7,"M",1,0,2.75,940,"Math & Science",0,1,2.493
10535,6,6,"M",1,0,4.29,1230,"Math & Science",1,0,NA
10536,7,7,"M",0,0,4.23,1320,"Math & Science",1,0,NA
10537,7,6,"F",0,1,4.04,1390,"Arts & Letters",1,0,NA
10538,7,6,"F",0,1,3.95,1550,"Business & Economics",1,0,NA
10539,7,4,"F",1,0,3.5,1150,"Arts & Letters",1,0,NA
10540,4,7,"F",1,0,3.25,1200,"Arts & Letters",0,0,NA
10541,6,6,"M",0,1,2.94,1040,"Math & Science",0,0,NA
10542,7,7,"F",1,0,3.65,970,"Arts & Letters",0,0,NA
10543,4,4,"F",1,0,3.92,1310,"Math & Science",1,0,NA
10544,7,7,"F",0,1,3.77,1230,"Math & Science",1,0,NA
10545,4,6,"M",0,1,3.88,1040,"Arts & Letters",0,0,NA
10546,4,6,"M",1,0,3.95,1190,"Business & Economics",1,0,NA
10547,6,7,"F",0,0,3.25,1080,"Business & Economics",0,0,NA
10548,7,7,"F",1,0,3.88,1350,"Arts & Letters",1,0,NA
10549,4,6,"M",0,0,2.95,1100,"Math & Science",0,0,NA
10550,7,6,"M",1,0,4,1560,"Math & Science",1,0,NA
10551,3,3,"M",0,0,3.73,1230,"Math & Science",0,0,NA
10552,5,4,"F",1,0,3.87,1210,"Arts & Letters",0,0,NA
10553,6,7,"M",1,0,2.52,1040,"Business & Economics",0,0,NA
10554,7,6,"F",1,0,4,1490,"Business & Economics",1,0,NA
10555,7,5,"F",1,0,4,1500,"Arts & Letters",1,0,NA
10556,4,2,"M",0,1,3.2,900,"Math & Science",0,0,NA
10557,7,4,"M",1,0,3.73,1460,"Arts & Letters",1,0,NA
10558,7,7,"F",0,1,3.08,1190,"Business & Economics",0,0,NA
10559,6,6,"F",1,0,2.59,1060,"Business & Economics",0,0,NA
10560,7,6,"F",1,0,3.92,1380,"Arts & Letters",0,0,NA
10561,6,4,"F",1,0,3.45,870,"Business & Economics",0,0,NA
10562,1,1,"F",0,0,4.18,1000,"Arts & Letters",1,0,NA
10563,6,6,"F",0,0,4.04,1300,"Arts & Letters",0,0,NA
10564,6,5,"M",0,1,3.96,1310,"Math & Science",0,0,NA
10565,6,3,"F",0,0,3.64,1060,"Math & Science",1,0,NA
10566,7,7,"F",1,0,3.71,1340,"Arts & Letters",1,0,NA
10567,4,6,"F",0,1,3.96,1240,"Math & Science",1,0,NA
10568,7,6,"F",1,0,4.04,1240,"Math & Science",1,0,NA
10569,7,7,"F",1,0,3.92,1370,"Arts & Letters",1,0,NA
10570,7,4,"M",1,0,3.68,1170,"Math & Science",1,0,NA
10571,6,3,"F",0,0,4.33,1550,"Business & Economics",1,0,NA
10572,3,5,"M",1,0,3.59,1310,"Math & Science",0,0,NA
10573,2,2,"F",0,0,3.15,990,"Math & Science",1,0,NA
10574,1,1,"M",0,0,3.59,1150,"Math & Science",1,1,2.839
10575,7,6,"M",0,0,2.9,1080,"Arts & Letters",0,0,NA
10576,2,1,"F",0,0,3.9,970,"Arts & Letters",0,0,NA
10577,6,7,"M",0,0,4,1210,"Arts & Letters",1,0,NA
10578,6,7,"F",1,0,4.04,1290,"Arts & Letters",1,1,3.804
10579,7,7,"M",1,0,3.4,1230,"Business & Economics",0,0,NA
10580,3,3,"F",0,1,3.82,1500,"Math & Science",1,0,NA
10581,6,6,"M",0,1,3.36,1260,"Arts & Letters",0,0,NA
10582,6,4,"F",1,0,3.95,1250,"Arts & Letters",0,0,NA
10583,3,4,"M",1,0,3.8,1200,"Math & Science",1,0,NA
10584,1,1,"F",0,0,3.88,840,"Math & Science",0,0,NA
10585,2,3,"F",0,0,3.22,970,"Arts & Letters",0,0,NA
10586,4,1,"M",0,0,2.96,950,"Arts & Letters",0,0,NA
10587,3,3,"F",1,0,3.27,1080,"Arts & Letters",0,0,NA
10588,3,3,"M",0,0,3.7,1040,"Arts & Letters",0,0,NA
10589,4,2,"F",1,0,3.2,870,"Math & Science",0,0,NA
10590,5,3,"F",0,1,3.33,960,"Math & Science",0,0,NA
10591,1,2,"M",0,0,3.95,900,"Math & Science",0,0,NA
10592,2,7,"F",0,0,3.95,860,"Math & Science",0,0,NA
10593,4,4,"M",1,0,2.47,1020,"Business & Economics",0,0,NA
10594,1,1,"M",0,1,2.85,980,"Arts & Letters",0,0,NA
10595,5,3,"F",1,0,3.92,940,"Math & Science",1,0,NA
10596,1,4,"M",0,0,3.69,920,"Math & Science",0,0,NA
10597,2,2,"F",0,0,3.71,1170,"Math & Science",1,0,NA
10598,7,7,"F",0,1,4.08,1190,"Math & Science",0,0,NA
10599,6,6,"M",0,0,3.21,1010,"Business & Economics",0,0,NA
10600,2,1,"M",0,0,3.1,990,"Math & Science",0,0,NA
10601,4,6,"F",1,0,2.74,850,"Arts & Letters",0,0,NA
10602,4,7,"F",1,0,3.77,1040,"Math & Science",0,0,NA
10603,6,4,"M",0,0,3.2,850,"Math & Science",0,0,NA
10604,4,4,"F",0,0,2.96,890,"Arts & Letters",0,0,NA
10605,7,3,"F",1,0,4.03,1360,"Arts & Letters",1,0,NA
10606,6,6,"F",0,0,2.22,740,"Arts & Letters",0,0,NA
10607,7,7,"M",1,0,3.73,1180,"Business & Economics",0,0,NA
10608,4,4,"F",1,0,3.96,1130,"Math & Science",0,0,NA
10609,5,5,"M",1,0,2.77,980,"Business & Economics",0,0,NA
10610,6,6,"F",1,0,3.17,840,"Math & Science",0,0,NA
10611,4,4,"F",1,0,3.55,1230,"Arts & Letters",0,0,NA
10612,7,6,"F",1,0,4.36,1370,"Math & Science",1,0,NA
10613,3,3,"F",0,1,3.67,1000,"Business & Economics",0,0,NA
10614,3,2,"M",0,0,3.33,1030,"Math & Science",0,0,NA
10615,1,2,"F",0,0,3.29,510,"Math & Science",0,0,NA
10616,6,2,"M",0,0,4.17,1420,"Arts & Letters",1,0,NA
10617,4,4,"F",1,0,3.83,1180,"Arts & Letters",0,0,NA
10618,3,6,"F",1,0,4.11,1380,"Business & Economics",1,0,NA
10619,6,6,"F",0,0,3.82,1120,"Business & Economics",0,0,NA
10620,4,6,"F",1,0,2.95,1120,"Math & Science",0,0,NA
10621,4,4,"F",1,0,3.41,1180,"Arts & Letters",0,0,NA
10622,6,6,"F",0,1,3.73,1340,"Business & Economics",1,0,NA
10623,6,6,"F",1,0,3.68,1270,"Arts & Letters",1,1,3.137
10624,3,4,"M",0,0,3.77,1060,"Math & Science",0,0,NA
10625,7,6,"M",1,0,4.05,1340,"Arts & Letters",0,0,NA
10626,2,4,"F",0,0,3,990,"Math & Science",0,0,NA
10627,6,4,"F",1,0,3.29,1150,"Arts & Letters",0,0,NA
10628,1,1,"M",0,0,3.45,980,"Business & Economics",0,0,NA
10629,7,6,"F",0,0,3.52,1360,"Math & Science",0,0,NA
10630,7,6,"M",1,0,3.3,1190,"Arts & Letters",0,0,NA
10631,7,7,"F",1,0,2.9,1100,"Arts & Letters",0,0,NA
10632,7,7,"F",0,1,2.85,1180,"Arts & Letters",0,0,NA
10633,3,4,"F",0,0,3.55,920,"Arts & Letters",0,0,NA
10634,7,7,"F",0,0,2.9,1000,"Math & Science",0,0,NA
10635,3,3,"M",1,0,3.22,1290,"Math & Science",0,0,NA
10636,6,4,"F",1,0,3.82,1260,"Business & Economics",1,0,NA
10637,5,4,"F",0,1,3.85,1160,"Math & Science",1,0,NA
10638,3,3,"F",1,0,4.08,1430,"Arts & Letters",1,0,NA
10639,6,5,"M",0,0,3.85,1190,"Math & Science",0,0,NA
10640,7,6,"F",1,0,4.03,1230,"Arts & Letters",0,0,NA
10641,3,4,"M",1,0,3.05,1190,"Business & Economics",0,0,NA
10642,3,3,"F",0,0,3.86,1140,"Arts & Letters",0,0,NA
10643,4,4,"F",0,1,3.18,910,"Arts & Letters",0,0,NA
10644,3,4,"F",1,0,3,930,"Arts & Letters",0,0,NA
10645,3,3,"M",0,0,3.82,1140,"Math & Science",1,0,NA
10646,5,6,"F",0,1,3.25,1340,"Math & Science",0,0,NA
10647,7,7,"F",1,0,3.96,1290,"Arts & Letters",1,1,3.796
10648,7,4,"M",1,0,3.21,1190,"Arts & Letters",0,0,NA
10649,7,6,"F",1,0,3.15,1200,"Math & Science",0,0,NA
10650,1,1,"F",0,1,4.25,1110,"Math & Science",1,0,NA
10651,3,3,"F",0,0,3.24,1080,"Arts & Letters",0,0,NA
10652,6,5,"M",1,0,3.32,1180,"Arts & Letters",0,0,NA
10653,4,4,"M",0,0,3.15,1000,"Math & Science",0,0,NA
10654,5,2,"F",0,0,3.86,1070,"Business & Economics",1,1,2.794
10655,7,4,"F",1,0,4.1,1180,"Math & Science",0,0,NA
10656,1,3,"F",0,1,3.77,1040,"Arts & Letters",0,0,NA
10657,6,7,"F",1,0,3.81,1280,"Arts & Letters",1,0,NA
10658,4,4,"M",0,0,3.09,1080,"Math & Science",0,0,NA
10659,6,4,"M",0,0,2.59,860,"Math & Science",0,0,NA
10660,3,2,"F",0,1,3.32,1040,"Arts & Letters",0,0,NA
10661,5,5,"F",1,0,3.77,1300,"Arts & Letters",0,0,NA
10662,3,3,"M",0,0,3.2,1060,"Math & Science",0,0,NA
10663,6,6,"M",0,0,2.65,900,"Arts & Letters",0,0,NA
10664,6,4,"F",0,0,3.05,850,"Math & Science",0,0,NA
10665,4,4,"M",0,1,3.04,1250,"Business & Economics",0,0,NA
10666,6,4,"F",1,0,4,1220,"Arts & Letters",0,0,NA
10667,3,7,"F",1,0,4.27,1410,"Math & Science",1,0,NA
10668,7,6,"F",0,1,3.96,1330,"Math & Science",1,0,NA
10669,7,7,"F",1,0,3.96,1190,"Math & Science",0,0,NA
10670,7,7,"M",1,0,2.6,1100,"Business & Economics",0,0,NA
10671,7,5,"M",1,0,3.45,1150,"Math & Science",0,0,NA
10672,6,6,"M",1,0,3.75,1030,"Math & Science",0,0,NA
10673,6,6,"M",1,0,3.57,1220,"Arts & Letters",0,0,NA
10674,7,7,"F",0,1,3.74,1340,"Business & Economics",0,0,NA
10675,7,7,"F",1,0,4.35,1320,"Math & Science",1,0,NA
10676,6,6,"M",1,0,3.1,1190,"Business & Economics",0,0,NA
10677,6,6,"F",1,0,3.54,1100,"Math & Science",0,0,NA
10678,7,6,"F",1,0,3.75,1410,"Math & Science",1,1,3.369
10679,7,3,"F",0,1,4.09,1380,"Math & Science",1,0,NA
10680,6,4,"F",0,0,3.1,700,"Arts & Letters",0,0,NA
10681,4,7,"M",0,0,3.64,1190,"Business & Economics",0,0,NA
10682,4,4,"M",1,0,3.64,920,"Business & Economics",0,0,NA
10683,7,6,"M",1,0,4.08,1430,"Math & Science",1,0,NA
10684,4,4,"M",0,1,3.95,1460,"Business & Economics",1,0,NA
10685,2,1,"M",0,0,3.75,960,"Math & Science",0,0,NA
10686,4,6,"M",1,0,3.88,1190,"Arts & Letters",0,0,NA
10687,4,6,"M",1,0,3.65,1250,"Business & Economics",1,0,NA
10688,3,3,"F",1,0,3.38,1260,"Arts & Letters",1,1,3.416
10689,2,1,"F",0,1,3.92,1100,"Arts & Letters",1,0,NA
10690,3,3,"F",0,1,3.69,1210,"Math & Science",0,0,NA
10691,7,7,"F",0,0,4.25,1460,"Arts & Letters",1,0,NA
10692,3,6,"F",0,0,3.77,880,"Math & Science",0,0,NA
10693,6,6,"M",0,1,3.75,1280,"Arts & Letters",0,0,NA
10694,3,6,"M",1,0,3.95,1160,"Business & Economics",1,0,NA
10695,6,6,"M",0,1,3.68,1270,"Math & Science",0,0,NA
10696,6,6,"M",1,0,3.8,1410,"Arts & Letters",1,0,NA
10697,6,6,"F",1,0,3.71,1390,"Arts & Letters",0,0,NA
10698,1,6,"F",0,0,3.23,790,"Math & Science",0,0,NA
10699,7,3,"F",1,0,3.5,1000,"Arts & Letters",0,0,NA
10700,2,2,"F",0,0,2.85,1050,"Arts & Letters",0,0,NA
10701,6,4,"M",0,1,4.1,1150,"Math & Science",0,0,NA
10702,4,4,"F",0,0,2.4,920,"Math & Science",0,0,NA
10703,6,7,"F",1,0,3.75,1170,"Arts & Letters",0,0,NA
10704,6,3,"F",0,0,3.5,1090,"Arts & Letters",0,0,NA
10705,4,6,"F",0,1,3.27,990,"Math & Science",0,0,NA
10706,6,7,"F",1,0,3.29,1290,"Arts & Letters",0,0,NA
10707,4,4,"F",0,1,3.6,1000,"Arts & Letters",0,0,NA
10708,1,1,"F",0,0,3.09,820,"Arts & Letters",0,0,NA
10709,6,4,"M",0,0,3.58,980,"Arts & Letters",0,0,NA
10710,6,6,"F",0,0,3.25,750,"Arts & Letters",0,0,NA
10711,2,3,"M",1,0,3.29,970,"Arts & Letters",0,0,NA
10712,6,3,"F",1,0,3.54,1260,"Arts & Letters",0,0,NA
10713,6,5,"M",1,0,4.24,1320,"Arts & Letters",1,0,NA
10714,6,6,"M",1,0,3.82,1120,"Business & Economics",1,0,NA
10715,5,6,"F",0,0,3.3,1290,"Math & Science",1,0,NA
10716,3,3,"M",0,0,4,920,"Business & Economics",0,0,NA
10717,6,6,"F",0,0,2.95,920,"Arts & Letters",0,0,NA
10718,7,7,"M",1,0,3.39,1380,"Business & Economics",0,0,NA
10719,6,7,"M",1,0,3.31,1180,"Business & Economics",0,1,2.935
10720,4,6,"M",0,0,2.94,920,"Business & Economics",0,0,NA
10721,6,4,"F",0,0,3.5,1080,"Math & Science",0,0,NA
10722,6,4,"F",1,0,3.62,1190,"Arts & Letters",0,0,NA
10723,7,6,"M",1,0,3.57,1150,"Business & Economics",0,0,NA
10724,5,7,"F",1,0,2.95,1130,"Math & Science",0,0,NA
10725,6,6,"F",1,0,4.1,1050,"Arts & Letters",0,0,NA
10726,6,4,"M",1,0,2.94,750,"Business & Economics",0,0,NA
10727,1,1,"F",0,1,4,1000,"Arts & Letters",1,0,NA
10728,6,6,"F",0,1,3.16,1190,"Arts & Letters",0,0,NA
10729,6,6,"F",1,0,3,1090,"Arts & Letters",0,0,NA
10730,6,6,"F",1,0,3.86,1190,"Arts & Letters",0,0,NA
10731,4,6,"F",1,0,4.09,1130,"Math & Science",0,0,NA
10732,6,6,"F",1,0,4.18,1250,"Business & Economics",1,1,3.551
10733,1,3,"F",0,1,4.27,1210,"Math & Science",1,0,NA
10734,7,7,"F",1,0,3.89,1110,"Math & Science",0,0,NA
10735,7,7,"M",1,0,3,1120,"Math & Science",0,0,NA
10736,6,7,"M",1,0,3.45,1490,"Business & Economics",1,1,2.316
10737,3,3,"M",1,0,3.78,1020,"Math & Science",0,0,NA
10738,6,6,"M",1,0,4,1450,"Business & Economics",1,0,NA
10739,2,2,"F",0,1,3.38,1160,"Math & Science",1,1,2.77
10740,2,3,"F",0,0,4.27,1450,"Math & Science",1,0,NA
10741,7,7,"F",0,0,3.91,1270,"Arts & Letters",1,0,NA
10742,4,4,"F",0,0,3.39,940,"Math & Science",0,0,NA
10743,4,7,"F",1,0,3.67,1180,"Math & Science",0,0,NA
10744,5,6,"F",1,0,3.7,1230,"Arts & Letters",1,1,3.043
10745,3,3,"M",0,1,3.45,1100,"Arts & Letters",1,0,NA
10746,3,6,"F",0,1,3.68,1170,"Business & Economics",0,0,NA
10747,3,2,"F",0,1,3.65,1190,"Business & Economics",1,0,NA
10748,6,6,"F",0,1,3.55,1120,"Business & Economics",0,0,NA
10749,7,6,"F",1,0,4.33,1490,"Math & Science",1,0,NA
10750,5,5,"F",0,1,4.18,1350,"Math & Science",1,0,NA
10751,7,7,"M",0,1,3.1,1060,"Math & Science",0,0,NA
10752,5,6,"M",1,0,3.27,1110,"Math & Science",0,0,NA
10753,7,6,"M",1,0,3.33,1150,"Arts & Letters",0,0,NA
10754,5,7,"M",1,0,2.67,1180,"Math & Science",0,0,NA
10755,7,7,"F",0,1,2.9,1060,"Arts & Letters",0,0,NA
10756,6,6,"F",0,0,3.52,1410,"Arts & Letters",1,1,2.828
10757,6,7,"M",1,0,3.5,1230,"Business & Economics",0,0,NA
10758,4,5,"F",0,1,3.18,670,"Business & Economics",0,0,NA
10759,7,6,"F",0,1,3.75,1390,"Business & Economics",1,0,NA
10760,3,3,"M",0,0,2.76,860,"Business & Economics",0,0,NA
10761,7,6,"F",1,0,3.64,1320,"Math & Science",1,0,NA
10762,1,3,"F",0,0,2.21,940,"Arts & Letters",0,0,NA
10763,7,6,"M",1,0,3.54,1060,"Math & Science",0,0,NA
10764,4,4,"F",0,0,3.91,940,"Business & Economics",1,1,1.833
10765,3,1,"F",0,0,2.85,1080,"Arts & Letters",0,0,NA
10766,7,7,"F",0,1,3.78,1330,"Arts & Letters",0,0,NA
10767,6,6,"M",1,0,4,1170,"Math & Science",1,1,3.262
10768,7,7,"M",0,0,3.86,1400,"Arts & Letters",1,0,NA
10769,1,4,"F",0,0,3.67,1050,"Math & Science",0,0,NA
10770,3,4,"F",0,0,3.5,1000,"Math & Science",0,0,NA
10771,3,3,"F",0,0,3.95,1110,"Business & Economics",1,0,NA
10772,6,6,"F",0,1,3.54,1190,"Math & Science",1,0,NA
10773,2,2,"F",0,0,3.26,950,"Arts & Letters",1,0,NA
10774,3,3,"F",1,0,4.11,1320,"Arts & Letters",0,0,NA
10775,1,4,"F",0,0,3.39,980,"Arts & Letters",0,0,NA
10776,4,4,"F",0,0,3.8,1240,"Math & Science",0,0,NA
10777,4,4,"M",0,0,3.88,1190,"Math & Science",0,0,NA
10778,1,1,"M",0,1,3.38,880,"Business & Economics",0,0,NA
10779,7,6,"M",1,0,3.91,1180,"Math & Science",0,0,NA
10780,7,7,"F",1,0,3,1240,"Arts & Letters",0,0,NA
10781,7,6,"M",1,0,3.76,1140,"Arts & Letters",0,0,NA
10782,3,6,"F",1,0,3.75,1240,"Math & Science",0,0,NA
10783,3,3,"F",0,0,4.05,1070,"Business & Economics",1,0,NA
10784,1,1,"F",0,1,3.41,1020,"Arts & Letters",1,0,NA
10785,2,3,"F",1,0,3.29,1020,"Arts & Letters",0,0,NA
10786,6,6,"F",1,0,4.31,1260,"Arts & Letters",1,1,3.634
10787,2,2,"M",0,0,2.72,870,"Arts & Letters",0,0,NA
10788,7,4,"F",1,0,2.83,990,"Math & Science",0,0,NA
10789,6,1,"F",0,0,4.24,830,"Math & Science",0,0,NA
10790,7,4,"M",0,0,3.45,1300,"Math & Science",1,1,1.934
10791,6,6,"M",1,0,3.4,1270,"Business & Economics",0,0,NA
10792,3,3,"F",0,0,3.25,810,"Arts & Letters",0,0,NA
10793,1,3,"F",0,0,3.25,690,"Arts & Letters",0,0,NA
10794,7,6,"F",1,0,3.96,1450,"Math & Science",1,0,NA
10795,6,6,"M",0,1,3.04,1000,"Business & Economics",0,0,NA
10796,7,7,"F",0,0,3.91,1460,"Business & Economics",1,0,NA
10797,7,7,"F",1,0,2.57,1090,"Arts & Letters",0,0,NA
10798,1,1,"F",0,0,3.79,730,"Arts & Letters",0,0,NA
10799,4,4,"M",0,0,3.55,1320,"Business & Economics",0,0,NA
10800,1,1,"F",0,0,3.71,920,"Arts & Letters",0,0,NA
10801,7,7,"M",1,0,4,1360,"Business & Economics",1,1,3.607
10802,3,3,"F",0,0,3.79,1000,"Arts & Letters",0,0,NA
10803,6,5,"F",1,0,3.71,1050,"Business & Economics",1,0,NA
10804,6,6,"F",1,0,4.38,1200,"Arts & Letters",1,1,3.784
10805,7,5,"F",1,0,3.3,1270,"Math & Science",0,0,NA
10806,7,6,"F",1,0,4.15,1150,"Arts & Letters",0,0,NA
10807,6,5,"M",1,0,3.36,1180,"Math & Science",0,0,NA
10808,3,4,"M",1,0,2.95,1210,"Math & Science",0,0,NA
10809,3,3,"M",1,0,4.25,1410,"Arts & Letters",1,0,NA
10810,1,1,"F",0,0,3.87,860,"Arts & Letters",0,0,NA
10811,3,3,"F",0,0,2.47,750,"Arts & Letters",0,0,NA
10812,1,1,"M",0,0,2.75,870,"Arts & Letters",0,0,NA
10813,1,1,"M",0,0,3.17,940,"Math & Science",0,0,NA
10814,7,6,"M",1,0,3.6,1050,"Business & Economics",0,0,NA
10815,4,6,"F",1,0,3.8,1240,"Business & Economics",1,1,3.342
10816,6,6,"F",1,0,3.8,980,"Math & Science",0,0,NA
10817,4,6,"F",1,0,4.36,1470,"Arts & Letters",1,0,NA
10818,7,7,"F",0,0,3.33,1410,"Arts & Letters",0,0,NA
10819,1,1,"F",0,1,4.05,1030,"Business & Economics",1,0,NA
10820,5,4,"F",1,0,3.21,820,"Arts & Letters",0,0,NA
10821,4,4,"F",0,1,3.85,1210,"Math & Science",0,0,NA
10822,6,2,"F",0,1,3.89,1210,"Business & Economics",1,0,NA
10823,6,6,"F",1,0,3.29,1280,"Arts & Letters",0,0,NA
10824,3,3,"F",1,0,3.89,1260,"Business & Economics",1,0,NA
10825,7,6,"F",1,0,4.13,1390,"Arts & Letters",1,0,NA
10826,4,4,"F",0,0,3.84,1270,"Business & Economics",1,0,NA
10827,7,5,"F",1,0,3.59,1020,"Math & Science",0,0,NA
10828,7,7,"F",1,0,3.66,1220,"Arts & Letters",0,0,NA
10829,7,7,"F",1,0,3.92,1160,"Math & Science",0,0,NA
10830,6,6,"M",0,0,3,1240,"Business & Economics",0,0,NA
10831,7,6,"F",1,0,3.47,1330,"Arts & Letters",0,0,NA
10832,5,3,"F",0,0,3.35,1000,"Arts & Letters",0,0,NA
10833,7,6,"M",0,1,3.05,990,"Business & Economics",0,0,NA
10834,7,6,"M",1,0,3.17,1080,"Business & Economics",0,0,NA
10835,6,6,"F",0,1,4.15,1340,"Arts & Letters",1,0,NA
10836,7,7,"M",1,0,2.45,1230,"Business & Economics",0,0,NA
10837,7,7,"M",1,0,4.36,1530,"Math & Science",1,0,NA
10838,5,5,"F",1,0,3.35,1270,"Arts & Letters",0,0,NA
10839,3,2,"F",0,1,2.96,990,"Math & Science",0,0,NA
10840,7,6,"F",1,0,3.66,1110,"Arts & Letters",0,0,NA
10841,7,7,"F",1,0,3.71,1310,"Arts & Letters",1,0,NA
10842,4,4,"F",0,1,3.67,1040,"Math & Science",0,0,NA
10843,6,7,"F",0,1,4,1270,"Arts & Letters",1,1,2.883
10844,4,3,"F",0,1,4.05,1200,"Arts & Letters",1,0,NA
10845,4,4,"F",0,0,3.65,1210,"Math & Science",0,0,NA
10846,2,1,"M",0,0,2.94,790,"Math & Science",0,0,NA
10847,7,4,"F",0,0,3.8,1240,"Arts & Letters",0,0,NA
10848,1,2,"F",0,0,3.14,880,"Math & Science",0,0,NA
10849,1,1,"F",0,0,3.26,960,"Arts & Letters",0,0,NA
10850,2,2,"F",0,0,3.86,1320,"Math & Science",1,0,NA
10851,5,6,"F",1,0,3.04,1210,"Arts & Letters",0,0,NA
10852,7,7,"F",0,1,3.38,1410,"Math & Science",0,0,NA
10853,4,3,"M",1,0,3.18,1080,"Arts & Letters",0,0,NA
10854,4,4,"F",0,0,3.48,920,"Arts & Letters",0,0,NA
10855,5,5,"F",0,1,4.22,1120,"Business & Economics",0,0,NA
10856,7,7,"M",0,0,4,1540,"Math & Science",1,0,NA
10857,3,3,"F",1,0,2.95,1060,"Arts & Letters",0,0,NA
10858,6,6,"M",0,1,3.2,920,"Arts & Letters",0,0,NA
10859,5,5,"F",0,1,3.5,830,"Arts & Letters",0,0,NA
10860,2,1,"M",0,0,3.55,1130,"Math & Science",1,1,1.375
10861,7,3,"M",1,0,3.72,1020,"Business & Economics",1,0,NA
10862,3,3,"M",0,0,2.45,910,"Arts & Letters",0,0,NA
10863,6,7,"F",1,0,3.7,1030,"Math & Science",0,0,NA
10864,6,6,"F",1,0,3.54,1090,"Arts & Letters",0,0,NA
10865,6,6,"F",1,0,3.05,1070,"Arts & Letters",0,0,NA
10866,3,3,"M",0,0,3.7,1250,"Business & Economics",1,1,3.167
10867,3,5,"M",1,0,3.29,1130,"Business & Economics",0,0,NA
10868,3,6,"M",0,1,3.43,1200,"Business & Economics",0,0,NA
10869,6,6,"F",1,0,2.87,750,"Math & Science",0,0,NA
10870,7,6,"F",1,0,4.25,1340,"Arts & Letters",1,0,NA
10871,4,4,"F",1,0,3.92,1350,"Arts & Letters",0,0,NA
10872,6,6,"F",0,0,3.96,1090,"Math & Science",0,0,NA
10873,6,4,"M",1,0,3.09,1100,"Math & Science",0,0,NA
10874,3,2,"M",0,0,3.04,1130,"Arts & Letters",0,0,NA
10875,6,6,"M",0,1,2.95,930,"Business & Economics",0,0,NA
10876,7,7,"M",1,0,3.59,1280,"Business & Economics",0,0,NA
10877,7,7,"F",0,0,3.33,1200,"Arts & Letters",0,0,NA
10878,4,1,"F",0,1,4.12,1220,"Business & Economics",1,0,NA
10879,7,6,"F",1,0,3.55,1330,"Arts & Letters",1,0,NA
10880,7,5,"M",1,0,4,1180,"Business & Economics",0,0,NA
10881,4,3,"F",1,0,3.39,1280,"Business & Economics",0,0,NA
10882,6,4,"M",1,0,2.9,920,"Math & Science",0,0,NA
10883,6,5,"F",1,0,3.95,1190,"Arts & Letters",0,0,NA
10884,3,7,"F",1,0,3.38,800,"Arts & Letters",0,0,NA
10885,2,6,"F",0,0,3.62,920,"Math & Science",0,0,NA
10886,7,5,"M",1,0,3.08,1270,"Math & Science",0,0,NA
10887,3,3,"M",0,0,3.55,970,"Arts & Letters",0,0,NA
10888,6,7,"F",1,0,3.5,1380,"Arts & Letters",0,0,NA
10889,2,1,"F",0,1,2.67,1190,"Arts & Letters",0,0,NA
10890,7,7,"F",0,0,3.6,1430,"Business & Economics",1,1,3.167
10891,7,7,"F",1,0,3.22,1090,"Arts & Letters",0,0,NA
10892,4,3,"M",0,0,2.43,840,"Business & Economics",1,1,2.373
10893,2,1,"F",0,1,3.85,1160,"Business & Economics",1,0,NA
10894,6,6,"F",0,1,4.4,1270,"Business & Economics",1,0,NA
10895,6,6,"F",1,0,4.24,1270,"Business & Economics",1,0,NA
10896,7,6,"F",1,0,3.71,1050,"Business & Economics",1,1,2.723
10897,3,3,"F",0,1,4.27,1260,"Math & Science",1,0,NA
10898,7,5,"M",0,0,3.46,1380,"Math & Science",0,0,NA
10899,4,6,"F",1,0,3.38,1050,"Arts & Letters",0,0,NA
10900,2,2,"F",0,1,3.62,1070,"Business & Economics",1,1,2.85
10901,6,3,"F",0,1,3.75,810,"Math & Science",0,0,NA
10902,2,5,"F",1,0,4.14,1090,"Arts & Letters",1,0,NA
10903,3,3,"M",0,1,3.86,1500,"Math & Science",0,0,NA
10904,7,7,"F",1,0,3.15,1130,"Math & Science",1,0,NA
10905,4,7,"M",0,0,2.79,1070,"Arts & Letters",0,0,NA
10906,6,4,"F",1,0,4.19,1290,"Arts & Letters",1,0,NA
10907,7,7,"M",1,0,2.57,1170,"Math & Science",0,0,NA
10908,7,3,"F",0,0,3.35,1290,"Business & Economics",0,0,NA
10909,1,1,"F",0,0,3.71,1000,"Arts & Letters",0,0,NA
10910,7,6,"F",1,0,3.44,1080,"Math & Science",0,0,NA
10911,7,7,"F",0,1,3.79,1250,"Arts & Letters",1,0,NA
10912,7,4,"F",1,0,3.95,1430,"Arts & Letters",1,0,NA
10913,6,6,"F",1,0,3.55,990,"Math & Science",0,0,NA
10914,5,7,"F",0,0,3.5,1080,"Arts & Letters",0,0,NA
10915,6,6,"F",1,0,3.25,1120,"Arts & Letters",1,0,NA
10916,4,6,"F",0,0,3.5,1110,"Math & Science",0,0,NA
10917,7,7,"M",1,0,3.64,1310,"Business & Economics",0,0,NA
10918,6,7,"M",1,0,4.08,1150,"Business & Economics",0,0,NA
10919,3,3,"M",0,0,2.32,1120,"Arts & Letters",0,0,NA
10920,7,7,"F",0,0,3.86,1310,"Arts & Letters",0,0,NA
10921,7,7,"M",1,0,3.18,1190,"Arts & Letters",0,0,NA
10922,1,1,"F",1,0,3.52,1200,"Arts & Letters",1,0,NA
10923,3,3,"F",1,0,3.5,1000,"Arts & Letters",0,0,NA
10924,7,7,"F",1,0,3.15,1140,"Arts & Letters",0,0,NA
10925,5,6,"M",0,1,3.5,1130,"Math & Science",0,0,NA
10926,7,6,"M",1,0,3.83,1410,"Business & Economics",1,1,2.751
10927,4,7,"F",0,0,2.86,890,"Math & Science",0,0,NA
10928,3,1,"M",0,1,3.09,1050,"Arts & Letters",0,0,NA
10929,7,7,"M",1,0,4.25,1430,"Math & Science",1,1,3.618
10930,7,7,"M",1,0,3.15,1160,"Arts & Letters",0,0,NA
10931,6,6,"F",1,0,3.64,1340,"Math & Science",0,0,NA
10932,7,7,"M",0,1,4.36,1380,"Math & Science",1,0,NA
10933,4,6,"F",1,0,3.86,1380,"Business & Economics",1,0,NA
10934,4,3,"M",0,0,3.17,1070,"Business & Economics",0,0,NA
10935,7,6,"F",1,0,2.75,1140,"Arts & Letters",0,0,NA
10936,6,6,"F",1,0,4.23,1420,"Arts & Letters",1,0,NA
10937,2,2,"F",0,0,2.86,770,"Arts & Letters",0,0,NA
10938,6,6,"M",1,0,3,1090,"Arts & Letters",0,0,NA
10939,7,7,"F",1,0,3.58,1150,"Math & Science",0,0,NA
10940,4,2,"F",0,1,3.81,1280,"Math & Science",1,0,NA
10941,7,7,"F",1,0,4.12,1380,"Arts & Letters",1,0,NA
10942,7,6,"F",1,0,3.65,870,"Business & Economics",0,0,NA
10943,7,7,"M",1,0,3.46,1140,"Business & Economics",0,0,NA
10944,6,3,"M",0,0,3.23,1120,"Math & Science",0,0,NA
10945,1,1,"F",0,0,3.44,1080,"Arts & Letters",0,0,NA
10946,7,6,"M",1,0,4.18,1540,"Arts & Letters",1,0,NA
10947,7,7,"M",1,0,3.62,1280,"Arts & Letters",1,0,NA
10948,1,1,"F",0,0,3.96,1080,"Math & Science",0,0,NA
10949,7,6,"F",0,1,3.05,1010,"Arts & Letters",0,0,NA
10950,6,3,"F",0,0,3.77,1230,"Arts & Letters",0,0,NA
10951,6,4,"F",1,0,4.27,1200,"Math & Science",1,1,3.358
10952,6,6,"M",0,1,3.59,1310,"Business & Economics",0,0,NA
10953,1,1,"M",0,0,3.65,1110,"Business & Economics",1,1,3.569
10954,4,5,"M",1,0,3.85,1390,"Business & Economics",0,0,NA
10955,4,4,"F",0,1,3.5,1400,"Business & Economics",0,0,NA
10956,6,4,"F",0,0,3.44,1230,"Arts & Letters",0,0,NA
10957,4,3,"M",0,1,3.79,1230,"Math & Science",0,0,NA
10958,7,7,"F",1,0,4.11,1360,"Business & Economics",1,0,NA
10959,6,6,"F",0,0,2.91,1120,"Arts & Letters",0,0,NA
10960,7,6,"F",0,0,3.42,1200,"Arts & Letters",0,0,NA
10961,6,6,"F",0,1,3.14,1220,"Arts & Letters",0,0,NA
10962,6,3,"M",0,0,3.8,1110,"Math & Science",0,0,NA
10963,7,3,"M",0,1,3.33,930,"Math & Science",0,0,NA
10964,2,3,"F",0,0,3.68,1050,"Arts & Letters",0,0,NA
10965,7,5,"M",0,0,3.77,1320,"Business & Economics",1,0,NA
10966,5,5,"F",1,0,4.23,1420,"Business & Economics",1,0,NA
10967,7,7,"F",0,1,3.86,1250,"Arts & Letters",0,1,3.707
10968,7,6,"F",1,0,4.08,1210,"Arts & Letters",0,0,NA
10969,7,7,"M",0,0,4.04,1280,"Math & Science",1,0,NA
10970,6,4,"F",1,0,4.23,1570,"Math & Science",1,0,NA
10971,6,6,"F",1,0,4.35,1190,"Business & Economics",1,0,NA
10972,6,6,"M",1,0,3.56,1240,"Math & Science",0,0,NA
10973,3,1,"M",0,0,3.4,1050,"Arts & Letters",0,0,NA
10974,3,2,"M",0,0,3.1,850,"Math & Science",0,0,NA
10975,6,3,"M",1,0,2.76,1350,"Math & Science",0,0,NA
10976,7,3,"M",1,0,3.91,1230,"Business & Economics",1,0,NA
10977,3,3,"F",0,0,3.17,1070,"Arts & Letters",0,0,NA
10978,7,6,"M",1,0,4,1250,"Arts & Letters",1,1,3.137
10979,6,7,"M",0,1,4.1,1360,"Math & Science",1,0,NA
10980,5,6,"F",0,0,4.27,1460,"Math & Science",1,1,3.348
10981,7,7,"M",0,1,3.38,1540,"Math & Science",0,0,NA
10982,7,6,"M",1,0,3.81,1500,"Math & Science",1,0,NA
10983,6,6,"M",1,0,4.09,1310,"Math & Science",0,0,NA
10984,1,2,"F",0,0,3.23,960,"Math & Science",0,0,NA
10985,6,6,"F",1,0,4.18,1020,"Math & Science",0,0,NA
10986,6,7,"F",0,0,4.2,1230,"Arts & Letters",1,0,NA
10987,6,6,"M",0,1,4.32,1340,"Math & Science",1,1,3.17
10988,6,7,"F",1,0,3.62,1560,"Math & Science",1,0,NA
10989,6,3,"F",1,0,3.93,1150,"Arts & Letters",1,1,3.501
10990,6,7,"F",0,0,3.45,1010,"Arts & Letters",0,0,NA
10991,1,3,"M",0,1,3.4,1120,"Arts & Letters",0,0,NA
10992,6,6,"F",1,0,3,1130,"Business & Economics",0,0,NA
10993,6,6,"F",0,0,4.17,1230,"Math & Science",1,0,NA
10994,6,5,"F",1,0,3.65,1210,"Arts & Letters",0,0,NA
10995,3,6,"F",0,0,2.42,950,"Arts & Letters",0,0,NA
10996,5,3,"M",1,0,4.29,1510,"Math & Science",1,0,NA
10997,6,5,"F",1,0,4.2,1240,"Arts & Letters",1,0,NA
10998,1,1,"F",0,1,3.57,1120,"Math & Science",1,0,NA
10999,1,1,"F",0,0,2.55,940,"Math & Science",0,0,NA
11000,7,7,"F",1,0,4,1270,"Math & Science",1,1,2.531
11001,3,6,"F",0,0,3.45,1200,"Business & Economics",0,0,NA
11002,4,7,"F",1,0,3.82,1170,"Arts & Letters",1,1,3.689
11003,3,4,"M",0,0,2.83,1540,"Math & Science",0,0,NA
11004,1,1,"F",0,0,3.74,1130,"Arts & Letters",0,0,NA
11005,6,7,"M",1,0,2.83,1190,"Arts & Letters",0,0,NA
11006,6,4,"F",0,0,2.75,1040,"Business & Economics",0,0,NA
11007,3,2,"F",0,0,3,1040,"Arts & Letters",0,0,NA
11008,1,1,"F",0,0,3.55,1040,"Math & Science",1,0,NA
11009,6,6,"F",1,0,2.88,1190,"Arts & Letters",1,1,3.484
11010,7,6,"M",0,1,3.85,1330,"Math & Science",1,0,NA
11011,4,6,"M",1,0,3.43,1380,"Business & Economics",1,1,2.775
11012,7,7,"F",0,1,3.91,1500,"Math & Science",1,0,NA
11013,4,6,"M",0,0,3.33,1100,"Business & Economics",0,0,NA
11014,7,7,"F",0,1,3.55,1240,"Math & Science",0,0,NA
11015,6,6,"M",1,0,3.55,1230,"Arts & Letters",0,0,NA
11016,6,4,"F",0,1,4.05,1210,"Business & Economics",1,0,NA
11017,7,7,"F",1,0,3.5,1080,"Arts & Letters",0,0,NA
11018,6,6,"F",1,0,3.67,1220,"Arts & Letters",1,0,NA
11019,7,7,"M",0,0,3.45,1090,"Business & Economics",0,0,NA
11020,6,6,"F",1,0,4.04,1200,"Business & Economics",1,0,NA
11021,7,6,"F",1,0,3.68,1150,"Math & Science",1,1,2.19
11022,7,7,"M",1,0,4,1190,"Arts & Letters",1,0,NA
11023,3,5,"M",1,0,3.22,1090,"Business & Economics",0,0,NA
11024,6,4,"M",0,1,3.33,1180,"Math & Science",0,0,NA
11025,5,5,"M",1,0,4.28,1170,"Business & Economics",1,1,2.533
11026,3,3,"F",0,1,3.71,1150,"Arts & Letters",1,0,NA
11027,7,6,"F",1,0,4.27,1320,"Arts & Letters",1,0,NA
11028,7,4,"F",0,0,3,1180,"Business & Economics",0,0,NA
11029,4,6,"F",1,0,4,1250,"Math & Science",0,0,NA
11030,7,7,"F",1,0,3.88,1350,"Business & Economics",1,0,NA
11031,7,7,"M",0,0,3.39,1280,"Business & Economics",0,0,NA
11032,5,6,"F",0,0,3,1130,"Math & Science",0,0,NA
11033,2,3,"F",0,0,3.82,1120,"Math & Science",0,0,NA
11034,6,5,"F",1,0,3.95,1380,"Math & Science",0,0,NA
11035,7,7,"M",1,0,3.83,1430,"Math & Science",1,0,NA
11036,7,6,"F",1,0,3.17,1570,"Math & Science",1,0,NA
11037,6,5,"F",1,0,3.58,840,"Business & Economics",0,0,NA
11038,2,2,"M",0,1,3.81,1030,"Business & Economics",1,0,NA
11039,6,6,"F",1,0,4.1,1450,"Arts & Letters",1,0,NA
11040,3,5,"F",1,0,3.54,1200,"Arts & Letters",0,0,NA
11041,6,6,"F",0,0,3.69,1200,"Arts & Letters",0,0,NA
11042,3,3,"F",0,0,3.36,1100,"Arts & Letters",0,0,NA
11043,2,2,"F",1,0,3.83,1210,"Arts & Letters",1,0,NA
11044,7,7,"M",0,0,4.15,1320,"Business & Economics",1,1,3.293
11045,3,3,"F",1,0,3.54,1230,"Arts & Letters",0,0,NA
11046,7,7,"F",1,0,2.92,1080,"Math & Science",0,0,NA
11047,3,6,"F",1,0,3.12,1200,"Arts & Letters",0,0,NA
11048,6,6,"M",0,1,3,1140,"Arts & Letters",0,0,NA
11049,3,6,"M",1,0,3.6,1540,"Business & Economics",1,0,NA
11050,6,7,"M",1,0,4.09,1190,"Math & Science",0,0,NA
11051,7,7,"M",1,0,3.67,1260,"Business & Economics",1,0,NA
11052,6,6,"F",0,0,3.41,1190,"Math & Science",1,0,NA
11053,3,3,"M",1,0,3.95,1350,"Math & Science",1,0,NA
11054,7,6,"F",1,0,4.27,1350,"Arts & Letters",1,0,NA
11055,7,4,"F",0,0,4.23,1080,"Math & Science",0,0,NA
11056,7,7,"M",0,1,3.78,1270,"Math & Science",0,1,2.829
11057,6,6,"F",1,0,3.14,1380,"Arts & Letters",1,0,NA
11058,6,6,"F",1,0,4.08,1210,"Arts & Letters",0,0,NA
11059,7,7,"M",1,0,3.33,1270,"Arts & Letters",0,0,NA
11060,7,7,"F",1,0,4.25,1270,"Business & Economics",1,1,3.864
11061,6,6,"F",1,0,3.41,1360,"Arts & Letters",1,1,3
11062,5,7,"F",1,0,4.33,1490,"Math & Science",1,0,NA
11063,7,7,"F",1,0,4.05,1340,"Math & Science",1,0,NA
11064,7,6,"F",0,0,3.67,1000,"Arts & Letters",0,0,NA
11065,6,6,"M",1,0,4.3,1570,"Business & Economics",1,0,NA
11066,6,6,"F",1,0,4.15,1280,"Arts & Letters",0,0,NA
11067,7,6,"F",1,0,4.15,1260,"Arts & Letters",0,0,NA
11068,6,6,"F",1,0,4.18,1260,"Math & Science",1,0,NA
11069,7,4,"F",1,0,3.94,1290,"Arts & Letters",0,0,NA
11070,5,5,"F",1,0,3.82,1340,"Business & Economics",1,0,NA
11071,7,6,"F",1,0,3.58,1000,"Business & Economics",0,0,NA
11072,4,7,"F",1,0,4.17,1550,"Math & Science",1,0,NA
11073,7,6,"M",1,0,3.85,1190,"Business & Economics",1,0,NA
11074,6,6,"F",0,0,3.65,1430,"Math & Science",0,0,NA
11075,6,7,"M",1,0,3.43,1290,"Arts & Letters",1,0,NA
11076,6,5,"F",0,0,3.61,1170,"Arts & Letters",0,0,NA
11077,6,4,"F",1,0,3.4,1290,"Math & Science",0,0,NA
11078,4,6,"F",1,0,4.25,1300,"Math & Science",1,0,NA
11079,7,5,"M",1,0,3.5,1090,"Arts & Letters",0,0,NA
11080,6,3,"M",0,0,3.61,1490,"Math & Science",1,0,NA
11081,6,5,"M",1,0,3.96,1100,"Arts & Letters",1,0,NA
11082,4,4,"F",0,0,4,1280,"Math & Science",0,0,NA
11083,7,7,"M",1,0,4.09,1380,"Arts & Letters",1,0,NA
11084,6,3,"M",0,1,2.73,1030,"Business & Economics",0,0,NA
11085,7,7,"M",1,0,3.09,1280,"Arts & Letters",0,0,NA
11086,6,7,"M",0,0,3.62,1320,"Business & Economics",1,1,2.859
11087,6,6,"M",0,1,3.82,1430,"Business & Economics",1,0,NA
11088,7,4,"F",1,0,3.55,1170,"Arts & Letters",0,0,NA
11089,6,6,"M",1,0,3.57,1340,"Business & Economics",0,0,NA
11090,7,7,"F",0,0,3.15,960,"Arts & Letters",0,0,NA
11091,6,6,"M",0,1,4.12,1480,"Math & Science",1,0,NA
11092,6,4,"M",1,0,4,1310,"Math & Science",1,0,NA
11093,6,6,"M",1,0,3.43,1160,"Business & Economics",0,0,NA
11094,6,6,"M",1,0,3.58,1260,"Arts & Letters",0,0,NA
11095,3,3,"M",1,0,3.29,1210,"Arts & Letters",0,0,NA
11096,7,6,"M",1,0,3.52,1230,"Business & Economics",0,0,NA
11097,7,6,"F",1,0,3.65,1100,"Arts & Letters",1,1,3.33
11098,4,7,"M",1,0,3.45,1320,"Math & Science",0,0,NA
11099,2,2,"F",0,0,3.5,1060,"Business & Economics",1,1,2.56
11100,6,6,"M",0,0,4.15,1430,"Math & Science",1,0,NA
11101,3,4,"M",0,0,2.93,910,"Math & Science",0,0,NA
11102,3,6,"M",1,0,4.32,1170,"Business & Economics",1,1,3.007
11103,3,3,"M",0,0,2.57,1000,"Arts & Letters",0,0,NA
11104,7,7,"M",1,0,3.5,1130,"Arts & Letters",1,0,NA
11105,7,7,"F",0,0,4,1190,"Arts & Letters",1,0,NA
11106,7,7,"F",0,1,4,1390,"Math & Science",1,0,NA
11107,7,4,"F",1,0,4.14,1310,"Arts & Letters",1,0,NA
11108,7,6,"M",1,0,2.64,1360,"Arts & Letters",0,0,NA
11109,4,6,"M",1,0,4.36,1530,"Math & Science",1,0,NA
11110,3,6,"F",1,0,3.11,1010,"Math & Science",0,0,NA
11111,5,6,"M",1,0,4.09,1260,"Business & Economics",0,0,NA
11112,5,5,"F",1,0,3.9,1140,"Math & Science",0,0,NA
11113,4,6,"M",1,0,3.9,1230,"Arts & Letters",0,0,NA
11114,7,6,"F",1,0,4.15,1380,"Business & Economics",1,0,NA
11115,7,7,"F",1,0,3.61,1250,"Business & Economics",0,0,NA
11116,4,6,"F",0,0,3.04,1320,"Arts & Letters",0,0,NA
11117,7,7,"F",1,0,3.4,1250,"Business & Economics",0,0,NA
11118,6,7,"M",1,0,3.64,1240,"Math & Science",1,1,2.61
11119,6,7,"F",0,0,3.47,1370,"Business & Economics",0,0,NA
11120,4,4,"F",0,0,4,1310,"Arts & Letters",1,1,3.614
11121,4,6,"F",0,0,3.13,1100,"Arts & Letters",0,0,NA
11122,7,6,"M",1,0,3.55,1460,"Business & Economics",1,0,NA
11123,7,6,"M",1,0,3.45,1120,"Business & Economics",0,0,NA
11124,6,6,"M",0,1,2.95,1120,"Arts & Letters",0,0,NA
11125,3,5,"M",0,0,3.36,910,"Business & Economics",0,0,NA
11126,6,3,"F",1,0,4.27,1380,"Arts & Letters",1,0,NA
11127,7,6,"M",0,0,3.7,1290,"Business & Economics",1,0,NA
11128,7,6,"M",1,0,3.5,1410,"Arts & Letters",1,0,NA
11129,2,6,"F",1,0,3.81,970,"Math & Science",0,0,NA
11130,6,7,"M",0,0,3.25,960,"Business & Economics",0,0,NA
11131,7,6,"M",1,0,4.09,1310,"Business & Economics",1,0,NA
11132,4,6,"F",1,0,3.73,1120,"Math & Science",0,0,NA
11133,1,1,"F",0,0,4.15,1140,"Math & Science",1,0,NA
11134,6,6,"F",1,0,4.14,1490,"Math & Science",1,0,NA
11135,4,7,"M",1,0,3.27,1440,"Math & Science",0,0,NA
11136,2,3,"F",0,1,4.17,950,"Business & Economics",1,0,NA
11137,3,3,"F",0,0,3.15,980,"Math & Science",0,0,NA
11138,6,6,"M",0,0,4.05,1280,"Arts & Letters",1,1,3.279
11139,6,6,"M",1,0,4.22,1450,"Arts & Letters",1,0,NA
11140,7,3,"F",1,0,3.34,1300,"Math & Science",0,0,NA
11141,1,1,"M",0,0,2.91,600,"Arts & Letters",0,0,NA
11142,4,4,"F",0,0,3.71,1270,"Math & Science",0,0,NA
11143,7,6,"F",1,0,4.36,1330,"Arts & Letters",0,0,NA
11144,7,6,"M",1,0,3.62,1200,"Math & Science",0,0,NA
11145,7,4,"M",1,0,3.08,1150,"Arts & Letters",0,0,NA
11146,6,4,"M",1,0,3.39,1300,"Arts & Letters",0,0,NA
11147,6,6,"M",1,0,4,1250,"Math & Science",1,1,3.468
11148,7,7,"F",0,1,3.96,1320,"Business & Economics",0,0,NA
11149,6,4,"F",1,0,3.52,1380,"Arts & Letters",1,0,NA
11150,2,3,"F",1,0,3.73,1090,"Arts & Letters",0,0,NA
11151,7,5,"F",0,1,3.92,1160,"Math & Science",1,0,NA
11152,7,7,"M",0,0,3.83,1260,"Arts & Letters",0,0,NA
11153,6,6,"M",1,0,3.35,1260,"Arts & Letters",0,1,2.822
11154,7,3,"M",0,0,3.1,1220,"Business & Economics",0,0,NA
11155,7,5,"M",1,0,2.55,1170,"Arts & Letters",0,0,NA
11156,6,4,"M",1,0,3.45,1270,"Math & Science",0,0,NA
11157,6,3,"F",0,1,4.34,1330,"Math & Science",1,0,NA
11158,3,6,"M",0,0,3.14,1060,"Business & Economics",0,0,NA
11159,1,3,"M",0,0,3.14,810,"Arts & Letters",0,0,NA
11160,4,5,"M",0,0,3,1000,"Math & Science",0,0,NA
11161,4,4,"F",1,0,3.77,1010,"Arts & Letters",0,0,NA
11162,4,2,"F",0,1,3.64,1070,"Business & Economics",0,0,NA
11163,7,7,"M",0,0,3.04,1270,"Math & Science",0,0,NA
11164,7,7,"M",0,0,3.38,1010,"Business & Economics",0,0,NA
11165,4,4,"M",0,0,3.43,1060,"Arts & Letters",0,0,NA
11166,5,3,"F",1,0,3.8,1200,"Math & Science",0,0,NA
11167,3,4,"M",0,1,4.19,1370,"Math & Science",1,0,NA
11168,6,6,"M",1,0,3.33,1210,"Math & Science",0,0,NA
11169,4,3,"F",0,0,3.43,1210,"Arts & Letters",0,0,NA
11170,5,7,"F",1,0,4.05,1020,"Arts & Letters",1,0,NA
11171,6,6,"M",0,0,3,1270,"Arts & Letters",1,0,NA
11172,6,6,"F",1,0,3.65,1290,"Arts & Letters",0,0,NA
11173,6,5,"F",1,0,3.92,1300,"Arts & Letters",1,0,NA
11174,4,3,"M",1,0,3.57,1210,"Business & Economics",0,0,NA
11175,6,7,"M",1,0,2.76,1250,"Business & Economics",0,0,NA
11176,6,7,"M",0,0,3,1290,"Business & Economics",0,0,NA
11177,7,6,"F",1,0,3.95,1080,"Arts & Letters",1,0,NA
11178,7,3,"F",1,0,3.45,1180,"Business & Economics",0,0,NA
11179,6,6,"F",0,1,3.65,1130,"Math & Science",1,0,NA
11180,1,1,"F",0,0,4.1,990,"Business & Economics",0,0,NA
11181,3,3,"M",0,1,3.56,1040,"Arts & Letters",0,0,NA
11182,1,1,"F",0,0,3.04,1050,"Math & Science",0,0,NA
11183,3,3,"M",0,0,2.9,800,"Math & Science",0,0,NA
11184,5,6,"M",0,0,3.18,940,"Arts & Letters",0,0,NA
11185,1,1,"F",0,0,3.61,1010,"Arts & Letters",1,0,NA
11186,6,2,"F",0,1,4.15,1140,"Math & Science",1,0,NA
11187,6,4,"M",1,0,3.75,990,"Math & Science",0,0,NA
11188,5,5,"M",0,0,3.55,1080,"Math & Science",0,0,NA
11189,7,6,"M",1,0,3.68,1260,"Business & Economics",1,1,3.175
11190,4,4,"F",0,0,3.08,810,"Math & Science",0,0,NA
11191,3,2,"F",0,0,3.75,790,"Business & Economics",0,0,NA
11192,6,7,"F",1,0,3.86,1200,"Arts & Letters",0,0,NA
11193,4,6,"F",0,0,3.5,900,"Math & Science",0,0,NA
11194,2,1,"F",0,0,2.05,760,"Arts & Letters",0,0,NA
11195,2,2,"M",0,0,4,1360,"Math & Science",1,0,NA
11196,6,4,"F",1,0,2.82,1150,"Math & Science",0,0,NA
11197,4,6,"M",1,0,3.06,1160,"Business & Economics",0,0,NA
11198,7,7,"M",1,0,3.65,1100,"Math & Science",0,0,NA
11199,1,1,"M",0,0,3.82,1130,"Math & Science",0,0,NA
11200,6,6,"M",1,0,2.8,960,"Arts & Letters",0,0,NA
11201,6,6,"F",0,0,3.77,920,"Math & Science",0,0,NA
11202,3,3,"M",1,0,3.23,1200,"Business & Economics",0,0,NA
11203,2,2,"F",0,0,3.55,760,"Arts & Letters",0,0,NA
11204,6,6,"M",1,0,2.95,1250,"Business & Economics",0,0,NA
11205,4,4,"F",0,0,3.15,1070,"Arts & Letters",0,0,NA
11206,5,5,"F",1,0,3.18,1070,"Arts & Letters",0,0,NA
11207,7,6,"F",1,0,3.8,1030,"Arts & Letters",0,0,NA
11208,2,3,"M",0,0,3.11,950,"Math & Science",0,0,NA
11209,7,6,"F",1,0,3.75,950,"Arts & Letters",0,0,NA
11210,1,1,"F",0,0,4.18,1000,"Math & Science",1,0,NA
11211,4,6,"M",1,0,3.15,1200,"Business & Economics",1,1,2.772
11212,6,6,"M",0,0,3.25,1120,"Math & Science",0,0,NA
11213,3,4,"F",1,0,3.43,1040,"Arts & Letters",0,0,NA
11214,2,3,"F",0,0,3.18,1190,"Arts & Letters",0,0,NA
11215,1,1,"F",0,0,3.05,1010,"Arts & Letters",0,0,NA
11216,5,4,"F",1,0,3.5,1100,"Math & Science",0,0,NA
11217,6,4,"F",1,0,3.95,1190,"Arts & Letters",1,0,NA
11218,6,4,"F",0,0,2.86,1060,"Arts & Letters",0,0,NA
11219,5,5,"M",0,0,3.2,1060,"Business & Economics",0,0,NA
11220,3,3,"F",0,0,3,890,"Arts & Letters",0,0,NA
11221,1,6,"M",0,0,3.13,1050,"Arts & Letters",0,0,NA
11222,6,6,"F",0,1,3.37,1070,"Business & Economics",0,0,NA
11223,3,4,"M",0,0,2.85,990,"Math & Science",0,0,NA
11224,6,4,"F",0,1,3,1210,"Arts & Letters",0,0,NA
11225,7,6,"F",0,1,3.53,1070,"Math & Science",0,0,NA
11226,7,7,"M",0,0,3.88,1410,"Business & Economics",1,0,NA
11227,4,4,"F",1,0,3.7,1090,"Arts & Letters",0,0,NA
11228,4,4,"F",1,0,3.44,1120,"Arts & Letters",0,0,NA
11229,7,6,"M",1,0,3.5,930,"Arts & Letters",0,0,NA
11230,3,3,"F",0,1,2.73,1170,"Arts & Letters",0,0,NA
11231,7,7,"F",1,0,4.15,1030,"Math & Science",1,0,NA
11232,5,5,"M",0,1,3.27,1140,"Arts & Letters",0,0,NA
11233,6,6,"F",1,0,2.79,1070,"Arts & Letters",0,0,NA
11234,7,6,"F",1,0,2.6,1030,"Math & Science",0,0,NA
11235,6,6,"F",1,0,3.25,1290,"Arts & Letters",0,0,NA
11236,6,6,"F",1,0,2.96,1060,"Arts & Letters",0,0,NA
11237,7,6,"F",1,0,4.23,1350,"Arts & Letters",1,0,NA
11238,2,2,"F",0,0,3.2,1100,"Arts & Letters",1,1,3.27
11239,6,6,"M",0,1,2.22,1180,"Arts & Letters",0,0,NA
11240,1,1,"M",0,0,3.45,890,"Business & Economics",1,0,NA
11241,4,4,"F",0,0,3.23,1120,"Arts & Letters",0,0,NA
11242,5,7,"F",1,0,3.21,1040,"Arts & Letters",0,0,NA
11243,7,6,"F",1,0,3.21,990,"Arts & Letters",0,0,NA
11244,3,4,"M",0,1,3.19,1080,"Math & Science",0,0,NA
11245,1,1,"F",0,0,4.1,1050,"Arts & Letters",1,0,NA
11246,7,7,"F",0,0,3.15,1060,"Math & Science",0,0,NA
11247,3,5,"M",0,1,3.36,1080,"Business & Economics",0,0,NA
11248,3,5,"M",0,0,3.27,870,"Arts & Letters",0,0,NA
11249,4,7,"F",1,0,3.21,1150,"Arts & Letters",0,0,NA
11250,7,6,"F",0,0,3.64,1290,"Math & Science",1,0,NA
11251,4,6,"F",0,1,3.68,1020,"Business & Economics",1,1,2.434
11252,7,7,"F",0,1,3.75,1210,"Arts & Letters",0,0,NA
11253,3,6,"M",0,0,2.95,920,"Arts & Letters",0,0,NA
11254,6,6,"F",0,1,3.4,1170,"Math & Science",0,0,NA
11255,6,6,"M",1,0,4.36,1480,"Business & Economics",1,0,NA
11256,6,6,"F",0,1,3.21,1100,"Arts & Letters",0,0,NA
11257,6,3,"F",1,0,4.4,1540,"Business & Economics",1,0,NA
11258,6,4,"F",1,0,2.68,920,"Math & Science",0,0,NA
11259,5,4,"M",0,1,3.45,1090,"Math & Science",0,0,NA
11260,7,6,"F",1,0,3.23,1190,"Arts & Letters",0,0,NA
11261,3,3,"F",0,0,3.06,1050,"Arts & Letters",0,0,NA
11262,7,7,"M",0,1,3,1290,"Arts & Letters",0,0,NA
11263,6,2,"M",1,0,3.27,1040,"Arts & Letters",0,0,NA
11264,7,7,"F",1,0,4.14,1510,"Arts & Letters",1,0,NA
11265,6,6,"M",0,1,4.04,1380,"Math & Science",1,0,NA
11266,6,5,"M",1,0,3.8,1190,"Math & Science",0,0,NA
11267,4,6,"F",1,0,3.9,1160,"Math & Science",0,0,NA
11268,6,5,"M",1,0,3.86,1270,"Arts & Letters",1,0,NA
11269,7,7,"F",1,0,3.73,1100,"Arts & Letters",0,0,NA
11270,6,6,"F",1,0,3.41,1380,"Math & Science",0,0,NA
11271,1,2,"F",0,0,3.84,810,"Math & Science",0,0,NA
11272,3,3,"F",0,1,2.82,1030,"Business & Economics",0,0,NA
11273,7,6,"M",0,1,3.77,1140,"Business & Economics",1,0,NA
11274,7,7,"F",1,0,2.94,1000,"Arts & Letters",0,0,NA
11275,6,6,"F",0,1,3.27,1360,"Math & Science",0,0,NA
11276,6,6,"F",1,0,3.25,990,"Arts & Letters",0,0,NA
11277,3,2,"M",0,0,2.1,710,"Math & Science",0,0,NA
11278,7,5,"M",1,0,3.73,1390,"Arts & Letters",1,1,3.712
11279,4,6,"M",1,0,3.65,1320,"Math & Science",1,0,NA
11280,6,3,"M",0,1,3.4,1110,"Business & Economics",0,0,NA
11281,6,3,"F",1,0,4.29,1060,"Math & Science",0,0,NA
11282,6,6,"M",1,0,3.5,1140,"Arts & Letters",0,0,NA
11283,1,1,"F",0,0,3.95,1090,"Arts & Letters",1,0,NA
11284,6,4,"M",1,0,3.14,1040,"Arts & Letters",0,0,NA
11285,7,6,"M",0,1,2.61,570,"Arts & Letters",0,0,NA
11286,1,1,"F",0,0,2.8,820,"Business & Economics",0,0,NA
11287,7,6,"F",1,0,3.61,1250,"Arts & Letters",0,0,NA
11288,4,4,"M",1,0,4.14,1210,"Math & Science",0,0,NA
11289,7,5,"F",0,1,3.78,1360,"Business & Economics",1,0,NA
11290,3,3,"F",1,0,3.18,1040,"Arts & Letters",0,0,NA
11291,7,7,"M",1,0,3.33,1140,"Arts & Letters",0,0,NA
11292,5,6,"M",0,0,4.04,1310,"Business & Economics",1,0,NA
11293,2,5,"M",0,1,3.2,790,"Business & Economics",0,0,NA
11294,6,4,"M",1,0,3.5,1240,"Arts & Letters",0,0,NA
11295,7,6,"F",0,1,3.08,970,"Arts & Letters",0,0,NA
11296,7,6,"F",1,0,4.05,1330,"Business & Economics",1,1,3.493
11297,3,2,"F",0,0,3.68,1060,"Arts & Letters",0,0,NA
11298,4,4,"M",1,0,3.86,1220,"Math & Science",0,0,NA
11299,6,4,"F",0,0,3.63,1120,"Math & Science",0,0,NA
11300,7,6,"F",0,0,3.73,1100,"Math & Science",0,0,NA
11301,3,3,"M",0,1,3.39,1260,"Business & Economics",0,0,NA
11302,2,6,"F",1,0,2.96,1160,"Business & Economics",1,0,NA
11303,6,6,"M",0,1,3.54,1220,"Business & Economics",0,0,NA
11304,7,6,"F",1,0,3.35,1030,"Math & Science",0,0,NA
11305,7,7,"M",1,0,3.09,930,"Math & Science",0,0,NA
11306,4,4,"F",0,1,3.32,1190,"Math & Science",0,0,NA
11307,6,6,"M",1,0,2.64,1130,"Business & Economics",0,0,NA
11308,2,2,"F",0,0,2.6,920,"Math & Science",0,0,NA
11309,3,3,"M",1,0,3.35,1420,"Business & Economics",0,0,NA
11310,6,7,"M",1,0,3.9,1050,"Math & Science",0,0,NA
11311,4,6,"F",0,1,3.95,1200,"Math & Science",0,0,NA
11312,7,7,"F",0,0,3.72,1250,"Arts & Letters",0,0,NA
11313,7,6,"F",0,1,3.5,1420,"Business & Economics",1,1,3.272
11314,6,6,"F",0,1,2.95,1110,"Arts & Letters",0,0,NA
11315,4,6,"F",0,0,3.06,1260,"Math & Science",0,0,NA
11316,6,6,"M",1,0,4.1,1250,"Math & Science",0,0,NA
11317,6,6,"M",0,0,2.73,1290,"Arts & Letters",0,0,NA
11318,3,6,"F",1,0,3.64,1270,"Arts & Letters",0,0,NA
11319,4,4,"F",0,0,3.25,1140,"Math & Science",0,0,NA
11320,5,4,"F",0,0,2.72,1000,"Arts & Letters",0,0,NA
11321,6,6,"M",0,1,3.83,1360,"Math & Science",0,0,NA
11322,3,4,"F",0,0,4.04,1250,"Arts & Letters",0,0,NA
11323,7,6,"M",0,1,3,990,"Business & Economics",0,0,NA
11324,3,3,"M",1,0,4.07,1130,"Arts & Letters",0,0,NA
11325,7,4,"M",1,0,3.28,1150,"Business & Economics",0,0,NA
11326,6,6,"F",1,0,3.15,1160,"Math & Science",0,0,NA
11327,2,2,"F",0,0,3.3,1130,"Arts & Letters",1,0,NA
11328,6,6,"M",0,1,3.95,1340,"Math & Science",1,0,NA
11329,7,7,"M",1,0,3.9,1350,"Math & Science",0,0,NA
11330,4,7,"F",1,0,3.5,1030,"Math & Science",0,0,NA
11331,4,6,"M",0,0,3.6,1230,"Math & Science",1,1,1.704
11332,6,6,"M",1,0,3.25,1110,"Math & Science",0,0,NA
11333,2,2,"F",0,0,3.1,770,"Arts & Letters",0,0,NA
11334,3,6,"M",1,0,3.82,1210,"Math & Science",0,0,NA
11335,7,7,"F",1,0,3.16,1260,"Arts & Letters",0,0,NA
11336,6,4,"M",0,0,3.36,1110,"Business & Economics",0,0,NA
11337,6,3,"M",0,1,2.88,1020,"Math & Science",0,0,NA
11338,7,7,"M",1,0,3.71,1180,"Arts & Letters",0,1,3.586
11339,2,3,"F",0,1,2.8,1130,"Arts & Letters",0,0,NA
11340,1,1,"F",0,1,3.47,950,"Business & Economics",1,0,NA
11341,7,6,"F",0,1,4.17,1350,"Arts & Letters",1,0,NA
11342,6,6,"M",1,0,3.64,1090,"Business & Economics",1,1,3.334
11343,2,3,"F",0,0,3.46,1340,"Math & Science",0,0,NA
11344,4,6,"F",1,0,3.09,1210,"Arts & Letters",0,0,NA
11345,7,6,"F",1,0,3.25,1130,"Arts & Letters",0,0,NA
11346,7,7,"M",0,0,3,810,"Math & Science",0,0,NA
11347,5,4,"M",0,0,3.59,1130,"Math & Science",0,0,NA
11348,4,7,"M",0,0,3.14,1040,"Arts & Letters",0,0,NA
11349,6,6,"F",0,1,3.5,1000,"Business & Economics",0,0,NA
11350,2,4,"M",0,1,3.65,1240,"Business & Economics",0,0,NA
11351,6,6,"F",0,1,4,1190,"Math & Science",0,0,NA
11352,3,1,"M",0,1,3.3,1120,"Business & Economics",1,0,NA
11353,2,1,"F",0,1,4.1,1210,"Business & Economics",1,0,NA
11354,6,7,"F",1,0,3.77,1450,"Arts & Letters",1,1,3.758
11355,3,3,"F",0,0,2.38,910,"Business & Economics",0,0,NA
11356,6,6,"F",0,1,3.35,930,"Arts & Letters",0,0,NA
11357,4,7,"F",1,0,3.82,1250,"Arts & Letters",0,0,NA
11358,1,2,"F",0,0,3.96,910,"Arts & Letters",0,0,NA
11359,7,6,"F",0,1,3.77,1440,"Business & Economics",1,0,NA
11360,4,4,"M",0,0,3.13,1150,"Math & Science",0,0,NA
11361,6,6,"F",1,0,2.83,1050,"Arts & Letters",0,0,NA
11362,6,6,"M",0,0,3.5,1170,"Business & Economics",1,1,2.791
11363,4,7,"M",0,0,3.27,1060,"Business & Economics",0,0,NA
11364,7,6,"F",0,0,3.3,1080,"Math & Science",0,0,NA
11365,6,6,"M",0,0,3.11,1170,"Math & Science",1,1,2.838
11366,1,1,"F",0,1,3.92,1010,"Math & Science",1,0,NA
11367,3,3,"M",0,1,2.82,1110,"Business & Economics",0,0,NA
11368,6,6,"F",0,1,3.65,1190,"Arts & Letters",0,0,NA
11369,7,6,"M",1,0,3.71,1170,"Business & Economics",0,0,NA
11370,1,1,"F",0,1,3.06,1110,"Math & Science",0,0,NA
11371,7,6,"F",0,1,4.18,1330,"Math & Science",1,0,NA
11372,7,7,"F",0,0,3.64,1240,"Arts & Letters",1,1,2.721
11373,6,4,"F",1,0,2.8,1270,"Arts & Letters",0,0,NA
11374,4,1,"F",0,1,4.18,1200,"Business & Economics",1,0,NA
11375,6,6,"M",1,0,3.59,1420,"Business & Economics",1,1,2.311
11376,3,7,"F",1,0,4.05,1000,"Arts & Letters",0,0,NA
11377,3,3,"F",0,0,2.65,900,"Arts & Letters",0,0,NA
11378,3,2,"M",0,1,3.39,980,"Arts & Letters",0,0,NA
11379,1,1,"F",0,0,3.55,880,"Arts & Letters",0,0,NA
11380,3,3,"F",0,0,4,1220,"Arts & Letters",1,0,NA
11381,7,7,"F",0,0,4.12,1250,"Business & Economics",1,0,NA
11382,2,2,"M",1,0,3.35,1100,"Business & Economics",1,1,2.785
11383,7,5,"M",0,0,2.76,960,"Arts & Letters",0,0,NA
11384,4,7,"M",0,0,4.3,1340,"Arts & Letters",1,1,3.226
11385,3,2,"M",0,0,1.72,940,"Math & Science",0,0,NA
11386,1,1,"F",0,0,4.14,1300,"Arts & Letters",1,0,NA
11387,4,4,"F",0,0,3.77,1130,"Business & Economics",0,0,NA
11388,3,3,"M",0,1,4.18,1090,"Arts & Letters",0,0,NA
11389,1,1,"F",0,1,3.96,910,"Business & Economics",1,0,NA
11390,2,3,"F",0,0,2.68,800,"Business & Economics",0,0,NA
11391,6,4,"F",1,0,3.27,880,"Math & Science",0,0,NA
11392,4,4,"F",1,0,3.74,920,"Math & Science",0,0,NA
11393,3,4,"F",1,0,4.16,1070,"Arts & Letters",0,1,3.364
11394,1,1,"F",0,0,3,770,"Arts & Letters",0,0,NA
11395,1,1,"F",0,0,3.55,1070,"Arts & Letters",0,0,NA
11396,1,1,"M",0,1,2.83,1080,"Arts & Letters",0,0,NA
11397,2,3,"F",1,0,2.64,1100,"Arts & Letters",0,0,NA
11398,1,1,"F",0,0,4.17,1000,"Math & Science",1,0,NA
11399,6,4,"M",1,0,4.05,1070,"Arts & Letters",0,0,NA
11400,3,6,"F",1,0,4.05,1180,"Math & Science",0,0,NA
11401,2,3,"M",0,0,3.23,1080,"Math & Science",0,0,NA
11402,6,6,"M",0,1,2.87,1080,"Arts & Letters",0,0,NA
11403,4,4,"M",0,0,3.05,720,"Business & Economics",0,0,NA
11404,2,3,"F",1,0,3.58,1270,"Arts & Letters",0,0,NA
11405,7,3,"F",1,0,3.29,970,"Math & Science",0,0,NA
11406,6,6,"F",0,0,3.05,1080,"Arts & Letters",0,0,NA
11407,1,2,"M",0,0,3.45,990,"Arts & Letters",0,0,NA
11408,7,3,"F",0,0,3.81,1210,"Arts & Letters",0,0,NA
11409,4,4,"F",0,0,3.04,1040,"Arts & Letters",0,0,NA
11410,4,5,"F",1,0,2.86,870,"Arts & Letters",0,0,NA
11411,2,2,"F",0,0,3.89,1100,"Math & Science",0,0,NA
11412,7,6,"F",1,0,3,1050,"Business & Economics",0,0,NA
11413,3,4,"M",0,1,2.73,1260,"Math & Science",0,0,NA
11414,4,4,"F",1,0,2.77,1020,"Business & Economics",0,0,NA
11415,6,3,"M",0,0,3.74,1010,"Business & Economics",1,0,NA
11416,1,1,"F",0,1,4.12,1030,"Arts & Letters",1,0,NA
11417,1,1,"M",0,0,3.77,1090,"Math & Science",0,0,NA
11418,6,6,"F",1,0,3.54,1190,"Arts & Letters",0,0,NA
11419,6,4,"F",1,0,3.29,1170,"Arts & Letters",0,0,NA
11420,4,6,"F",1,0,3.75,960,"Arts & Letters",0,0,NA
11421,6,6,"M",0,1,2.95,1130,"Business & Economics",0,0,NA
11422,3,4,"M",1,0,3.96,1400,"Business & Economics",1,0,NA
11423,7,7,"F",1,0,3.62,1200,"Math & Science",0,0,NA
11424,7,7,"M",1,0,3.2,1510,"Business & Economics",0,0,NA
11425,6,2,"F",0,1,3.36,1120,"Math & Science",0,0,NA
11426,2,2,"F",0,0,4.08,1160,"Arts & Letters",1,0,NA
11427,6,6,"M",1,0,3.05,990,"Arts & Letters",0,0,NA
11428,6,6,"M",0,1,3.09,1040,"Business & Economics",0,0,NA
11429,5,4,"F",1,0,3.46,1130,"Arts & Letters",0,0,NA
11430,7,6,"F",1,0,3.76,1330,"Math & Science",0,0,NA
11431,4,6,"F",0,1,3.71,1090,"Arts & Letters",0,0,NA
11432,7,7,"F",1,0,4.33,1390,"Arts & Letters",1,0,NA
11433,4,2,"M",0,1,3.11,1100,"Math & Science",0,0,NA
11434,5,7,"M",1,0,3.27,1470,"Arts & Letters",0,0,NA
11435,6,6,"F",0,1,4.18,1270,"Math & Science",1,0,NA
11436,4,4,"M",1,0,3.2,1150,"Math & Science",0,0,NA
11437,6,3,"M",1,0,3.56,1060,"Arts & Letters",0,0,NA
11438,5,6,"M",0,0,2.5,830,"Arts & Letters",0,0,NA
11439,6,2,"M",0,0,3,1090,"Arts & Letters",0,0,NA
11440,4,7,"M",1,0,2.77,1100,"Arts & Letters",0,0,NA
11441,1,1,"M",0,0,3.55,1190,"Math & Science",1,0,NA
11442,6,6,"M",1,0,4,1380,"Math & Science",1,0,NA
11443,7,7,"F",0,0,3.71,1100,"Arts & Letters",1,1,3.512
11444,1,2,"M",0,0,3.72,1220,"Arts & Letters",1,0,NA
11445,6,6,"F",0,1,3.95,1330,"Math & Science",0,0,NA
11446,5,7,"M",1,0,3.26,1170,"Math & Science",0,0,NA
11447,7,5,"F",0,1,3.5,1460,"Business & Economics",1,0,NA
11448,6,6,"F",1,0,3.68,1040,"Arts & Letters",0,0,NA
11449,4,4,"F",0,1,3.74,920,"Math & Science",0,0,NA
11450,7,6,"F",0,1,3.58,1280,"Math & Science",1,1,2.648
11451,3,4,"M",0,1,3.43,1130,"Arts & Letters",0,0,NA
11452,5,6,"F",0,1,3.65,1250,"Math & Science",0,0,NA
11453,7,6,"M",0,1,3.78,1320,"Math & Science",0,0,NA
11454,1,1,"M",0,0,2.69,1040,"Math & Science",0,0,NA
11455,4,6,"M",1,0,4.2,1260,"Math & Science",0,0,NA
11456,7,7,"F",1,0,4,1500,"Arts & Letters",1,0,NA
11457,4,4,"M",0,1,2.96,1080,"Business & Economics",0,0,NA
11458,7,6,"F",0,1,3.36,1320,"Arts & Letters",0,0,NA
11459,7,6,"M",0,1,3.79,1320,"Business & Economics",1,0,NA
11460,7,7,"M",0,1,4.1,1220,"Math & Science",1,1,3.181
11461,1,1,"F",0,0,3.13,1020,"Arts & Letters",0,0,NA
11462,6,5,"M",1,0,3.85,1180,"Math & Science",1,0,NA
11463,6,3,"F",1,0,3.8,980,"Business & Economics",0,0,NA
11464,1,1,"M",0,1,4.17,1160,"Math & Science",0,0,NA
11465,7,6,"F",1,0,3.9,1340,"Math & Science",0,0,NA
11466,1,1,"F",0,0,3.57,1050,"Math & Science",0,0,NA
11467,7,6,"F",1,0,4.36,1540,"Math & Science",1,0,NA
11468,7,7,"M",1,0,3.88,1200,"Arts & Letters",0,0,NA
11469,3,3,"M",1,0,2.94,930,"Arts & Letters",0,0,NA
11470,5,6,"F",0,0,4,1110,"Arts & Letters",0,0,NA
11471,7,6,"M",1,0,2.63,930,"Business & Economics",0,0,NA
11472,7,6,"M",0,1,3.32,1300,"Business & Economics",0,0,NA
11473,4,4,"F",1,0,3.5,1160,"Business & Economics",0,0,NA
11474,2,2,"M",0,1,3.72,1140,"Arts & Letters",1,0,NA
11475,7,7,"F",0,1,3.91,1300,"Business & Economics",1,1,3.094
11476,1,1,"M",0,0,4.05,1000,"Math & Science",1,0,NA
11477,2,4,"F",1,0,3.45,910,"Arts & Letters",0,0,NA
11478,3,7,"F",0,1,3.1,1000,"Arts & Letters",0,0,NA
11479,7,6,"F",1,0,4.23,1270,"Business & Economics",1,0,NA
11480,3,2,"M",0,1,3.91,1050,"Business & Economics",0,0,NA
11481,6,7,"M",1,0,3.8,1410,"Math & Science",0,0,NA
11482,1,3,"M",0,0,4.09,1230,"Math & Science",1,0,NA
11483,6,6,"F",1,0,3.54,1270,"Arts & Letters",0,0,NA
11484,2,4,"F",0,0,4.36,1210,"Math & Science",1,0,NA
11485,4,6,"F",0,0,3.61,810,"Arts & Letters",0,0,NA
11486,2,1,"F",0,0,3.75,1040,"Arts & Letters",0,0,NA
11487,1,1,"M",0,0,3.9,1060,"Math & Science",1,0,NA
11488,7,6,"M",1,0,2.91,1210,"Business & Economics",0,0,NA
11489,2,2,"F",0,1,3.95,1210,"Arts & Letters",0,0,NA
11490,6,7,"M",1,0,3.25,1220,"Arts & Letters",0,0,NA
11491,7,6,"F",0,1,4.12,1470,"Arts & Letters",1,0,NA
11492,7,7,"M",1,0,3.83,1330,"Math & Science",1,0,NA
11493,1,1,"M",0,0,3.5,970,"Math & Science",0,0,NA
11494,6,6,"M",0,1,4.2,1270,"Business & Economics",1,1,3.378
11495,6,6,"F",0,0,2.55,900,"Arts & Letters",0,0,NA
11496,7,7,"F",0,1,3.86,1380,"Business & Economics",1,0,NA
11497,4,5,"F",1,0,3.48,1130,"Arts & Letters",0,0,NA
11498,7,7,"M",0,1,4.2,1540,"Math & Science",1,0,NA
11499,7,7,"M",1,0,3.5,1350,"Business & Economics",0,0,NA
11500,6,5,"F",0,0,3.71,1080,"Business & Economics",0,0,NA
11501,6,6,"M",0,0,3.43,1330,"Arts & Letters",0,0,NA
11502,6,6,"F",1,0,3.85,1370,"Arts & Letters",0,0,NA
11503,6,6,"F",1,0,4.12,1180,"Arts & Letters",1,0,NA
11504,7,3,"M",0,0,3.05,1220,"Business & Economics",0,0,NA
11505,6,4,"F",1,0,3.88,1110,"Business & Economics",0,0,NA
11506,7,3,"F",0,1,2.86,1370,"Arts & Letters",0,0,NA
11507,4,6,"M",0,0,2.95,1180,"Arts & Letters",0,0,NA
11508,4,4,"F",0,0,3.23,1010,"Arts & Letters",0,0,NA
11509,6,6,"F",1,0,3.4,1090,"Arts & Letters",0,0,NA
11510,6,6,"F",0,1,3.71,1250,"Math & Science",0,0,NA
11511,7,3,"F",0,0,4.05,1330,"Math & Science",1,0,NA
11512,6,3,"F",0,1,4.18,1230,"Math & Science",1,0,NA
11513,7,7,"F",1,0,4.12,1470,"Math & Science",1,0,NA
11514,7,7,"F",0,0,4.17,1450,"Math & Science",1,1,3.117
11515,3,3,"M",0,1,2.87,1460,"Business & Economics",1,0,NA
11516,6,6,"M",0,1,3.38,1270,"Business & Economics",0,0,NA
11517,2,2,"M",0,1,3.45,1120,"Business & Economics",1,1,3.415
11518,7,4,"M",0,1,3.14,1170,"Business & Economics",0,0,NA
11519,6,6,"F",1,0,3.17,920,"Arts & Letters",0,0,NA
11520,5,6,"F",0,1,3.96,1310,"Arts & Letters",0,0,NA
11521,3,3,"F",0,0,3.7,1000,"Business & Economics",0,0,NA
11522,3,6,"F",0,0,3.51,1010,"Arts & Letters",0,0,NA
11523,1,6,"F",0,0,2.92,780,"Arts & Letters",0,0,NA
11524,4,4,"F",0,0,3.8,1110,"Math & Science",0,0,NA
11525,7,7,"M",0,0,3.52,1490,"Math & Science",0,0,NA
11526,6,7,"F",0,0,4.1,1560,"Math & Science",1,0,NA
11527,6,6,"M",0,0,3.08,1200,"Arts & Letters",0,0,NA
11528,3,3,"M",0,1,3.05,1000,"Business & Economics",0,0,NA
11529,7,6,"M",1,0,4.05,1260,"Arts & Letters",0,0,NA
11530,3,5,"F",0,0,3.44,1110,"Math & Science",0,0,NA
11531,4,3,"M",0,0,3.8,1220,"Math & Science",1,0,NA
11532,7,7,"F",1,0,3.88,1210,"Business & Economics",0,0,NA
11533,4,3,"M",0,0,3.23,1040,"Business & Economics",0,0,NA
11534,3,3,"M",0,0,4,1270,"Business & Economics",1,0,NA
11535,6,4,"M",1,0,3.16,1080,"Business & Economics",0,0,NA
11536,6,6,"M",1,0,2.96,1220,"Arts & Letters",0,0,NA
11537,6,7,"F",1,0,3.35,1080,"Arts & Letters",0,0,NA
11538,6,6,"F",1,0,3.58,970,"Math & Science",0,0,NA
11539,6,6,"M",0,1,3.13,1310,"Business & Economics",0,0,NA
11540,6,6,"M",0,1,3.62,1260,"Business & Economics",0,0,NA
11541,6,6,"F",1,0,3.72,1280,"Arts & Letters",1,1,2.872
11542,6,6,"M",1,0,3.62,1090,"Arts & Letters",0,0,NA
11543,4,4,"F",1,0,2.4,1320,"Math & Science",0,0,NA
11544,6,5,"F",1,0,4.11,1170,"Business & Economics",0,0,NA
11545,1,2,"M",0,0,3,1200,"Math & Science",0,0,NA
11546,7,6,"F",1,0,3.45,1100,"Math & Science",0,1,3.299
11547,6,3,"M",0,1,3.05,1230,"Arts & Letters",0,0,NA
11548,3,7,"M",1,0,4,1160,"Math & Science",0,0,NA
11549,7,7,"F",0,0,3.36,1250,"Arts & Letters",0,0,NA
11550,7,3,"M",0,0,3.46,1380,"Math & Science",0,0,NA
11551,6,6,"F",1,0,3.48,1240,"Arts & Letters",0,0,NA
11552,1,1,"F",0,0,2.82,870,"Arts & Letters",0,0,NA
11553,3,5,"F",1,0,3.79,950,"Arts & Letters",0,0,NA
11554,6,6,"F",1,0,3.7,1150,"Arts & Letters",1,1,2.307
11555,4,4,"M",1,0,3.25,1010,"Arts & Letters",0,0,NA
11556,4,4,"F",1,0,3.56,1230,"Arts & Letters",0,0,NA
11557,5,1,"F",0,0,3.75,970,"Arts & Letters",0,0,NA
11558,7,6,"F",1,0,3.86,1360,"Arts & Letters",0,0,NA
11559,7,7,"F",1,0,3.52,1300,"Business & Economics",0,0,NA
11560,7,6,"F",0,0,3.74,1170,"Arts & Letters",0,0,NA
11561,6,6,"F",1,0,3.73,1070,"Math & Science",0,0,NA
11562,4,4,"M",0,1,3.96,1370,"Math & Science",0,0,NA
11563,7,4,"F",0,0,2.38,1090,"Arts & Letters",0,0,NA
11564,6,4,"M",1,0,3.83,1140,"Business & Economics",0,0,NA
11565,4,6,"F",0,1,3.73,1200,"Arts & Letters",0,0,NA
11566,7,6,"F",1,0,3.95,1250,"Arts & Letters",1,1,3.816
11567,6,7,"M",1,0,3.32,890,"Math & Science",0,0,NA
11568,6,6,"F",0,0,3.82,1260,"Math & Science",0,0,NA
11569,6,4,"F",0,0,4.07,1180,"Math & Science",0,0,NA
11570,5,6,"F",0,1,3.9,1110,"Math & Science",0,0,NA
11571,1,1,"F",0,0,3.68,1030,"Arts & Letters",0,0,NA
11572,1,2,"F",0,0,3.25,720,"Math & Science",0,0,NA
11573,4,4,"M",1,0,2.61,1000,"Arts & Letters",0,0,NA
11574,3,3,"F",1,0,4,1190,"Business & Economics",1,1,3.207
11575,6,6,"F",1,0,4.42,1380,"Math & Science",1,0,NA
11576,1,1,"F",0,1,3.33,1100,"Arts & Letters",1,0,NA
11577,4,6,"M",0,0,2.83,1010,"Arts & Letters",0,0,NA
11578,6,6,"M",1,0,3.32,1190,"Business & Economics",0,0,NA
11579,7,7,"F",0,1,4.07,1330,"Arts & Letters",1,0,NA
11580,7,6,"F",1,0,4.08,1260,"Arts & Letters",1,0,NA
11581,6,4,"M",0,1,3.15,1170,"Arts & Letters",0,0,NA
11582,6,6,"M",1,0,3.23,1190,"Business & Economics",0,0,NA
11583,4,4,"F",1,0,3.7,990,"Business & Economics",0,0,NA
11584,6,6,"F",1,0,3.68,1280,"Arts & Letters",1,0,NA
11585,6,6,"F",1,0,2.95,940,"Arts & Letters",0,0,NA
11586,6,4,"F",0,0,2.88,950,"Arts & Letters",0,0,NA
11587,7,6,"M",1,0,3.54,1080,"Business & Economics",0,0,NA
11588,6,6,"F",0,1,3.75,1130,"Business & Economics",0,0,NA
11589,4,3,"F",0,0,3.77,1140,"Business & Economics",0,0,NA
11590,6,7,"M",0,0,3.55,1090,"Business & Economics",0,0,NA
11591,6,6,"F",0,0,4.14,1170,"Business & Economics",1,0,NA
11592,7,5,"M",0,0,4.05,1360,"Arts & Letters",1,1,3.39
11593,3,4,"F",0,0,3.88,900,"Business & Economics",0,0,NA
11594,7,3,"F",1,0,3.95,1280,"Math & Science",0,0,NA
11595,6,6,"F",1,0,3.77,1180,"Arts & Letters",0,0,NA
11596,3,3,"M",0,1,2.86,1140,"Arts & Letters",0,0,NA
11597,5,3,"M",0,0,3.05,900,"Arts & Letters",0,0,NA
11598,2,3,"F",1,0,3.73,1270,"Math & Science",1,1,2.459
11599,4,6,"M",1,0,3.11,1260,"Math & Science",0,0,NA
11600,4,6,"M",1,0,2.6,1120,"Arts & Letters",0,0,NA
11601,4,5,"F",1,0,4,1090,"Business & Economics",0,0,NA
11602,2,2,"F",1,0,3.67,1000,"Arts & Letters",0,0,NA
11603,6,7,"F",1,0,4.15,1230,"Math & Science",0,0,NA
11604,6,4,"M",1,0,3.28,1060,"Math & Science",0,0,NA
11605,1,4,"F",0,0,3.05,710,"Arts & Letters",0,0,NA
11606,6,7,"F",1,0,3.27,930,"Math & Science",0,0,NA
11607,7,7,"F",1,0,3.96,1180,"Arts & Letters",0,1,3.423
11608,6,6,"M",1,0,3.52,1190,"Math & Science",0,0,NA
11609,3,3,"M",1,0,2.8,1090,"Arts & Letters",0,0,NA
11610,7,7,"F",1,0,3.8,1420,"Arts & Letters",1,0,NA
11611,7,6,"F",1,0,3.85,1220,"Business & Economics",0,0,NA
11612,6,6,"F",1,0,3.35,1040,"Arts & Letters",0,0,NA
11613,6,6,"M",1,0,3.75,1440,"Business & Economics",1,0,NA
11614,6,7,"F",1,0,3.08,1410,"Arts & Letters",1,0,NA
11615,7,7,"M",0,0,3.57,1310,"Math & Science",0,0,NA
11616,7,4,"F",1,0,3.78,1310,"Math & Science",0,0,NA
11617,7,7,"M",1,0,3.77,1320,"Arts & Letters",0,0,NA
11618,7,7,"F",1,0,3.88,1380,"Math & Science",1,0,NA
11619,7,5,"M",1,0,3.96,1430,"Business & Economics",1,0,NA
11620,4,4,"F",0,0,2.95,1060,"Business & Economics",0,0,NA
11621,3,3,"F",0,1,3.95,1270,"Math & Science",1,0,NA
11622,7,7,"F",1,0,4.04,1560,"Arts & Letters",1,0,NA
11623,3,3,"F",1,0,3.5,940,"Business & Economics",1,1,2.881
11624,6,6,"M",0,0,4,1260,"Arts & Letters",1,0,NA
11625,6,3,"F",0,0,3.23,1110,"Math & Science",0,0,NA
11626,4,4,"M",1,0,3.72,1020,"Math & Science",0,0,NA
11627,3,3,"M",0,0,2.91,1060,"Arts & Letters",0,0,NA
11628,5,6,"F",1,0,3.83,1110,"Arts & Letters",0,0,NA
11629,6,6,"M",1,0,3.63,1430,"Business & Economics",1,0,NA
11630,6,7,"F",1,0,4.3,1240,"Business & Economics",1,0,NA
11631,3,1,"M",0,0,3.17,1020,"Math & Science",0,0,NA
11632,6,5,"F",0,1,4.25,1600,"Math & Science",1,0,NA
11633,1,1,"M",0,1,3.86,1140,"Math & Science",1,0,NA
11634,7,7,"F",0,0,2.81,1190,"Arts & Letters",0,0,NA
11635,7,7,"M",0,0,3.71,1280,"Arts & Letters",1,0,NA
11636,6,6,"F",1,0,3.54,1480,"Business & Economics",1,0,NA
11637,7,6,"F",0,1,3.77,1530,"Business & Economics",1,0,NA
11638,6,6,"F",0,0,3.88,1110,"Arts & Letters",0,0,NA
11639,7,6,"F",0,0,4.09,1440,"Arts & Letters",1,0,NA
11640,7,7,"F",1,0,1.86,780,"Arts & Letters",0,0,NA
11641,6,6,"F",0,0,3.17,1100,"Arts & Letters",0,0,NA
11642,4,4,"M",0,0,2.95,1010,"Business & Economics",0,0,NA
11643,4,4,"F",0,1,3.96,1290,"Arts & Letters",0,0,NA
11644,4,4,"M",1,0,1.95,880,"Business & Economics",0,0,NA
11645,5,6,"M",0,1,2.77,1100,"Math & Science",0,0,NA
11646,6,3,"F",1,0,3.96,1340,"Math & Science",0,0,NA
11647,6,6,"M",1,0,3.32,1210,"Math & Science",0,0,NA
11648,1,2,"M",0,0,2.86,950,"Arts & Letters",0,0,NA
11649,1,1,"F",0,0,3.91,1310,"Arts & Letters",0,0,NA
11650,6,6,"F",1,0,3.41,1040,"Math & Science",0,0,NA
11651,6,7,"M",1,0,3.3,1240,"Math & Science",0,0,NA
11652,6,6,"F",1,0,4.05,1060,"Math & Science",0,0,NA
11653,4,6,"F",1,0,3.45,1290,"Arts & Letters",1,0,NA
11654,7,7,"M",0,1,3.79,1230,"Math & Science",0,0,NA
11655,6,5,"F",1,0,2.86,1120,"Arts & Letters",0,0,NA
11656,7,4,"M",1,0,4.25,1340,"Math & Science",1,0,NA
11657,6,5,"M",1,0,3.76,1310,"Business & Economics",0,0,NA
11658,1,2,"M",0,1,2.87,1090,"Math & Science",0,0,NA
11659,7,7,"F",0,0,4.25,1530,"Arts & Letters",1,0,NA
11660,7,7,"F",1,0,3.9,1110,"Arts & Letters",0,0,NA
11661,7,7,"M",1,0,3.13,1180,"Math & Science",0,0,NA
11662,6,7,"F",0,0,3.86,1250,"Arts & Letters",0,0,NA
11663,7,6,"F",1,0,4.17,1190,"Arts & Letters",1,1,3.752
11664,6,6,"F",0,1,3.71,1130,"Business & Economics",0,0,NA
11665,7,3,"M",0,0,3.54,1480,"Math & Science",1,1,3.258
11666,4,4,"F",1,0,3.96,1190,"Math & Science",1,0,NA
11667,6,4,"F",0,0,3.61,1150,"Arts & Letters",0,0,NA
11668,3,7,"F",0,1,3.26,1180,"Arts & Letters",1,1,2.509
11669,1,1,"M",0,0,2.3,1100,"Business & Economics",0,0,NA
11670,6,6,"M",1,0,3.29,1100,"Business & Economics",0,1,2.854
11671,6,3,"F",0,1,3.47,1220,"Arts & Letters",0,0,NA
11672,3,6,"F",1,0,3.58,1190,"Math & Science",0,0,NA
11673,6,3,"F",1,0,3.64,1020,"Math & Science",1,1,2.96
11674,2,2,"F",0,1,3.58,880,"Business & Economics",0,0,NA
11675,7,7,"F",1,0,4.18,1420,"Math & Science",1,0,NA
11676,6,5,"F",0,1,4.04,1340,"Arts & Letters",1,0,NA
11677,6,6,"F",0,1,3.19,1260,"Math & Science",0,0,NA
11678,6,5,"F",1,0,3.45,1050,"Arts & Letters",0,0,NA
11679,6,6,"M",1,0,3.55,1380,"Business & Economics",0,0,NA
11680,1,1,"M",0,1,2.95,830,"Business & Economics",0,0,NA
11681,7,6,"F",0,1,3.42,1320,"Math & Science",0,0,NA
11682,5,7,"F",0,0,4.09,1290,"Arts & Letters",1,0,NA
11683,6,7,"F",1,0,3.95,1160,"Arts & Letters",0,0,NA
11684,4,4,"M",0,0,3.15,1060,"Math & Science",0,0,NA
11685,3,3,"M",0,0,3.92,1380,"Arts & Letters",1,0,NA
11686,6,3,"F",0,0,3.43,1030,"Arts & Letters",0,0,NA
11687,4,3,"F",0,0,3.46,990,"Arts & Letters",0,0,NA
11688,5,4,"M",1,0,2.26,1170,"Business & Economics",0,0,NA
11689,7,4,"F",1,0,4.4,1450,"Math & Science",1,0,NA
11690,6,7,"F",1,0,3.61,1230,"Arts & Letters",0,0,NA
11691,6,7,"F",1,0,3.36,1090,"Arts & Letters",0,0,NA
11692,3,4,"M",1,0,3.96,1360,"Business & Economics",1,0,NA
11693,1,1,"F",0,0,3.8,1120,"Math & Science",1,1,2.703
11694,7,7,"M",1,0,3.54,1460,"Arts & Letters",1,0,NA
11695,7,6,"F",1,0,4.36,1440,"Math & Science",1,0,NA
11696,6,6,"M",0,0,4.36,1320,"Business & Economics",1,0,NA
11697,6,6,"M",0,1,4.05,1330,"Math & Science",0,0,NA
11698,3,3,"M",0,0,3.23,1210,"Math & Science",0,0,NA
11699,7,7,"F",1,0,4,1490,"Math & Science",0,0,NA
11700,7,6,"M",1,0,4.14,1600,"Math & Science",1,0,NA
11701,3,6,"M",0,0,3.6,1350,"Math & Science",0,0,NA
11702,4,6,"M",0,0,4.23,1250,"Arts & Letters",1,0,NA
11703,7,6,"M",0,1,3.7,1250,"Math & Science",0,0,NA
11704,3,5,"F",0,1,3.71,1070,"Math & Science",0,0,NA
11705,6,6,"F",1,0,3.59,1150,"Arts & Letters",0,0,NA
11706,7,7,"F",0,1,4.09,1400,"Business & Economics",1,0,NA
11707,4,6,"F",0,1,3.59,1110,"Math & Science",0,0,NA
11708,6,5,"F",1,0,3.82,1290,"Business & Economics",1,0,NA
11709,3,3,"F",1,0,3.75,1480,"Business & Economics",1,0,NA
11710,6,6,"M",0,1,3.8,1070,"Arts & Letters",0,0,NA
11711,6,7,"F",0,1,3.19,1330,"Arts & Letters",0,0,NA
11712,5,6,"F",1,0,3.96,1150,"Arts & Letters",0,0,NA
11713,6,6,"F",0,1,3.62,1170,"Business & Economics",0,0,NA
11714,2,4,"F",0,1,3.75,1130,"Business & Economics",0,0,NA
11715,4,3,"F",0,0,3.65,1190,"Arts & Letters",0,0,NA
11716,7,6,"F",1,0,3.96,1320,"Arts & Letters",0,0,NA
11717,5,5,"M",1,0,3.42,990,"Math & Science",0,0,NA
11718,3,3,"F",0,0,3.75,1060,"Math & Science",0,0,NA
11719,3,4,"M",0,0,2.85,920,"Arts & Letters",0,0,NA
11720,4,6,"M",0,1,3.82,1320,"Math & Science",0,0,NA
11721,6,7,"F",1,0,4.12,1180,"Arts & Letters",0,0,NA
11722,4,4,"F",1,0,3.61,970,"Arts & Letters",1,1,3.068
11723,4,7,"F",0,1,3.91,1190,"Business & Economics",1,0,NA
11724,5,4,"M",1,0,4,1360,"Math & Science",1,0,NA
11725,2,3,"F",1,0,3.91,1290,"Business & Economics",1,0,NA
11726,2,2,"F",0,1,4.14,1260,"Math & Science",1,0,NA
11727,6,4,"F",0,1,3.25,1200,"Arts & Letters",0,0,NA
11728,4,5,"M",0,0,2.85,790,"Arts & Letters",0,0,NA
11729,2,2,"F",0,1,3.68,880,"Math & Science",0,0,NA
11730,6,3,"M",1,0,3,1290,"Math & Science",0,0,NA
11731,7,7,"M",0,1,3.18,1040,"Math & Science",0,0,NA
11732,6,7,"F",0,1,4.33,1450,"Arts & Letters",1,0,NA
11733,1,1,"F",0,0,3.11,950,"Arts & Letters",0,0,NA
11734,1,1,"F",0,1,2.45,860,"Math & Science",0,0,NA
11735,6,6,"M",0,1,3.3,1120,"Math & Science",0,0,NA
11736,7,7,"F",0,1,4.17,1500,"Business & Economics",1,0,NA
11737,7,7,"F",1,0,4.08,1230,"Arts & Letters",1,1,3.547
11738,6,4,"M",0,1,2.36,860,"Arts & Letters",0,0,NA
11739,3,3,"F",0,0,2.68,960,"Arts & Letters",0,0,NA
11740,7,6,"M",0,0,3.59,1280,"Business & Economics",1,1,2.786
11741,6,7,"M",1,0,3.35,1180,"Arts & Letters",0,0,NA
11742,6,6,"F",0,1,4.14,1250,"Math & Science",0,0,NA
11743,6,5,"F",0,0,3.22,1110,"Arts & Letters",0,0,NA
11744,5,4,"F",0,1,4.17,1390,"Arts & Letters",1,0,NA
11745,6,7,"F",0,1,3.77,1340,"Business & Economics",1,0,NA
11746,3,3,"F",0,1,3.74,1250,"Business & Economics",1,0,NA
11747,6,6,"F",0,0,3.5,1100,"Arts & Letters",0,0,NA
11748,7,7,"M",0,1,3.5,1410,"Math & Science",0,0,NA
11749,4,2,"F",0,1,3.43,1300,"Arts & Letters",0,0,NA
11750,3,6,"F",0,0,3.81,560,"Math & Science",0,0,NA
11751,6,6,"F",0,1,2.62,1240,"Arts & Letters",0,0,NA
11752,1,1,"F",0,0,3.73,1210,"Arts & Letters",1,0,NA
11753,7,6,"M",0,1,3.12,1550,"Business & Economics",1,0,NA
11754,7,6,"M",1,0,3.65,1050,"Arts & Letters",0,0,NA
11755,4,6,"F",0,0,2.84,920,"Math & Science",0,0,NA
11756,6,6,"F",0,1,3.32,1260,"Business & Economics",0,0,NA
11757,5,7,"F",0,1,3.38,1310,"Math & Science",0,0,NA
11758,3,6,"F",0,0,4.14,1200,"Arts & Letters",0,0,NA
11759,3,3,"F",0,1,3.65,1210,"Arts & Letters",0,0,NA
11760,3,3,"F",0,1,3.3,1140,"Math & Science",0,0,NA
11761,7,7,"M",1,0,3.9,1280,"Math & Science",0,0,NA
11762,6,7,"M",0,1,3.52,1210,"Math & Science",0,0,NA
11763,6,5,"M",0,1,3.95,1480,"Business & Economics",0,0,NA
11764,3,4,"M",0,1,3.5,1030,"Math & Science",0,0,NA
11765,7,6,"F",1,0,3.95,1210,"Math & Science",0,0,NA
11766,3,1,"M",0,1,3.75,1060,"Arts & Letters",0,0,NA
11767,1,1,"F",0,0,4.15,1400,"Math & Science",1,0,NA
11768,5,6,"F",1,0,4.12,1260,"Arts & Letters",0,0,NA
11769,6,6,"F",1,0,4.14,1120,"Math & Science",1,1,2.79
11770,6,6,"F",1,0,2.64,1190,"Arts & Letters",0,0,NA
11771,7,6,"M",1,0,3.14,1230,"Business & Economics",0,0,NA
11772,6,6,"M",0,1,3.91,1470,"Math & Science",0,0,NA
11773,4,4,"F",1,0,3.58,1150,"Math & Science",0,0,NA
11774,6,6,"F",1,0,3.3,1140,"Business & Economics",0,0,NA
11775,6,6,"M",0,1,3.25,1170,"Math & Science",0,0,NA
11776,1,2,"F",1,0,3.76,1100,"Arts & Letters",1,0,NA
11777,2,3,"F",0,0,4,990,"Business & Economics",0,0,NA
11778,3,3,"F",0,0,4.1,1150,"Math & Science",1,0,NA
11779,5,6,"F",0,0,3.23,960,"Math & Science",0,0,NA
11780,6,6,"F",1,0,3.48,1100,"Math & Science",0,0,NA
11781,7,3,"F",0,0,4.05,1280,"Arts & Letters",1,0,NA
11782,7,7,"M",1,0,4,1280,"Math & Science",1,0,NA
11783,7,5,"F",1,0,4.27,1310,"Arts & Letters",1,0,NA
11784,6,4,"M",0,0,2.91,1250,"Arts & Letters",0,0,NA
11785,6,5,"F",1,0,4.3,1360,"Business & Economics",1,0,NA
11786,4,6,"F",0,0,4,1180,"Arts & Letters",1,1,3.765
11787,6,6,"M",1,0,4.18,1470,"Business & Economics",1,0,NA
11788,6,6,"M",0,1,3.42,1260,"Math & Science",0,0,NA
11789,7,7,"F",1,0,3.95,1410,"Business & Economics",1,1,3.404
11790,7,6,"F",0,0,3.88,1150,"Arts & Letters",1,0,NA
11791,6,6,"M",0,1,2.38,1100,"Arts & Letters",0,0,NA
11792,6,4,"F",0,1,3.67,1300,"Business & Economics",1,0,NA
11793,3,4,"F",0,0,2.71,850,"Business & Economics",0,0,NA
11794,5,6,"F",1,0,3.09,850,"Business & Economics",0,0,NA
11795,6,4,"F",1,0,2.76,1050,"Arts & Letters",0,0,NA
11796,7,7,"F",1,0,3.79,1100,"Arts & Letters",1,0,NA
11797,4,4,"M",0,1,4.04,1430,"Math & Science",1,0,NA
11798,4,7,"F",0,0,3.88,1080,"Math & Science",1,0,NA
11799,7,5,"F",0,1,4.08,1470,"Arts & Letters",0,0,NA
11800,3,3,"F",1,0,3.45,1140,"Business & Economics",0,0,NA
11801,3,3,"F",1,0,4.08,1120,"Math & Science",0,0,NA
11802,6,6,"F",1,0,3.73,1330,"Arts & Letters",0,0,NA
11803,7,4,"M",0,0,3.35,1020,"Math & Science",0,0,NA
11804,5,7,"F",0,0,4.12,930,"Business & Economics",0,0,NA
11805,7,5,"F",1,0,3.59,1280,"Math & Science",0,0,NA
11806,7,5,"M",1,0,3.27,1020,"Arts & Letters",0,0,NA
11807,3,4,"M",0,0,2.7,1000,"Math & Science",0,0,NA
11808,3,3,"F",0,0,2.59,880,"Arts & Letters",0,0,NA
11809,3,7,"F",0,0,3.58,1140,"Math & Science",0,0,NA
11810,7,4,"F",1,0,2.88,930,"Arts & Letters",0,0,NA
11811,7,5,"F",1,0,3.57,970,"Arts & Letters",1,1,1.568
11812,7,7,"M",0,1,3.13,940,"Arts & Letters",0,0,NA
11813,6,6,"M",1,0,4.18,1340,"Arts & Letters",0,0,NA
11814,4,6,"M",1,0,3.77,1240,"Arts & Letters",0,0,NA
11815,6,7,"M",1,0,3.65,1410,"Math & Science",0,0,NA
11816,7,6,"M",1,0,4.33,1490,"Arts & Letters",1,0,NA
11817,5,3,"F",1,0,3.95,1150,"Arts & Letters",1,0,NA
11818,7,5,"F",0,1,3.67,1170,"Math & Science",0,0,NA
11819,6,4,"M",1,0,3.5,1250,"Business & Economics",0,0,NA
11820,6,4,"M",1,0,2.85,930,"Math & Science",0,0,NA
11821,6,6,"M",1,0,2.9,1080,"Business & Economics",0,0,NA
11822,7,6,"F",1,0,3.95,1230,"Math & Science",1,1,3.001
11823,5,4,"M",1,0,3.73,1370,"Business & Economics",1,0,NA
11824,1,3,"M",0,1,3.68,1110,"Business & Economics",1,1,2.83
11825,6,7,"M",1,0,2.89,1140,"Math & Science",0,0,NA
11826,4,5,"M",1,0,3.55,1080,"Arts & Letters",0,0,NA
11827,6,3,"F",1,0,3.12,900,"Math & Science",0,0,NA
11828,4,2,"F",1,0,2.72,940,"Business & Economics",0,0,NA
11829,6,6,"M",1,0,3.43,1170,"Arts & Letters",0,0,NA
11830,3,3,"F",0,1,3.36,990,"Arts & Letters",0,0,NA
11831,3,6,"F",1,0,4.18,1210,"Math & Science",0,0,NA
11832,3,2,"M",0,0,3.59,1330,"Math & Science",1,0,NA
11833,6,6,"M",0,1,3.78,1170,"Math & Science",1,0,NA
11834,1,1,"M",0,1,3.12,1270,"Business & Economics",1,0,NA
11835,4,3,"F",0,0,3.05,1090,"Arts & Letters",0,0,NA
11836,4,4,"F",0,0,3.41,900,"Business & Economics",0,0,NA
11837,4,6,"M",1,0,4,1110,"Business & Economics",0,0,NA
11838,7,6,"F",0,1,3.5,980,"Math & Science",0,0,NA
11839,7,7,"M",0,0,2.64,930,"Arts & Letters",0,0,NA
11840,4,6,"M",1,0,2.9,920,"Business & Economics",0,0,NA
11841,7,7,"F",1,0,4.08,1190,"Business & Economics",1,1,3.308
11842,6,3,"M",1,0,3.4,1190,"Business & Economics",0,0,NA
11843,1,2,"M",1,0,3,880,"Math & Science",0,0,NA
11844,7,7,"M",1,0,3.27,1160,"Arts & Letters",1,0,NA
11845,7,7,"M",1,0,3.29,1250,"Math & Science",0,0,NA
11846,4,4,"F",1,0,3.44,1170,"Math & Science",0,0,NA
11847,4,4,"F",1,0,3.59,1130,"Math & Science",0,0,NA
11848,7,7,"F",0,0,3.35,1230,"Business & Economics",1,1,3.144
11849,7,6,"F",1,0,3.67,1210,"Arts & Letters",1,0,NA
11850,5,3,"M",0,0,3.75,1480,"Math & Science",0,0,NA
11851,6,6,"F",1,0,3.48,1090,"Arts & Letters",0,0,NA
11852,6,6,"F",1,0,3.64,1230,"Business & Economics",1,1,3.02
11853,1,1,"F",0,1,2.95,910,"Arts & Letters",0,0,NA
11854,4,3,"F",0,0,3.39,1210,"Math & Science",0,0,NA
11855,7,7,"F",0,0,3.26,1080,"Math & Science",0,0,NA
11856,6,7,"F",1,0,3.61,1110,"Arts & Letters",0,0,NA
11857,6,4,"M",1,0,3.43,1240,"Arts & Letters",0,0,NA
11858,7,6,"M",1,0,3.61,1250,"Arts & Letters",0,0,NA
11859,1,4,"F",0,0,3.24,1070,"Math & Science",0,0,NA
11860,6,7,"M",1,0,3.64,1180,"Business & Economics",1,1,2.907
11861,7,7,"M",1,0,2.42,1050,"Math & Science",0,0,NA
11862,7,7,"M",1,0,3.23,980,"Arts & Letters",0,0,NA
11863,6,6,"F",1,0,3.46,1170,"Business & Economics",1,0,NA
11864,6,6,"F",1,0,4.18,1250,"Arts & Letters",1,0,NA
11865,5,4,"M",1,0,3.91,1180,"Business & Economics",0,0,NA
11866,3,6,"F",0,1,3.25,890,"Arts & Letters",0,0,NA
11867,4,7,"F",0,0,4.23,1190,"Arts & Letters",0,0,NA
11868,7,7,"F",0,1,3.95,1480,"Math & Science",1,0,NA
11869,4,5,"F",0,0,3.29,1130,"Math & Science",0,0,NA
11870,7,6,"M",0,0,3.32,1150,"Arts & Letters",0,0,NA
11871,1,3,"M",0,0,3.95,1250,"Math & Science",1,0,NA
11872,2,3,"F",0,0,3.88,1030,"Math & Science",1,0,NA
11873,7,6,"M",0,0,3.79,1290,"Arts & Letters",0,0,NA
11874,7,6,"F",0,1,4,1120,"Math & Science",1,0,NA
11875,6,6,"M",1,0,3.3,1200,"Business & Economics",1,1,2.916
11876,6,6,"M",1,0,2.41,1010,"Arts & Letters",0,0,NA
11877,4,4,"M",1,0,3.29,1410,"Math & Science",0,0,NA
11878,5,6,"M",0,1,4.19,1250,"Math & Science",1,0,NA
11879,7,6,"M",0,0,2.5,910,"Business & Economics",0,0,NA
11880,7,7,"F",1,0,4.33,1400,"Math & Science",1,0,NA
11881,7,5,"M",1,0,3.33,1380,"Math & Science",0,0,NA
11882,6,5,"F",0,0,4.05,1190,"Math & Science",0,0,NA
11883,7,7,"M",0,1,3.95,1470,"Math & Science",0,0,NA
11884,4,6,"M",1,0,3.39,1210,"Math & Science",0,0,NA
11885,6,6,"F",1,0,4.3,1230,"Math & Science",1,0,NA
11886,6,7,"M",1,0,3.95,1140,"Arts & Letters",0,0,NA
11887,2,3,"F",0,0,3.33,900,"Arts & Letters",0,0,NA
11888,4,4,"M",1,0,3.35,1320,"Arts & Letters",0,0,NA
11889,6,6,"F",1,0,4.03,1370,"Arts & Letters",0,0,NA
11890,7,3,"F",1,0,3.5,1260,"Business & Economics",1,0,NA
11891,3,6,"M",1,0,3.54,1280,"Business & Economics",0,0,NA
11892,7,6,"M",1,0,3.5,1010,"Business & Economics",0,0,NA
11893,6,6,"M",1,0,4.15,1420,"Business & Economics",1,0,NA
11894,2,2,"M",0,1,3.84,1290,"Business & Economics",1,0,NA
11895,2,6,"M",0,0,3.87,1230,"Math & Science",0,0,NA
11896,6,6,"M",1,0,2.7,1060,"Math & Science",0,0,NA
11897,4,5,"F",1,0,3.73,960,"Arts & Letters",0,0,NA
11898,6,6,"M",0,0,3.25,1220,"Math & Science",0,0,NA
11899,3,7,"F",0,0,3.08,1210,"Arts & Letters",0,0,NA
11900,7,6,"M",1,0,3.58,1240,"Business & Economics",1,1,2.969
11901,3,6,"F",0,1,3.48,1140,"Arts & Letters",0,0,NA
11902,3,4,"F",0,0,3.77,1250,"Math & Science",1,0,NA
11903,6,7,"M",1,0,4.17,1360,"Math & Science",1,0,NA
11904,6,7,"F",1,0,3.25,1090,"Arts & Letters",0,0,NA
11905,7,7,"M",1,0,3.6,1230,"Math & Science",1,0,NA
11906,7,4,"M",1,0,2.6,1270,"Arts & Letters",0,0,NA
11907,4,6,"M",1,0,3.88,1360,"Arts & Letters",1,0,NA
11908,6,4,"M",1,0,3.2,1410,"Arts & Letters",0,0,NA
11909,6,6,"M",0,0,3.81,1080,"Math & Science",1,0,NA
11910,3,6,"M",1,0,4,1050,"Math & Science",0,0,NA
11911,7,6,"M",0,1,2.68,1070,"Arts & Letters",0,0,NA
11912,7,5,"F",1,0,4.09,990,"Arts & Letters",0,0,NA
11913,6,6,"M",0,1,3.14,1200,"Math & Science",0,0,NA
11914,6,7,"M",1,0,3.73,1140,"Business & Economics",0,0,NA
11915,7,6,"F",1,0,3.4,1100,"Arts & Letters",0,0,NA
11916,7,7,"M",0,0,3.25,910,"Business & Economics",0,0,NA
11917,6,4,"F",1,0,3.7,1220,"Business & Economics",0,0,NA
11918,3,3,"M",0,1,3.68,1280,"Business & Economics",0,0,NA
11919,7,5,"M",1,0,3.91,1060,"Arts & Letters",0,0,NA
11920,4,6,"M",0,1,3.14,1270,"Arts & Letters",0,0,NA
11921,4,6,"F",0,1,3.88,1290,"Business & Economics",0,0,NA
11922,7,5,"M",0,1,3.04,1450,"Math & Science",0,0,NA
11923,6,6,"F",0,1,3.59,1130,"Arts & Letters",0,0,NA
11924,1,1,"F",0,0,4.21,1110,"Arts & Letters",0,0,NA
11925,5,3,"M",0,0,3.36,970,"Business & Economics",1,1,0.364
11926,7,7,"F",1,0,4.1,1260,"Arts & Letters",1,1,2.793
11927,1,3,"F",0,0,3.1,1050,"Math & Science",0,0,NA
11928,1,1,"F",0,0,2.73,1100,"Arts & Letters",0,0,NA
11929,3,2,"F",0,0,3.15,1000,"Arts & Letters",0,0,NA
11930,1,1,"M",0,1,3.52,1090,"Math & Science",0,0,NA
11931,3,1,"F",0,0,3.86,1240,"Arts & Letters",1,0,NA
11932,7,4,"F",0,0,3.9,1270,"Arts & Letters",0,0,NA
11933,7,6,"M",0,1,3.42,990,"Business & Economics",0,0,NA
11934,7,7,"F",1,0,3.15,1050,"Math & Science",0,0,NA
11935,6,6,"F",0,0,4,1250,"Arts & Letters",0,0,NA
11936,5,5,"F",1,0,3.35,860,"Math & Science",0,0,NA
11937,6,4,"M",1,0,2.91,1020,"Business & Economics",0,0,NA
11938,4,4,"F",0,0,2.92,1000,"Arts & Letters",0,0,NA
11939,7,3,"M",1,0,3.96,1280,"Business & Economics",1,0,NA
11940,7,5,"M",0,1,3.91,1420,"Business & Economics",1,0,NA
11941,6,6,"F",0,1,3.54,1510,"Math & Science",1,0,NA
11942,6,7,"M",1,0,4.4,1350,"Business & Economics",1,1,3.663
11943,6,4,"M",0,1,3.35,1440,"Math & Science",0,0,NA
11944,7,5,"F",0,1,3.65,1210,"Arts & Letters",0,0,NA
11945,6,7,"F",1,0,4.36,1290,"Math & Science",0,0,NA
11946,6,6,"M",1,0,2.86,1030,"Arts & Letters",0,0,NA
11947,6,4,"M",0,0,3.12,1150,"Math & Science",0,0,NA
11948,7,7,"M",0,0,4,1250,"Business & Economics",1,0,NA
11949,6,4,"F",1,0,4.17,1210,"Math & Science",1,0,NA
11950,6,7,"F",0,0,3.29,1280,"Arts & Letters",0,0,NA
11951,4,4,"F",1,0,4.19,1340,"Math & Science",1,0,NA
11952,7,6,"M",1,0,2.9,1130,"Math & Science",0,0,NA
11953,7,7,"F",1,0,3.36,1170,"Arts & Letters",1,0,NA
11954,7,6,"M",1,0,3.23,1200,"Business & Economics",0,0,NA
11955,6,6,"M",1,0,3.48,1290,"Arts & Letters",0,0,NA
11956,7,5,"F",1,0,2.67,750,"Arts & Letters",0,0,NA
11957,3,2,"F",0,0,4.17,820,"Arts & Letters",1,0,NA
11958,3,5,"F",0,0,3.52,1070,"Business & Economics",0,0,NA
11959,4,5,"F",1,0,3.28,790,"Math & Science",0,0,NA
11960,4,3,"F",1,0,4.32,1250,"Math & Science",1,0,NA
11961,3,5,"F",0,1,3.55,1100,"Math & Science",0,0,NA
11962,6,6,"F",1,0,3,850,"Math & Science",0,0,NA
11963,7,6,"F",1,0,3.26,1430,"Arts & Letters",1,1,2.063
11964,5,6,"F",1,0,3.46,1300,"Arts & Letters",0,0,NA
11965,6,4,"M",0,0,3.14,900,"Math & Science",0,0,NA
11966,6,6,"M",1,0,3.95,1210,"Business & Economics",0,0,NA
11967,6,6,"F",1,0,4.14,1030,"Math & Science",1,0,NA
11968,4,4,"M",0,0,4,1080,"Math & Science",0,0,NA
11969,7,3,"F",0,0,3.42,1040,"Arts & Letters",0,0,NA
11970,2,4,"F",0,1,2.11,860,"Math & Science",0,0,NA
11971,3,3,"F",0,1,3.65,1130,"Math & Science",0,0,NA
11972,2,3,"F",0,1,2.9,1320,"Math & Science",0,0,NA
11973,7,6,"M",1,0,3.95,1120,"Math & Science",1,1,2.951
11974,6,5,"M",1,0,3.77,1280,"Business & Economics",0,0,NA
11975,3,4,"F",1,0,3.86,930,"Math & Science",1,1,3.102
11976,7,7,"F",0,0,3.86,1190,"Math & Science",1,0,NA
11977,6,6,"M",1,0,3.82,1160,"Arts & Letters",1,1,3.343
11978,7,3,"F",0,1,3.96,1550,"Math & Science",1,0,NA
11979,7,7,"F",1,0,3.3,960,"Math & Science",0,0,NA
11980,6,6,"F",1,0,3.62,1230,"Arts & Letters",0,0,NA
11981,6,6,"F",0,1,4,1380,"Arts & Letters",0,0,NA
11982,4,7,"M",1,0,3.8,1330,"Arts & Letters",1,0,NA
11983,6,3,"F",0,1,3.68,1180,"Math & Science",1,0,NA
11984,4,4,"F",1,0,3.68,970,"Math & Science",0,0,NA
11985,3,5,"F",1,0,3.29,930,"Arts & Letters",0,0,NA
11986,6,6,"F",1,0,2.67,960,"Business & Economics",0,0,NA
11987,4,4,"F",0,0,3.17,1030,"Arts & Letters",0,0,NA
11988,6,3,"M",0,0,2.63,940,"Business & Economics",0,0,NA
11989,7,7,"F",0,0,3.5,1150,"Arts & Letters",0,0,NA
11990,6,4,"M",1,0,2.92,1160,"Business & Economics",0,0,NA
11991,6,6,"M",0,1,4.03,1540,"Math & Science",1,0,NA
11992,6,6,"M",0,0,4.27,1420,"Arts & Letters",1,0,NA
11993,5,3,"F",0,0,2.56,980,"Arts & Letters",0,0,NA
11994,6,6,"F",1,0,4.05,1300,"Arts & Letters",0,0,NA
11995,4,6,"F",0,0,3.5,1280,"Arts & Letters",1,1,3.536
11996,5,5,"M",1,0,3.58,1220,"Business & Economics",0,0,NA
11997,4,2,"M",0,1,4.25,1370,"Math & Science",1,0,NA
11998,3,3,"M",1,0,3.45,1200,"Arts & Letters",0,0,NA
11999,7,4,"F",0,0,3.96,1280,"Arts & Letters",1,0,NA
12000,7,7,"F",1,0,4.2,1360,"Arts & Letters",1,0,NA
12001,7,6,"F",0,1,4.04,1360,"Math & Science",1,0,NA
12002,3,3,"F",1,0,3.85,1010,"Business & Economics",0,0,NA
12003,2,2,"F",0,0,2.75,820,"Arts & Letters",0,0,NA
12004,6,3,"M",1,0,3.8,1250,"Business & Economics",1,0,NA
12005,6,6,"F",1,0,3.64,1050,"Arts & Letters",0,0,NA
12006,7,6,"F",1,0,3.75,1330,"Math & Science",1,1,3.368
12007,6,7,"M",0,1,3.14,1140,"Math & Science",0,0,NA
12008,2,2,"F",0,0,3.18,960,"Arts & Letters",0,0,NA
12009,6,6,"M",1,0,3.55,1230,"Arts & Letters",0,0,NA
12010,6,5,"M",1,0,3.05,1320,"Arts & Letters",0,0,NA
12011,6,6,"F",1,0,3.55,1060,"Business & Economics",0,0,NA
12012,6,5,"F",1,0,4.19,1440,"Math & Science",1,0,NA
12013,5,3,"M",1,0,3.24,990,"Business & Economics",0,0,NA
12014,6,6,"F",0,0,3.39,1200,"Math & Science",0,0,NA
12015,5,5,"F",0,0,3.05,880,"Arts & Letters",0,0,NA
12016,6,7,"F",0,1,4.14,1130,"Arts & Letters",1,0,NA
12017,7,7,"M",1,0,3.5,1050,"Math & Science",0,0,NA
12018,4,5,"F",1,0,3.55,910,"Arts & Letters",0,0,NA
12019,4,4,"F",1,0,3.39,1020,"Business & Economics",0,0,NA
12020,7,4,"F",0,0,3.82,1120,"Math & Science",0,0,NA
12021,6,6,"F",1,0,3.6,970,"Business & Economics",0,0,NA
12022,6,4,"F",1,0,4,1200,"Business & Economics",1,0,NA
12023,6,5,"F",1,0,3.43,1180,"Business & Economics",0,0,NA
12024,7,6,"M",0,0,3.5,1370,"Business & Economics",1,0,NA
12025,3,3,"F",1,0,4.09,1110,"Math & Science",0,0,NA
12026,6,7,"F",1,0,3.68,1210,"Arts & Letters",0,0,NA
12027,5,3,"F",0,1,4,1240,"Business & Economics",0,0,NA
12028,6,6,"F",0,1,4.26,1280,"Math & Science",1,0,NA
12029,6,5,"F",0,1,3.68,980,"Math & Science",1,0,NA
12030,7,7,"F",1,0,3.48,1100,"Business & Economics",0,0,NA
12031,5,6,"M",0,1,3.8,1190,"Business & Economics",0,0,NA
12032,6,5,"F",0,0,3.91,1290,"Business & Economics",1,1,3.67
12033,6,6,"M",0,1,3.27,1080,"Math & Science",0,0,NA
12034,7,6,"F",1,0,3.58,1090,"Arts & Letters",1,0,NA
12035,6,4,"F",1,0,3.53,900,"Business & Economics",0,0,NA
12036,7,7,"M",1,0,3.54,1030,"Business & Economics",0,0,NA
12037,5,3,"M",0,0,3.57,1020,"Arts & Letters",0,0,NA
12038,6,6,"M",1,0,3.72,1210,"Arts & Letters",0,0,NA
12039,6,6,"F",1,0,3.38,1100,"Arts & Letters",0,1,2.888
12040,7,3,"M",1,0,3.4,1090,"Math & Science",0,0,NA
12041,4,4,"F",1,0,3.89,1200,"Math & Science",0,0,NA
12042,6,6,"M",1,0,2.53,1200,"Business & Economics",0,0,NA
12043,6,6,"F",0,0,4.27,1430,"Math & Science",1,1,3.436
12044,4,4,"F",0,0,3.55,1200,"Business & Economics",0,0,NA
12045,4,3,"M",0,0,2.9,1120,"Business & Economics",0,0,NA
12046,4,6,"F",0,0,3.86,1050,"Math & Science",1,1,2.586
12047,3,6,"M",0,1,3.68,1250,"Business & Economics",1,1,2.861
12048,6,6,"F",1,0,3.96,1160,"Math & Science",1,0,NA
12049,3,5,"F",1,0,3.27,1080,"Math & Science",1,1,2.585
12050,6,6,"F",0,0,3.15,1290,"Arts & Letters",0,0,NA
12051,6,6,"M",1,0,3,1080,"Arts & Letters",0,0,NA
12052,7,7,"F",1,0,4.32,1490,"Math & Science",1,0,NA
12053,7,7,"F",1,0,3.6,990,"Math & Science",0,0,NA
12054,6,5,"F",1,0,4.1,1380,"Arts & Letters",1,0,NA
12055,7,6,"F",1,0,3.29,1240,"Business & Economics",0,0,NA
12056,4,4,"M",0,1,2.73,750,"Arts & Letters",0,0,NA
12057,6,5,"M",0,0,3,1050,"Arts & Letters",0,0,NA
12058,3,3,"F",0,0,3.95,980,"Math & Science",0,0,NA
12059,6,4,"F",0,0,3.7,1030,"Math & Science",0,0,NA
12060,6,6,"F",1,0,3.95,1380,"Math & Science",1,0,NA
12061,4,4,"F",0,0,2.43,990,"Arts & Letters",0,0,NA
12062,7,7,"F",0,1,4.15,1400,"Business & Economics",1,0,NA
12063,4,4,"M",0,0,3.36,1090,"Business & Economics",0,0,NA
12064,7,4,"M",0,1,3.5,1370,"Math & Science",0,0,NA
12065,4,3,"F",0,0,3.68,1300,"Arts & Letters",0,0,NA
12066,5,6,"F",1,0,4.35,1380,"Math & Science",1,0,NA
12067,7,5,"M",0,0,2.5,900,"Arts & Letters",0,0,NA
12068,6,7,"M",0,0,3.3,1140,"Arts & Letters",0,0,NA
12069,7,6,"F",1,0,3.95,1330,"Arts & Letters",1,0,NA
12070,7,7,"F",0,0,3.82,1070,"Business & Economics",0,0,NA
12071,6,6,"F",0,0,3.33,1040,"Math & Science",0,0,NA
12072,7,6,"F",0,1,3.67,1270,"Arts & Letters",0,0,NA
12073,6,6,"F",0,0,3.48,1150,"Math & Science",0,0,NA
12074,7,7,"F",1,0,3.95,1250,"Math & Science",0,0,NA
12075,6,7,"F",1,0,4,1170,"Math & Science",1,1,3.37
12076,2,3,"M",0,1,3.5,1210,"Business & Economics",1,0,NA
12077,7,7,"F",0,0,4.04,1310,"Business & Economics",1,0,NA
12078,7,6,"M",0,1,4.14,1520,"Math & Science",1,0,NA
12079,6,6,"F",1,0,3.83,1280,"Business & Economics",0,0,NA
12080,4,7,"M",0,0,3.69,1100,"Arts & Letters",0,0,NA
12081,7,6,"F",1,0,3.91,1210,"Math & Science",0,0,NA
12082,7,6,"F",0,1,4.15,1270,"Math & Science",1,0,NA
12083,6,6,"F",1,0,3.41,1210,"Math & Science",1,1,2.86
12084,7,7,"M",0,1,3.27,1190,"Math & Science",0,0,NA
12085,5,6,"F",1,0,3.46,1120,"Math & Science",0,0,NA
12086,6,3,"F",0,0,3.18,1090,"Math & Science",0,0,NA
12087,6,3,"M",0,0,3.32,1100,"Arts & Letters",0,0,NA
12088,6,4,"M",0,0,2.7,950,"Business & Economics",0,0,NA
12089,5,4,"F",0,1,3.92,1170,"Arts & Letters",0,0,NA
12090,4,6,"F",0,1,3.92,1250,"Math & Science",0,0,NA
12091,5,6,"F",0,0,3.5,1340,"Math & Science",0,0,NA
12092,5,5,"M",0,1,3.8,1330,"Math & Science",1,0,NA
12093,3,4,"M",1,0,4,1230,"Arts & Letters",0,0,NA
12094,7,6,"F",0,0,3.41,1180,"Arts & Letters",0,0,NA
12095,7,7,"M",1,0,3.79,1090,"Arts & Letters",0,0,NA
12096,7,6,"M",0,0,3.83,1380,"Math & Science",0,0,NA
12097,2,3,"M",0,0,4.17,1200,"Math & Science",0,0,NA
12098,1,4,"M",0,1,3.17,1150,"Math & Science",0,0,NA
12099,7,6,"F",0,1,3.25,1140,"Arts & Letters",0,0,NA
12100,6,6,"F",0,0,3.73,1160,"Arts & Letters",0,0,NA
12101,7,6,"F",0,0,4,1240,"Arts & Letters",0,0,NA
12102,3,2,"F",0,1,4.22,1210,"Math & Science",1,0,NA
12103,7,7,"M",0,1,3.09,1420,"Arts & Letters",0,0,NA
12104,4,6,"M",0,1,3.86,1330,"Math & Science",0,0,NA
12105,6,7,"M",0,1,3.09,1110,"Math & Science",0,0,NA
12106,7,6,"M",0,1,4.04,1400,"Math & Science",1,0,NA
12107,2,5,"M",0,0,3.5,1200,"Business & Economics",1,0,NA
12108,6,6,"F",1,0,4.33,1330,"Math & Science",1,0,NA
12109,3,6,"F",1,0,4.16,1290,"Arts & Letters",1,0,NA
12110,6,5,"F",0,1,3.25,1130,"Arts & Letters",0,0,NA
12111,2,2,"F",0,1,3.28,1080,"Business & Economics",0,0,NA
12112,6,3,"M",0,0,2.85,910,"Arts & Letters",0,0,NA
12113,6,6,"F",1,0,4.14,1060,"Math & Science",0,0,NA
12114,3,6,"F",1,0,4.05,1300,"Arts & Letters",0,0,NA
12115,2,2,"M",0,1,3.76,1000,"Business & Economics",1,1,2.866
12116,4,7,"M",0,0,2.95,1030,"Business & Economics",0,0,NA
12117,6,4,"F",1,0,4.06,1100,"Arts & Letters",0,0,NA
12118,4,4,"M",1,0,4,1350,"Business & Economics",1,0,NA
12119,5,5,"M",0,0,2.82,910,"Math & Science",0,0,NA
12120,2,2,"M",0,1,3.06,1060,"Math & Science",0,0,NA
12121,3,1,"M",0,0,3.27,1070,"Business & Economics",1,1,1.689
12122,4,5,"F",1,0,2.95,920,"Math & Science",0,0,NA
12123,3,3,"F",0,0,4.4,990,"Arts & Letters",0,0,NA
12124,7,7,"F",1,0,3.79,1390,"Math & Science",1,0,NA
12125,6,7,"F",0,0,3.18,830,"Arts & Letters",0,0,NA
12126,7,5,"F",1,0,3.22,1110,"Math & Science",0,0,NA
12127,3,3,"F",1,0,4.26,1020,"Math & Science",0,0,NA
12128,7,5,"F",0,0,4,1370,"Arts & Letters",1,0,NA
12129,6,6,"M",1,0,3.86,1230,"Arts & Letters",0,0,NA
12130,4,4,"M",1,0,3.67,830,"Arts & Letters",0,0,NA
12131,7,7,"M",1,0,3.29,1470,"Math & Science",0,0,NA
12132,6,6,"M",0,1,2.95,1130,"Business & Economics",0,0,NA
12133,6,2,"F",0,0,3.93,1340,"Math & Science",1,0,NA
12134,4,6,"F",1,0,3.58,1150,"Arts & Letters",0,0,NA
12135,3,3,"F",1,0,3.18,990,"Math & Science",0,0,NA
12136,3,3,"F",0,0,3.45,1130,"Business & Economics",0,0,NA
12137,1,1,"F",0,0,3.9,1030,"Arts & Letters",1,0,NA
12138,4,6,"F",1,0,3.38,1090,"Arts & Letters",0,0,NA
12139,3,1,"M",0,0,4.25,1160,"Arts & Letters",0,0,NA
12140,2,3,"M",0,0,3.22,940,"Arts & Letters",0,0,NA
12141,3,3,"M",0,0,2.42,600,"Arts & Letters",0,0,NA
12142,4,4,"M",0,1,3.2,1090,"Arts & Letters",0,0,NA
12143,6,6,"M",0,0,3.07,1010,"Business & Economics",0,0,NA
12144,7,3,"F",0,0,3.95,1290,"Arts & Letters",1,0,NA
12145,6,6,"F",1,0,4.44,1450,"Arts & Letters",1,0,NA
12146,5,4,"F",0,1,3.33,1010,"Math & Science",0,0,NA
12147,4,3,"M",1,0,2.65,1040,"Business & Economics",0,0,NA
12148,2,4,"F",0,0,3.43,890,"Arts & Letters",0,0,NA
12149,6,6,"F",1,0,3.5,1140,"Arts & Letters",0,0,NA
12150,6,4,"F",1,0,3.88,1040,"Math & Science",0,0,NA
12151,4,6,"F",0,1,2.9,1060,"Math & Science",0,0,NA
12152,1,1,"M",0,1,3.67,1080,"Math & Science",1,0,NA
12153,6,7,"M",1,0,3.67,1210,"Math & Science",0,0,NA
12154,7,7,"F",0,0,3.54,1220,"Business & Economics",0,0,NA
12155,2,3,"F",0,1,3.84,1120,"Business & Economics",1,0,NA
12156,5,6,"F",0,1,4.3,1020,"Math & Science",0,0,NA
12157,7,6,"M",1,0,4.25,1440,"Math & Science",1,0,NA
12158,5,6,"F",0,1,4.17,1030,"Math & Science",0,0,NA
12159,1,1,"M",0,0,2.85,970,"Business & Economics",0,0,NA
12160,3,3,"M",1,0,2.81,910,"Business & Economics",0,0,NA
12161,3,3,"F",0,0,3.35,900,"Math & Science",0,0,NA
12162,4,6,"M",0,1,3.41,1090,"Math & Science",0,0,NA
12163,7,4,"M",0,0,3.25,1080,"Math & Science",0,0,NA
12164,7,7,"F",0,1,3.92,1420,"Arts & Letters",1,0,NA
12165,5,5,"F",0,0,3.5,1200,"Business & Economics",1,0,NA
12166,7,2,"F",0,1,4.14,1390,"Math & Science",1,0,NA
12167,4,4,"M",0,0,3.05,1010,"Business & Economics",0,0,NA
12168,7,3,"M",0,1,4.07,1410,"Math & Science",1,0,NA
12169,2,2,"F",0,1,3.75,990,"Math & Science",1,0,NA
12170,6,6,"F",1,0,4,1270,"Arts & Letters",0,0,NA
12171,1,3,"F",0,0,3.12,940,"Math & Science",0,0,NA
12172,3,7,"M",1,0,2.33,1010,"Arts & Letters",0,0,NA
12173,7,6,"F",1,0,4.15,1520,"Arts & Letters",1,0,NA
12174,3,3,"M",0,0,3.23,1010,"Math & Science",0,0,NA
12175,2,2,"F",0,0,3.55,1040,"Arts & Letters",0,0,NA
12176,3,4,"F",1,0,3.12,1190,"Arts & Letters",0,0,NA
12177,7,6,"M",1,0,3.56,1080,"Math & Science",0,0,NA
12178,3,6,"F",1,0,4,1290,"Arts & Letters",0,0,NA
12179,1,1,"M",0,0,3.8,1140,"Math & Science",1,0,NA
12180,6,4,"F",1,0,3.9,1130,"Business & Economics",1,0,NA
12181,6,6,"F",1,0,3.25,1050,"Arts & Letters",1,1,3.274
12182,2,3,"F",1,0,3.82,970,"Math & Science",0,0,NA
12183,6,7,"F",1,0,4.36,1440,"Math & Science",1,0,NA
12184,4,6,"M",0,1,3.33,1120,"Math & Science",0,0,NA
12185,6,7,"F",1,0,4.33,1320,"Math & Science",1,0,NA
12186,7,6,"M",0,1,4.15,1410,"Business & Economics",1,0,NA
12187,4,3,"M",0,0,3.5,1000,"Math & Science",0,0,NA
12188,7,6,"F",1,0,3.67,1120,"Business & Economics",0,0,NA
12189,5,7,"M",0,0,3.9,1300,"Math & Science",1,0,NA
12190,7,7,"F",1,0,4,1150,"Math & Science",1,0,NA
12191,7,7,"M",0,0,2.75,1080,"Math & Science",0,0,NA
12192,6,4,"F",1,0,3.46,1490,"Math & Science",0,0,NA
12193,2,1,"F",0,0,3.77,790,"Business & Economics",0,0,NA
12194,7,7,"M",1,0,3.45,1320,"Arts & Letters",0,0,NA
12195,6,6,"F",1,0,3.65,1280,"Business & Economics",0,0,NA
12196,6,5,"F",1,0,3.61,1110,"Arts & Letters",1,1,3.099
12197,6,6,"F",1,0,4.24,1200,"Arts & Letters",0,0,NA
12198,5,5,"F",0,0,3.67,1170,"Math & Science",1,0,NA
12199,6,4,"F",1,0,3.59,1150,"Arts & Letters",1,1,3.192
12200,7,6,"F",0,1,2.92,1480,"Arts & Letters",1,0,NA
12201,7,5,"M",1,0,3.54,1100,"Business & Economics",0,0,NA
12202,6,3,"F",1,0,3.65,1220,"Arts & Letters",0,0,NA
12203,5,5,"F",1,0,2,910,"Arts & Letters",0,0,NA
12204,6,7,"F",1,0,3.45,1090,"Arts & Letters",1,0,NA
12205,6,6,"F",1,0,3.96,1110,"Arts & Letters",0,0,NA
12206,7,7,"M",0,1,3.5,1450,"Math & Science",0,0,NA
12207,4,4,"F",0,1,4.25,1220,"Math & Science",1,0,NA
12208,6,7,"M",1,0,2.62,1150,"Arts & Letters",0,1,1.488
12209,6,6,"M",1,0,3.43,1240,"Arts & Letters",0,0,NA
12210,3,6,"F",0,1,3.42,1280,"Math & Science",0,0,NA
12211,2,3,"M",0,0,3.3,850,"Business & Economics",0,0,NA
12212,6,7,"M",1,0,3.8,1290,"Business & Economics",1,0,NA
12213,6,6,"M",1,0,3.35,1450,"Arts & Letters",0,0,NA
12214,3,3,"M",0,0,4.33,1380,"Math & Science",1,0,NA
12215,6,5,"F",1,0,3.32,1040,"Arts & Letters",0,0,NA
12216,6,6,"F",1,0,3.19,1170,"Arts & Letters",0,0,NA
12217,7,3,"M",0,1,2.58,1080,"Business & Economics",0,0,NA
12218,4,4,"F",0,1,3.29,1150,"Business & Economics",0,0,NA
12219,6,6,"M",1,0,3.83,1190,"Business & Economics",0,0,NA
12220,6,6,"F",0,0,3.33,1170,"Arts & Letters",0,0,NA
12221,7,2,"F",0,1,4.27,1390,"Business & Economics",1,0,NA
12222,7,5,"F",1,0,3.87,1190,"Math & Science",0,0,NA
12223,4,4,"F",0,0,3.7,950,"Math & Science",0,0,NA
12224,6,6,"F",0,1,3.11,970,"Business & Economics",0,0,NA
12225,3,3,"F",1,0,3.88,1220,"Business & Economics",1,1,2.667
12226,3,3,"F",0,0,3.83,1110,"Arts & Letters",0,0,NA
12227,4,5,"F",0,0,3.95,980,"Arts & Letters",0,0,NA
12228,4,4,"F",0,0,3.05,970,"Business & Economics",0,0,NA
12229,6,2,"F",1,0,3.94,1010,"Math & Science",0,0,NA
12230,3,3,"M",1,0,3.94,1150,"Math & Science",0,0,NA
12231,7,5,"M",0,0,4.22,1430,"Math & Science",1,0,NA
12232,7,7,"F",1,0,3.5,1100,"Business & Economics",0,0,NA
12233,3,3,"F",1,0,2.89,1120,"Arts & Letters",0,0,NA
12234,4,5,"F",1,0,3.96,1260,"Arts & Letters",0,0,NA
12235,1,3,"M",0,0,4.08,1010,"Math & Science",0,0,NA
12236,1,1,"F",0,0,2.39,790,"Arts & Letters",0,0,NA
12237,7,3,"F",1,0,3.64,1270,"Arts & Letters",1,0,NA
12238,7,7,"F",1,0,2.96,1030,"Arts & Letters",0,0,NA
12239,1,1,"F",0,0,4.25,1090,"Business & Economics",1,0,NA
12240,1,4,"F",0,0,3.83,1090,"Arts & Letters",1,0,NA
12241,6,6,"M",1,0,3.6,1150,"Math & Science",0,0,NA
12242,3,5,"F",0,0,3.11,1100,"Business & Economics",0,0,NA
12243,5,5,"F",0,1,3.58,1320,"Math & Science",1,1,2.995
12244,3,7,"F",1,0,2.9,1170,"Math & Science",0,0,NA
12245,4,4,"F",0,1,3.58,1170,"Math & Science",0,0,NA
12246,6,6,"F",1,0,4.27,1360,"Math & Science",1,0,NA
12247,4,5,"F",0,0,3.25,1160,"Business & Economics",0,0,NA
12248,1,1,"F",0,1,3.67,780,"Math & Science",0,0,NA
12249,6,6,"F",1,0,3.59,1320,"Business & Economics",1,0,NA
12250,3,5,"M",1,0,4.04,1280,"Math & Science",1,0,NA
12251,6,6,"F",1,0,4.17,1390,"Math & Science",1,0,NA
12252,6,6,"M",1,0,3.04,1100,"Arts & Letters",0,0,NA
12253,7,3,"M",0,0,2.5,920,"Business & Economics",0,0,NA
12254,7,7,"M",1,0,4.23,1460,"Math & Science",1,0,NA
12255,6,6,"F",0,0,4.14,1450,"Arts & Letters",1,0,NA
12256,7,6,"M",1,0,4,1290,"Math & Science",0,0,NA
12257,6,6,"F",1,0,3.45,1140,"Math & Science",0,0,NA
12258,3,3,"M",0,0,3.8,1050,"Arts & Letters",0,0,NA
12259,5,6,"F",1,0,3.15,970,"Arts & Letters",0,0,NA
12260,4,6,"F",1,0,3.4,970,"Business & Economics",0,0,NA
12261,3,7,"M",1,0,2.93,970,"Arts & Letters",0,0,NA
12262,6,6,"F",0,0,3.55,1100,"Business & Economics",0,0,NA
12263,6,6,"F",0,0,3,500,"Math & Science",0,0,NA
12264,3,4,"F",0,0,3.32,970,"Business & Economics",0,0,NA
12265,6,6,"M",0,1,3.55,1380,"Business & Economics",1,0,NA
12266,6,7,"F",1,0,3.32,1170,"Math & Science",0,0,NA
12267,6,6,"F",1,0,3,1290,"Math & Science",0,0,NA
12268,6,6,"M",1,0,4.18,1300,"Math & Science",1,0,NA
12269,7,7,"M",0,0,4.12,1520,"Arts & Letters",1,0,NA
12270,5,4,"M",0,1,4.33,1300,"Arts & Letters",0,0,NA
12271,3,3,"F",1,0,3.55,1390,"Business & Economics",0,0,NA
12272,6,6,"F",0,1,3.05,1140,"Arts & Letters",0,0,NA
12273,4,7,"F",1,0,4.2,1360,"Math & Science",1,1,3.857
12274,2,2,"F",1,0,3.35,1140,"Arts & Letters",0,0,NA
12275,6,4,"F",0,1,2.83,1150,"Arts & Letters",0,0,NA
12276,2,1,"F",0,0,3.14,870,"Arts & Letters",0,0,NA
12277,7,6,"M",0,1,2.74,1280,"Math & Science",0,0,NA
12278,4,6,"M",0,1,4.18,1300,"Math & Science",1,0,NA
12279,6,6,"F",0,1,3.23,850,"Math & Science",0,0,NA
12280,3,3,"M",1,0,4.18,1390,"Math & Science",1,1,2.289
12281,7,7,"F",1,0,3.74,1410,"Math & Science",1,0,NA
12282,4,4,"M",0,0,2.27,970,"Business & Economics",0,0,NA
12283,3,3,"M",0,0,3.33,880,"Arts & Letters",0,0,NA
12284,3,3,"M",0,0,3.33,1140,"Math & Science",0,0,NA
12285,7,3,"F",1,0,3.69,1090,"Arts & Letters",1,1,2.876
12286,7,6,"F",0,1,3.96,1430,"Business & Economics",1,0,NA
12287,4,6,"F",0,0,3.88,1200,"Math & Science",0,0,NA
12288,7,6,"M",1,0,3.7,1120,"Arts & Letters",0,0,NA
12289,4,3,"F",0,0,2.95,910,"Arts & Letters",0,0,NA
12290,1,2,"M",0,0,2.38,890,"Business & Economics",0,0,NA
12291,4,5,"M",0,0,3.77,1230,"Arts & Letters",1,0,NA
12292,6,6,"F",1,0,4.05,1310,"Business & Economics",1,0,NA
12293,7,4,"F",1,0,3.05,1110,"Arts & Letters",0,0,NA
12294,3,3,"F",1,0,3.86,1410,"Math & Science",1,0,NA
12295,4,5,"F",0,0,2.87,720,"Math & Science",0,0,NA
12296,7,6,"F",0,1,3.23,1180,"Business & Economics",0,0,NA
12297,4,3,"M",0,0,3.59,1100,"Business & Economics",0,0,NA
12298,2,4,"M",1,0,2.82,690,"Business & Economics",0,0,NA
12299,6,4,"F",1,0,3.37,1150,"Arts & Letters",0,0,NA
12300,6,6,"F",1,0,3.32,1070,"Arts & Letters",0,0,NA
12301,3,6,"F",1,0,2.67,1120,"Math & Science",0,0,NA
12302,3,3,"M",0,0,2.33,650,"Arts & Letters",0,0,NA
12303,7,6,"F",0,1,3.96,1500,"Arts & Letters",1,0,NA
12304,6,6,"F",0,0,3.7,1260,"Arts & Letters",0,0,NA
12305,7,7,"F",1,0,4.11,1380,"Arts & Letters",1,0,NA
12306,4,4,"F",1,0,2.9,1130,"Business & Economics",0,0,NA
12307,7,7,"M",1,0,3.14,1190,"Arts & Letters",0,0,NA
12308,4,4,"F",1,0,2.85,970,"Arts & Letters",0,0,NA
12309,6,6,"M",1,0,3.64,1190,"Arts & Letters",0,0,NA
12310,6,7,"F",0,0,3.93,1340,"Arts & Letters",0,0,NA
12311,6,5,"F",1,0,4.05,1160,"Math & Science",1,1,3.364
12312,6,6,"F",1,0,3.68,1140,"Arts & Letters",0,0,NA
12313,6,6,"F",1,0,4.22,1320,"Math & Science",1,0,NA
12314,2,3,"F",0,1,3.58,990,"Business & Economics",0,0,NA
12315,6,6,"F",0,1,3.33,1010,"Arts & Letters",0,0,NA
12316,7,7,"F",1,0,3.5,1270,"Math & Science",0,0,NA
12317,3,7,"F",1,0,3.65,1210,"Arts & Letters",0,0,NA
12318,3,3,"M",1,0,3.45,1010,"Math & Science",0,0,NA
12319,6,4,"F",1,0,3.21,1210,"Arts & Letters",0,0,NA
12320,1,2,"M",0,0,2.48,820,"Arts & Letters",0,0,NA
12321,6,4,"F",1,0,3.83,1240,"Business & Economics",1,1,3.649
12322,5,6,"F",0,0,3.62,910,"Arts & Letters",0,0,NA
12323,6,4,"F",0,1,3.45,1060,"Business & Economics",0,0,NA
12324,2,2,"M",0,0,3.45,990,"Arts & Letters",0,0,NA
12325,6,6,"M",1,0,3.41,1230,"Business & Economics",0,0,NA
12326,6,3,"M",0,1,3.2,1120,"Business & Economics",0,0,NA
12327,7,7,"F",0,0,3.23,1110,"Arts & Letters",0,0,NA
12328,7,6,"F",0,0,3.44,1020,"Math & Science",0,0,NA
12329,6,3,"F",0,0,3.46,1230,"Math & Science",0,0,NA
12330,6,6,"M",0,1,3.91,1220,"Business & Economics",0,0,NA
12331,6,6,"F",1,0,4.08,1210,"Arts & Letters",0,0,NA
12332,6,6,"M",0,0,3.17,1390,"Math & Science",0,0,NA
12333,4,4,"F",0,0,3.82,1070,"Business & Economics",0,0,NA
12334,7,7,"F",1,0,3.75,1340,"Math & Science",1,1,2.763
12335,6,6,"M",0,1,3.05,1210,"Math & Science",0,0,NA
12336,4,4,"F",1,0,2.75,1030,"Arts & Letters",0,0,NA
12337,3,3,"F",0,0,4.17,1060,"Math & Science",1,0,NA
12338,7,6,"F",0,1,3.29,1310,"Arts & Letters",0,0,NA
12339,3,7,"M",1,0,3.04,1210,"Arts & Letters",0,0,NA
12340,2,2,"F",0,0,3.11,670,"Math & Science",0,0,NA
12341,6,4,"M",0,1,3.92,1400,"Business & Economics",0,0,NA
12342,3,3,"M",0,1,2.87,1070,"Business & Economics",0,0,NA
12343,7,4,"F",0,1,3.59,1400,"Arts & Letters",0,0,NA
12344,6,4,"F",1,0,4,1420,"Arts & Letters",1,0,NA
12345,1,1,"M",1,0,3.59,1230,"Math & Science",1,0,NA
12346,6,6,"M",1,0,2.62,1300,"Arts & Letters",0,0,NA
12347,7,7,"F",1,0,4.14,1410,"Business & Economics",1,1,3.738
12348,6,5,"M",0,0,3.39,1100,"Arts & Letters",0,0,NA
12349,5,5,"F",1,0,3.25,1180,"Arts & Letters",0,0,NA
12350,7,7,"F",0,0,4,1150,"Arts & Letters",0,0,NA
12351,5,4,"M",0,0,3.12,1040,"Math & Science",0,0,NA
12352,7,5,"F",0,1,4.27,1550,"Math & Science",1,0,NA
12353,7,7,"M",1,0,3.62,1380,"Business & Economics",0,0,NA
12354,7,7,"F",1,0,4.04,990,"Arts & Letters",0,0,NA
12355,6,6,"M",1,0,3.45,1190,"Arts & Letters",0,0,NA
12356,7,6,"M",0,0,3.75,1290,"Arts & Letters",0,0,NA
12357,7,6,"M",0,0,2.86,840,"Arts & Letters",0,0,NA
12358,4,6,"M",0,1,3.14,1160,"Business & Economics",0,0,NA
12359,2,2,"M",0,0,3.27,1110,"Arts & Letters",0,0,NA
12360,3,3,"M",0,1,3.73,1070,"Math & Science",0,0,NA
12361,3,3,"M",0,0,3.41,1170,"Business & Economics",0,0,NA
12362,7,7,"F",0,1,3.95,1170,"Math & Science",0,0,NA
12363,5,3,"F",0,1,3.18,1370,"Arts & Letters",0,0,NA
12364,6,6,"F",1,0,3.35,1150,"Arts & Letters",0,0,NA
12365,7,6,"M",0,1,3.35,1190,"Math & Science",0,0,NA
12366,7,6,"M",0,1,4.09,1380,"Business & Economics",1,0,NA
12367,4,4,"F",1,0,3.75,1180,"Arts & Letters",1,0,NA
12368,1,1,"F",0,1,2.71,850,"Arts & Letters",0,0,NA
12369,6,6,"F",1,0,3.72,890,"Arts & Letters",0,0,NA
12370,1,2,"M",0,1,3.09,1050,"Arts & Letters",0,0,NA
12371,7,6,"F",0,0,3.58,1190,"Arts & Letters",1,0,NA
12372,6,6,"M",0,0,3.6,1270,"Business & Economics",1,1,3.003
12373,3,3,"F",0,0,3.17,850,"Business & Economics",0,0,NA
12374,7,7,"F",1,0,4.07,1300,"Arts & Letters",1,0,NA
12375,1,4,"F",1,0,4,1440,"Arts & Letters",1,0,NA
12376,6,3,"F",0,1,3.18,960,"Math & Science",0,0,NA
12377,5,2,"F",0,0,3.5,1030,"Math & Science",0,0,NA
12378,6,6,"M",1,0,3.85,1480,"Arts & Letters",1,0,NA
12379,6,6,"F",1,0,3.95,1410,"Arts & Letters",1,0,NA
12380,7,7,"M",0,1,3.41,1410,"Math & Science",0,0,NA
12381,4,3,"M",0,1,3.64,1380,"Math & Science",1,0,NA
12382,7,7,"F",1,0,2.33,1060,"Math & Science",0,0,NA
12383,7,6,"M",1,0,3.7,1260,"Arts & Letters",0,0,NA
12384,6,6,"M",1,0,2.59,1290,"Arts & Letters",0,0,NA
12385,7,7,"F",1,0,4.25,1470,"Math & Science",1,0,NA
12386,6,6,"M",0,0,3.89,1230,"Business & Economics",1,0,NA
12387,7,6,"M",0,1,3.71,1210,"Business & Economics",0,0,NA
12388,7,6,"F",0,0,3.62,1330,"Business & Economics",0,0,NA
12389,7,6,"M",1,0,3.14,1210,"Arts & Letters",0,0,NA
12390,7,7,"F",1,0,3.96,1380,"Arts & Letters",1,0,NA
12391,7,7,"M",1,0,3.88,1400,"Math & Science",1,0,NA
12392,7,7,"M",1,0,4,1290,"Arts & Letters",1,0,NA
12393,7,6,"M",0,1,3.1,1100,"Arts & Letters",0,0,NA
12394,4,4,"F",0,1,3.5,1080,"Arts & Letters",0,0,NA
12395,3,3,"F",0,1,3.95,1170,"Math & Science",0,0,NA
12396,2,5,"M",0,1,3.92,1160,"Arts & Letters",0,0,NA
12397,4,6,"F",1,0,2.75,1080,"Arts & Letters",0,0,NA
12398,6,7,"F",1,0,2.88,1160,"Arts & Letters",0,1,2.903
12399,7,6,"M",1,0,3.82,1410,"Business & Economics",1,0,NA
12400,2,3,"M",0,0,3.13,940,"Math & Science",1,1,1.9
12401,4,4,"F",0,0,3.43,1000,"Math & Science",0,0,NA
12402,4,3,"M",1,0,2.75,1030,"Arts & Letters",0,0,NA
12403,3,6,"F",1,0,3.5,1270,"Arts & Letters",0,0,NA
12404,3,3,"M",0,0,3.9,980,"Business & Economics",0,0,NA
12405,4,6,"F",1,0,2.96,1030,"Arts & Letters",0,0,NA
12406,6,4,"M",1,0,3.37,1220,"Business & Economics",0,0,NA
12407,6,4,"F",1,0,3.45,1130,"Arts & Letters",0,0,NA
12408,4,6,"F",1,0,2.68,1150,"Math & Science",0,0,NA
12409,7,4,"M",0,1,3.95,1310,"Math & Science",1,0,NA
12410,3,6,"F",1,0,4.32,1260,"Arts & Letters",1,0,NA
12411,7,6,"F",0,0,3.91,1290,"Arts & Letters",1,0,NA
12412,7,6,"F",1,0,4,1280,"Math & Science",0,0,NA
12413,3,6,"F",0,0,3.47,980,"Arts & Letters",1,1,3.309
12414,2,3,"F",0,1,4,980,"Arts & Letters",0,0,NA
12415,1,1,"M",0,0,3.24,1040,"Business & Economics",0,0,NA
12416,4,6,"M",1,0,3.5,1240,"Arts & Letters",0,0,NA
12417,3,6,"M",1,0,3.33,1030,"Math & Science",0,0,NA
12418,2,3,"F",0,1,4.17,1160,"Arts & Letters",1,1,3.527
12419,7,5,"F",0,1,4,1340,"Arts & Letters",1,0,NA
12420,4,2,"F",0,0,3.74,1100,"Math & Science",0,0,NA
12421,1,1,"F",0,1,3.86,950,"Arts & Letters",1,0,NA
12422,6,4,"F",0,0,3.62,1540,"Math & Science",1,0,NA
12423,4,4,"F",0,1,1.88,1060,"Math & Science",0,0,NA
12424,3,3,"F",0,1,3.77,750,"Math & Science",0,0,NA
12425,7,5,"F",0,1,4.14,1480,"Math & Science",1,0,NA
12426,3,1,"M",0,0,3.6,790,"Business & Economics",0,0,NA
12427,2,6,"F",1,0,3.39,1340,"Math & Science",0,0,NA
12428,3,4,"F",0,0,3.05,950,"Math & Science",0,0,NA
12429,4,4,"F",1,0,3.39,1010,"Business & Economics",1,1,1.863
12430,5,6,"F",0,1,3.5,1090,"Math & Science",0,0,NA
12431,6,3,"M",1,0,3.45,1070,"Arts & Letters",0,0,NA
12432,3,4,"M",0,0,1.62,680,"Math & Science",0,0,NA
12433,6,6,"F",0,1,3,1040,"Business & Economics",0,0,NA
12434,6,4,"F",0,0,3.5,1360,"Math & Science",1,0,NA
12435,1,1,"F",0,0,3.72,1190,"Arts & Letters",1,0,NA
12436,6,3,"F",1,0,3.32,1120,"Arts & Letters",0,0,NA
12437,2,3,"M",0,0,3.23,980,"Arts & Letters",0,0,NA
12438,3,3,"F",1,0,3.42,1050,"Arts & Letters",0,0,NA
12439,6,6,"M",1,0,3.23,1120,"Arts & Letters",0,0,NA
12440,3,3,"F",0,0,3.75,1230,"Arts & Letters",0,0,NA
12441,3,3,"M",1,0,3.11,990,"Math & Science",0,0,NA
12442,7,4,"M",1,0,3.72,1270,"Arts & Letters",1,0,NA
12443,2,6,"F",0,1,3.7,950,"Business & Economics",1,1,2.982
12444,6,4,"M",1,0,3.95,1230,"Math & Science",0,0,NA
12445,7,6,"F",0,1,3.59,1250,"Arts & Letters",0,0,NA
12446,6,3,"F",1,0,0,1210,"Arts & Letters",0,0,NA
12447,5,3,"F",0,0,4.16,1240,"Math & Science",1,1,2.714
12448,1,1,"F",0,0,2.8,800,"Business & Economics",0,0,NA
12449,4,4,"F",1,0,2.91,1040,"Math & Science",0,0,NA
12450,6,6,"M",1,0,3.17,1340,"Math & Science",0,0,NA
12451,6,4,"M",1,0,4.18,1230,"Business & Economics",1,1,2.684
12452,4,3,"F",1,0,3.7,1020,"Arts & Letters",0,0,NA
12453,1,1,"F",0,0,3.58,860,"Business & Economics",0,0,NA
12454,7,7,"M",1,0,3.3,1190,"Arts & Letters",0,0,NA
12455,7,6,"F",1,0,2.73,1150,"Math & Science",0,0,NA
12456,4,5,"M",0,0,3.06,1020,"Business & Economics",0,0,NA
12457,7,7,"M",1,0,3.82,1230,"Business & Economics",1,1,2.685
12458,6,6,"M",1,0,3.6,1200,"Business & Economics",0,0,NA
12459,6,5,"F",1,0,4.23,1230,"Arts & Letters",1,0,NA
12460,6,6,"F",0,1,3.42,1230,"Business & Economics",0,0,NA
12461,7,7,"M",1,0,3.25,1290,"Arts & Letters",0,0,NA
12462,3,3,"F",0,0,3.33,1100,"Business & Economics",0,0,NA
12463,5,6,"F",0,1,3.88,1220,"Math & Science",1,0,NA
12464,6,4,"M",0,0,3.62,1200,"Business & Economics",1,0,NA
12465,5,7,"F",1,0,3.64,1230,"Arts & Letters",0,0,NA
12466,3,1,"M",0,0,3.55,1060,"Math & Science",0,0,NA
12467,4,5,"M",1,0,3.56,1030,"Arts & Letters",0,0,NA
12468,2,2,"F",0,0,3.86,1000,"Arts & Letters",0,0,NA
12469,6,6,"F",1,0,3.55,1210,"Arts & Letters",0,0,NA
12470,2,6,"F",1,0,3.18,1140,"Math & Science",0,0,NA
12471,1,1,"F",0,0,3.77,1060,"Math & Science",0,0,NA
12472,7,6,"M",1,0,4.09,1390,"Math & Science",1,0,NA
12473,3,5,"F",0,0,3.41,970,"Arts & Letters",0,0,NA
12474,6,3,"M",1,0,3.92,1300,"Math & Science",1,1,3.008
12475,7,6,"M",1,0,3.78,1260,"Math & Science",0,0,NA
12476,3,3,"M",1,0,3.73,1230,"Business & Economics",1,0,NA
12477,6,7,"M",1,0,4,1370,"Math & Science",1,0,NA
12478,5,6,"F",1,0,4.27,1330,"Arts & Letters",1,0,NA
12479,7,4,"F",1,0,4.18,1360,"Math & Science",1,0,NA
12480,6,6,"F",0,1,4,1420,"Business & Economics",1,0,NA
12481,6,6,"F",0,0,3.57,1150,"Arts & Letters",0,0,NA
12482,4,3,"M",1,0,4.18,1350,"Math & Science",1,1,3.344
12483,6,6,"F",1,0,4.18,1290,"Math & Science",1,0,NA
12484,3,3,"M",0,0,3.5,990,"Arts & Letters",0,0,NA
12485,1,1,"M",0,0,2.85,950,"Arts & Letters",0,0,NA
12486,7,6,"M",0,0,2.89,1000,"Business & Economics",0,0,NA
12487,4,3,"F",1,0,4.08,1120,"Math & Science",1,0,NA
12488,4,6,"F",1,0,3.76,1200,"Math & Science",0,0,NA
12489,6,6,"F",1,0,3.54,1120,"Arts & Letters",0,0,NA
12490,1,1,"M",0,0,2.77,860,"Arts & Letters",0,0,NA
12491,2,1,"F",0,1,3.9,1150,"Math & Science",1,0,NA
12492,1,2,"M",0,1,3.67,1120,"Business & Economics",1,0,NA
12493,5,6,"F",1,0,3.11,1090,"Arts & Letters",0,0,NA
12494,7,6,"M",1,0,3.5,1260,"Arts & Letters",0,0,NA
12495,7,6,"M",1,0,3.33,1020,"Arts & Letters",0,0,NA
12496,7,4,"F",0,0,4.24,1290,"Math & Science",0,0,NA
12497,1,4,"F",0,0,3.1,1110,"Arts & Letters",0,0,NA
12498,6,3,"M",0,0,3.23,1420,"Business & Economics",0,0,NA
12499,6,4,"F",1,0,4.32,1080,"Arts & Letters",0,0,NA
12500,3,6,"F",1,0,4.13,1380,"Business & Economics",1,1,3.172
12501,6,6,"M",1,0,3,1300,"Math & Science",0,0,NA
12502,6,6,"F",0,1,2.91,1050,"Arts & Letters",0,0,NA
12503,5,5,"M",1,0,3.67,1090,"Business & Economics",0,0,NA
12504,7,6,"F",1,0,3.58,1040,"Arts & Letters",0,0,NA
12505,1,1,"M",0,0,3.06,1010,"Math & Science",0,0,NA
12506,7,7,"F",1,0,3.65,1190,"Math & Science",0,0,NA
12507,5,4,"F",1,0,3.79,1010,"Business & Economics",0,0,NA
12508,7,6,"M",0,1,3.75,1160,"Business & Economics",0,0,NA
12509,4,4,"F",0,0,4,1180,"Math & Science",0,0,NA
12510,4,7,"F",1,0,4,1160,"Business & Economics",0,0,NA
12511,6,6,"M",1,0,2.29,1160,"Math & Science",0,0,NA
12512,6,4,"F",1,0,3.18,1150,"Arts & Letters",0,0,NA
12513,4,4,"F",1,0,3.08,1110,"Math & Science",0,0,NA
12514,6,6,"F",0,1,3.85,950,"Business & Economics",1,0,NA
12515,6,6,"M",0,1,3.57,1100,"Math & Science",0,0,NA
12516,3,3,"F",1,0,4.14,1170,"Arts & Letters",1,0,NA
12517,6,5,"F",0,1,4.09,850,"Math & Science",1,0,NA
12518,1,1,"F",0,0,3.6,940,"Business & Economics",0,0,NA
12519,7,6,"M",0,1,3.21,1300,"Business & Economics",0,0,NA
12520,7,7,"F",1,0,3.36,1210,"Arts & Letters",0,0,NA
12521,3,3,"F",0,0,3.21,770,"Arts & Letters",0,0,NA
12522,1,4,"M",0,0,3.65,890,"Arts & Letters",0,0,NA
12523,1,2,"M",0,0,3.29,870,"Math & Science",0,0,NA
12524,4,3,"F",0,0,3,840,"Arts & Letters",0,0,NA
12525,1,1,"M",0,0,3.41,800,"Arts & Letters",0,0,NA
12526,3,3,"M",0,0,4,1130,"Arts & Letters",0,0,NA
12527,6,4,"M",1,0,4.2,1200,"Business & Economics",1,0,NA
12528,6,6,"F",0,1,3.96,1270,"Math & Science",1,0,NA
12529,6,4,"M",1,0,3.1,1090,"Business & Economics",0,0,NA
12530,6,7,"F",1,0,3.64,1180,"Arts & Letters",0,0,NA
12531,1,1,"F",0,0,2.95,790,"Arts & Letters",0,0,NA
12532,5,5,"M",0,1,3.33,1340,"Arts & Letters",0,0,NA
12533,7,7,"F",1,0,3.42,1230,"Arts & Letters",0,0,NA
12534,1,1,"M",0,0,3.65,770,"Math & Science",1,0,NA
12535,3,3,"F",1,0,3.73,1200,"Arts & Letters",0,0,NA
12536,2,2,"M",0,0,3.66,930,"Arts & Letters",0,0,NA
12537,5,7,"F",0,1,3.56,1200,"Arts & Letters",0,0,NA
12538,5,7,"M",1,0,3,930,"Math & Science",0,0,NA
12539,6,6,"M",1,0,4.2,1480,"Math & Science",1,0,NA
12540,7,4,"F",0,0,3.65,1260,"Arts & Letters",1,0,NA
12541,6,6,"M",1,0,4.28,1290,"Math & Science",1,1,3.066
12542,3,4,"F",0,1,3.56,1180,"Arts & Letters",0,0,NA
12543,6,6,"F",1,0,3.68,1140,"Arts & Letters",0,0,NA
12544,7,7,"M",1,0,3.5,1190,"Arts & Letters",0,1,2.999
12545,5,7,"F",1,0,3.59,1150,"Arts & Letters",1,0,NA
12546,7,7,"F",1,0,4,1170,"Arts & Letters",0,0,NA
12547,7,7,"F",1,0,3.89,1230,"Math & Science",0,0,NA
12548,2,6,"F",0,0,3.77,1170,"Arts & Letters",1,1,2.982
12549,5,5,"M",1,0,4.21,1230,"Math & Science",0,0,NA
12550,4,3,"F",1,0,3.55,960,"Math & Science",0,0,NA
12551,7,7,"M",1,0,3.56,1210,"Arts & Letters",0,0,NA
12552,3,4,"F",0,0,3.68,1170,"Math & Science",0,0,NA
12553,3,4,"M",0,0,3.69,990,"Business & Economics",0,0,NA
12554,3,3,"F",0,0,3,720,"Arts & Letters",0,0,NA
12555,7,4,"M",1,0,3.73,1300,"Arts & Letters",1,0,NA
12556,6,6,"F",1,0,3.38,1190,"Math & Science",0,0,NA
12557,2,6,"F",0,1,3.71,1080,"Math & Science",1,0,NA
12558,4,5,"M",1,0,3.5,1180,"Math & Science",0,0,NA
12559,6,7,"M",0,0,3.36,1330,"Math & Science",0,0,NA
12560,4,4,"M",1,0,3.57,1220,"Arts & Letters",0,0,NA
12561,1,1,"F",0,1,3.75,820,"Math & Science",0,0,NA
12562,7,5,"F",0,0,3.71,1350,"Arts & Letters",0,0,NA
12563,7,4,"F",0,1,3.7,1140,"Arts & Letters",0,1,2.897
12564,4,7,"M",1,0,2.5,1320,"Arts & Letters",0,0,NA
12565,4,4,"M",1,0,2.73,1180,"Arts & Letters",0,0,NA
12566,6,6,"M",1,0,3.92,1240,"Math & Science",0,0,NA
12567,2,5,"M",1,0,3.04,1140,"Math & Science",0,0,NA
12568,2,1,"F",0,1,3.91,1110,"Arts & Letters",1,0,NA
12569,6,6,"F",0,0,4.13,1310,"Math & Science",0,0,NA
12570,1,1,"F",0,1,3.6,1040,"Arts & Letters",1,0,NA
12571,6,5,"M",1,0,2.67,1320,"Arts & Letters",0,0,NA
12572,6,6,"F",0,0,3.5,1350,"Arts & Letters",0,0,NA
12573,6,4,"M",0,0,2.85,1140,"Business & Economics",0,0,NA
12574,3,3,"F",0,1,3.77,1270,"Business & Economics",1,0,NA
12575,4,5,"F",0,0,4.18,1290,"Math & Science",0,0,NA
12576,4,3,"F",0,0,2.86,810,"Business & Economics",0,0,NA
12577,3,3,"M",0,1,2.38,1290,"Math & Science",0,0,NA
12578,4,5,"M",0,1,4,1150,"Math & Science",1,0,NA
12579,6,6,"F",0,1,3.93,1230,"Math & Science",0,0,NA
12580,5,5,"F",1,0,4.23,1310,"Arts & Letters",1,0,NA
12581,7,5,"F",1,0,3.15,970,"Business & Economics",0,0,NA
12582,4,3,"F",0,1,3.4,1140,"Arts & Letters",0,0,NA
12583,2,3,"F",0,0,3.48,810,"Math & Science",0,0,NA
12584,6,6,"F",1,0,3.76,950,"Arts & Letters",0,0,NA
12585,3,3,"F",0,0,3.04,930,"Math & Science",0,0,NA
12586,7,7,"M",1,0,3.25,1220,"Math & Science",0,0,NA
12587,6,3,"M",0,1,4,1190,"Math & Science",0,0,NA
12588,5,6,"F",0,0,3,940,"Arts & Letters",0,0,NA
12589,7,6,"F",1,0,2.36,1020,"Math & Science",0,0,NA
12590,6,6,"F",1,0,2.95,1000,"Math & Science",0,0,NA
12591,3,3,"F",0,1,4.14,1120,"Math & Science",1,0,NA
12592,5,5,"F",1,0,2.9,1190,"Arts & Letters",0,0,NA
12593,4,7,"F",1,0,3.85,1210,"Arts & Letters",0,0,NA
12594,3,3,"F",0,0,3.24,1100,"Arts & Letters",0,0,NA
12595,7,7,"F",0,0,2.78,1170,"Arts & Letters",0,0,NA
12596,7,4,"M",1,0,3.05,1270,"Business & Economics",0,0,NA
12597,1,5,"F",0,0,2.91,1130,"Math & Science",0,0,NA
12598,7,7,"F",1,0,3.9,1330,"Business & Economics",1,1,3.63
12599,2,2,"M",0,0,3.9,1130,"Math & Science",1,0,NA
12600,2,2,"M",0,0,2.65,1010,"Business & Economics",0,0,NA
12601,5,7,"F",0,0,3.04,840,"Arts & Letters",0,0,NA
12602,3,4,"F",1,0,4.15,1050,"Math & Science",0,0,NA
12603,3,3,"F",1,0,3.78,1370,"Math & Science",1,0,NA
12604,6,4,"M",1,0,3.19,1140,"Arts & Letters",0,0,NA
12605,7,7,"M",0,1,2.83,1050,"Math & Science",0,0,NA
12606,4,4,"F",1,0,3.8,1300,"Business & Economics",1,0,NA
12607,3,2,"M",0,0,3.67,1060,"Arts & Letters",1,0,NA
12608,7,6,"F",0,1,3.11,1360,"Business & Economics",0,0,NA
12609,6,7,"F",1,0,3.92,1160,"Math & Science",0,0,NA
12610,6,6,"F",1,0,3.29,1040,"Business & Economics",0,0,NA
12611,7,7,"F",1,0,3.77,1340,"Arts & Letters",0,0,NA
12612,6,5,"F",0,1,4,1230,"Math & Science",0,0,NA
12613,6,6,"M",1,0,3.62,1190,"Business & Economics",0,0,NA
12614,5,3,"F",0,0,4.14,1410,"Arts & Letters",1,0,NA
12615,7,7,"M",1,0,3.67,1250,"Arts & Letters",0,0,NA
12616,3,6,"F",0,1,3.45,1340,"Math & Science",0,0,NA
12617,6,3,"M",0,0,4,1140,"Business & Economics",0,0,NA
12618,4,6,"M",0,1,3.79,1380,"Math & Science",1,0,NA
12619,7,7,"M",1,0,2.81,1360,"Math & Science",0,0,NA
12620,7,6,"F",0,1,3.86,1310,"Math & Science",0,0,NA
12621,1,1,"F",0,0,4.2,1040,"Math & Science",1,0,NA
12622,2,1,"F",0,1,3.21,1140,"Arts & Letters",0,0,NA
12623,4,3,"F",0,0,3.27,1100,"Arts & Letters",0,0,NA
12624,5,5,"M",0,0,3.6,990,"Math & Science",0,0,NA
12625,3,6,"F",0,0,3.61,960,"Arts & Letters",0,0,NA
12626,7,7,"M",0,0,4.18,1440,"Math & Science",1,0,NA
12627,6,6,"M",1,0,3.32,1380,"Arts & Letters",0,0,NA
12628,4,5,"M",0,1,3.58,1230,"Math & Science",0,0,NA
12629,3,3,"M",0,0,2.9,1360,"Arts & Letters",0,0,NA
12630,1,2,"F",0,0,3.61,850,"Arts & Letters",1,0,NA
12631,6,5,"M",0,1,4,1210,"Math & Science",0,0,NA
12632,6,7,"F",1,0,3.77,1280,"Arts & Letters",1,1,3.52
12633,4,5,"M",1,0,3.73,1170,"Math & Science",0,0,NA
12634,5,6,"F",1,0,3.29,1060,"Arts & Letters",0,0,NA
12635,2,4,"F",0,0,3.85,1010,"Math & Science",0,0,NA
12636,6,3,"M",0,1,3.32,1270,"Math & Science",0,0,NA
12637,6,6,"F",1,0,3.27,1290,"Arts & Letters",0,0,NA
12638,7,7,"M",0,0,3.11,1120,"Business & Economics",0,0,NA
12639,4,7,"M",1,0,3.65,1150,"Business & Economics",0,0,NA
12640,7,6,"F",0,0,2.55,1020,"Arts & Letters",0,0,NA
12641,7,3,"M",1,0,2.78,980,"Business & Economics",0,0,NA
12642,7,2,"F",1,0,3.32,1090,"Arts & Letters",0,0,NA
12643,3,4,"M",0,1,3.1,1150,"Math & Science",0,0,NA
12644,6,6,"M",1,0,3.4,1370,"Business & Economics",0,0,NA
12645,4,4,"F",1,0,4.17,1190,"Business & Economics",1,0,NA
12646,5,6,"M",1,0,3.55,1270,"Business & Economics",1,1,3.137
12647,6,6,"M",1,0,2.95,870,"Arts & Letters",0,0,NA
12648,1,2,"F",0,0,3.41,910,"Math & Science",0,0,NA
12649,2,7,"M",1,0,3.54,1230,"Arts & Letters",0,0,NA
12650,6,6,"M",1,0,3.05,1130,"Math & Science",0,0,NA
12651,1,1,"M",0,1,3.5,1180,"Math & Science",1,0,NA
12652,5,5,"M",1,0,3.5,1140,"Arts & Letters",0,0,NA
12653,1,3,"F",0,0,3.62,1110,"Arts & Letters",1,0,NA
12654,7,7,"F",0,1,3.53,1000,"Arts & Letters",0,0,NA
12655,7,6,"F",0,1,4,1570,"Arts & Letters",1,0,NA
12656,7,7,"M",0,1,4.04,1330,"Math & Science",1,0,NA
12657,3,6,"F",1,0,4.31,1310,"Math & Science",1,0,NA
12658,3,3,"F",1,0,3.86,1200,"Math & Science",1,0,NA
12659,6,6,"F",1,0,3.61,1500,"Math & Science",1,0,NA
12660,7,6,"M",1,0,3.15,990,"Math & Science",0,0,NA
12661,3,3,"F",0,1,3.46,1170,"Arts & Letters",0,0,NA
12662,1,2,"F",0,1,3.21,740,"Math & Science",0,0,NA
12663,7,6,"M",1,0,4,1300,"Math & Science",0,0,NA
12664,7,4,"F",1,0,3.3,1230,"Arts & Letters",0,0,NA
12665,1,1,"F",0,0,4.4,1340,"Arts & Letters",1,0,NA
12666,6,5,"F",0,0,3.4,1110,"Math & Science",0,0,NA
12667,4,6,"M",0,1,2.5,970,"Arts & Letters",0,0,NA
12668,3,1,"F",1,0,3.25,1030,"Arts & Letters",0,0,NA
12669,7,6,"F",1,0,4.04,1440,"Arts & Letters",1,0,NA
12670,4,4,"M",0,0,3.09,1090,"Math & Science",0,0,NA
12671,6,3,"F",0,0,3.33,1020,"Math & Science",0,0,NA
12672,7,6,"F",1,0,4.25,1510,"Math & Science",1,0,NA
12673,3,3,"M",0,0,3.68,1400,"Arts & Letters",1,0,NA
12674,6,6,"F",1,0,4.27,1270,"Math & Science",1,0,NA
12675,6,6,"M",1,0,3.71,1200,"Business & Economics",0,0,NA
12676,7,4,"F",1,0,3.82,1440,"Math & Science",1,0,NA
12677,3,3,"M",1,0,2.5,1000,"Business & Economics",0,0,NA
12678,3,3,"M",0,1,2.9,1250,"Business & Economics",0,0,NA
12679,7,4,"M",1,0,3.38,1340,"Arts & Letters",0,0,NA
12680,7,3,"F",0,0,3.33,1180,"Arts & Letters",0,0,NA
12681,6,6,"F",0,1,3.54,1270,"Arts & Letters",0,1,2.91
12682,6,6,"F",0,1,3.88,1400,"Arts & Letters",0,0,NA
12683,5,5,"F",0,1,3.57,980,"Business & Economics",0,0,NA
12684,7,3,"F",0,0,3.82,1370,"Arts & Letters",0,0,NA
12685,3,3,"F",0,1,3.58,920,"Business & Economics",0,0,NA
12686,5,5,"F",1,0,4.36,1440,"Math & Science",1,0,NA
12687,1,3,"M",0,1,3.41,1280,"Math & Science",0,0,NA
12688,6,6,"F",1,0,3.7,1150,"Math & Science",1,0,NA
12689,7,7,"F",0,1,3.75,1160,"Arts & Letters",0,0,NA
12690,4,5,"F",1,0,3.64,1250,"Math & Science",1,1,3.738
12691,4,3,"M",0,1,3.3,1300,"Arts & Letters",0,0,NA
12692,6,5,"M",1,0,3.42,1490,"Business & Economics",1,1,2.83
12693,4,5,"F",0,0,4,1280,"Math & Science",0,0,NA
12694,7,6,"F",1,0,4.36,1290,"Math & Science",1,0,NA
12695,3,5,"M",1,0,3.66,1100,"Business & Economics",0,0,NA
12696,7,7,"F",0,1,3.39,1290,"Math & Science",0,0,NA
12697,6,5,"F",0,1,3.68,1290,"Business & Economics",1,1,2.887
12698,4,1,"F",0,1,3.05,1050,"Arts & Letters",0,0,NA
12699,2,4,"F",0,1,3.95,1050,"Math & Science",1,0,NA
12700,3,2,"F",1,0,3.77,1150,"Math & Science",1,0,NA
12701,7,7,"F",1,0,3.17,940,"Arts & Letters",0,0,NA
12702,6,6,"F",1,0,4.21,1410,"Arts & Letters",1,0,NA
12703,4,3,"F",1,0,3.1,1140,"Arts & Letters",0,0,NA
12704,6,6,"F",0,0,4.05,1140,"Math & Science",0,0,NA
12705,4,4,"F",0,1,3.77,980,"Business & Economics",0,0,NA
12706,7,7,"F",0,1,3.97,1320,"Arts & Letters",1,0,NA
12707,5,6,"F",0,1,3.89,1270,"Math & Science",0,0,NA
12708,6,4,"M",1,0,4.29,1300,"Math & Science",1,0,NA
12709,4,4,"M",1,0,3.62,1430,"Business & Economics",1,0,NA
12710,6,7,"F",1,0,3.95,1100,"Math & Science",0,0,NA
12711,1,4,"M",0,0,3.5,850,"Math & Science",0,0,NA
12712,6,3,"F",1,0,3.1,1110,"Business & Economics",0,0,NA
12713,6,4,"M",1,0,3.23,1150,"Business & Economics",0,0,NA
12714,7,7,"M",1,0,3.68,1200,"Arts & Letters",0,0,NA
12715,1,2,"F",0,0,3.36,900,"Math & Science",0,0,NA
12716,4,6,"F",0,1,3.55,920,"Math & Science",0,0,NA
12717,5,5,"M",0,0,2.76,1120,"Arts & Letters",0,0,NA
12718,6,6,"F",0,0,3.71,1340,"Math & Science",1,0,NA
12719,2,2,"M",0,0,3.68,1090,"Math & Science",1,0,NA
12720,3,5,"F",0,0,3.5,1250,"Arts & Letters",0,0,NA
12721,7,7,"M",0,0,2.83,1520,"Math & Science",1,1,3.137
12722,7,7,"F",0,0,3.9,1200,"Business & Economics",0,0,NA
12723,6,5,"M",0,0,3.4,1230,"Arts & Letters",1,0,NA
12724,4,4,"M",0,0,2.67,900,"Math & Science",0,0,NA
12725,6,6,"M",1,0,3.92,1460,"Business & Economics",1,0,NA
12726,2,2,"F",0,1,4.24,1200,"Business & Economics",1,0,NA
12727,1,1,"F",0,0,3.91,920,"Math & Science",0,0,NA
12728,6,4,"M",1,0,3.95,1380,"Arts & Letters",1,0,NA
12729,6,6,"M",0,0,3.65,1190,"Math & Science",0,0,NA
12730,3,3,"F",0,0,3.88,1190,"Math & Science",1,0,NA
12731,6,6,"F",0,0,3.73,1140,"Arts & Letters",0,0,NA
12732,4,7,"M",1,0,4.21,1520,"Math & Science",1,1,3.888
12733,7,3,"M",0,1,3.62,1330,"Math & Science",1,0,NA
12734,5,5,"F",1,0,3.77,1070,"Business & Economics",0,0,NA
12735,1,5,"F",0,0,3.77,940,"Math & Science",0,0,NA
12736,7,7,"M",1,0,3.5,1240,"Arts & Letters",0,0,NA
12737,6,7,"F",1,0,3.83,1250,"Arts & Letters",0,0,NA
12738,1,1,"F",0,1,3.62,1080,"Arts & Letters",1,1,2.912
12739,6,7,"F",1,0,4.21,1050,"Math & Science",0,0,NA
12740,1,1,"F",0,1,3.07,1200,"Arts & Letters",1,0,NA
12741,4,3,"M",1,0,4.18,1320,"Business & Economics",1,0,NA
12742,7,7,"M",0,1,3.67,1380,"Business & Economics",0,0,NA
12743,4,5,"M",1,0,2.69,990,"Arts & Letters",0,0,NA
12744,3,3,"F",0,0,3,880,"Arts & Letters",0,0,NA
12745,6,7,"F",0,0,3.71,1240,"Arts & Letters",1,0,NA
12746,7,7,"M",1,0,3.65,1270,"Arts & Letters",0,0,NA
12747,7,6,"M",0,1,3.75,1480,"Math & Science",1,0,NA
12748,6,6,"M",0,0,3.78,1240,"Math & Science",0,0,NA
12749,6,6,"M",1,0,4.03,1400,"Math & Science",1,0,NA
12750,6,7,"F",1,0,4.32,1360,"Arts & Letters",1,0,NA
12751,7,6,"F",1,0,3.9,1490,"Arts & Letters",1,0,NA
12752,6,6,"F",0,1,3.82,1110,"Business & Economics",0,0,NA
12753,6,3,"M",0,1,3.61,1210,"Business & Economics",0,0,NA
12754,4,5,"F",0,0,4.33,1230,"Math & Science",1,0,NA
12755,1,4,"M",0,0,2.78,920,"Business & Economics",0,0,NA
12756,4,6,"F",1,0,4.17,950,"Math & Science",0,0,NA
12757,7,6,"M",1,0,3.71,1270,"Arts & Letters",1,1,3.925
12758,4,4,"M",0,0,3.8,1410,"Arts & Letters",0,0,NA
12759,6,7,"F",1,0,4,1460,"Arts & Letters",1,0,NA
12760,6,6,"F",0,0,3.83,1230,"Arts & Letters",1,0,NA
12761,7,6,"F",1,0,3.96,1340,"Arts & Letters",1,0,NA
12762,7,6,"F",0,0,3.46,1380,"Math & Science",1,0,NA
12763,6,6,"F",1,0,4.25,1510,"Math & Science",1,0,NA
12764,6,6,"M",1,0,3.83,1270,"Business & Economics",0,0,NA
12765,6,6,"M",1,0,3.57,1190,"Business & Economics",0,0,NA
12766,7,6,"M",1,0,4.06,1480,"Math & Science",1,0,NA
12767,4,7,"M",1,0,3.62,1450,"Math & Science",0,0,NA
12768,7,7,"M",0,1,3.95,1420,"Math & Science",1,0,NA
12769,6,4,"M",1,0,4,1260,"Business & Economics",1,0,NA
12770,7,5,"F",0,0,4.19,1550,"Business & Economics",1,0,NA
12771,7,6,"F",1,0,4.09,1260,"Arts & Letters",0,0,NA
12772,4,4,"F",1,0,3.19,1130,"Arts & Letters",0,0,NA
12773,3,6,"F",1,0,3.61,1120,"Math & Science",0,0,NA
12774,6,6,"M",0,0,3.92,1500,"Math & Science",1,0,NA
12775,7,7,"M",0,0,3.14,1110,"Arts & Letters",0,0,NA
12776,7,7,"M",0,1,3.46,1370,"Math & Science",0,0,NA
12777,7,5,"M",0,1,3.38,1400,"Math & Science",1,0,NA
12778,7,4,"F",0,0,4.08,1210,"Arts & Letters",1,0,NA
12779,7,6,"M",1,0,3.95,1460,"Business & Economics",1,0,NA
12780,7,6,"M",0,0,3.68,1190,"Business & Economics",0,0,NA
12781,4,7,"M",1,0,4.04,1150,"Arts & Letters",0,0,NA
12782,7,6,"F",1,0,3.83,1380,"Arts & Letters",1,1,3.138
12783,7,4,"M",0,0,4,1100,"Math & Science",0,0,NA
12784,6,5,"M",1,0,3.65,1410,"Math & Science",0,0,NA
12785,7,7,"M",0,0,3.71,1210,"Business & Economics",0,0,NA
12786,7,5,"M",0,1,3.25,1500,"Math & Science",1,0,NA
12787,4,4,"F",1,0,3.4,1210,"Arts & Letters",0,0,NA
12788,7,7,"F",1,0,3.33,1170,"Business & Economics",0,0,NA
12789,7,7,"F",1,0,4.32,1390,"Business & Economics",1,0,NA
12790,7,6,"M",1,0,4.25,1520,"Math & Science",1,0,NA
12791,2,4,"F",1,0,3.17,1030,"Business & Economics",0,0,NA
12792,7,6,"M",0,1,4.04,1270,"Math & Science",0,0,NA
12793,5,4,"M",1,0,3.65,1340,"Arts & Letters",0,0,NA
12794,6,3,"F",0,1,4.17,1320,"Arts & Letters",1,0,NA
12795,7,4,"M",1,0,3.95,1250,"Math & Science",0,0,NA
12796,6,6,"F",1,0,3.55,1390,"Arts & Letters",0,0,NA
12797,3,3,"M",0,0,2.71,830,"Math & Science",0,0,NA
12798,6,3,"M",1,0,4.2,1440,"Math & Science",1,0,NA
12799,7,4,"M",0,1,3.67,1360,"Math & Science",0,0,NA
12800,6,7,"M",1,0,3.37,1250,"Arts & Letters",1,0,NA
12801,6,7,"M",0,1,4.1,1490,"Math & Science",1,0,NA
12802,6,6,"F",0,0,3.16,1050,"Arts & Letters",0,0,NA
12803,7,7,"F",0,0,3.76,1260,"Math & Science",0,0,NA
12804,7,7,"M",1,0,3.67,1190,"Business & Economics",1,1,2.738
12805,6,5,"F",1,0,3.74,1470,"Arts & Letters",1,0,NA
12806,7,6,"F",1,0,4.36,1140,"Arts & Letters",0,0,NA
12807,3,3,"F",0,1,3.43,1400,"Math & Science",0,0,NA
12808,6,6,"M",0,1,3.04,1170,"Math & Science",0,0,NA
12809,6,6,"M",1,0,3.96,1310,"Math & Science",1,0,NA
12810,5,5,"F",1,0,4.21,1370,"Arts & Letters",0,0,NA
12811,6,6,"M",0,0,3.46,1210,"Math & Science",0,0,NA
12812,6,3,"M",0,0,3.38,980,"Business & Economics",0,0,NA
12813,7,7,"F",1,0,4.21,1140,"Math & Science",0,0,NA
12814,5,5,"F",0,0,3.05,840,"Business & Economics",0,0,NA
12815,4,4,"F",1,0,3.09,1130,"Arts & Letters",0,0,NA
12816,3,5,"M",1,0,3.92,1030,"Business & Economics",1,1,3.084
12817,6,5,"F",0,1,3.75,1520,"Math & Science",0,0,NA
12818,7,4,"M",1,0,3.44,1220,"Business & Economics",1,1,3.418
12819,3,3,"F",1,0,3.59,1370,"Business & Economics",1,1,3.298
12820,4,1,"M",0,1,3.58,1160,"Math & Science",0,0,NA
12821,6,7,"F",1,0,4.18,1370,"Math & Science",1,0,NA
12822,4,4,"F",1,0,3.6,1010,"Arts & Letters",0,0,NA
12823,4,3,"M",1,0,3.79,1300,"Math & Science",0,0,NA
12824,6,6,"F",0,0,3.59,1130,"Arts & Letters",0,0,NA
12825,4,7,"M",1,0,3.82,1340,"Math & Science",1,0,NA
12826,7,7,"M",0,1,3.27,1190,"Math & Science",0,0,NA
12827,4,4,"F",0,0,2.92,840,"Math & Science",0,0,NA
12828,6,6,"F",0,0,3.87,1180,"Arts & Letters",1,0,NA
12829,7,4,"F",1,0,3.8,1470,"Math & Science",1,0,NA
12830,6,4,"M",0,1,4,1420,"Math & Science",1,0,NA
12831,7,7,"F",1,0,3.76,1430,"Arts & Letters",0,0,NA
12832,6,7,"M",1,0,3.35,1080,"Business & Economics",0,0,NA
12833,7,7,"M",0,0,3.64,1400,"Arts & Letters",0,0,NA
12834,6,3,"F",0,0,3.21,1110,"Arts & Letters",0,0,NA
12835,5,5,"F",0,1,3.7,1130,"Math & Science",1,0,NA
12836,6,5,"M",1,0,3.18,1190,"Arts & Letters",0,0,NA
12837,4,4,"F",1,0,4.15,1190,"Arts & Letters",0,0,NA
12838,7,5,"M",0,0,3.5,1340,"Math & Science",1,1,2.644
12839,7,6,"F",1,0,4.04,1190,"Arts & Letters",0,0,NA
12840,6,7,"F",1,0,4,1230,"Arts & Letters",1,0,NA
12841,6,6,"M",1,0,4.07,1500,"Arts & Letters",1,0,NA
12842,6,6,"F",0,0,3.93,1130,"Math & Science",0,0,NA
12843,7,7,"F",1,0,4.14,1430,"Arts & Letters",1,0,NA
12844,7,6,"M",1,0,3.94,1450,"Business & Economics",1,0,NA
12845,6,3,"F",1,0,3.55,1130,"Arts & Letters",0,0,NA
12846,6,7,"F",1,0,3.41,1410,"Arts & Letters",1,0,NA
12847,7,7,"M",1,0,3.89,1270,"Math & Science",0,0,NA
12848,2,4,"M",0,0,3.75,910,"Business & Economics",0,0,NA
12849,4,4,"F",1,0,3.82,1460,"Business & Economics",1,0,NA
12850,6,6,"F",0,1,4.11,1440,"Math & Science",1,0,NA
12851,6,7,"M",1,0,4.09,1280,"Business & Economics",1,0,NA
12852,4,3,"F",0,0,3.84,1120,"Math & Science",0,0,NA
12853,1,4,"M",0,1,3.33,1080,"Math & Science",0,0,NA
12854,6,6,"M",0,1,4.05,1450,"Math & Science",1,0,NA
12855,7,6,"F",0,0,4.08,1450,"Math & Science",1,0,NA
12856,1,1,"F",0,1,4,1390,"Business & Economics",1,0,NA
12857,1,1,"F",0,1,3.55,1250,"Math & Science",1,0,NA
12858,4,4,"F",0,1,3.32,1230,"Arts & Letters",0,0,NA
12859,6,6,"F",0,1,3.65,1470,"Arts & Letters",1,0,NA
12860,3,3,"F",0,1,3.68,1270,"Math & Science",0,0,NA
12861,3,3,"M",1,0,4.33,1170,"Business & Economics",1,0,NA
12862,6,3,"M",0,0,3.6,1270,"Math & Science",1,1,3.028
12863,4,4,"F",1,0,3.5,1150,"Arts & Letters",0,0,NA
12864,6,5,"M",1,0,3.06,1280,"Business & Economics",0,0,NA
12865,6,6,"F",1,0,3.86,1330,"Arts & Letters",1,1,3.206
12866,7,6,"F",1,0,4,1110,"Business & Economics",0,0,NA
12867,6,6,"M",1,0,4.27,1380,"Math & Science",1,0,NA
12868,3,7,"F",1,0,3.72,1170,"Arts & Letters",0,0,NA
12869,5,3,"F",1,0,3.86,1270,"Business & Economics",0,0,NA
12870,6,3,"M",1,0,3.36,1320,"Arts & Letters",1,0,NA
12871,6,6,"F",1,0,3.59,1290,"Math & Science",1,0,NA
12872,4,6,"M",1,0,3.06,1210,"Math & Science",0,0,NA
12873,4,6,"F",0,0,2.55,690,"Arts & Letters",0,0,NA
12874,7,7,"M",1,0,3.64,1210,"Arts & Letters",0,0,NA
12875,7,6,"F",0,0,3.79,1130,"Math & Science",0,0,NA
12876,6,3,"M",1,0,3.32,1060,"Arts & Letters",0,0,NA
12877,6,3,"F",1,0,3.75,960,"Arts & Letters",0,0,NA
12878,6,6,"F",1,0,3.57,1370,"Arts & Letters",1,1,3.629
12879,5,6,"M",1,0,3.3,1370,"Business & Economics",1,0,NA
12880,4,4,"F",0,0,4.18,1370,"Math & Science",1,1,3.138
12881,7,7,"M",1,0,3.59,1250,"Math & Science",1,0,NA
12882,7,6,"F",0,1,3.71,1410,"Math & Science",0,0,NA
12883,7,4,"F",1,0,4.29,1430,"Arts & Letters",0,0,NA
12884,7,4,"M",1,0,2.58,1350,"Math & Science",0,0,NA
12885,7,7,"F",1,0,3.14,1010,"Arts & Letters",0,0,NA
12886,6,6,"M",1,0,2.95,1130,"Arts & Letters",0,0,NA
12887,3,5,"F",1,0,2.95,1010,"Business & Economics",0,0,NA
12888,6,6,"M",0,1,3.62,1440,"Business & Economics",1,0,NA
12889,6,4,"M",1,0,3.58,1250,"Math & Science",0,0,NA
12890,7,6,"F",1,0,3.59,1170,"Arts & Letters",1,1,3.075
12891,6,6,"F",0,0,3.79,1210,"Arts & Letters",1,0,NA
12892,5,7,"F",0,0,3.45,1130,"Business & Economics",0,0,NA
12893,7,7,"M",1,0,4.05,1270,"Business & Economics",1,0,NA
12894,6,7,"M",1,0,3.85,1360,"Business & Economics",1,0,NA
12895,6,6,"M",1,0,4,1390,"Arts & Letters",0,0,NA
12896,7,4,"M",1,0,3.1,1160,"Business & Economics",0,0,NA
12897,7,7,"M",1,0,4.1,1460,"Business & Economics",1,0,NA
12898,7,6,"M",1,0,3.71,1430,"Business & Economics",1,0,NA
12899,3,1,"F",0,0,2.96,1220,"Arts & Letters",0,0,NA
12900,4,7,"M",1,0,3.17,1300,"Business & Economics",0,0,NA
12901,6,6,"F",0,0,3.13,1250,"Math & Science",0,0,NA
12902,6,6,"M",1,0,4,1380,"Business & Economics",1,1,3.012
12903,2,4,"F",1,0,3,1160,"Arts & Letters",0,0,NA
12904,7,7,"F",0,1,3.92,1410,"Math & Science",1,0,NA
12905,6,6,"F",1,0,3,1210,"Math & Science",0,0,NA
12906,6,6,"M",1,0,2.84,1310,"Math & Science",0,0,NA
12907,6,6,"F",1,0,3.25,1310,"Arts & Letters",0,0,NA
12908,7,4,"F",1,0,3.22,1270,"Arts & Letters",0,0,NA
12909,6,6,"F",1,0,4.04,1230,"Business & Economics",1,0,NA
12910,7,7,"F",0,0,4.04,1450,"Arts & Letters",1,0,NA
12911,7,7,"F",0,0,4.32,1440,"Arts & Letters",1,0,NA
12912,7,7,"M",0,1,3.55,1410,"Math & Science",0,0,NA
12913,7,4,"M",1,0,3.8,1170,"Arts & Letters",0,0,NA
12914,7,7,"M",1,0,3.83,1360,"Arts & Letters",1,0,NA
12915,6,6,"F",0,0,4.1,1060,"Arts & Letters",0,0,NA
12916,6,4,"F",0,0,3.3,1410,"Arts & Letters",1,0,NA
12917,6,5,"M",0,1,4.33,1370,"Math & Science",1,0,NA
12918,6,7,"F",1,0,4,1300,"Business & Economics",1,0,NA
12919,3,4,"F",1,0,4.08,1170,"Business & Economics",1,0,NA
12920,3,4,"F",1,0,3.09,1210,"Arts & Letters",0,0,NA
12921,7,6,"F",1,0,3.79,1190,"Math & Science",0,0,NA
12922,7,6,"F",1,0,3.35,1390,"Arts & Letters",0,0,NA
12923,3,5,"F",0,0,3.55,1120,"Business & Economics",0,0,NA
12924,6,6,"F",0,0,3.23,1020,"Math & Science",0,0,NA
12925,6,6,"F",1,0,3.39,910,"Arts & Letters",0,0,NA
12926,1,4,"F",0,0,4.04,1180,"Math & Science",0,0,NA
12927,6,4,"F",1,0,4,1310,"Arts & Letters",0,0,NA
12928,7,7,"F",1,0,2.83,1020,"Arts & Letters",0,0,NA
12929,7,5,"F",1,0,4.36,1550,"Math & Science",1,0,NA
12930,6,6,"M",1,0,3.7,1160,"Business & Economics",0,0,NA
12931,5,6,"F",1,0,3.9,1560,"Math & Science",1,0,NA
12932,6,3,"F",1,0,4.36,1360,"Arts & Letters",1,0,NA
12933,7,7,"F",1,0,3.38,1330,"Arts & Letters",0,0,NA
12934,6,6,"F",1,0,3.45,1000,"Arts & Letters",0,0,NA
12935,6,7,"M",1,0,4.33,1190,"Business & Economics",0,0,NA
12936,4,4,"F",0,0,3.3,1080,"Math & Science",0,0,NA
12937,6,6,"F",0,0,3.84,1200,"Business & Economics",1,0,NA
12938,3,3,"F",0,0,3.35,800,"Arts & Letters",0,0,NA
12939,4,4,"F",1,0,3.86,1420,"Math & Science",0,0,NA
12940,7,7,"M",0,1,3.39,1320,"Business & Economics",1,1,2.399
12941,6,7,"F",0,0,4.14,1270,"Math & Science",1,0,NA
12942,7,6,"F",1,0,3.3,1210,"Math & Science",0,0,NA
12943,7,7,"M",1,0,3.87,1500,"Math & Science",1,0,NA
12944,7,5,"M",1,0,3.23,1150,"Business & Economics",1,1,2.608
12945,7,6,"M",1,0,3.21,1170,"Business & Economics",0,0,NA
12946,6,6,"F",1,0,4.08,1190,"Math & Science",0,0,NA
12947,5,3,"M",1,0,4.36,1550,"Math & Science",1,0,NA
12948,7,6,"M",1,0,3.55,1420,"Arts & Letters",0,0,NA
12949,7,6,"M",0,1,3.99,1490,"Business & Economics",0,0,NA
12950,4,4,"F",1,0,3.95,1330,"Math & Science",0,0,NA
12951,6,6,"M",0,1,3.31,1500,"Math & Science",1,0,NA
12952,6,6,"F",1,0,4,1220,"Business & Economics",0,0,NA
12953,4,6,"F",0,1,3.32,1440,"Math & Science",0,0,NA
12954,7,7,"M",1,0,3.72,1170,"Business & Economics",0,0,NA
12955,6,7,"M",1,0,3.75,1450,"Arts & Letters",0,0,NA
12956,7,6,"M",1,0,4.25,1170,"Math & Science",1,1,3.708
12957,6,3,"F",1,0,3.38,1090,"Arts & Letters",0,0,NA
12958,6,6,"M",0,0,3.61,1360,"Arts & Letters",1,0,NA
12959,4,3,"M",0,0,3.95,1370,"Business & Economics",1,0,NA
12960,4,4,"F",0,0,3.2,1040,"Arts & Letters",0,0,NA
12961,7,7,"F",0,1,4.09,1510,"Math & Science",1,0,NA
12962,3,7,"F",1,0,3.12,930,"Math & Science",0,0,NA
12963,4,5,"M",1,0,3.4,1120,"Math & Science",0,0,NA
12964,6,6,"F",0,0,4.17,1420,"Math & Science",1,0,NA
12965,6,4,"F",0,0,3.53,1190,"Business & Economics",0,0,NA
12966,4,4,"M",1,0,3.71,1250,"Arts & Letters",0,0,NA
12967,7,6,"F",0,1,3.62,1270,"Math & Science",0,0,NA
12968,6,3,"F",0,1,3.79,1550,"Math & Science",1,0,NA
12969,3,6,"F",1,0,4.04,1400,"Math & Science",1,0,NA
12970,6,7,"F",0,0,3.65,1130,"Arts & Letters",0,0,NA
12971,6,7,"M",1,0,4.3,1170,"Business & Economics",1,1,1.65
12972,6,4,"F",1,0,4.08,1270,"Business & Economics",1,0,NA
12973,3,4,"M",1,0,3.46,1370,"Math & Science",0,0,NA
12974,7,7,"M",1,0,4.12,1410,"Math & Science",1,0,NA
12975,6,6,"F",1,0,4.2,1210,"Business & Economics",1,0,NA
12976,6,6,"F",1,0,4.24,1380,"Math & Science",1,0,NA
12977,7,7,"M",0,0,4.14,1470,"Math & Science",1,0,NA
12978,6,4,"F",1,0,3.73,1080,"Arts & Letters",0,0,NA
12979,7,5,"M",0,1,3.26,1480,"Math & Science",0,0,NA
12980,7,7,"F",1,0,3.04,950,"Arts & Letters",0,0,NA
12981,7,3,"F",0,1,3.95,1270,"Math & Science",1,0,NA
12982,7,6,"F",1,0,2.95,1290,"Arts & Letters",0,0,NA
12983,6,6,"F",1,0,3.82,1200,"Arts & Letters",0,0,NA
12984,7,6,"M",1,0,4.04,1230,"Math & Science",0,0,NA
12985,7,6,"F",0,1,3.73,1250,"Arts & Letters",1,0,NA
12986,6,6,"F",1,0,3.74,1250,"Math & Science",0,0,NA
12987,5,5,"F",0,1,3.36,1000,"Math & Science",0,0,NA
12988,7,4,"F",1,0,3.7,1130,"Business & Economics",0,0,NA
12989,6,6,"M",0,1,3.17,1090,"Business & Economics",0,0,NA
12990,7,7,"F",0,1,4.12,1310,"Math & Science",1,0,NA
12991,5,3,"M",0,1,3.82,1340,"Business & Economics",1,0,NA
12992,4,4,"F",0,1,3.73,1230,"Math & Science",1,0,NA
12993,6,7,"F",1,0,4.3,1260,"Business & Economics",1,0,NA
12994,3,5,"F",1,0,3.35,950,"Arts & Letters",0,0,NA
12995,6,6,"M",1,0,4.05,1280,"Math & Science",1,0,NA
12996,7,7,"M",1,0,3.21,1480,"Math & Science",0,0,NA
12997,6,4,"F",0,1,4.31,1480,"Math & Science",1,0,NA
12998,3,3,"F",0,1,4.21,1330,"Business & Economics",1,0,NA
12999,6,6,"F",1,0,3.16,1170,"Arts & Letters",0,0,NA
13000,4,5,"F",1,0,3.88,1270,"Arts & Letters",1,0,NA
13001,3,6,"M",0,0,3.18,1370,"Business & Economics",0,0,NA
13002,7,7,"M",1,0,3.6,1220,"Business & Economics",0,0,NA
13003,4,4,"M",1,0,3.44,1230,"Arts & Letters",1,1,3.164
13004,3,3,"M",1,0,3.22,960,"Math & Science",0,0,NA
13005,7,7,"F",1,0,4.36,1410,"Math & Science",1,0,NA
13006,7,4,"M",0,0,3.26,1060,"Arts & Letters",0,0,NA
13007,5,5,"F",1,0,4,1340,"Business & Economics",1,1,3.171
13008,7,6,"M",1,0,3.74,1550,"Math & Science",1,0,NA
13009,6,5,"F",0,1,3.75,1440,"Math & Science",1,1,2.988
13010,6,6,"M",1,0,3.33,1230,"Business & Economics",0,0,NA
13011,6,6,"M",1,0,3.91,1210,"Business & Economics",1,0,NA
13012,7,7,"F",0,1,3.44,1480,"Arts & Letters",0,0,NA
13013,6,7,"F",0,0,3.93,1190,"Math & Science",1,0,NA
13014,5,6,"F",1,0,4.04,1430,"Math & Science",1,0,NA
13015,6,6,"M",1,0,3.04,1300,"Math & Science",0,0,NA
13016,6,2,"M",1,0,3.52,1070,"Business & Economics",1,1,2.682
13017,6,6,"M",1,0,3.36,1020,"Arts & Letters",0,0,NA
13018,4,4,"F",1,0,3.21,1250,"Business & Economics",1,1,3.139
13019,4,4,"F",1,0,3.39,1010,"Arts & Letters",0,0,NA
13020,6,6,"M",1,0,3,1040,"Arts & Letters",0,0,NA
13021,6,4,"F",0,0,3.46,1190,"Business & Economics",0,0,NA
13022,6,7,"F",1,0,3.35,1340,"Arts & Letters",0,0,NA
13023,6,4,"F",1,0,3.6,1370,"Math & Science",1,1,2.395
13024,7,7,"M",1,0,3.92,1430,"Arts & Letters",1,1,2.895
13025,4,6,"F",1,0,3.29,1070,"Business & Economics",0,0,NA
13026,6,5,"F",1,0,3.73,1070,"Arts & Letters",0,0,NA
13027,6,6,"F",0,0,4.21,1270,"Business & Economics",1,0,NA
13028,6,5,"F",0,1,3.85,1130,"Arts & Letters",0,0,NA
13029,7,7,"M",1,0,3.12,1200,"Math & Science",0,0,NA
13030,7,7,"M",1,0,4.05,1300,"Math & Science",0,0,NA
13031,7,7,"F",0,1,3.92,1310,"Math & Science",1,0,NA
13032,3,4,"F",1,0,3.62,1390,"Math & Science",0,0,NA
13033,7,6,"F",0,1,2.64,1160,"Math & Science",0,0,NA
13034,6,7,"F",1,0,3.41,1140,"Arts & Letters",1,0,NA
13035,7,7,"M",0,1,3.23,1490,"Math & Science",0,0,NA
13036,6,4,"F",1,0,4.15,1260,"Business & Economics",1,0,NA
13037,3,3,"F",1,0,3.68,1480,"Arts & Letters",0,0,NA
13038,6,6,"F",0,0,4,1120,"Math & Science",1,0,NA
13039,6,6,"F",0,1,4,1310,"Math & Science",1,0,NA
13040,6,6,"M",0,1,2.62,1260,"Math & Science",0,0,NA
13041,6,6,"F",0,1,3.71,1390,"Business & Economics",1,0,NA
13042,6,6,"F",0,1,3.39,1200,"Math & Science",0,0,NA
13043,5,6,"F",0,1,3.77,1190,"Arts & Letters",1,0,NA
13044,6,4,"M",0,0,3.76,1340,"Arts & Letters",0,1,3.242
13045,3,3,"F",0,1,4.33,1210,"Math & Science",1,0,NA
13046,4,4,"F",1,0,4.21,1130,"Arts & Letters",0,0,NA
13047,7,7,"M",1,0,3.05,1210,"Business & Economics",0,0,NA
13048,7,7,"F",1,0,4.05,1410,"Business & Economics",1,0,NA
13049,4,5,"F",0,1,4.24,1470,"Math & Science",1,0,NA
13050,4,6,"M",1,0,3.55,1330,"Business & Economics",0,0,NA
13051,7,6,"F",1,0,4.31,1280,"Business & Economics",1,0,NA
13052,6,6,"F",0,1,3.78,1100,"Math & Science",0,0,NA
13053,4,7,"F",1,0,4.25,1190,"Arts & Letters",1,0,NA
13054,6,6,"F",1,0,4.25,1330,"Math & Science",1,0,NA
13055,4,6,"M",1,0,3.75,1170,"Math & Science",0,0,NA
13056,6,6,"F",0,1,3.56,1160,"Arts & Letters",0,0,NA
13057,6,4,"F",1,0,4,1290,"Business & Economics",1,0,NA
13058,6,7,"M",1,0,3.91,1270,"Business & Economics",1,1,2.774
13059,4,7,"M",1,0,3.63,1180,"Arts & Letters",0,0,NA
13060,6,7,"F",0,0,4,1150,"Math & Science",0,0,NA
13061,7,6,"M",1,0,3.85,1150,"Business & Economics",0,0,NA
13062,7,7,"F",1,0,3.38,1170,"Arts & Letters",0,0,NA
13063,7,4,"F",0,0,3.27,1130,"Arts & Letters",0,0,NA
13064,4,4,"M",0,1,3.77,1510,"Math & Science",1,0,NA
13065,7,6,"M",0,1,3.36,1210,"Business & Economics",0,0,NA
13066,6,6,"F",1,0,4.12,1270,"Math & Science",1,0,NA
13067,6,7,"F",1,0,4.36,1500,"Math & Science",1,0,NA
13068,6,7,"F",1,0,3.9,1300,"Arts & Letters",1,0,NA
13069,6,3,"M",1,0,3,1080,"Business & Economics",0,0,NA
13070,4,4,"F",0,0,3.09,1190,"Business & Economics",0,0,NA
13071,5,7,"F",1,0,3.58,1190,"Math & Science",0,0,NA
13072,7,6,"M",1,0,3.77,1400,"Math & Science",0,0,NA
13073,6,6,"F",1,0,3.96,1340,"Math & Science",1,0,NA
13074,5,6,"M",0,0,3.8,1080,"Arts & Letters",1,0,NA
13075,6,5,"F",0,1,3.86,1170,"Business & Economics",1,0,NA
13076,6,6,"F",1,0,4.35,1210,"Math & Science",1,0,NA
13077,6,4,"M",0,1,2.83,1080,"Business & Economics",0,0,NA
13078,7,7,"F",1,0,3.33,1040,"Arts & Letters",0,0,NA
13079,4,4,"M",1,0,4.4,1400,"Math & Science",1,0,NA
13080,4,4,"F",1,0,3.36,1000,"Arts & Letters",0,0,NA
13081,6,4,"F",1,0,4.14,1370,"Business & Economics",1,0,NA
13082,6,6,"F",0,0,3.97,1190,"Business & Economics",0,0,NA
13083,7,7,"F",0,0,3.6,1100,"Math & Science",0,0,NA
13084,5,6,"F",0,1,3.53,1040,"Arts & Letters",1,1,2.798
13085,6,4,"F",1,0,3.88,1300,"Math & Science",1,0,NA
13086,7,6,"F",0,0,4,1230,"Arts & Letters",0,0,NA
13087,6,4,"M",1,0,3.69,1100,"Business & Economics",0,0,NA
13088,4,6,"M",0,0,3.3,1320,"Arts & Letters",0,0,NA
13089,7,7,"F",1,0,3.15,1290,"Arts & Letters",0,0,NA
13090,6,5,"M",1,0,3.09,1050,"Business & Economics",0,0,NA
13091,6,4,"M",0,1,4.12,1170,"Arts & Letters",1,0,NA
13092,6,6,"M",1,0,3.62,1150,"Arts & Letters",0,0,NA
13093,6,6,"F",0,1,4.17,1170,"Math & Science",0,0,NA
13094,5,5,"F",1,0,4.18,1380,"Arts & Letters",1,0,NA
13095,4,6,"F",0,0,3.26,980,"Math & Science",0,0,NA
13096,6,6,"F",1,0,3.95,1390,"Math & Science",1,1,2.745
13097,6,6,"M",1,0,3.05,1150,"Arts & Letters",0,0,NA
13098,7,6,"F",1,0,3.59,1270,"Arts & Letters",1,0,NA
13099,7,6,"M",0,0,3.95,1320,"Arts & Letters",1,0,NA
13100,7,6,"M",1,0,3.78,1360,"Business & Economics",0,0,NA
13101,7,7,"M",1,0,3.71,1460,"Math & Science",1,0,NA
13102,7,7,"F",1,0,4.33,1230,"Math & Science",1,0,NA
13103,3,4,"F",1,0,2.95,930,"Arts & Letters",0,0,NA
13104,7,6,"F",1,0,3.87,1440,"Arts & Letters",1,0,NA
13105,7,6,"F",1,0,3.56,1190,"Math & Science",0,0,NA
13106,7,7,"F",1,0,3.27,1290,"Math & Science",0,0,NA
13107,6,6,"F",1,0,3.55,1170,"Math & Science",0,0,NA
13108,7,6,"F",1,0,4.04,1440,"Arts & Letters",1,0,NA
13109,7,4,"F",1,0,3.59,990,"Arts & Letters",0,0,NA
13110,7,6,"F",1,0,3.79,1380,"Arts & Letters",1,1,3.329
13111,7,6,"F",1,0,4.05,1330,"Arts & Letters",1,0,NA
13112,7,7,"F",0,1,3.77,1420,"Arts & Letters",0,0,NA
13113,6,6,"M",0,1,2.62,1150,"Business & Economics",0,0,NA
13114,7,4,"M",0,1,3.89,1310,"Math & Science",1,0,NA
13115,7,7,"M",1,0,3.68,1330,"Arts & Letters",1,0,NA
13116,2,5,"M",0,0,3.64,1310,"Math & Science",1,0,NA
13117,3,5,"F",1,0,3.05,1210,"Arts & Letters",0,0,NA
13118,5,7,"F",1,0,3.83,1450,"Math & Science",1,0,NA
13119,6,7,"F",0,1,4,1240,"Math & Science",0,0,NA
13120,7,7,"F",0,1,3.52,1210,"Math & Science",0,0,NA
13121,5,6,"M",0,1,3.45,1180,"Arts & Letters",0,0,NA
13122,6,7,"M",1,0,4.35,1540,"Math & Science",1,0,NA
13123,4,6,"F",0,0,2.37,1230,"Arts & Letters",0,0,NA
13124,6,7,"F",0,0,3.13,1150,"Arts & Letters",0,0,NA
13125,7,7,"F",0,0,4.18,1430,"Math & Science",1,0,NA
13126,6,4,"M",1,0,3.9,1310,"Math & Science",1,0,NA
13127,7,6,"M",1,0,3.32,1020,"Arts & Letters",1,0,NA
13128,5,6,"F",0,1,3.17,1280,"Math & Science",0,0,NA
13129,7,7,"M",0,1,4.13,1590,"Business & Economics",1,0,NA
13130,6,5,"F",1,0,3.54,1290,"Math & Science",1,0,NA
13131,6,6,"M",1,0,3.63,1300,"Business & Economics",0,0,NA
13132,6,6,"M",1,0,3.58,1360,"Arts & Letters",0,0,NA
13133,4,4,"M",1,0,2.38,1090,"Math & Science",0,0,NA
13134,3,6,"F",1,0,3.09,1260,"Math & Science",0,0,NA
13135,3,6,"F",1,0,3.73,1310,"Arts & Letters",0,0,NA
13136,7,7,"F",1,0,3.64,1470,"Arts & Letters",0,0,NA
13137,6,6,"M",0,0,4.36,1520,"Math & Science",1,0,NA
13138,4,4,"F",0,0,3.53,1040,"Arts & Letters",0,0,NA
13139,7,7,"M",1,0,3.91,1550,"Math & Science",1,0,NA
13140,7,7,"F",1,0,3.89,1270,"Arts & Letters",0,0,NA
13141,7,6,"M",1,0,3.06,1410,"Business & Economics",0,0,NA
13142,7,6,"M",1,0,3.16,1010,"Math & Science",0,0,NA
13143,6,6,"F",1,0,4.09,1430,"Arts & Letters",1,0,NA
13144,4,2,"M",0,1,3.54,1180,"Math & Science",0,0,NA
13145,7,7,"M",1,0,3.4,1470,"Math & Science",0,0,NA
13146,2,2,"F",0,1,3.81,1330,"Math & Science",1,0,NA
13147,7,6,"F",0,1,3.79,1260,"Math & Science",0,0,NA
13148,5,6,"F",0,0,3.94,1390,"Arts & Letters",1,0,NA
13149,4,6,"F",1,0,3.25,1240,"Arts & Letters",0,0,NA
13150,5,5,"F",0,0,4.19,1250,"Math & Science",0,0,NA
13151,6,6,"M",1,0,3.79,1580,"Math & Science",1,0,NA
13152,5,7,"F",1,0,4.15,1280,"Arts & Letters",1,1,3.475
13153,4,6,"M",0,0,3.62,1030,"Business & Economics",0,0,NA
13154,7,7,"F",1,0,3.64,1150,"Arts & Letters",0,0,NA
13155,6,7,"M",1,0,4.1,1420,"Arts & Letters",1,0,NA
13156,4,3,"M",0,0,4.14,1450,"Math & Science",1,0,NA
13157,6,4,"F",0,1,3.09,1130,"Arts & Letters",0,0,NA
13158,5,5,"F",0,0,4,1130,"Arts & Letters",1,0,NA
13159,7,7,"F",0,0,3.5,1380,"Math & Science",1,1,2.637
13160,4,6,"F",1,0,3.18,1030,"Arts & Letters",0,0,NA
13161,3,3,"F",1,0,3.35,1040,"Business & Economics",0,0,NA
13162,7,7,"M",1,0,2.78,1330,"Arts & Letters",0,0,NA
13163,6,6,"M",1,0,4.18,1290,"Arts & Letters",1,0,NA
13164,4,5,"F",1,0,3.65,1340,"Business & Economics",0,0,NA
13165,6,4,"F",1,0,3.42,1390,"Arts & Letters",1,0,NA
13166,6,5,"F",0,0,3.44,940,"Arts & Letters",0,0,NA
13167,7,6,"F",1,0,4.27,1250,"Math & Science",1,0,NA
13168,7,6,"M",1,0,3.27,1200,"Arts & Letters",0,0,NA
13169,7,6,"F",1,0,3.67,1380,"Arts & Letters",1,0,NA
13170,7,7,"F",0,1,3.32,1290,"Math & Science",0,0,NA
13171,7,7,"M",0,1,3.92,1560,"Arts & Letters",1,0,NA
13172,1,1,"M",0,1,3.85,1270,"Business & Economics",1,0,NA
13173,3,3,"M",0,0,3.55,1220,"Arts & Letters",0,0,NA
13174,1,1,"F",0,0,4.36,1300,"Arts & Letters",1,0,NA
13175,4,7,"F",1,0,3.77,1150,"Arts & Letters",0,0,NA
13176,7,7,"F",1,0,4.09,1110,"Arts & Letters",0,1,3.835
13177,3,3,"M",0,0,3.14,1150,"Business & Economics",0,0,NA
13178,7,6,"M",1,0,3.42,1450,"Business & Economics",1,1,3.056
13179,4,4,"F",1,0,4.17,1260,"Arts & Letters",1,0,NA
13180,3,3,"F",1,0,3.62,1280,"Arts & Letters",0,0,NA
13181,6,5,"M",1,0,3.05,980,"Business & Economics",0,0,NA
13182,4,2,"M",0,0,3.39,1070,"Arts & Letters",0,0,NA
13183,6,7,"F",1,0,3.75,1180,"Arts & Letters",0,0,NA
13184,6,7,"M",0,1,3.94,1480,"Arts & Letters",1,0,NA
13185,6,5,"M",1,0,3.85,1280,"Arts & Letters",1,1,3.606
13186,7,6,"M",1,0,3.09,1150,"Business & Economics",0,0,NA
13187,6,4,"M",1,0,3.67,1250,"Arts & Letters",0,0,NA
13188,6,6,"F",1,0,4,1140,"Math & Science",1,1,2.863
13189,3,4,"F",0,1,3.09,1020,"Arts & Letters",0,0,NA
13190,6,5,"F",0,0,3.55,1090,"Math & Science",0,0,NA
13191,6,6,"M",1,0,3.95,1240,"Math & Science",1,1,3.172
13192,3,6,"F",1,0,3.86,1170,"Arts & Letters",0,0,NA
13193,3,4,"M",0,0,3.63,1290,"Business & Economics",0,0,NA
13194,7,6,"M",1,0,3.58,1170,"Arts & Letters",0,0,NA
13195,6,6,"M",1,0,3.35,1100,"Business & Economics",0,0,NA
13196,3,3,"F",1,0,3.82,970,"Arts & Letters",0,0,NA
13197,4,6,"M",0,0,4.15,1330,"Arts & Letters",1,0,NA
13198,4,5,"F",1,0,3.75,1250,"Math & Science",0,0,NA
13199,5,6,"M",0,1,3.23,970,"Business & Economics",0,0,NA
13200,7,6,"M",1,0,4.05,1440,"Business & Economics",1,0,NA
13201,7,7,"F",0,0,3.92,1340,"Arts & Letters",0,0,NA
13202,7,7,"M",1,0,3.67,1260,"Arts & Letters",0,0,NA
13203,6,6,"M",1,0,3.48,1190,"Arts & Letters",0,0,NA
13204,6,6,"M",1,0,4.09,1490,"Arts & Letters",1,0,NA
13205,6,6,"F",1,0,3.72,1430,"Arts & Letters",1,1,3.526
13206,6,4,"F",0,0,3.1,850,"Math & Science",0,0,NA
13207,6,6,"M",0,1,3.65,1430,"Arts & Letters",0,0,NA
13208,7,6,"F",1,0,3.95,1190,"Business & Economics",0,0,NA
13209,6,6,"F",1,0,4.4,1210,"Math & Science",0,0,NA
13210,7,7,"F",0,0,3.73,1380,"Arts & Letters",0,0,NA
13211,7,6,"M",0,1,3.92,1440,"Math & Science",1,0,NA
13212,6,6,"M",1,0,3.93,1300,"Arts & Letters",1,0,NA
13213,7,7,"M",1,0,3.85,1230,"Business & Economics",0,0,NA
13214,7,7,"M",0,0,3.49,1180,"Business & Economics",0,0,NA
13215,4,3,"F",0,0,3.55,1230,"Arts & Letters",0,0,NA
13216,4,2,"F",1,0,4.04,1400,"Math & Science",1,0,NA
13217,7,6,"F",1,0,2.46,1210,"Arts & Letters",0,0,NA
13218,6,7,"F",1,0,3.45,1230,"Arts & Letters",1,0,NA
13219,6,6,"M",0,0,3.33,1230,"Business & Economics",0,0,NA
13220,6,6,"F",0,1,3.62,1170,"Math & Science",0,0,NA
13221,6,3,"M",0,0,3.45,1080,"Business & Economics",0,0,NA
13222,6,3,"M",0,0,3.17,1050,"Business & Economics",0,0,NA
13223,4,7,"M",1,0,3.43,1220,"Business & Economics",1,1,3.141
13224,6,7,"F",0,0,3.65,1240,"Math & Science",0,0,NA
13225,3,4,"F",1,0,3.96,1310,"Math & Science",1,0,NA
13226,4,4,"F",0,1,4.29,1430,"Math & Science",1,0,NA
13227,4,4,"F",1,0,3.1,1090,"Arts & Letters",0,0,NA
13228,7,6,"M",0,1,3.44,1370,"Math & Science",0,0,NA
13229,6,7,"M",1,0,3.54,1150,"Business & Economics",0,0,NA
13230,7,6,"F",0,0,4.2,1460,"Arts & Letters",1,0,NA
13231,6,1,"F",0,0,3.26,1040,"Arts & Letters",0,0,NA
13232,3,3,"F",1,0,4,1150,"Business & Economics",1,0,NA
13233,4,3,"F",0,0,4.14,1250,"Business & Economics",1,0,NA
13234,6,6,"M",1,0,4.2,1440,"Math & Science",1,0,NA
13235,5,4,"M",1,0,3.92,1460,"Business & Economics",1,0,NA
13236,2,3,"F",0,1,3.96,1250,"Business & Economics",1,0,NA
13237,5,6,"F",1,0,4.05,1340,"Arts & Letters",1,1,3.165
13238,4,6,"F",1,0,3.7,1030,"Arts & Letters",0,0,NA
13239,7,6,"M",1,0,3.19,1200,"Arts & Letters",0,0,NA
13240,6,6,"F",1,0,3.08,1190,"Business & Economics",0,0,NA
13241,7,6,"F",1,0,3.08,1110,"Arts & Letters",0,0,NA
13242,6,6,"M",1,0,3.55,1380,"Arts & Letters",1,0,NA
13243,7,5,"F",0,1,4.2,1400,"Arts & Letters",1,0,NA
13244,7,7,"F",1,0,3.95,1190,"Arts & Letters",1,0,NA
13245,3,3,"M",1,0,3.95,1530,"Math & Science",1,0,NA
13246,6,6,"F",0,1,4.18,1430,"Math & Science",1,0,NA
13247,7,7,"F",0,1,3.89,1540,"Arts & Letters",1,0,NA
13248,7,4,"M",1,0,2.58,1010,"Arts & Letters",0,0,NA
13249,6,7,"F",0,1,3.5,1270,"Arts & Letters",0,0,NA
13250,7,7,"M",1,0,3.73,1340,"Arts & Letters",0,0,NA
13251,7,7,"F",1,0,3.93,1270,"Math & Science",1,0,NA
13252,2,3,"M",0,0,3.1,990,"Business & Economics",0,0,NA
13253,4,6,"F",1,0,3.92,1120,"Business & Economics",1,1,2.942
13254,6,5,"F",0,1,3.79,1200,"Business & Economics",0,0,NA
13255,4,4,"M",0,0,3.8,1050,"Math & Science",0,0,NA
13256,7,6,"M",0,0,3.27,1370,"Math & Science",0,0,NA
13257,7,6,"F",1,0,4.04,1270,"Business & Economics",1,1,2.94
13258,6,6,"M",1,0,3.48,1250,"Math & Science",0,0,NA
13259,5,5,"M",1,0,3.5,1440,"Arts & Letters",1,0,NA
13260,3,3,"F",0,0,3.5,1170,"Business & Economics",0,0,NA
13261,5,5,"M",1,0,2.62,1130,"Business & Economics",0,0,NA
13262,7,7,"F",0,0,3.79,1310,"Math & Science",0,0,NA
13263,6,6,"F",1,0,3.7,1240,"Arts & Letters",0,0,NA
13264,3,3,"F",0,1,4.25,1540,"Arts & Letters",0,0,NA
13265,6,6,"F",0,1,4.27,1250,"Math & Science",1,0,NA
13266,6,6,"F",0,1,3.85,1210,"Math & Science",1,1,3.003
13267,7,6,"M",1,0,4.17,1330,"Math & Science",1,0,NA
13268,7,6,"M",0,0,4.04,1290,"Arts & Letters",1,0,NA
13269,7,7,"F",0,0,3.84,1150,"Math & Science",1,1,3.9
13270,7,7,"F",1,0,4.4,1240,"Math & Science",1,0,NA
13271,6,4,"F",0,0,3.25,1110,"Math & Science",0,0,NA
13272,7,6,"M",1,0,3.3,1130,"Arts & Letters",0,0,NA
13273,7,7,"M",1,0,3.95,1160,"Arts & Letters",0,0,NA
13274,6,5,"M",1,0,3.14,940,"Arts & Letters",0,0,NA
13275,7,7,"F",1,0,4.26,1270,"Math & Science",1,1,3.159
13276,6,4,"F",0,1,4.14,1360,"Arts & Letters",1,0,NA
13277,7,7,"M",0,1,2.71,580,"Arts & Letters",0,0,NA
13278,7,6,"M",1,0,3.91,1370,"Arts & Letters",0,0,NA
13279,6,6,"M",0,0,2.62,1170,"Business & Economics",0,0,NA
13280,7,6,"M",0,0,3.35,1340,"Business & Economics",0,0,NA
13281,5,6,"M",1,0,2.9,1000,"Arts & Letters",0,0,NA
13282,3,3,"M",0,0,3.5,1010,"Math & Science",0,0,NA
13283,6,6,"M",1,0,4.21,1290,"Math & Science",1,0,NA
13284,4,6,"M",0,0,3.68,1090,"Math & Science",0,0,NA
13285,1,5,"M",0,1,3.8,1250,"Math & Science",1,0,NA
13286,4,4,"F",0,0,0,1080,"Math & Science",0,0,NA
13287,6,6,"F",1,0,3.64,1500,"Arts & Letters",0,0,NA
13288,7,6,"M",0,1,4.05,1530,"Business & Economics",1,0,NA
13289,6,3,"F",1,0,3.68,1190,"Arts & Letters",1,1,3.458
13290,7,6,"M",1,0,3.12,1280,"Arts & Letters",0,0,NA
13291,6,5,"F",0,1,3.85,1120,"Business & Economics",0,0,NA
13292,6,2,"M",0,0,3.64,1220,"Business & Economics",1,1,3.063
13293,4,4,"F",0,0,4.07,1490,"Math & Science",1,0,NA
13294,6,6,"F",1,0,3.95,1390,"Math & Science",1,0,NA
13295,1,1,"F",0,0,4.05,1110,"Arts & Letters",1,1,2.436
13296,6,3,"F",1,0,2.82,1090,"Math & Science",0,0,NA
13297,6,6,"M",1,0,3.38,1140,"Business & Economics",1,0,NA
13298,4,4,"F",1,0,3.67,1000,"Business & Economics",0,0,NA
13299,3,4,"F",1,0,4.09,1340,"Business & Economics",1,1,3.365
13300,7,3,"M",0,0,3.5,1310,"Arts & Letters",0,0,NA
13301,7,7,"F",0,0,4.04,1260,"Math & Science",1,0,NA
13302,6,7,"F",0,0,3.7,1530,"Business & Economics",1,0,NA
13303,6,4,"F",1,0,3.73,1210,"Arts & Letters",0,0,NA
13304,4,4,"F",0,0,3.64,1150,"Arts & Letters",0,0,NA
13305,6,6,"F",1,0,3.48,1360,"Math & Science",1,0,NA
13306,4,3,"M",0,0,3.73,1430,"Business & Economics",0,0,NA
13307,7,7,"M",1,0,4,1400,"Business & Economics",1,0,NA
13308,6,6,"M",1,0,4.03,1250,"Business & Economics",1,0,NA
13309,4,5,"F",0,1,3.7,1110,"Arts & Letters",0,0,NA
13310,6,6,"M",0,1,3.71,1500,"Business & Economics",1,0,NA
13311,7,6,"F",1,0,3.96,1410,"Math & Science",1,0,NA
13312,6,7,"M",1,0,4.25,1330,"Arts & Letters",1,0,NA
13313,7,6,"F",1,0,3.59,1280,"Arts & Letters",0,0,NA
13314,6,6,"M",1,0,3.15,1230,"Arts & Letters",0,0,NA
13315,3,5,"F",1,0,2.9,1210,"Math & Science",0,0,NA
13316,4,6,"F",1,0,3.73,1300,"Business & Economics",1,0,NA
13317,6,6,"F",1,0,4.25,1420,"Math & Science",1,0,NA
13318,7,6,"F",1,0,3.15,1460,"Arts & Letters",1,1,3.136
13319,7,7,"F",1,0,4.21,1210,"Math & Science",0,0,NA
13320,6,4,"M",0,0,3.83,1240,"Business & Economics",1,0,NA
13321,6,7,"M",1,0,3.79,1350,"Business & Economics",1,0,NA
13322,7,7,"F",0,1,3.91,1230,"Arts & Letters",1,0,NA
13323,3,6,"F",1,0,3.15,1210,"Math & Science",0,0,NA
13324,6,6,"F",1,0,4.14,1460,"Business & Economics",1,0,NA
13325,7,7,"F",0,1,3.88,1440,"Business & Economics",1,0,NA
13326,4,2,"M",0,1,3.91,1350,"Math & Science",0,0,NA
13327,7,7,"F",1,0,3.35,1100,"Business & Economics",0,0,NA
13328,1,3,"F",0,1,3.25,1180,"Arts & Letters",0,0,NA
13329,4,4,"M",0,0,4.09,1330,"Math & Science",0,0,NA
13330,6,6,"F",1,0,4.36,1540,"Business & Economics",1,0,NA
13331,3,6,"F",1,0,2.5,890,"Arts & Letters",0,0,NA
13332,6,6,"F",0,0,3.36,1310,"Arts & Letters",0,0,NA
13333,2,4,"F",0,0,3.67,1070,"Arts & Letters",0,0,NA
13334,7,7,"M",0,1,3.71,1520,"Math & Science",1,0,NA
13335,5,7,"F",0,0,3.1,1070,"Arts & Letters",0,0,NA
13336,7,6,"M",1,0,3.59,1270,"Business & Economics",1,0,NA
13337,4,1,"F",0,1,4.12,1330,"Business & Economics",1,0,NA
13338,6,6,"M",1,0,3.59,1490,"Business & Economics",1,0,NA
13339,3,4,"F",0,0,3.55,1170,"Arts & Letters",0,0,NA
13340,7,6,"M",1,0,3.2,1230,"Math & Science",0,0,NA
13341,5,4,"M",1,0,3.65,1360,"Business & Economics",1,0,NA
13342,7,7,"F",1,0,3.77,1200,"Math & Science",0,0,NA
13343,3,6,"F",1,0,3.05,930,"Arts & Letters",0,0,NA
13344,6,4,"F",1,0,2.77,1210,"Business & Economics",0,0,NA
13345,7,3,"M",0,1,3.19,1290,"Arts & Letters",0,0,NA
13346,6,6,"F",0,1,3.39,1200,"Business & Economics",0,0,NA
13347,6,6,"M",1,0,3.85,1280,"Math & Science",0,0,NA
13348,6,6,"M",1,0,3.55,1340,"Business & Economics",0,0,NA
13349,4,4,"F",1,0,3.35,1210,"Business & Economics",1,1,2.532
13350,4,4,"F",0,1,3.21,1320,"Math & Science",0,0,NA
13351,4,4,"F",0,1,3.92,1260,"Math & Science",1,0,NA
13352,6,6,"F",0,1,3.73,1180,"Arts & Letters",0,0,NA
13353,2,1,"M",0,1,3.29,1180,"Math & Science",0,0,NA
13354,6,6,"F",1,0,3.83,1210,"Math & Science",1,1,3.202
13355,3,3,"M",0,0,4.17,1170,"Business & Economics",0,0,NA
13356,7,6,"M",0,0,2.9,1400,"Math & Science",0,0,NA
13357,7,7,"F",1,0,3.41,950,"Arts & Letters",0,0,NA
13358,7,7,"M",1,0,3.86,1110,"Business & Economics",1,1,2.992
13359,7,7,"F",0,1,2.95,960,"Math & Science",0,0,NA
13360,6,3,"M",1,0,3.52,1070,"Math & Science",0,0,NA
13361,3,3,"F",0,0,3.46,1300,"Math & Science",0,0,NA
13362,6,7,"F",1,0,4.36,1320,"Arts & Letters",1,0,NA
13363,6,6,"M",1,0,3.45,1270,"Arts & Letters",0,0,NA
13364,6,4,"M",1,0,3.67,1410,"Math & Science",1,1,3.173
13365,7,5,"M",1,0,4.32,1380,"Math & Science",1,0,NA
13366,6,6,"F",1,0,3.87,1080,"Math & Science",0,0,NA
13367,6,4,"M",0,1,3.41,1320,"Math & Science",0,0,NA
13368,6,6,"M",0,0,2.58,1040,"Business & Economics",0,0,NA
13369,4,3,"M",1,0,2.59,1090,"Arts & Letters",0,0,NA
13370,5,6,"M",1,0,3,1000,"Business & Economics",0,0,NA
13371,4,6,"F",0,0,2.85,1240,"Arts & Letters",0,0,NA
13372,6,6,"M",1,0,2.91,970,"Business & Economics",0,0,NA
13373,1,1,"F",0,0,3.35,1020,"Math & Science",0,0,NA
13374,6,4,"M",0,1,3.19,920,"Arts & Letters",0,0,NA
13375,4,4,"M",1,0,3.78,1180,"Arts & Letters",0,0,NA
13376,6,6,"F",1,0,4.36,1400,"Math & Science",1,0,NA
13377,6,7,"F",1,0,3.86,980,"Arts & Letters",0,0,NA
13378,7,6,"M",0,1,2.87,1260,"Business & Economics",0,0,NA
13379,7,4,"F",1,0,3.57,1060,"Business & Economics",0,0,NA
13380,7,4,"M",1,0,3.62,1260,"Math & Science",0,0,NA
13381,6,7,"F",0,1,3.76,1360,"Arts & Letters",0,0,NA
13382,4,4,"M",1,0,3.82,1140,"Arts & Letters",1,0,NA
13383,6,6,"M",1,0,4.32,1540,"Business & Economics",1,0,NA
13384,6,7,"F",1,0,3.52,1110,"Arts & Letters",0,0,NA
13385,7,6,"M",0,1,4.09,1250,"Math & Science",0,0,NA
13386,6,7,"F",1,0,3.79,1230,"Arts & Letters",1,0,NA
13387,1,2,"F",0,0,3.59,800,"Math & Science",0,0,NA
13388,7,6,"M",0,1,2.74,1300,"Business & Economics",0,0,NA
13389,6,6,"F",1,0,3.57,1050,"Arts & Letters",0,0,NA
13390,6,5,"F",0,1,3.76,1010,"Math & Science",0,0,NA
13391,6,6,"M",1,0,3.1,1330,"Business & Economics",0,0,NA
13392,7,6,"M",1,0,2.65,1150,"Arts & Letters",0,0,NA
13393,3,5,"F",0,0,2.64,890,"Arts & Letters",0,0,NA
13394,5,3,"F",0,0,3.54,1400,"Math & Science",1,0,NA
13395,7,7,"F",1,0,3.21,1380,"Arts & Letters",0,0,NA
13396,7,5,"M",1,0,3.59,1080,"Business & Economics",0,0,NA
13397,7,7,"F",1,0,3.68,1020,"Arts & Letters",0,0,NA
13398,7,7,"F",0,0,3.57,1270,"Arts & Letters",0,0,NA
13399,6,6,"F",0,0,4.19,1110,"Arts & Letters",0,0,NA
13400,1,4,"M",0,1,3.67,1060,"Arts & Letters",0,0,NA
13401,3,4,"F",0,0,3.84,1100,"Business & Economics",0,0,NA
13402,6,4,"M",0,1,3.5,1060,"Arts & Letters",1,1,2.674
13403,7,7,"F",0,1,3.46,1410,"Business & Economics",1,1,3.085
13404,7,7,"F",0,1,2.76,1020,"Math & Science",0,0,NA
13405,6,6,"M",1,0,3.09,1260,"Business & Economics",0,0,NA
13406,4,4,"F",1,0,2.68,940,"Arts & Letters",0,0,NA
13407,6,6,"F",1,0,3.35,1330,"Arts & Letters",0,0,NA
13408,6,3,"M",0,0,3.1,970,"Business & Economics",0,1,2.668
13409,7,7,"M",1,0,3.95,1340,"Business & Economics",1,1,3.727
13410,6,6,"F",1,0,4,1280,"Business & Economics",0,0,NA
13411,6,6,"F",0,1,3.73,1220,"Arts & Letters",0,0,NA
13412,7,7,"M",0,0,3.06,1060,"Math & Science",0,0,NA
13413,7,7,"F",0,0,3.67,970,"Arts & Letters",1,0,NA
13414,7,6,"F",1,0,3.76,1400,"Arts & Letters",1,0,NA
13415,7,7,"F",0,0,3.75,1170,"Arts & Letters",0,0,NA
13416,6,7,"M",1,0,3.27,1050,"Math & Science",0,0,NA
13417,6,7,"F",0,0,3.62,1190,"Arts & Letters",0,0,NA
13418,6,6,"M",1,0,4.09,1220,"Math & Science",0,0,NA
13419,3,5,"F",1,0,3.48,1190,"Math & Science",0,0,NA
13420,6,4,"F",1,0,3.46,1140,"Arts & Letters",0,0,NA
13421,6,4,"M",1,0,3.39,1240,"Math & Science",0,0,NA
13422,6,3,"M",0,1,2.31,1420,"Business & Economics",0,0,NA
13423,3,3,"M",1,0,3.09,1050,"Business & Economics",0,0,NA
13424,6,7,"M",1,0,3.42,1320,"Arts & Letters",0,0,NA
13425,5,5,"M",1,0,4.22,1250,"Arts & Letters",1,0,NA
13426,6,6,"M",1,0,3.68,1300,"Business & Economics",0,0,NA
13427,1,4,"M",1,0,4.14,1210,"Math & Science",1,0,NA
13428,6,4,"M",1,0,3.46,1050,"Business & Economics",0,0,NA
13429,7,7,"F",1,0,3.59,1240,"Math & Science",0,0,NA
13430,7,6,"F",0,1,3.55,1250,"Arts & Letters",0,0,NA
13431,6,3,"M",1,0,4,1310,"Business & Economics",1,1,3.586
13432,7,6,"F",0,1,2.93,1320,"Math & Science",0,0,NA
13433,6,3,"F",1,0,3.4,1100,"Arts & Letters",0,0,NA
13434,3,6,"M",1,0,4.17,1280,"Arts & Letters",1,0,NA
13435,4,4,"M",0,0,4.04,1130,"Arts & Letters",0,0,NA
13436,6,7,"F",1,0,4.12,1390,"Math & Science",1,0,NA
13437,3,3,"F",1,0,3.53,1100,"Arts & Letters",1,0,NA
13438,4,5,"M",1,0,3,1310,"Arts & Letters",0,0,NA
13439,7,5,"F",0,0,2.85,1070,"Arts & Letters",0,0,NA
13440,7,6,"M",1,0,3.11,1050,"Arts & Letters",0,0,NA
13441,7,6,"F",0,0,2.96,1190,"Arts & Letters",0,0,NA
13442,4,5,"F",0,0,3.45,1170,"Arts & Letters",1,0,NA
13443,6,6,"F",1,0,4.23,1170,"Business & Economics",1,0,NA
13444,6,7,"M",0,0,3.09,1050,"Business & Economics",0,0,NA
13445,7,7,"F",0,0,3.04,1190,"Math & Science",0,0,NA
13446,6,6,"M",0,0,3.45,1440,"Business & Economics",1,0,NA
13447,7,6,"F",0,0,3.64,1200,"Math & Science",0,0,NA
13448,6,5,"M",0,1,3.38,1270,"Math & Science",0,0,NA
13449,6,6,"F",1,0,3.88,1310,"Business & Economics",0,0,NA
13450,7,6,"M",0,0,3.67,1230,"Business & Economics",1,0,NA
13451,7,6,"F",0,1,3.83,1410,"Arts & Letters",1,0,NA
13452,6,4,"M",0,0,3.64,970,"Arts & Letters",0,0,NA
13453,6,6,"F",0,0,2.74,1170,"Arts & Letters",0,0,NA
13454,4,4,"F",1,0,3.26,1180,"Arts & Letters",0,0,NA
13455,6,6,"F",0,0,3.1,1120,"Business & Economics",0,0,NA
13456,7,4,"F",1,0,3.62,1100,"Arts & Letters",0,0,NA
13457,6,6,"F",1,0,4,1140,"Math & Science",0,0,NA
13458,6,4,"F",0,0,4.1,1260,"Arts & Letters",1,0,NA
13459,3,3,"M",1,0,4.18,1170,"Math & Science",1,0,NA
13460,7,7,"M",0,1,3,1270,"Math & Science",1,0,NA
13461,7,7,"M",0,1,4.2,1430,"Math & Science",1,0,NA
13462,7,6,"M",0,1,3.88,1280,"Math & Science",1,0,NA
13463,6,3,"F",0,1,4.35,1250,"Math & Science",1,0,NA
13464,6,7,"F",0,1,4.31,1390,"Business & Economics",1,0,NA
13465,7,7,"F",0,0,3.21,1300,"Business & Economics",0,0,NA
13466,5,4,"M",1,0,2.81,1090,"Business & Economics",0,0,NA
13467,6,6,"F",1,0,3.58,1210,"Business & Economics",1,1,3.133
13468,4,5,"F",1,0,4.16,1150,"Arts & Letters",1,0,NA
13469,7,6,"M",0,1,3.32,1320,"Math & Science",0,0,NA
13470,6,6,"F",1,0,3.71,1050,"Business & Economics",0,0,NA
13471,7,7,"F",1,0,4.14,1390,"Arts & Letters",1,0,NA
13472,2,6,"M",1,0,3.71,1130,"Arts & Letters",0,0,NA
13473,3,6,"F",0,1,3.71,1340,"Arts & Letters",1,0,NA
13474,7,6,"F",1,0,3.33,1270,"Business & Economics",0,0,NA
13475,6,6,"F",0,0,3.36,1190,"Arts & Letters",0,0,NA
13476,7,7,"M",1,0,3.67,1230,"Business & Economics",0,0,NA
13477,7,6,"M",0,0,3.55,1170,"Arts & Letters",0,0,NA
13478,6,3,"F",0,0,3.64,1180,"Math & Science",0,0,NA
13479,6,6,"M",1,0,4.1,1490,"Arts & Letters",1,0,NA
13480,7,6,"M",1,0,3.64,1170,"Business & Economics",0,0,NA
13481,6,6,"F",1,0,3.62,1320,"Arts & Letters",1,0,NA
13482,7,7,"F",1,0,4,1290,"Business & Economics",1,0,NA
13483,6,6,"M",0,0,3.33,1220,"Arts & Letters",0,1,3.046
13484,6,7,"F",1,0,4.04,1350,"Math & Science",1,1,2.858
13485,6,7,"M",0,1,3.59,870,"Arts & Letters",0,0,NA
13486,6,3,"M",0,0,3.09,1070,"Arts & Letters",0,0,NA
13487,3,3,"F",0,1,3.13,870,"Arts & Letters",0,0,NA
13488,7,6,"M",1,0,3.36,1090,"Business & Economics",0,0,NA
13489,7,6,"F",0,1,3.38,1170,"Arts & Letters",0,0,NA
13490,7,6,"M",0,0,3.25,1120,"Math & Science",0,0,NA
13491,6,7,"M",1,0,3.65,1390,"Math & Science",1,0,NA
13492,3,3,"M",0,1,3.27,1600,"Math & Science",1,0,NA
13493,3,3,"F",0,0,3,820,"Business & Economics",0,0,NA
13494,7,6,"F",1,0,4.14,1100,"Math & Science",0,0,NA
13495,7,7,"F",0,1,3.65,1380,"Business & Economics",1,0,NA
13496,7,6,"M",0,1,3.85,1250,"Math & Science",1,0,NA
13497,6,5,"M",0,1,4.08,1200,"Arts & Letters",0,0,NA
13498,6,3,"M",0,0,3.6,960,"Business & Economics",0,0,NA
13499,2,2,"M",0,0,3.23,1150,"Math & Science",0,0,NA
13500,7,3,"F",0,0,3.74,1240,"Arts & Letters",0,0,NA
13501,4,7,"F",0,0,3.93,1220,"Arts & Letters",1,1,3.308
13502,6,6,"F",0,0,3.73,1370,"Math & Science",0,0,NA
13503,7,7,"M",1,0,3.41,1070,"Arts & Letters",0,0,NA
13504,4,4,"F",0,1,4.18,1140,"Arts & Letters",0,0,NA
13505,3,4,"M",0,0,3.33,1010,"Arts & Letters",0,0,NA
13506,1,4,"M",1,0,3,1350,"Arts & Letters",0,0,NA
13507,7,7,"F",1,0,4.16,1250,"Arts & Letters",1,1,3.7
13508,6,7,"F",0,0,4,1290,"Arts & Letters",0,0,NA
13509,6,6,"M",1,0,3.35,1130,"Arts & Letters",0,0,NA
13510,6,3,"F",0,0,4.22,1070,"Math & Science",0,0,NA
13511,4,6,"M",0,0,3.18,1150,"Arts & Letters",0,0,NA
13512,6,6,"F",0,1,4.14,1320,"Business & Economics",1,0,NA
13513,6,4,"M",0,0,3.5,1270,"Arts & Letters",1,0,NA
13514,6,3,"M",1,0,3.86,1350,"Business & Economics",1,0,NA
13515,4,6,"M",1,0,3.23,950,"Math & Science",0,0,NA
13516,6,6,"F",0,1,3.82,1360,"Math & Science",0,0,NA
13517,2,6,"F",0,1,3.86,1270,"Math & Science",1,1,3.691
13518,4,2,"F",0,0,4.08,1180,"Math & Science",1,0,NA
13519,5,4,"F",0,1,3.41,1250,"Business & Economics",1,1,3.234
13520,5,3,"F",1,0,3.74,1040,"Arts & Letters",0,0,NA
13521,7,6,"M",1,0,2.35,1100,"Arts & Letters",0,0,NA
13522,3,3,"M",0,1,3.25,1260,"Arts & Letters",0,0,NA
13523,6,4,"F",1,0,2.96,1040,"Arts & Letters",0,0,NA
13524,5,5,"M",0,0,3.92,1260,"Math & Science",1,0,NA
13525,3,3,"F",1,0,4.23,1100,"Math & Science",0,0,NA
13526,5,5,"M",1,0,2.75,1410,"Math & Science",0,0,NA
13527,7,4,"M",0,0,3,960,"Business & Economics",0,0,NA
13528,6,3,"M",1,0,4.06,1220,"Business & Economics",0,0,NA
13529,7,4,"M",0,0,2.14,1090,"Math & Science",0,0,NA
13530,5,7,"M",0,0,3.79,1330,"Business & Economics",1,1,2.781
13531,7,6,"F",0,1,3.3,1140,"Business & Economics",0,0,NA
13532,5,5,"M",1,0,2.7,1000,"Math & Science",0,0,NA
13533,6,3,"F",0,1,4.09,1200,"Business & Economics",1,0,NA
13534,3,6,"F",1,0,4.15,1330,"Business & Economics",1,0,NA
13535,4,4,"M",0,1,3.61,1330,"Math & Science",0,0,NA
13536,2,3,"F",0,0,3.41,950,"Arts & Letters",0,0,NA
13537,3,3,"M",1,0,3.73,1180,"Math & Science",0,0,NA
13538,6,6,"M",0,1,2.65,1160,"Business & Economics",0,0,NA
13539,6,6,"M",1,0,4.14,1390,"Math & Science",1,0,NA
13540,3,3,"M",0,0,2.38,990,"Math & Science",0,0,NA
13541,3,3,"F",0,1,3.52,1210,"Math & Science",0,0,NA
13542,1,1,"F",0,1,3.32,940,"Business & Economics",0,0,NA
13543,7,6,"F",1,0,4.09,1300,"Business & Economics",1,0,NA
13544,7,7,"F",1,0,2.39,850,"Math & Science",0,0,NA
13545,3,5,"M",0,1,3.5,1280,"Arts & Letters",0,0,NA
13546,2,2,"F",0,1,3.25,790,"Math & Science",0,0,NA
13547,3,3,"M",0,1,3.54,840,"Math & Science",0,0,NA
13548,6,6,"F",1,0,4.27,1260,"Arts & Letters",1,1,3.785
13549,7,7,"F",1,0,3.62,1190,"Arts & Letters",1,0,NA
13550,5,5,"F",0,1,3.09,1080,"Math & Science",0,0,NA
13551,3,2,"F",0,0,2.86,730,"Arts & Letters",0,0,NA
13552,7,4,"M",1,0,3.5,1170,"Arts & Letters",0,0,NA
13553,3,6,"M",1,0,3.25,1180,"Math & Science",0,0,NA
13554,6,6,"F",1,0,4.21,1160,"Business & Economics",0,0,NA
13555,6,6,"M",1,0,3.06,1360,"Arts & Letters",0,0,NA
13556,6,3,"M",0,0,3.3,1340,"Arts & Letters",0,0,NA
13557,1,1,"F",0,0,2.27,870,"Arts & Letters",0,0,NA
13558,4,3,"F",0,1,3.29,1290,"Business & Economics",0,0,NA
13559,6,7,"F",1,0,3.73,1290,"Math & Science",1,0,NA
13560,6,6,"F",1,0,3.03,1240,"Arts & Letters",1,1,2.642
13561,4,4,"M",0,1,3.05,870,"Math & Science",0,0,NA
13562,6,6,"F",0,1,3.68,1260,"Business & Economics",0,0,NA
13563,6,4,"M",0,1,3.59,1130,"Math & Science",0,0,NA
13564,2,2,"F",0,1,3.25,930,"Business & Economics",0,0,NA
13565,3,3,"F",0,0,3.68,1130,"Arts & Letters",1,0,NA
13566,6,7,"F",1,0,3.96,1130,"Arts & Letters",0,0,NA
13567,7,7,"F",1,0,4.18,1450,"Math & Science",1,0,NA
13568,7,7,"M",1,0,4.08,1310,"Math & Science",1,1,3.709
13569,4,4,"M",0,0,3.05,1150,"Arts & Letters",0,0,NA
13570,1,1,"M",0,0,3.4,890,"Arts & Letters",0,0,NA
13571,6,4,"F",1,0,4.4,1480,"Arts & Letters",1,0,NA
13572,6,4,"F",0,0,4,1300,"Math & Science",0,0,NA
13573,3,3,"F",0,0,3.58,1070,"Arts & Letters",0,0,NA
13574,1,1,"M",0,0,3.06,1140,"Business & Economics",0,0,NA
13575,2,1,"F",0,0,4.25,1370,"Math & Science",1,0,NA
13576,4,5,"F",0,1,3.91,1270,"Arts & Letters",0,0,NA
13577,4,4,"F",0,0,2.75,890,"Arts & Letters",0,0,NA
13578,6,5,"M",0,1,4,1420,"Math & Science",1,0,NA
13579,3,3,"M",0,0,4.14,1300,"Math & Science",1,0,NA
13580,5,4,"F",1,0,3.15,820,"Arts & Letters",0,0,NA
13581,7,7,"M",0,1,3.73,1280,"Math & Science",1,0,NA
13582,3,5,"M",0,0,3.45,1110,"Arts & Letters",0,0,NA
13583,7,7,"M",0,0,3.41,1310,"Math & Science",0,0,NA
13584,3,4,"F",0,0,2.9,810,"Arts & Letters",0,0,NA
13585,4,5,"M",0,1,3.32,850,"Business & Economics",0,0,NA
13586,6,6,"F",0,1,3.27,1180,"Business & Economics",0,0,NA
13587,7,6,"F",0,0,4.06,1450,"Arts & Letters",1,0,NA
13588,6,6,"M",1,0,4.18,1270,"Arts & Letters",1,0,NA
13589,6,7,"M",0,1,3.65,1270,"Arts & Letters",0,0,NA
13590,7,7,"F",0,1,2.96,1230,"Arts & Letters",0,0,NA
13591,2,2,"M",0,0,3.05,940,"Math & Science",0,0,NA
13592,6,4,"M",0,0,2.8,880,"Business & Economics",0,0,NA
13593,3,3,"F",1,0,2.68,1010,"Arts & Letters",0,0,NA
13594,5,5,"F",0,0,3.36,1090,"Arts & Letters",0,1,2.389
13595,1,1,"F",0,0,4.05,1150,"Arts & Letters",1,0,NA
13596,2,2,"F",0,1,3.73,1060,"Math & Science",1,0,NA
13597,6,6,"M",0,1,4.09,1490,"Business & Economics",1,0,NA
13598,3,2,"F",0,0,4.35,1140,"Math & Science",1,0,NA
13599,6,4,"F",0,1,3.89,1120,"Arts & Letters",0,0,NA
13600,1,1,"M",0,0,3.39,1110,"Business & Economics",1,0,NA
13601,7,6,"M",0,0,4.05,1330,"Business & Economics",1,0,NA
13602,7,7,"M",1,0,3.75,1210,"Business & Economics",1,0,NA
13603,7,4,"F",0,1,3.64,1230,"Arts & Letters",0,0,NA
13604,4,5,"M",1,0,3.5,1310,"Math & Science",0,0,NA
13605,3,3,"F",0,0,3.27,970,"Math & Science",0,0,NA
13606,7,7,"F",0,0,3.1,1060,"Arts & Letters",0,0,NA
13607,7,7,"F",0,1,4.15,1250,"Arts & Letters",1,0,NA
13608,3,5,"F",1,0,4,1170,"Business & Economics",0,0,NA
13609,7,7,"M",1,0,4.14,1440,"Business & Economics",1,0,NA
13610,1,1,"F",0,0,3.67,1170,"Business & Economics",1,0,NA
13611,6,4,"M",0,1,3.58,1200,"Arts & Letters",0,0,NA
13612,3,7,"F",0,1,3.68,1310,"Business & Economics",1,1,3.21
13613,4,4,"F",0,0,4.2,1180,"Business & Economics",1,0,NA
13614,6,4,"F",0,1,3.45,1090,"Business & Economics",0,0,NA
13615,6,6,"F",0,1,3.85,1320,"Business & Economics",1,0,NA
13616,1,1,"M",0,1,3.27,1260,"Business & Economics",1,0,NA
13617,7,5,"M",0,0,3.35,950,"Arts & Letters",0,0,NA
13618,7,7,"F",0,1,3.75,1540,"Business & Economics",1,0,NA
13619,1,1,"M",0,0,3.71,1430,"Math & Science",1,0,NA
13620,7,6,"F",0,1,3.85,1250,"Arts & Letters",1,0,NA
13621,7,7,"F",0,1,3.09,1200,"Arts & Letters",0,0,NA
13622,7,6,"F",0,1,3.86,1350,"Business & Economics",0,0,NA
13623,7,6,"F",1,0,3.73,1270,"Math & Science",0,0,NA
13624,2,2,"F",0,1,3.5,940,"Arts & Letters",0,0,NA
13625,5,4,"F",0,1,3.83,1250,"Arts & Letters",0,0,NA
13626,2,1,"M",0,1,3.79,1300,"Business & Economics",1,0,NA
13627,2,2,"F",0,1,3.59,830,"Math & Science",0,0,NA
13628,4,4,"F",1,0,4.05,1380,"Business & Economics",1,1,3.057
13629,4,6,"F",0,0,3.09,1070,"Arts & Letters",0,0,NA
13630,6,7,"M",1,0,3.79,1520,"Math & Science",1,0,NA
13631,3,7,"M",1,0,3.82,1120,"Business & Economics",0,0,NA
13632,4,6,"M",0,0,3.39,1070,"Business & Economics",0,0,NA
13633,4,3,"F",0,1,3.1,760,"Arts & Letters",0,0,NA
13634,3,3,"F",0,0,3.82,910,"Arts & Letters",0,0,NA
13635,4,4,"M",1,0,3.6,1190,"Arts & Letters",0,0,NA
13636,6,4,"F",1,0,3.8,1260,"Math & Science",1,1,2.821
13637,6,7,"M",1,0,3.9,1290,"Business & Economics",1,0,NA
13638,5,5,"M",1,0,3.06,880,"Arts & Letters",0,0,NA
13639,1,1,"F",0,0,3.45,1090,"Math & Science",1,1,2.587
13640,1,1,"M",0,0,3.82,1060,"Business & Economics",0,0,NA
13641,7,3,"F",0,1,3.64,1150,"Math & Science",0,0,NA
13642,3,3,"F",0,1,3.18,1150,"Arts & Letters",0,0,NA
13643,6,6,"M",0,1,3.52,1140,"Business & Economics",0,0,NA
13644,5,5,"F",1,0,3.48,1030,"Arts & Letters",0,0,NA
13645,3,6,"M",1,0,3.3,1150,"Arts & Letters",0,0,NA
13646,7,6,"M",1,0,2.81,1200,"Business & Economics",0,0,NA
13647,7,7,"M",0,0,3.8,1110,"Math & Science",0,0,NA
13648,1,1,"F",0,0,3.95,1130,"Math & Science",0,0,NA
13649,6,7,"M",1,0,4.08,1290,"Arts & Letters",0,0,NA
13650,6,3,"M",1,0,4.1,1350,"Business & Economics",1,0,NA
13651,7,6,"F",1,0,4.21,1540,"Math & Science",1,0,NA
13652,2,5,"M",0,0,2.88,1000,"Math & Science",0,0,NA
13653,6,7,"F",1,0,3.5,1230,"Arts & Letters",0,0,NA
13654,1,1,"M",0,0,3.83,1300,"Arts & Letters",1,0,NA
13655,6,6,"F",0,0,4.09,1330,"Business & Economics",1,0,NA
13656,6,7,"M",1,0,4.09,1440,"Math & Science",1,0,NA
13657,6,6,"F",1,0,3.32,980,"Math & Science",0,0,NA
13658,7,6,"M",1,0,3.04,1150,"Arts & Letters",0,0,NA
13659,6,6,"M",0,0,2.5,880,"Math & Science",0,0,NA
13660,6,4,"M",0,0,3.5,1240,"Arts & Letters",0,0,NA
13661,2,2,"F",0,0,2.85,710,"Arts & Letters",0,0,NA
13662,7,4,"M",1,0,3.69,1080,"Arts & Letters",0,0,NA
13663,7,7,"M",1,0,3.45,1070,"Arts & Letters",0,0,NA
13664,2,2,"F",1,0,3.5,1120,"Arts & Letters",1,1,2.586
13665,7,4,"F",0,1,3.46,1060,"Arts & Letters",0,0,NA
13666,5,5,"F",0,0,4.2,1110,"Arts & Letters",1,0,NA
13667,5,7,"F",1,0,3.5,1010,"Arts & Letters",0,0,NA
13668,4,6,"M",1,0,2.91,1330,"Math & Science",0,0,NA
13669,7,6,"M",1,0,3.25,1220,"Math & Science",0,0,NA
13670,5,6,"M",1,0,3.3,1010,"Business & Economics",0,0,NA
13671,6,6,"M",0,1,3.46,1400,"Arts & Letters",1,1,3.128
13672,6,5,"M",0,0,3.62,1030,"Arts & Letters",0,0,NA
13673,7,6,"F",0,0,3.79,1230,"Math & Science",1,0,NA
13674,1,2,"M",0,0,4.26,1230,"Math & Science",1,0,NA
13675,1,2,"M",0,0,3.19,360,"Math & Science",0,0,NA
13676,6,6,"M",1,0,3.83,1310,"Math & Science",0,0,NA
13677,3,3,"F",0,0,3.29,990,"Arts & Letters",0,0,NA
13678,7,4,"F",1,0,3.09,1180,"Math & Science",0,0,NA
13679,3,3,"M",1,0,2.74,1000,"Math & Science",0,0,NA
13680,6,5,"F",1,0,3.77,1160,"Business & Economics",0,0,NA
13681,5,7,"F",1,0,3.95,1180,"Arts & Letters",0,0,NA
13682,1,1,"M",0,0,3.57,1010,"Business & Economics",0,0,NA
13683,6,4,"M",0,0,3.91,1250,"Arts & Letters",0,0,NA
13684,7,7,"M",1,0,3.77,1240,"Arts & Letters",1,0,NA
13685,3,3,"M",1,0,2.86,1100,"Math & Science",0,0,NA
13686,6,4,"F",1,0,2.81,1180,"Arts & Letters",0,0,NA
13687,7,7,"F",1,0,4.17,1340,"Math & Science",1,0,NA
13688,4,6,"M",0,1,3.65,1170,"Math & Science",0,0,NA
13689,6,5,"M",1,0,2.75,970,"Business & Economics",0,0,NA
13690,4,4,"M",0,0,3.1,1250,"Business & Economics",0,0,NA
13691,6,6,"F",1,0,3.46,960,"Arts & Letters",0,0,NA
13692,2,5,"F",0,1,3.05,860,"Arts & Letters",0,0,NA
13693,3,2,"F",0,0,3.04,1110,"Arts & Letters",0,0,NA
13694,4,6,"M",1,0,2.56,1030,"Business & Economics",0,0,NA
13695,3,4,"F",1,0,4,1250,"Arts & Letters",0,0,NA
13696,2,3,"M",0,0,3.45,1030,"Business & Economics",0,0,NA
13697,5,5,"F",1,0,2.67,960,"Math & Science",0,0,NA
13698,4,4,"F",1,0,3.03,860,"Arts & Letters",0,0,NA
13699,6,4,"F",1,0,3.83,1210,"Arts & Letters",0,0,NA
13700,6,3,"F",1,0,3.85,1290,"Arts & Letters",0,0,NA
13701,2,2,"M",0,0,3.18,1080,"Arts & Letters",0,0,NA
13702,6,6,"M",1,0,3.3,1120,"Math & Science",0,0,NA
13703,6,5,"F",0,0,2.76,890,"Arts & Letters",0,0,NA
13704,6,6,"M",1,0,4.17,1320,"Business & Economics",1,0,NA
13705,7,7,"F",0,0,3.75,1330,"Math & Science",0,0,NA
13706,6,6,"F",1,0,2.82,1190,"Arts & Letters",0,0,NA
13707,6,6,"F",0,1,3.25,1120,"Arts & Letters",0,0,NA
13708,6,6,"M",0,0,2.95,1400,"Math & Science",0,0,NA
13709,7,7,"F",1,0,4.1,1390,"Arts & Letters",0,0,NA
13710,2,2,"M",0,0,3.27,860,"Business & Economics",0,0,NA
13711,7,4,"F",1,0,3.32,960,"Arts & Letters",0,0,NA
13712,7,4,"M",0,1,3.5,1060,"Arts & Letters",0,0,NA
13713,4,4,"F",1,0,3.88,1300,"Arts & Letters",0,0,NA
13714,3,4,"F",0,0,3.93,1160,"Arts & Letters",0,0,NA
13715,5,4,"M",1,0,3.4,1130,"Math & Science",0,0,NA
13716,1,3,"F",0,0,3.43,1070,"Arts & Letters",0,0,NA
13717,3,3,"M",1,0,3.11,1160,"Arts & Letters",0,0,NA
13718,6,3,"F",0,1,3.38,1200,"Math & Science",0,0,NA
13719,7,7,"M",1,0,3.79,1300,"Arts & Letters",0,0,NA
13720,2,4,"F",0,0,3.58,1100,"Math & Science",0,0,NA
13721,6,6,"F",0,1,4,1060,"Arts & Letters",0,0,NA
13722,6,3,"F",1,0,3.55,1100,"Arts & Letters",0,0,NA
13723,7,6,"F",0,1,3.71,1180,"Math & Science",0,0,NA
13724,6,6,"F",1,0,3.71,1250,"Arts & Letters",1,0,NA
13725,7,4,"M",1,0,3.05,1160,"Business & Economics",0,0,NA
13726,6,7,"F",0,0,3.54,1260,"Arts & Letters",1,1,3.051
13727,4,6,"F",0,1,2.86,800,"Math & Science",0,0,NA
13728,7,7,"F",0,1,3.83,1330,"Math & Science",1,0,NA
13729,3,3,"F",0,0,2.75,860,"Business & Economics",0,0,NA
13730,3,3,"F",0,0,3.5,1080,"Math & Science",0,0,NA
13731,3,7,"M",1,0,3.33,1130,"Math & Science",0,0,NA
13732,6,6,"M",0,1,3.73,1180,"Arts & Letters",1,0,NA
13733,2,2,"M",0,1,3.64,1240,"Business & Economics",0,0,NA
13734,2,2,"M",0,0,3.84,790,"Math & Science",0,0,NA
13735,7,6,"M",0,1,3.5,1160,"Math & Science",0,0,NA
13736,4,3,"F",0,0,3.58,830,"Math & Science",0,0,NA
13737,4,3,"M",0,0,4,1170,"Math & Science",0,0,NA
13738,2,2,"M",0,0,3.07,1080,"Math & Science",0,0,NA
13739,6,4,"F",1,0,3.55,1170,"Math & Science",0,0,NA
13740,3,3,"F",0,1,3.05,1020,"Arts & Letters",0,0,NA
13741,7,6,"F",1,0,3.64,1190,"Arts & Letters",0,0,NA
13742,6,6,"F",1,0,3.27,850,"Arts & Letters",0,0,NA
13743,3,3,"M",0,0,3.68,1020,"Math & Science",0,0,NA
13744,4,4,"M",0,1,3.65,1180,"Arts & Letters",0,0,NA
13745,6,6,"F",1,0,4.21,1500,"Math & Science",1,0,NA
13746,6,4,"F",0,1,3.08,860,"Arts & Letters",0,0,NA
13747,3,3,"M",1,0,3.39,1090,"Math & Science",0,0,NA
13748,5,5,"F",1,0,3.5,830,"Math & Science",0,0,NA
13749,7,7,"M",1,0,3.64,1480,"Math & Science",1,0,NA
13750,6,6,"M",0,1,2.91,1130,"Math & Science",0,0,NA
13751,4,4,"F",0,0,4,1190,"Business & Economics",1,0,NA
13752,7,7,"M",1,0,3.17,1000,"Business & Economics",0,0,NA
13753,7,7,"M",0,1,3.45,1380,"Arts & Letters",1,1,3.667
13754,3,3,"M",0,0,3.19,1080,"Math & Science",0,1,2.304
13755,6,6,"F",0,1,3.92,1140,"Arts & Letters",1,0,NA
13756,4,6,"M",1,0,2.67,1300,"Arts & Letters",0,0,NA
13757,6,6,"M",0,0,3.42,1270,"Arts & Letters",1,0,NA
13758,6,6,"M",0,0,3.58,1170,"Arts & Letters",0,0,NA
13759,2,2,"M",0,1,2.79,870,"Business & Economics",0,0,NA
13760,7,7,"M",0,1,3.81,1280,"Math & Science",0,0,NA
13761,7,7,"M",0,0,3.62,1260,"Business & Economics",1,0,NA
13762,6,6,"M",0,1,3.25,950,"Math & Science",0,0,NA
13763,7,4,"M",0,0,3.83,1470,"Math & Science",1,1,3.493
13764,4,4,"F",0,1,3.65,1090,"Arts & Letters",0,0,NA
13765,7,4,"F",0,0,3.45,1320,"Arts & Letters",0,0,NA
13766,1,1,"F",0,0,4.18,960,"Math & Science",1,0,NA
13767,3,3,"M",1,0,4.1,1100,"Business & Economics",0,0,NA
13768,7,6,"M",1,0,3.59,1190,"Arts & Letters",1,1,3.017
13769,2,2,"F",0,1,3.14,980,"Arts & Letters",0,0,NA
13770,7,7,"F",0,1,3.23,1250,"Arts & Letters",0,0,NA
13771,3,3,"M",0,1,3.86,1170,"Business & Economics",0,0,NA
13772,7,6,"M",1,0,3.57,1210,"Math & Science",1,1,2.1
13773,7,7,"F",1,0,3.38,870,"Math & Science",0,0,NA
13774,7,6,"M",1,0,3.77,1280,"Business & Economics",1,0,NA
13775,3,3,"F",1,0,3.95,1160,"Math & Science",0,0,NA
13776,5,3,"F",1,0,3.71,1110,"Arts & Letters",0,0,NA
13777,6,7,"M",0,1,3,960,"Business & Economics",0,0,NA
13778,6,6,"M",0,0,3.91,1210,"Business & Economics",1,0,NA
13779,4,6,"F",0,0,3.52,1000,"Arts & Letters",1,0,NA
13780,7,7,"F",1,0,4.22,1110,"Business & Economics",0,0,NA
13781,6,7,"M",1,0,2.88,1080,"Math & Science",0,0,NA
13782,4,5,"F",1,0,3.52,1060,"Arts & Letters",0,0,NA
13783,3,3,"M",0,0,2.7,1120,"Math & Science",0,0,NA
13784,3,3,"F",0,1,4.04,1190,"Math & Science",1,0,NA
13785,6,3,"M",1,0,4,1240,"Arts & Letters",0,0,NA
13786,6,6,"F",0,0,3.97,1090,"Arts & Letters",1,0,NA
13787,7,7,"F",0,1,3.76,1390,"Math & Science",1,0,NA
13788,7,7,"F",0,1,4.3,1410,"Business & Economics",1,1,3.872
13789,7,7,"F",0,0,3.86,1220,"Business & Economics",0,0,NA
13790,3,3,"M",0,0,3.14,970,"Math & Science",0,0,NA
13791,4,4,"F",1,0,4.3,1140,"Business & Economics",1,0,NA
13792,6,6,"M",0,1,3.38,1360,"Business & Economics",0,0,NA
13793,7,4,"M",0,0,4.17,1180,"Math & Science",0,0,NA
13794,1,1,"F",0,1,3.45,1310,"Math & Science",0,0,NA
13795,6,6,"F",0,1,4.08,1440,"Arts & Letters",0,0,NA
13796,3,7,"M",1,0,2.44,1120,"Business & Economics",0,0,NA
13797,4,4,"F",0,1,3.44,1300,"Math & Science",1,0,NA
13798,6,7,"F",1,0,3.56,990,"Arts & Letters",0,0,NA
13799,7,7,"F",1,0,3.45,1230,"Arts & Letters",0,0,NA
13800,3,3,"F",0,0,3.61,790,"Arts & Letters",0,0,NA
13801,3,3,"F",1,0,4.18,1280,"Arts & Letters",1,0,NA
13802,5,6,"F",0,1,3.57,1360,"Math & Science",0,0,NA
13803,6,6,"M",1,0,3.58,1050,"Math & Science",0,0,NA
13804,3,5,"F",0,0,3.22,970,"Arts & Letters",0,0,NA
13805,6,7,"M",0,0,2.75,1270,"Arts & Letters",0,0,NA
13806,3,6,"M",0,1,4,1350,"Math & Science",1,0,NA
13807,7,6,"F",0,1,3.54,1340,"Arts & Letters",1,1,3.301
13808,3,4,"F",0,0,2.96,930,"Business & Economics",0,0,NA
13809,7,7,"M",0,1,2.96,1170,"Business & Economics",0,0,NA
13810,4,1,"M",0,1,3.82,1370,"Math & Science",1,0,NA
13811,4,4,"M",0,0,3,720,"Business & Economics",0,0,NA
13812,7,4,"F",0,0,3.32,1320,"Math & Science",0,0,NA
13813,4,6,"F",0,0,3.39,1060,"Arts & Letters",0,0,NA
13814,7,7,"M",0,1,2.83,1160,"Business & Economics",0,0,NA
13815,6,6,"F",1,0,3.04,910,"Business & Economics",0,0,NA
13816,7,7,"M",1,0,3.5,1280,"Math & Science",0,0,NA
13817,2,2,"F",0,0,2.5,610,"Arts & Letters",0,0,NA
13818,4,3,"F",1,0,3.91,1090,"Math & Science",0,0,NA
13819,4,7,"F",0,0,3.32,1100,"Arts & Letters",0,0,NA
13820,4,4,"M",0,1,3.62,1520,"Math & Science",1,0,NA
13821,3,3,"F",1,0,4.15,1070,"Math & Science",0,0,NA
13822,2,5,"F",0,1,3.33,1190,"Business & Economics",0,0,NA
13823,7,6,"F",1,0,3.86,1430,"Arts & Letters",0,0,NA
13824,6,7,"M",1,0,4.05,1100,"Arts & Letters",1,0,NA
13825,3,3,"M",1,0,3.35,1040,"Arts & Letters",0,0,NA
13826,5,3,"M",0,0,3.15,1050,"Math & Science",0,0,NA
13827,1,1,"M",0,0,2.38,860,"Business & Economics",0,0,NA
13828,3,3,"M",1,0,2.67,750,"Math & Science",0,0,NA
13829,1,1,"M",0,0,4,1180,"Math & Science",1,0,NA
13830,4,6,"M",1,0,3.92,1340,"Math & Science",0,0,NA
13831,7,6,"F",1,0,3.9,1040,"Math & Science",0,0,NA
13832,5,5,"M",0,0,3.09,1100,"Math & Science",1,0,NA
13833,4,4,"F",0,1,3.59,1030,"Math & Science",0,0,NA
13834,6,6,"F",1,0,3.54,1050,"Business & Economics",0,0,NA
13835,1,1,"F",0,0,3.61,880,"Arts & Letters",0,0,NA
13836,6,6,"M",1,0,3.86,1330,"Business & Economics",1,0,NA
13837,7,7,"F",1,0,4.21,1300,"Arts & Letters",1,0,NA
13838,6,6,"F",1,0,2.8,890,"Math & Science",0,0,NA
13839,7,7,"F",1,0,3,1240,"Business & Economics",0,0,NA
13840,6,6,"M",0,1,2.82,1130,"Business & Economics",0,0,NA
13841,6,1,"F",0,1,3.79,1080,"Math & Science",0,0,NA
13842,4,6,"F",1,0,4.23,1090,"Arts & Letters",1,0,NA
13843,7,6,"F",1,0,3.55,970,"Arts & Letters",0,0,NA
13844,3,5,"F",1,0,3.15,1200,"Business & Economics",0,0,NA
13845,7,7,"M",1,0,3.35,1230,"Arts & Letters",0,0,NA
13846,7,6,"F",1,0,3.2,1140,"Arts & Letters",0,0,NA
13847,2,4,"F",0,1,4,1210,"Math & Science",1,1,2.814
13848,1,2,"M",0,0,3.09,1000,"Math & Science",0,0,NA
13849,6,6,"F",1,0,3.33,1230,"Math & Science",0,0,NA
13850,4,4,"F",0,1,3.41,1400,"Math & Science",0,0,NA
13851,3,3,"F",0,0,3.55,1150,"Math & Science",0,0,NA
13852,6,6,"M",1,0,4.14,1280,"Math & Science",1,0,NA
13853,5,6,"F",1,0,3.29,1050,"Arts & Letters",0,0,NA
13854,4,7,"F",0,0,3.82,1150,"Business & Economics",0,0,NA
13855,6,6,"F",0,0,3.61,1070,"Math & Science",0,0,NA
13856,6,3,"M",0,0,2.61,890,"Arts & Letters",0,0,NA
13857,1,2,"F",0,0,3.23,830,"Arts & Letters",0,0,NA
13858,1,3,"F",0,1,3.72,1280,"Business & Economics",1,0,NA
13859,4,6,"M",0,0,3.2,1250,"Arts & Letters",0,0,NA
13860,7,6,"F",1,0,3.9,1310,"Arts & Letters",1,0,NA
13861,6,6,"M",1,0,3.92,990,"Math & Science",0,0,NA
13862,7,6,"F",0,1,4.12,1440,"Arts & Letters",1,0,NA
13863,7,7,"F",0,0,4.25,1170,"Math & Science",1,1,3.026
13864,7,7,"M",1,0,3.23,1220,"Business & Economics",0,0,NA
13865,3,4,"M",1,0,4.08,1260,"Arts & Letters",0,0,NA
13866,7,7,"F",1,0,3.22,1000,"Business & Economics",0,0,NA
13867,4,7,"F",0,1,3.85,1400,"Arts & Letters",0,0,NA
13868,4,3,"F",0,1,4.32,1330,"Math & Science",1,0,NA
13869,3,5,"F",1,0,3,780,"Arts & Letters",0,0,NA
13870,7,7,"M",0,0,3.95,1250,"Math & Science",0,0,NA
13871,6,6,"F",0,1,3.74,1240,"Arts & Letters",0,0,NA
13872,7,7,"F",1,0,3.65,1250,"Math & Science",0,0,NA
13873,6,6,"F",0,0,3.55,1110,"Arts & Letters",1,1,3.288
13874,4,5,"F",1,0,3.84,1170,"Math & Science",0,0,NA
13875,4,3,"F",1,0,4,1260,"Math & Science",1,0,NA
13876,6,7,"F",1,0,4.14,1290,"Math & Science",0,0,NA
13877,4,6,"F",1,0,4.04,1270,"Math & Science",1,0,NA
13878,7,6,"M",0,1,3.92,1400,"Business & Economics",1,0,NA
13879,6,5,"M",0,1,3.67,1210,"Business & Economics",0,0,NA
13880,3,3,"F",0,0,4.04,1200,"Math & Science",1,0,NA
13881,5,5,"F",0,0,4.2,1420,"Math & Science",1,0,NA
13882,7,6,"M",0,0,3.13,1230,"Math & Science",0,0,NA
13883,3,5,"F",0,1,3.59,1390,"Arts & Letters",0,0,NA
13884,5,4,"F",0,0,4.17,1090,"Math & Science",0,0,NA
13885,2,1,"F",0,1,3.56,960,"Math & Science",0,0,NA
13886,1,1,"M",0,0,4.05,1130,"Math & Science",1,0,NA
13887,1,1,"F",0,1,3.18,980,"Business & Economics",0,0,NA
13888,6,6,"M",1,0,3.59,1210,"Arts & Letters",1,1,2.123
13889,4,3,"F",1,0,3.86,1080,"Arts & Letters",0,0,NA
13890,7,7,"M",1,0,3.25,1230,"Arts & Letters",0,0,NA
13891,4,6,"F",0,1,4.04,1550,"Math & Science",1,0,NA
13892,3,3,"F",0,1,4.3,900,"Math & Science",1,0,NA
13893,6,6,"F",1,0,3.19,1320,"Arts & Letters",0,0,NA
13894,3,3,"M",0,1,4,1350,"Math & Science",1,0,NA
13895,6,6,"M",0,1,4.21,1330,"Math & Science",1,0,NA
13896,3,3,"M",0,0,3.58,1320,"Business & Economics",1,0,NA
13897,7,7,"F",1,0,2.31,1050,"Arts & Letters",0,0,NA
13898,6,5,"M",0,1,3.29,1220,"Arts & Letters",0,0,NA
13899,6,7,"F",1,0,3.62,1150,"Arts & Letters",0,0,NA
13900,2,2,"F",0,1,3.87,770,"Math & Science",0,0,NA
13901,5,7,"F",1,0,3.29,940,"Math & Science",0,0,NA
13902,4,6,"F",1,0,2.81,830,"Arts & Letters",0,0,NA
13903,6,6,"F",0,1,3.54,1320,"Math & Science",0,0,NA
13904,1,1,"F",0,1,3.46,920,"Arts & Letters",0,0,NA
13905,3,3,"F",0,0,3.39,1000,"Arts & Letters",0,0,NA
13906,6,6,"M",0,1,3.55,1350,"Business & Economics",0,0,NA
13907,7,6,"F",0,1,3.04,1180,"Arts & Letters",0,0,NA
13908,3,3,"M",0,1,3.42,1200,"Arts & Letters",0,0,NA
13909,6,6,"M",0,0,3.5,1190,"Business & Economics",0,0,NA
13910,5,6,"F",0,1,3.65,1030,"Business & Economics",0,0,NA
13911,4,5,"M",0,0,2.68,930,"Arts & Letters",0,0,NA
13912,7,4,"M",0,1,3.25,1360,"Math & Science",0,0,NA
13913,7,5,"F",0,1,3.34,980,"Math & Science",0,0,NA
13914,5,5,"M",0,1,2.91,1330,"Math & Science",0,0,NA
13915,2,2,"F",0,0,3.91,1000,"Arts & Letters",0,0,NA
13916,7,7,"M",0,1,4.09,1200,"Business & Economics",1,0,NA
13917,5,3,"M",1,0,2.74,1190,"Business & Economics",0,0,NA
13918,2,4,"F",0,1,2.69,1110,"Business & Economics",0,0,NA
13919,6,6,"F",0,1,3.71,1140,"Business & Economics",0,0,NA
13920,6,6,"M",0,1,3.67,1350,"Business & Economics",1,1,2.898
13921,6,4,"M",0,1,3.64,1360,"Arts & Letters",0,0,NA
13922,3,3,"M",0,0,3.68,1200,"Math & Science",0,0,NA
13923,2,2,"F",0,0,3.59,1100,"Business & Economics",1,0,NA
13924,3,3,"M",0,1,3.3,1050,"Business & Economics",0,0,NA
13925,3,3,"F",1,0,3.36,920,"Arts & Letters",0,0,NA
13926,4,5,"M",0,0,3,1200,"Business & Economics",0,0,NA
13927,1,1,"F",0,0,3.59,1020,"Math & Science",1,0,NA
13928,3,3,"F",0,1,3.86,1370,"Math & Science",0,0,NA
13929,3,4,"F",0,1,2.82,850,"Business & Economics",0,0,NA
13930,7,3,"F",1,0,3.52,1080,"Arts & Letters",0,0,NA
13931,6,7,"F",1,0,3.64,1080,"Math & Science",0,0,NA
13932,3,4,"M",0,0,3.23,1060,"Math & Science",0,0,NA
13933,4,4,"F",1,0,4.31,1360,"Math & Science",1,0,NA
13934,3,4,"M",0,0,2.64,890,"Arts & Letters",0,0,NA
13935,2,3,"M",1,0,3.5,860,"Math & Science",0,0,NA
13936,7,5,"F",1,0,3.62,1190,"Math & Science",0,0,NA
13937,4,3,"M",0,0,3.59,1150,"Arts & Letters",0,0,NA
13938,3,6,"M",0,1,3.25,930,"Business & Economics",0,0,NA
13939,4,7,"M",1,0,4.23,1230,"Math & Science",0,0,NA
13940,6,6,"M",0,0,2.42,1160,"Arts & Letters",0,0,NA
13941,6,5,"F",1,0,3.72,1000,"Business & Economics",0,0,NA
13942,7,7,"M",0,1,3.42,1260,"Math & Science",0,0,NA
13943,4,6,"F",0,0,2.95,980,"Arts & Letters",0,0,NA
13944,7,6,"F",1,0,3.8,1200,"Arts & Letters",0,0,NA
13945,7,6,"M",0,0,3.46,1030,"Math & Science",0,0,NA
13946,3,3,"F",0,0,3.85,1110,"Math & Science",0,0,NA
13947,6,5,"M",0,0,3.25,1070,"Arts & Letters",1,1,2.381
13948,7,7,"F",0,1,3.32,870,"Math & Science",0,0,NA
13949,1,1,"F",0,0,3.81,1130,"Arts & Letters",0,0,NA
13950,2,3,"F",1,0,4.18,1170,"Arts & Letters",1,0,NA
13951,7,4,"F",1,0,3.35,1330,"Arts & Letters",0,0,NA
13952,1,1,"M",0,0,3.77,1180,"Arts & Letters",1,0,NA
13953,5,4,"F",1,0,3.94,1030,"Arts & Letters",0,0,NA
13954,7,3,"F",0,0,3.36,900,"Arts & Letters",0,0,NA
13955,4,4,"M",1,0,3.36,830,"Arts & Letters",0,0,NA
13956,5,5,"F",0,0,3.54,930,"Math & Science",0,0,NA
13957,5,5,"M",0,0,2.06,850,"Math & Science",0,0,NA
13958,6,5,"M",0,0,3.44,1150,"Math & Science",0,0,NA
13959,6,6,"F",1,0,3.88,1200,"Math & Science",0,0,NA
13960,6,5,"F",0,0,3.02,1170,"Business & Economics",0,0,NA
13961,2,2,"M",0,0,3.15,830,"Arts & Letters",0,0,NA
13962,5,4,"F",1,0,3.67,1250,"Math & Science",0,0,NA
13963,6,6,"F",1,0,3,920,"Business & Economics",0,0,NA
13964,2,3,"F",1,0,4.09,1110,"Arts & Letters",1,0,NA
13965,6,7,"M",0,0,2.89,910,"Math & Science",0,0,NA
13966,3,5,"F",0,0,3.14,870,"Math & Science",0,0,NA
13967,3,3,"F",1,0,3.59,950,"Arts & Letters",0,0,NA
13968,6,5,"F",0,0,2.48,690,"Arts & Letters",0,0,NA
13969,4,3,"M",1,0,3.77,1110,"Arts & Letters",0,0,NA
13970,4,2,"F",0,1,3.79,1150,"Math & Science",0,0,NA
13971,4,6,"M",0,0,3.19,1220,"Arts & Letters",0,0,NA
13972,4,6,"M",1,0,3.85,1190,"Arts & Letters",1,0,NA
13973,7,5,"F",1,0,2.71,1130,"Arts & Letters",0,0,NA
13974,7,3,"F",0,1,4,1160,"Arts & Letters",0,0,NA
13975,6,2,"F",0,0,3.77,890,"Arts & Letters",0,0,NA
13976,4,4,"F",1,0,3.64,940,"Business & Economics",0,0,NA
13977,6,7,"F",0,0,3.54,1150,"Business & Economics",0,0,NA
13978,6,6,"F",1,0,4.23,1280,"Math & Science",1,0,NA
13979,5,6,"M",1,0,3.19,1130,"Arts & Letters",1,1,2.738
13980,4,4,"F",1,0,3.38,1110,"Math & Science",0,0,NA
13981,6,4,"F",0,0,4.16,1340,"Business & Economics",1,1,3.833
13982,1,1,"F",0,0,3.65,870,"Math & Science",0,0,NA
13983,7,7,"F",0,0,3.91,1040,"Arts & Letters",1,0,NA
13984,3,4,"M",0,0,3.73,1000,"Math & Science",0,0,NA
13985,7,7,"M",1,0,3.7,1220,"Math & Science",0,0,NA
13986,6,6,"M",1,0,3.65,1230,"Math & Science",0,0,NA
13987,6,6,"M",0,0,3.68,1380,"Arts & Letters",0,0,NA
13988,3,3,"F",1,0,3,810,"Business & Economics",0,0,NA
13989,4,1,"F",0,1,3.88,940,"Math & Science",0,0,NA
13990,6,6,"M",0,1,3.69,1460,"Math & Science",0,0,NA
13991,2,3,"M",0,0,3.71,980,"Business & Economics",0,0,NA
13992,5,3,"M",0,1,4,1470,"Business & Economics",1,0,NA
13993,4,4,"F",1,0,3.73,1200,"Arts & Letters",1,0,NA
13994,6,7,"M",1,0,4.05,1250,"Math & Science",1,1,2.433
13995,6,6,"F",1,0,4.05,1270,"Arts & Letters",0,0,NA
13996,5,4,"F",1,0,3.85,1280,"Arts & Letters",0,0,NA
13997,6,6,"F",0,0,3.6,1430,"Math & Science",0,0,NA
13998,4,6,"M",0,1,3.5,1120,"Math & Science",1,1,0.717
13999,6,6,"M",0,0,3.35,1170,"Math & Science",0,0,NA
14000,6,6,"F",0,0,3.95,1010,"Arts & Letters",0,0,NA
14001,7,6,"M",0,1,3.59,1120,"Business & Economics",0,0,NA
14002,7,7,"M",0,1,3.47,1320,"Business & Economics",1,0,NA
14003,4,3,"M",0,0,3.43,1020,"Math & Science",0,0,NA
14004,7,6,"M",1,0,3.84,1300,"Business & Economics",0,0,NA
14005,5,4,"F",0,0,2.4,890,"Math & Science",0,0,NA
14006,7,5,"F",0,1,3.94,1370,"Arts & Letters",1,0,NA
14007,6,6,"M",1,0,3.55,1120,"Arts & Letters",0,0,NA
14008,6,6,"F",0,0,3.73,840,"Math & Science",0,0,NA
14009,6,7,"M",1,0,2.76,950,"Business & Economics",0,0,NA
14010,6,2,"F",1,0,3.73,1260,"Math & Science",1,1,3.492
14011,7,6,"F",1,0,3.18,1040,"Arts & Letters",0,0,NA
14012,2,2,"F",0,0,3.1,810,"Arts & Letters",0,0,NA
14013,7,6,"F",0,0,3.73,780,"Math & Science",0,0,NA
14014,6,5,"M",1,0,3.5,1090,"Arts & Letters",0,0,NA
14015,6,3,"F",0,0,3.2,1030,"Arts & Letters",0,0,NA
14016,7,7,"F",0,0,3.36,1180,"Arts & Letters",0,0,NA
14017,6,6,"F",0,0,2.54,1090,"Arts & Letters",0,0,NA
14018,2,2,"F",0,1,2.33,850,"Business & Economics",0,0,NA
14019,4,4,"F",0,0,3.61,1180,"Arts & Letters",0,0,NA
14020,7,7,"M",0,1,3.95,1360,"Business & Economics",0,0,NA
14021,3,3,"F",0,0,3.55,910,"Arts & Letters",0,0,NA
14022,7,7,"M",0,1,4.3,1550,"Math & Science",1,1,3.618
14023,7,6,"F",1,0,4,1180,"Arts & Letters",1,0,NA
14024,4,7,"M",1,0,3.88,1270,"Math & Science",1,0,NA
14025,6,6,"M",1,0,3.35,990,"Math & Science",0,0,NA
14026,6,6,"F",0,0,3.46,1210,"Business & Economics",0,0,NA
14027,4,4,"M",0,0,2.8,1010,"Business & Economics",0,0,NA
14028,3,3,"M",0,0,3.17,1010,"Math & Science",0,0,NA
14029,3,3,"M",0,1,4,1290,"Business & Economics",0,0,NA
14030,7,6,"F",0,1,2.92,1230,"Math & Science",0,0,NA
14031,6,6,"F",0,1,4.03,1410,"Arts & Letters",0,0,NA
14032,4,4,"M",0,0,3.3,1380,"Math & Science",0,0,NA
14033,7,7,"F",0,0,2.6,1060,"Business & Economics",0,0,NA
14034,3,6,"M",0,1,3.46,1150,"Arts & Letters",0,0,NA
14035,6,6,"M",1,0,3.11,1040,"Business & Economics",0,0,NA
14036,5,4,"F",0,0,2.86,900,"Math & Science",0,0,NA
14037,4,4,"M",0,1,3.82,1440,"Business & Economics",1,1,3.28
14038,5,5,"M",1,0,3.64,1240,"Math & Science",0,0,NA
14039,6,6,"M",1,0,2.8,960,"Math & Science",0,0,NA
14040,7,7,"F",0,0,3.36,1140,"Arts & Letters",0,0,NA
14041,7,6,"M",1,0,2.88,1490,"Arts & Letters",0,0,NA
14042,4,7,"M",0,0,2.95,990,"Arts & Letters",0,0,NA
14043,3,3,"M",0,1,4,1140,"Math & Science",0,0,NA
14044,7,6,"F",1,0,3.95,1150,"Business & Economics",1,0,NA
14045,7,5,"F",0,1,3.55,1230,"Math & Science",0,0,NA
14046,3,3,"F",1,0,4.33,1340,"Arts & Letters",1,1,3.833
14047,7,6,"M",1,0,3.5,1270,"Math & Science",0,0,NA
14048,6,6,"F",1,0,3.84,1400,"Arts & Letters",1,1,3.252
14049,6,5,"M",0,0,2.86,1110,"Math & Science",0,0,NA
14050,7,6,"F",1,0,4,1260,"Math & Science",1,0,NA
14051,6,7,"M",0,0,3.25,960,"Business & Economics",0,0,NA
14052,6,5,"M",0,0,3.28,1070,"Arts & Letters",0,0,NA
14053,6,7,"F",1,0,4.31,1450,"Math & Science",1,0,NA
14054,7,7,"F",0,0,2.71,1090,"Arts & Letters",0,0,NA
14055,4,4,"M",1,0,2.04,1300,"Math & Science",0,0,NA
14056,7,7,"F",1,0,3.91,1070,"Arts & Letters",0,0,NA
14057,4,4,"F",1,0,3.1,1110,"Arts & Letters",0,0,NA
14058,6,6,"M",1,0,3.29,790,"Arts & Letters",0,0,NA
14059,7,6,"M",1,0,3.14,1330,"Math & Science",0,0,NA
14060,2,2,"F",0,0,4,1150,"Math & Science",1,0,NA
14061,4,5,"F",1,0,4.15,1330,"Arts & Letters",1,0,NA
14062,3,3,"F",0,1,3.95,1190,"Math & Science",0,0,NA
14063,5,5,"M",1,0,3.86,1140,"Math & Science",0,0,NA
14064,4,4,"F",0,0,3.74,940,"Arts & Letters",0,0,NA
14065,7,6,"F",1,0,3.15,940,"Arts & Letters",0,0,NA
14066,7,6,"F",1,0,3.83,1230,"Math & Science",0,0,NA
14067,7,5,"M",1,0,3.81,1110,"Math & Science",0,0,NA
14068,1,1,"M",0,0,3.68,970,"Arts & Letters",0,0,NA
14069,7,6,"M",1,0,2.95,1210,"Arts & Letters",0,0,NA
14070,6,6,"M",1,0,2.71,1030,"Math & Science",0,0,NA
14071,7,6,"F",1,0,3.42,1160,"Arts & Letters",0,0,NA
14072,6,5,"F",1,0,2.69,890,"Arts & Letters",0,0,NA
14073,6,3,"M",1,0,4,1040,"Arts & Letters",1,1,3.03
14074,4,5,"M",0,0,3.14,900,"Arts & Letters",0,0,NA
14075,6,3,"M",0,1,3.68,1190,"Math & Science",1,0,NA
14076,7,6,"M",1,0,3.75,1160,"Business & Economics",0,0,NA
14077,6,5,"F",1,0,3.95,1200,"Arts & Letters",0,0,NA
14078,2,2,"F",0,0,3.37,880,"Arts & Letters",0,0,NA
14079,1,1,"F",0,0,3.64,920,"Math & Science",1,1,2.845
14080,7,6,"M",1,0,3.6,1300,"Business & Economics",0,0,NA
14081,1,5,"M",0,0,3.03,1070,"Math & Science",0,0,NA
14082,2,7,"F",1,0,2.72,970,"Arts & Letters",0,0,NA
14083,7,6,"M",1,0,4.18,1260,"Math & Science",1,0,NA
14084,3,3,"M",0,0,2.83,880,"Business & Economics",0,0,NA
14085,4,7,"M",0,0,2.86,840,"Business & Economics",0,0,NA
14086,6,6,"F",0,0,3.94,1240,"Arts & Letters",1,0,NA
14087,4,5,"M",0,0,4.06,1320,"Math & Science",1,0,NA
14088,4,4,"M",0,0,4,1180,"Math & Science",0,0,NA
14089,7,6,"F",1,0,3.36,1200,"Arts & Letters",0,0,NA
14090,5,4,"F",1,0,3.46,1230,"Math & Science",0,0,NA
14091,6,6,"F",1,0,3.9,1260,"Arts & Letters",0,0,NA
14092,5,4,"M",1,0,3.11,990,"Arts & Letters",0,0,NA
14093,4,5,"F",1,0,3.17,1060,"Math & Science",0,0,NA
14094,2,1,"M",0,0,3.06,1010,"Arts & Letters",0,0,NA
14095,4,4,"F",1,0,4.1,1200,"Arts & Letters",0,0,NA
14096,6,6,"M",1,0,3.58,1260,"Arts & Letters",0,0,NA
14097,7,6,"M",0,1,3.92,1400,"Math & Science",1,0,NA
14098,3,3,"M",0,0,3.42,990,"Business & Economics",0,0,NA
14099,6,6,"F",0,1,3.1,990,"Business & Economics",0,0,NA
14100,7,7,"F",1,0,3.91,1190,"Math & Science",1,0,NA
14101,6,3,"F",0,1,3.4,1110,"Arts & Letters",0,0,NA
14102,6,3,"M",0,0,2.55,990,"Arts & Letters",0,0,NA
14103,5,6,"M",1,0,3.86,1240,"Math & Science",0,0,NA
14104,3,3,"F",0,0,3.5,1200,"Math & Science",0,0,NA
14105,6,6,"M",1,0,3.45,1130,"Business & Economics",0,0,NA
14106,3,3,"M",0,0,2.65,1120,"Business & Economics",0,0,NA
14107,4,7,"F",0,0,3.67,1410,"Arts & Letters",0,0,NA
14108,7,6,"F",0,0,3.2,1010,"Arts & Letters",0,0,NA
14109,7,7,"M",0,1,3.68,1470,"Arts & Letters",1,0,NA
14110,7,7,"F",1,0,3.6,1250,"Arts & Letters",0,0,NA
14111,6,4,"F",1,0,3.45,1180,"Arts & Letters",0,0,NA
14112,7,7,"M",1,0,3.95,1360,"Math & Science",1,0,NA
14113,3,4,"M",0,0,2.05,800,"Arts & Letters",0,0,NA
14114,6,4,"F",1,0,4,1280,"Math & Science",1,1,2.773
14115,7,7,"M",0,1,3.46,1320,"Math & Science",0,0,NA
14116,3,1,"M",0,1,3.71,1130,"Math & Science",0,0,NA
14117,4,5,"M",0,0,2.27,1100,"Business & Economics",0,0,NA
14118,1,1,"F",0,0,3.54,840,"Arts & Letters",0,0,NA
14119,7,4,"F",0,0,4.08,1350,"Math & Science",1,1,2.966
14120,6,6,"M",1,0,3.57,1210,"Business & Economics",0,0,NA
14121,6,4,"M",1,0,3.32,1150,"Math & Science",0,0,NA
14122,3,5,"F",0,0,3.55,1080,"Arts & Letters",0,0,NA
14123,7,3,"M",0,0,3.91,1250,"Math & Science",0,0,NA
14124,1,1,"M",0,1,3.82,1370,"Math & Science",1,0,NA
14125,6,6,"F",1,0,3.73,1180,"Math & Science",0,0,NA
14126,7,7,"F",1,0,3.64,1230,"Arts & Letters",1,0,NA
14127,7,6,"F",0,1,3.18,1370,"Arts & Letters",0,0,NA
14128,6,7,"F",1,0,3.64,1430,"Arts & Letters",1,0,NA
14129,6,6,"M",1,0,3.08,1090,"Business & Economics",0,0,NA
14130,4,4,"M",1,0,3.79,1380,"Math & Science",0,0,NA
14131,7,6,"M",1,0,3.93,1110,"Business & Economics",1,0,NA
14132,1,3,"F",0,0,4.2,1340,"Math & Science",0,0,NA
14133,2,2,"F",0,0,3,910,"Math & Science",0,0,NA
14134,7,5,"M",0,0,3.05,1170,"Arts & Letters",0,0,NA
14135,7,3,"M",1,0,3.71,1360,"Arts & Letters",0,0,NA
14136,7,3,"M",1,0,3.7,1170,"Arts & Letters",0,0,NA
14137,7,7,"F",1,0,3.68,1040,"Arts & Letters",0,0,NA
14138,7,6,"F",0,0,3,1170,"Arts & Letters",0,0,NA
14139,3,3,"F",0,1,2.85,990,"Business & Economics",0,0,NA
14140,4,6,"M",0,0,3.46,1190,"Arts & Letters",0,0,NA
14141,5,4,"M",0,0,3.52,1190,"Business & Economics",0,0,NA
14142,5,7,"M",1,0,3.56,1000,"Arts & Letters",0,0,NA
14143,4,7,"F",1,0,3.11,1160,"Arts & Letters",1,0,NA
14144,1,3,"M",0,1,4.05,1390,"Arts & Letters",1,0,NA
14145,4,5,"F",0,0,3.33,1090,"Arts & Letters",0,0,NA
14146,1,1,"F",0,0,3.33,970,"Math & Science",0,0,NA
14147,2,2,"F",1,0,3.5,880,"Math & Science",0,0,NA
14148,7,7,"M",1,0,3.55,1170,"Arts & Letters",0,0,NA
14149,6,4,"F",0,1,4.09,1380,"Math & Science",1,0,NA
14150,7,6,"M",0,1,3.79,1330,"Arts & Letters",0,0,NA
14151,7,6,"M",1,0,3.9,1370,"Arts & Letters",0,0,NA
14152,6,6,"F",0,0,4.14,1120,"Math & Science",0,0,NA
14153,2,2,"M",0,1,3.06,1110,"Math & Science",1,1,2.704
14154,6,6,"F",0,0,3.36,1030,"Math & Science",0,0,NA
14155,3,6,"M",1,0,4.18,1080,"Math & Science",0,0,NA
14156,3,5,"F",0,0,2.78,920,"Business & Economics",0,0,NA
14157,7,6,"F",0,1,4.09,1550,"Math & Science",1,0,NA
14158,3,6,"M",1,0,3.3,1080,"Math & Science",0,0,NA
14159,4,4,"F",1,0,3.54,1290,"Arts & Letters",1,0,NA
14160,4,3,"M",0,0,2.5,1040,"Business & Economics",0,0,NA
14161,1,1,"M",0,0,2.55,900,"Math & Science",0,0,NA
14162,3,4,"M",0,0,3.41,800,"Arts & Letters",0,0,NA
14163,3,4,"F",1,0,3.38,950,"Math & Science",0,0,NA
14164,2,5,"F",0,0,2.08,880,"Business & Economics",0,0,NA
14165,7,6,"F",1,0,3.33,1030,"Math & Science",0,0,NA
14166,6,6,"F",0,0,3.85,1260,"Arts & Letters",1,0,NA
14167,1,1,"F",0,0,4.08,850,"Business & Economics",0,0,NA
14168,3,5,"M",1,0,2.77,1000,"Arts & Letters",0,0,NA
14169,5,4,"M",1,0,3.29,1120,"Arts & Letters",0,0,NA
14170,3,4,"F",0,1,4.25,1510,"Math & Science",1,0,NA
14171,3,3,"F",0,0,3.18,880,"Arts & Letters",0,0,NA
14172,7,6,"M",1,0,3.95,1150,"Arts & Letters",0,0,NA
14173,4,4,"M",0,1,3.62,1150,"Math & Science",0,0,NA
14174,7,7,"F",1,0,3.32,1090,"Arts & Letters",0,0,NA
14175,7,7,"F",1,0,3.45,1140,"Arts & Letters",0,0,NA
14176,3,4,"M",0,0,2.75,890,"Business & Economics",0,0,NA
14177,7,7,"F",1,0,4.04,1130,"Math & Science",0,0,NA
14178,6,3,"F",1,0,3.95,1140,"Arts & Letters",0,0,NA
14179,4,6,"F",1,0,4.2,1090,"Math & Science",0,0,NA
14180,3,4,"F",0,0,3.25,870,"Math & Science",0,0,NA
14181,5,4,"F",0,1,3.91,1300,"Math & Science",1,0,NA
14182,4,4,"M",0,1,3.15,1060,"Math & Science",0,0,NA
14183,6,6,"F",1,0,2.9,1220,"Arts & Letters",0,0,NA
14184,7,4,"F",0,0,2.89,950,"Math & Science",0,0,NA
14185,4,4,"F",1,0,3.88,1440,"Math & Science",1,0,NA
14186,4,4,"F",1,0,3.88,1360,"Arts & Letters",1,1,3.146
14187,7,5,"M",0,0,3.14,1250,"Math & Science",0,0,NA
14188,7,7,"M",0,0,3.86,1360,"Math & Science",0,0,NA
14189,1,2,"F",0,1,3,1100,"Arts & Letters",0,0,NA
14190,6,6,"F",1,0,3.62,1240,"Arts & Letters",0,0,NA
14191,6,4,"F",1,0,3.9,1110,"Math & Science",1,0,NA
14192,4,6,"F",1,0,3.86,1190,"Arts & Letters",1,0,NA
14193,7,6,"M",1,0,4.05,1540,"Business & Economics",1,0,NA
14194,6,3,"M",1,0,3.15,980,"Business & Economics",0,0,NA
14195,7,7,"M",0,1,3.12,1180,"Arts & Letters",0,0,NA
14196,4,2,"F",0,1,3.85,1070,"Math & Science",0,0,NA
14197,7,7,"F",1,0,4.4,1380,"Math & Science",1,0,NA
14198,7,7,"F",0,0,3.67,1320,"Arts & Letters",1,0,NA
14199,3,3,"F",0,1,3.75,860,"Business & Economics",0,0,NA
14200,1,1,"F",0,1,3.52,960,"Arts & Letters",1,0,NA
14201,7,6,"F",0,0,3.4,1180,"Business & Economics",0,0,NA
14202,3,4,"M",0,0,4,1080,"Math & Science",0,0,NA
14203,6,6,"F",0,1,3.55,1160,"Business & Economics",0,0,NA
14204,2,7,"F",0,0,3.24,1080,"Math & Science",0,0,NA
14205,2,4,"F",1,0,3.68,1180,"Business & Economics",1,0,NA
14206,7,7,"M",1,0,3.86,1370,"Math & Science",1,1,2.886
14207,4,6,"F",0,0,3.16,1180,"Arts & Letters",0,0,NA
14208,6,4,"M",0,0,3.17,1290,"Arts & Letters",1,0,NA
14209,6,6,"F",0,1,4,1300,"Arts & Letters",1,0,NA
14210,3,4,"M",1,0,3.22,1060,"Business & Economics",0,0,NA
14211,7,4,"F",1,0,3.88,1150,"Math & Science",0,0,NA
14212,6,6,"M",1,0,3.45,1090,"Business & Economics",0,0,NA
14213,3,3,"F",0,0,3.19,840,"Arts & Letters",0,0,NA
14214,1,1,"F",0,1,3.67,940,"Math & Science",0,0,NA
14215,1,1,"M",0,0,2.71,600,"Business & Economics",0,0,NA
14216,4,4,"F",0,1,3.29,1150,"Math & Science",0,0,NA
14217,6,6,"F",0,1,3.71,1250,"Business & Economics",0,0,NA
14218,7,6,"M",0,0,3.2,1180,"Arts & Letters",1,1,2.395
14219,5,3,"M",1,0,3.28,1240,"Arts & Letters",1,1,2.571
14220,5,3,"F",1,0,3.94,1170,"Math & Science",0,0,NA
14221,3,3,"F",1,0,3,1050,"Arts & Letters",0,0,NA
14222,6,6,"F",1,0,3.2,1170,"Math & Science",0,0,NA
14223,7,6,"F",1,0,3.92,1170,"Math & Science",0,0,NA
14224,6,5,"M",1,0,4.05,1110,"Math & Science",0,0,NA
14225,3,1,"M",0,0,3.73,1300,"Business & Economics",1,0,NA
14226,6,6,"M",0,1,2.96,1250,"Business & Economics",0,0,NA
14227,1,1,"F",0,0,3.6,870,"Business & Economics",0,0,NA
14228,2,2,"F",1,0,3.62,1080,"Arts & Letters",1,1,1.792
14229,1,1,"F",0,1,4,920,"Math & Science",1,0,NA
14230,7,6,"M",0,1,3.83,1140,"Arts & Letters",0,0,NA
14231,3,3,"F",0,0,3.71,860,"Arts & Letters",0,0,NA
14232,6,4,"M",0,0,3.1,1170,"Arts & Letters",0,0,NA
14233,2,3,"F",1,0,3.88,1190,"Arts & Letters",0,0,NA
14234,3,6,"M",1,0,3.15,1220,"Arts & Letters",0,0,NA
14235,2,4,"M",0,1,3.86,1420,"Math & Science",1,0,NA
14236,5,6,"F",0,1,3.48,870,"Business & Economics",0,0,NA
14237,4,6,"M",0,0,3.55,1070,"Business & Economics",0,0,NA
14238,3,2,"M",0,1,3.06,1030,"Math & Science",0,0,NA
14239,6,6,"F",0,1,2.88,1140,"Math & Science",1,0,NA
14240,6,6,"F",1,0,3.54,1120,"Arts & Letters",0,0,NA
14241,3,3,"M",0,0,3.45,1090,"Math & Science",0,0,NA
14242,1,7,"M",0,1,4.17,1580,"Math & Science",1,0,NA
14243,4,4,"F",0,0,3.15,900,"Business & Economics",0,0,NA
14244,3,5,"M",1,0,3.5,1160,"Math & Science",0,0,NA
14245,3,3,"F",0,1,3.82,1190,"Math & Science",0,0,NA
14246,6,4,"F",1,0,3.77,1320,"Arts & Letters",0,0,NA
14247,7,7,"F",1,0,4.15,1190,"Arts & Letters",1,0,NA
14248,7,7,"F",0,1,3.89,1400,"Math & Science",1,0,NA
14249,5,5,"F",0,1,3.42,1230,"Business & Economics",0,0,NA
14250,4,6,"F",0,1,3.62,1410,"Arts & Letters",1,0,NA
14251,6,6,"F",0,0,3.82,1070,"Math & Science",0,0,NA
14252,7,7,"M",0,1,3.68,1280,"Math & Science",0,0,NA
14253,3,6,"F",1,0,4,1230,"Business & Economics",1,0,NA
14254,7,7,"F",0,1,4.04,1070,"Business & Economics",1,0,NA
14255,6,7,"M",0,0,3.12,1210,"Math & Science",0,0,NA
14256,4,4,"F",0,0,3.91,1060,"Math & Science",0,0,NA
14257,3,3,"F",0,1,3.61,1340,"Math & Science",1,0,NA
14258,3,7,"M",1,0,3.91,1200,"Math & Science",0,0,NA
14259,3,6,"F",0,1,2.95,1340,"Business & Economics",0,0,NA
14260,6,6,"M",0,1,3,1070,"Math & Science",0,0,NA
14261,7,7,"M",0,1,3.83,1370,"Math & Science",1,0,NA
14262,3,3,"F",0,0,3.67,1030,"Business & Economics",0,0,NA
14263,6,6,"F",0,0,4.1,1480,"Math & Science",1,0,NA
14264,3,3,"M",0,1,2.87,1080,"Business & Economics",0,0,NA
14265,2,2,"F",0,1,4.09,1080,"Math & Science",1,0,NA
14266,1,1,"M",0,1,3.68,1130,"Business & Economics",0,0,NA
14267,7,7,"F",0,0,3.65,1110,"Arts & Letters",1,0,NA
14268,1,3,"F",0,1,3,1020,"Business & Economics",0,0,NA
14269,3,3,"F",0,1,3,920,"Business & Economics",0,0,NA
14270,1,1,"F",0,1,3.77,1280,"Arts & Letters",1,0,NA
14271,4,3,"F",0,1,3.14,1070,"Math & Science",0,0,NA
14272,7,7,"F",1,0,3.67,1230,"Math & Science",0,0,NA
14273,3,3,"F",0,1,3.45,1090,"Arts & Letters",1,0,NA
14274,6,6,"F",0,0,2.85,970,"Arts & Letters",0,0,NA
14275,7,6,"M",1,0,3.54,1220,"Math & Science",0,0,NA
14276,6,3,"F",1,0,3.4,1240,"Arts & Letters",0,0,NA
14277,6,6,"M",1,0,4.27,1260,"Math & Science",1,0,NA
14278,6,3,"F",0,1,3.46,1210,"Arts & Letters",0,0,NA
14279,3,3,"M",0,0,3.23,1200,"Arts & Letters",0,0,NA
14280,6,2,"M",0,1,4.17,1210,"Math & Science",1,0,NA
14281,6,6,"F",1,0,3.18,1030,"Math & Science",0,0,NA
14282,5,5,"M",1,0,3.1,1170,"Arts & Letters",0,0,NA
14283,3,5,"F",0,0,3.45,980,"Math & Science",0,0,NA
14284,7,6,"M",0,1,2.68,890,"Arts & Letters",0,0,NA
14285,7,7,"M",0,0,2.7,1010,"Math & Science",0,0,NA
14286,6,4,"M",1,0,3.28,1140,"Math & Science",0,0,NA
14287,6,4,"F",1,0,3.83,1070,"Business & Economics",1,1,2.736
14288,4,6,"F",1,0,3.58,1300,"Arts & Letters",0,0,NA
14289,4,4,"M",0,0,3,1080,"Arts & Letters",0,0,NA
14290,6,6,"F",1,0,3.31,1130,"Arts & Letters",0,0,NA
14291,6,6,"F",0,0,3.91,900,"Math & Science",0,0,NA
14292,4,3,"M",0,0,3.5,1260,"Arts & Letters",0,0,NA
14293,6,7,"M",1,0,3.82,1290,"Arts & Letters",1,0,NA
14294,3,3,"M",1,0,3.3,1220,"Arts & Letters",0,0,NA
14295,6,6,"F",1,0,4.04,1370,"Math & Science",1,0,NA
14296,6,6,"M",1,0,3.89,1210,"Math & Science",0,0,NA
14297,5,5,"F",1,0,3.59,1070,"Math & Science",0,0,NA
14298,5,3,"M",1,0,3.58,1260,"Math & Science",0,0,NA
14299,5,5,"F",1,0,2.82,990,"Arts & Letters",0,0,NA
14300,6,6,"F",0,0,4.25,1490,"Arts & Letters",1,0,NA
14301,6,7,"M",1,0,3.48,1080,"Arts & Letters",0,0,NA
14302,3,4,"F",1,0,4.15,1230,"Arts & Letters",0,0,NA
14303,3,3,"M",0,1,3.85,1070,"Business & Economics",0,0,NA
14304,4,4,"F",1,0,3.17,920,"Arts & Letters",0,0,NA
14305,4,3,"M",0,1,3.05,1000,"Business & Economics",0,0,NA
14306,1,6,"F",1,0,3.89,1210,"Math & Science",1,0,NA
14307,3,7,"F",0,0,4.05,1180,"Math & Science",1,0,NA
14308,2,3,"M",0,1,3.29,1200,"Math & Science",0,0,NA
14309,7,7,"F",1,0,3.37,1090,"Arts & Letters",0,0,NA
14310,7,7,"F",1,0,3.55,1230,"Math & Science",0,0,NA
14311,6,6,"M",0,0,3.5,1190,"Business & Economics",1,0,NA
14312,4,6,"F",0,1,3.04,1200,"Math & Science",0,0,NA
14313,7,7,"F",0,1,3.91,1430,"Arts & Letters",1,0,NA
14314,6,5,"M",1,0,3.1,1150,"Math & Science",0,0,NA
14315,3,6,"M",1,0,3.36,1190,"Arts & Letters",0,0,NA
14316,7,5,"F",0,1,2.85,1100,"Business & Economics",0,0,NA
14317,7,7,"F",1,0,4.05,1280,"Arts & Letters",1,0,NA
14318,4,4,"F",1,0,3.96,1130,"Math & Science",1,0,NA
14319,6,6,"M",0,0,3.65,1350,"Math & Science",0,0,NA
14320,4,3,"F",0,0,2.85,820,"Arts & Letters",0,0,NA
14321,6,3,"F",1,0,3.91,1200,"Arts & Letters",0,0,NA
14322,7,7,"F",0,0,3.07,760,"Arts & Letters",0,0,NA
14323,7,7,"F",1,0,4.36,1210,"Math & Science",0,0,NA
14324,7,4,"F",1,0,3.82,1180,"Arts & Letters",1,0,NA
14325,4,7,"M",1,0,3.45,1210,"Math & Science",0,0,NA
14326,6,6,"M",1,0,3.25,1210,"Business & Economics",0,0,NA
14327,4,7,"M",0,0,3.88,1280,"Arts & Letters",1,0,NA
14328,6,5,"F",1,0,2.96,1080,"Math & Science",0,0,NA
14329,6,3,"F",0,0,3.27,1060,"Business & Economics",0,0,NA
14330,6,7,"F",1,0,3.29,1370,"Math & Science",0,0,NA
14331,4,6,"F",0,1,3.62,1060,"Business & Economics",0,0,NA
14332,1,1,"F",0,1,3.12,1080,"Math & Science",0,0,NA
14333,4,6,"F",1,0,3.85,1130,"Arts & Letters",0,0,NA
14334,6,4,"M",1,0,3.09,1180,"Business & Economics",0,0,NA
14335,2,3,"F",0,0,3.96,1050,"Math & Science",1,0,NA
14336,7,7,"M",1,0,3.83,1360,"Arts & Letters",0,0,NA
14337,6,3,"M",1,0,3.5,1060,"Business & Economics",0,0,NA
14338,5,4,"F",1,0,3.43,1010,"Arts & Letters",0,0,NA
14339,7,7,"M",1,0,3.18,1320,"Arts & Letters",0,0,NA
14340,3,4,"F",0,1,3.54,1260,"Business & Economics",1,0,NA
14341,1,1,"F",0,1,4.18,1180,"Business & Economics",1,0,NA
14342,4,5,"M",0,0,2.95,930,"Business & Economics",0,0,NA
14343,2,2,"F",0,0,3.52,990,"Math & Science",1,0,NA
14344,7,3,"M",1,0,3.65,1280,"Business & Economics",0,0,NA
14345,4,4,"M",0,0,2.67,960,"Business & Economics",0,0,NA
14346,2,6,"F",1,0,2.84,1130,"Arts & Letters",0,0,NA
14347,7,6,"M",0,0,2.48,1160,"Math & Science",0,0,NA
14348,7,3,"M",0,0,3.82,1220,"Math & Science",1,0,NA
14349,7,4,"F",1,0,3.45,1150,"Arts & Letters",0,0,NA
14350,7,6,"F",1,0,3.68,1390,"Arts & Letters",1,1,3.56
14351,6,7,"F",1,0,4.05,1270,"Math & Science",1,0,NA
14352,6,4,"M",1,0,2.22,1080,"Business & Economics",0,0,NA
14353,6,6,"F",0,1,3.65,1230,"Arts & Letters",0,0,NA
14354,5,6,"M",1,0,3.1,1320,"Math & Science",0,0,NA
14355,7,4,"M",0,1,3.81,1320,"Business & Economics",0,0,NA
14356,6,6,"M",0,0,3.59,1470,"Business & Economics",1,1,2.844
14357,6,6,"M",0,0,3.36,1130,"Arts & Letters",0,0,NA
14358,7,7,"F",0,1,3.45,1240,"Arts & Letters",0,0,NA
14359,6,6,"M",1,0,3.05,1010,"Business & Economics",0,0,NA
14360,4,6,"F",1,0,2.76,1090,"Math & Science",0,0,NA
14361,7,3,"F",1,0,4.32,1470,"Math & Science",1,0,NA
14362,4,6,"M",0,0,3.12,880,"Arts & Letters",0,0,NA
14363,4,5,"F",0,0,3.72,1130,"Math & Science",0,0,NA
14364,7,7,"M",0,0,4.21,1330,"Arts & Letters",1,0,NA
14365,7,5,"F",1,0,3.19,1290,"Arts & Letters",0,0,NA
14366,7,6,"F",1,0,4.24,1240,"Business & Economics",1,0,NA
14367,7,4,"M",0,0,3.12,910,"Arts & Letters",0,0,NA
14368,4,3,"F",1,0,3.53,960,"Math & Science",1,1,2.365
14369,6,6,"F",0,1,3.27,1090,"Arts & Letters",0,0,NA
14370,6,7,"F",1,0,3.4,1010,"Arts & Letters",0,0,NA
14371,3,3,"M",1,0,3.64,1260,"Business & Economics",1,1,2.051
14372,6,7,"F",1,0,3.65,1230,"Math & Science",0,0,NA
14373,6,6,"M",1,0,4.17,1370,"Business & Economics",1,0,NA
14374,4,3,"M",0,0,2.85,1170,"Arts & Letters",0,0,NA
14375,6,3,"M",0,0,3.65,1370,"Arts & Letters",1,0,NA
14376,2,4,"F",0,0,3.35,1180,"Arts & Letters",0,0,NA
14377,1,1,"F",0,0,4.15,1250,"Business & Economics",1,0,NA
14378,7,6,"M",0,1,3.21,1270,"Arts & Letters",0,0,NA
14379,7,4,"F",1,0,3.25,980,"Arts & Letters",0,0,NA
14380,5,7,"F",1,0,3.85,1410,"Arts & Letters",1,0,NA
14381,7,7,"F",1,0,3.69,1230,"Arts & Letters",1,1,3.429
14382,1,1,"M",0,0,4,1370,"Math & Science",1,0,NA
14383,3,6,"F",1,0,4.05,1330,"Business & Economics",1,0,NA
14384,6,6,"F",1,0,3.94,1330,"Arts & Letters",1,0,NA
14385,3,3,"F",0,1,3.65,830,"Arts & Letters",0,0,NA
14386,7,7,"F",1,0,3.83,1520,"Arts & Letters",1,0,NA
14387,4,4,"F",1,0,4.12,1380,"Math & Science",1,0,NA
14388,6,6,"F",0,0,4.21,1260,"Math & Science",0,0,NA
14389,5,6,"M",0,0,3.05,1110,"Math & Science",0,0,NA
14390,6,5,"F",1,0,3.7,1310,"Math & Science",0,0,NA
14391,7,6,"F",0,0,3.97,1250,"Arts & Letters",0,0,NA
14392,5,5,"F",1,0,3.67,960,"Arts & Letters",0,0,NA
14393,7,6,"M",1,0,3.03,1200,"Arts & Letters",0,0,NA
14394,7,7,"F",1,0,3.45,1330,"Math & Science",0,0,NA
14395,6,6,"F",1,0,3.86,1200,"Arts & Letters",1,0,NA
14396,5,4,"F",0,0,3.05,1070,"Arts & Letters",0,0,NA
14397,3,5,"M",0,1,3.04,1050,"Arts & Letters",0,0,NA
14398,2,4,"F",0,0,3.91,1250,"Arts & Letters",1,0,NA
14399,6,6,"M",1,0,3.05,1130,"Business & Economics",0,0,NA
14400,4,6,"F",0,1,3.78,1090,"Math & Science",0,0,NA
14401,7,7,"F",1,0,3.13,1220,"Arts & Letters",0,0,NA
14402,4,4,"F",0,0,3.45,930,"Math & Science",0,0,NA
14403,2,3,"M",0,1,3.86,1160,"Business & Economics",1,1,3.122
14404,7,7,"F",0,1,3.27,1410,"Arts & Letters",0,0,NA
14405,6,7,"M",1,0,3.83,1250,"Business & Economics",0,0,NA
14406,6,6,"F",0,0,3.68,1200,"Arts & Letters",0,0,NA
14407,2,2,"M",0,0,3.07,890,"Arts & Letters",0,0,NA
14408,7,3,"F",0,0,2.95,950,"Arts & Letters",0,0,NA
14409,4,5,"M",0,0,3.5,980,"Arts & Letters",0,0,NA
14410,6,2,"M",1,0,3.6,1360,"Business & Economics",0,0,NA
14411,2,6,"F",0,0,3.58,840,"Arts & Letters",0,0,NA
14412,7,6,"M",0,1,3,1130,"Business & Economics",0,0,NA
14413,4,6,"M",1,0,3.65,1380,"Arts & Letters",0,0,NA
14414,4,4,"F",0,0,3.8,950,"Math & Science",0,0,NA
14415,6,5,"F",0,1,3.66,1190,"Math & Science",0,0,NA
14416,7,7,"M",1,0,3.12,1100,"Arts & Letters",0,0,NA
14417,3,1,"F",0,0,3,1020,"Arts & Letters",0,0,NA
14418,5,7,"M",1,0,3.94,1370,"Arts & Letters",0,0,NA
14419,1,2,"F",0,0,2.67,820,"Arts & Letters",0,0,NA
14420,2,1,"F",0,0,3.45,1060,"Math & Science",0,0,NA
14421,6,5,"F",0,0,3.27,980,"Math & Science",0,0,NA
14422,7,4,"F",1,0,3.73,1240,"Business & Economics",0,0,NA
14423,4,5,"M",0,1,3.68,1340,"Business & Economics",0,0,NA
14424,3,2,"F",0,0,4.32,1090,"Math & Science",1,0,NA
14425,6,6,"F",1,0,3.91,1190,"Arts & Letters",1,1,3.507
14426,4,2,"F",0,0,3.11,1030,"Arts & Letters",0,0,NA
14427,6,5,"M",1,0,3.36,960,"Math & Science",0,0,NA
14428,5,5,"M",0,1,3.52,1220,"Business & Economics",0,0,NA
14429,6,5,"F",1,0,2.75,1200,"Arts & Letters",0,0,NA
14430,5,2,"F",0,1,3.61,1130,"Math & Science",0,0,NA
14431,6,6,"M",1,0,3.5,1090,"Business & Economics",0,0,NA
14432,6,6,"M",1,0,3.5,1180,"Business & Economics",1,0,NA
14433,4,5,"F",1,0,3.89,960,"Arts & Letters",0,0,NA
14434,3,4,"F",0,0,2.74,1040,"Arts & Letters",0,0,NA
14435,1,1,"F",0,0,2.42,730,"Arts & Letters",0,0,NA
14436,7,4,"F",1,0,3.58,1040,"Math & Science",0,0,NA
14437,7,7,"M",0,1,3.04,1320,"Math & Science",0,0,NA
14438,3,5,"M",1,0,3.9,1100,"Arts & Letters",0,0,NA
14439,6,6,"M",1,0,3.57,1290,"Arts & Letters",0,0,NA
14440,3,4,"M",1,0,4.33,1470,"Math & Science",1,0,NA
14441,7,7,"M",1,0,4.36,1350,"Business & Economics",1,0,NA
14442,6,7,"F",0,1,4,1370,"Arts & Letters",1,0,NA
14443,5,6,"F",1,0,4.05,1350,"Math & Science",1,0,NA
14444,3,3,"F",0,0,3.2,1010,"Arts & Letters",0,0,NA
14445,6,6,"M",1,0,2.42,1010,"Arts & Letters",0,0,NA
14446,7,6,"F",1,0,4.04,1200,"Math & Science",1,1,2.655
14447,7,4,"M",0,0,3.33,1100,"Arts & Letters",0,0,NA
14448,7,7,"M",1,0,3.85,1320,"Arts & Letters",0,0,NA
14449,3,3,"M",0,1,3.29,1280,"Business & Economics",1,0,NA
14450,6,3,"M",1,0,3.43,1100,"Arts & Letters",1,1,3.155
14451,6,6,"M",1,0,3.8,1290,"Business & Economics",0,0,NA
14452,6,5,"M",1,0,3.88,1460,"Math & Science",1,0,NA
14453,4,6,"F",1,0,3.25,1050,"Business & Economics",0,0,NA
14454,7,6,"F",0,0,4.2,1190,"Math & Science",1,0,NA
14455,6,7,"F",1,0,4.17,970,"Math & Science",0,0,NA
14456,7,6,"M",1,0,3,960,"Arts & Letters",0,0,NA
14457,1,1,"F",0,0,3.85,940,"Math & Science",0,0,NA
14458,2,2,"F",0,0,4,1120,"Math & Science",1,0,NA
14459,6,6,"M",1,0,3.91,1210,"Math & Science",1,0,NA
14460,7,5,"F",1,0,2.95,930,"Arts & Letters",0,0,NA
14461,6,7,"M",1,0,3.09,1320,"Arts & Letters",0,0,NA
14462,6,6,"F",0,0,3.83,1370,"Math & Science",1,0,NA
14463,1,1,"F",0,0,3.7,880,"Arts & Letters",0,0,NA
14464,3,3,"M",0,0,3.62,1370,"Arts & Letters",0,0,NA
14465,3,3,"M",0,0,4.05,1080,"Math & Science",0,0,NA
14466,7,7,"F",1,0,3.67,1250,"Business & Economics",1,0,NA
14467,3,3,"F",1,0,3.8,920,"Math & Science",0,0,NA
14468,3,3,"M",1,0,2.77,1030,"Arts & Letters",0,0,NA
14469,3,3,"M",0,1,2.97,1070,"Math & Science",0,0,NA
14470,4,4,"M",1,0,2.95,1240,"Arts & Letters",0,0,NA
14471,7,7,"F",1,0,3.9,1330,"Business & Economics",1,0,NA
14472,6,6,"F",1,0,2.95,1180,"Arts & Letters",0,0,NA
14473,6,6,"F",1,0,4.11,1310,"Math & Science",0,0,NA
14474,5,7,"F",0,0,3.8,1250,"Arts & Letters",0,1,3.596
14475,7,6,"M",1,0,3.38,1180,"Math & Science",0,0,NA
14476,7,4,"M",1,0,3.43,1130,"Business & Economics",0,0,NA
14477,7,6,"M",1,0,4,1340,"Math & Science",0,0,NA
14478,6,3,"M",1,0,3.11,860,"Business & Economics",0,0,NA
14479,3,3,"F",0,1,3.96,1380,"Business & Economics",1,0,NA
14480,4,4,"F",0,0,2.95,1110,"Arts & Letters",0,0,NA
14481,4,4,"F",0,0,3.48,1040,"Business & Economics",0,0,NA
14482,4,4,"F",1,0,3.44,880,"Arts & Letters",0,0,NA
14483,4,4,"F",0,0,3.3,1040,"Math & Science",0,0,NA
14484,3,7,"F",0,1,3.62,1230,"Arts & Letters",0,0,NA
14485,7,6,"M",0,1,3.64,1210,"Math & Science",0,0,NA
14486,7,4,"F",1,0,4.14,1220,"Business & Economics",0,1,3.475
14487,7,2,"F",0,1,3.7,1040,"Math & Science",0,0,NA
14488,7,6,"M",1,0,4.21,1390,"Math & Science",1,0,NA
14489,3,2,"F",0,0,3.38,1300,"Math & Science",0,0,NA
14490,6,6,"F",1,0,2.96,860,"Business & Economics",0,0,NA
14491,6,7,"F",1,0,3.25,1100,"Math & Science",0,0,NA
14492,7,7,"M",1,0,3.56,1490,"Math & Science",0,0,NA
14493,7,6,"M",1,0,3.71,1110,"Math & Science",0,0,NA
14494,7,7,"F",0,1,3.8,1360,"Math & Science",1,0,NA
14495,6,6,"F",1,0,4.09,1370,"Math & Science",1,0,NA
14496,4,3,"M",0,0,2.48,720,"Arts & Letters",0,0,NA
14497,1,1,"F",0,0,4.36,1090,"Arts & Letters",1,0,NA
14498,4,4,"F",0,0,3.3,1090,"Arts & Letters",0,0,NA
14499,6,7,"F",0,0,3.27,1210,"Arts & Letters",0,0,NA
14500,7,5,"M",0,0,2.61,1250,"Business & Economics",0,0,NA
14501,7,6,"F",0,1,3.39,1090,"Arts & Letters",0,0,NA
14502,3,3,"M",1,0,3.1,1070,"Business & Economics",0,0,NA
14503,3,1,"M",0,0,3.52,1070,"Math & Science",0,0,NA
14504,4,4,"M",0,0,2.63,1200,"Business & Economics",0,0,NA
14505,6,4,"F",1,0,3.41,920,"Arts & Letters",0,0,NA
14506,6,4,"M",1,0,3.67,1300,"Arts & Letters",0,0,NA
14507,1,1,"F",0,1,4.09,1110,"Math & Science",1,0,NA
14508,4,4,"F",0,1,3.62,1070,"Business & Economics",0,0,NA
14509,4,4,"M",0,0,2.9,980,"Arts & Letters",0,0,NA
14510,3,7,"F",1,0,3.46,1420,"Arts & Letters",1,0,NA
14511,3,3,"M",1,0,3.29,1070,"Business & Economics",0,0,NA
14512,7,6,"F",0,0,3.83,1160,"Business & Economics",0,0,NA
14513,6,6,"F",1,0,4.14,1300,"Arts & Letters",1,0,NA
14514,6,6,"F",1,0,3.86,1250,"Math & Science",0,0,NA
14515,1,1,"F",0,0,3.83,810,"Math & Science",0,0,NA
14516,1,2,"F",0,0,3.55,980,"Arts & Letters",0,0,NA
14517,6,6,"F",0,0,4.08,1340,"Math & Science",1,0,NA
14518,4,4,"F",0,1,3.45,980,"Math & Science",0,0,NA
14519,3,7,"F",0,0,3.64,1280,"Arts & Letters",0,0,NA
14520,7,6,"F",1,0,4.19,1310,"Arts & Letters",1,0,NA
14521,2,2,"M",0,1,3.96,1430,"Business & Economics",1,1,2.192
14522,7,6,"M",1,0,3.65,1100,"Arts & Letters",1,0,NA
14523,3,1,"M",0,0,3.35,1130,"Math & Science",1,0,NA
14524,6,6,"F",0,0,3.32,1120,"Arts & Letters",0,1,2.991
14525,7,7,"M",1,0,4.21,1470,"Math & Science",1,0,NA
14526,7,7,"M",1,0,3.4,1380,"Math & Science",0,0,NA
14527,6,7,"F",1,0,4,1220,"Arts & Letters",1,0,NA
14528,6,3,"M",1,0,2.67,850,"Business & Economics",0,0,NA
14529,4,4,"F",0,1,3.58,1420,"Business & Economics",1,0,NA
14530,6,6,"M",1,0,3.44,840,"Business & Economics",0,0,NA
14531,7,6,"M",1,0,3.27,1140,"Math & Science",0,0,NA
14532,3,4,"M",1,0,3.05,1210,"Business & Economics",0,0,NA
14533,7,7,"M",1,0,3,1360,"Math & Science",0,0,NA
14534,2,2,"M",0,1,2.29,1270,"Math & Science",0,0,NA
14535,7,4,"M",1,0,3.86,1380,"Math & Science",0,0,NA
14536,6,6,"M",1,0,4.35,1280,"Math & Science",1,0,NA
14537,4,6,"M",1,0,3.8,1360,"Business & Economics",0,0,NA
14538,7,4,"M",0,1,3.5,1220,"Math & Science",0,0,NA
14539,3,6,"M",1,0,2.95,1080,"Arts & Letters",0,0,NA
14540,6,6,"M",0,0,3.67,1340,"Arts & Letters",1,1,2.757
14541,7,6,"M",0,1,2.57,1040,"Business & Economics",0,0,NA
14542,7,7,"F",1,0,3.46,1130,"Arts & Letters",0,0,NA
14543,4,5,"M",1,0,3.55,1100,"Arts & Letters",0,0,NA
14544,4,3,"M",0,0,2.92,990,"Math & Science",0,0,NA
14545,6,7,"M",1,0,2.75,1190,"Math & Science",0,0,NA
14546,7,5,"F",1,0,3.57,970,"Math & Science",0,0,NA
14547,6,6,"F",0,0,3.75,1410,"Math & Science",1,1,3.069
14548,4,4,"F",1,0,3.7,930,"Arts & Letters",0,0,NA
14549,3,5,"M",1,0,3.39,1220,"Math & Science",0,0,NA
14550,3,3,"F",0,0,4.14,1250,"Arts & Letters",0,0,NA
14551,7,7,"M",0,0,3.3,1190,"Math & Science",0,0,NA
14552,6,6,"F",1,0,3.4,1160,"Arts & Letters",0,0,NA
14553,4,4,"F",1,0,2.94,950,"Arts & Letters",0,0,NA
14554,6,6,"F",1,0,4.18,1420,"Arts & Letters",1,0,NA
14555,2,3,"M",0,0,3.1,1060,"Business & Economics",0,0,NA
14556,4,6,"F",1,0,4.25,1300,"Arts & Letters",1,0,NA
14557,7,7,"F",0,0,3.29,1320,"Arts & Letters",0,0,NA
14558,3,3,"M",1,0,3.69,1170,"Business & Economics",0,0,NA
14559,6,6,"F",0,1,2.92,1080,"Business & Economics",0,0,NA
14560,4,6,"F",1,0,3.48,1170,"Math & Science",0,0,NA
14561,7,6,"F",1,0,3.45,1370,"Arts & Letters",0,0,NA
14562,5,5,"F",0,1,3.59,980,"Arts & Letters",0,0,NA
14563,7,4,"F",0,1,3.05,1460,"Business & Economics",0,0,NA
14564,6,5,"F",0,1,3.64,1310,"Arts & Letters",1,0,NA
14565,7,7,"M",1,0,3.91,1240,"Arts & Letters",0,0,NA
14566,7,7,"M",1,0,2.95,1280,"Arts & Letters",0,0,NA
14567,7,7,"M",1,0,3.74,1330,"Arts & Letters",1,0,NA
14568,3,3,"M",1,0,3.8,1230,"Business & Economics",0,0,NA
14569,1,2,"M",0,0,3.64,1030,"Math & Science",0,0,NA
14570,4,6,"M",0,0,2.78,1030,"Business & Economics",0,0,NA
14571,3,4,"F",0,0,2.83,770,"Business & Economics",0,0,NA
14572,4,5,"F",1,0,4.13,1390,"Math & Science",1,1,3.183
14573,7,7,"F",0,1,3.38,1260,"Math & Science",0,0,NA
14574,7,7,"F",0,1,3,1200,"Arts & Letters",0,0,NA
14575,3,6,"F",1,0,3.75,1340,"Arts & Letters",0,0,NA
14576,7,6,"F",1,0,4.12,1540,"Math & Science",1,0,NA
14577,6,6,"F",0,0,3.53,1060,"Math & Science",0,0,NA
14578,2,1,"F",0,1,2.74,1210,"Arts & Letters",1,0,NA
14579,4,6,"M",1,0,4.23,1400,"Arts & Letters",1,0,NA
14580,1,1,"M",0,0,3.46,1090,"Math & Science",0,0,NA
14581,3,6,"F",0,0,4.3,1100,"Arts & Letters",0,0,NA
14582,7,7,"M",1,0,2.65,1250,"Business & Economics",0,0,NA
14583,2,2,"M",0,0,3.06,950,"Arts & Letters",0,0,NA
14584,7,7,"M",0,1,4.04,1410,"Math & Science",1,0,NA
14585,7,6,"M",1,0,3.77,1170,"Business & Economics",1,0,NA
14586,4,3,"F",1,0,3,1270,"Arts & Letters",0,0,NA
14587,7,6,"F",0,1,3.25,1170,"Arts & Letters",0,0,NA
14588,4,4,"M",0,0,2.6,860,"Business & Economics",0,1,2.525
14589,4,6,"F",0,1,3.62,1210,"Business & Economics",1,0,NA
14590,4,4,"M",0,0,2.89,1200,"Arts & Letters",0,0,NA
14591,7,7,"F",0,1,3.58,1030,"Math & Science",0,0,NA
14592,7,6,"M",0,0,4.12,1390,"Business & Economics",1,0,NA
14593,4,3,"F",1,0,3.69,1000,"Arts & Letters",0,0,NA
14594,3,5,"M",0,0,3.77,1340,"Business & Economics",0,0,NA
14595,5,5,"F",1,0,3.95,1230,"Arts & Letters",0,0,NA
14596,2,5,"M",0,1,3.45,1270,"Arts & Letters",0,0,NA
14597,7,7,"M",1,0,3.45,1250,"Math & Science",0,0,NA
14598,2,2,"M",0,1,4,1180,"Business & Economics",1,0,NA
14599,6,3,"M",1,0,3.41,1290,"Math & Science",1,0,NA
14600,2,1,"F",0,0,2.95,870,"Math & Science",0,0,NA
14601,7,7,"F",0,1,3.41,1110,"Math & Science",0,0,NA
14602,6,5,"F",1,0,3.15,930,"Math & Science",0,0,NA
14603,6,5,"F",1,0,3.25,1160,"Math & Science",0,0,NA
14604,6,6,"M",0,1,3.85,1110,"Math & Science",0,0,NA
14605,3,3,"M",0,0,2.2,1170,"Arts & Letters",0,0,NA
14606,7,6,"F",1,0,3.61,1190,"Arts & Letters",0,0,NA
14607,7,6,"M",0,1,3,1190,"Arts & Letters",0,0,NA
14608,7,4,"F",1,0,2.81,1160,"Arts & Letters",0,0,NA
14609,6,3,"M",0,0,3.6,1080,"Math & Science",0,0,NA
14610,4,2,"F",0,0,3.54,840,"Arts & Letters",0,0,NA
14611,7,7,"M",0,0,3.62,1240,"Business & Economics",1,0,NA
14612,1,2,"F",0,0,3.59,850,"Business & Economics",1,0,NA
14613,7,7,"F",1,0,4.08,1130,"Arts & Letters",0,0,NA
14614,1,1,"F",0,0,3.35,980,"Math & Science",0,0,NA
14615,2,1,"M",0,0,3.41,1130,"Math & Science",0,0,NA
14616,6,7,"F",0,0,3.35,1220,"Arts & Letters",0,0,NA
14617,6,6,"M",0,1,3.08,1440,"Math & Science",0,0,NA
14618,3,4,"F",0,0,3.95,980,"Business & Economics",1,0,NA
14619,7,6,"M",1,0,3.3,1510,"Arts & Letters",0,0,NA
14620,6,6,"M",1,0,3.36,1470,"Business & Economics",0,0,NA
14621,1,2,"F",0,0,3.83,1040,"Arts & Letters",1,0,NA
14622,6,6,"F",0,1,3.35,1140,"Math & Science",0,0,NA
14623,2,5,"F",0,1,3.5,1040,"Arts & Letters",0,0,NA
14624,4,3,"F",1,0,4.17,1120,"Business & Economics",1,0,NA
14625,4,6,"F",1,0,3.7,1230,"Math & Science",0,0,NA
14626,7,6,"M",0,1,3.42,1370,"Arts & Letters",0,0,NA
14627,6,2,"F",1,0,3.96,1330,"Business & Economics",1,1,3.329
14628,6,2,"F",0,1,3,1200,"Math & Science",0,0,NA
14629,6,3,"M",0,1,2.77,910,"Business & Economics",0,0,NA
14630,7,7,"F",1,0,3.75,1320,"Math & Science",0,0,NA
14631,7,7,"M",1,0,3.91,1060,"Arts & Letters",0,0,NA
14632,4,4,"M",0,1,3.06,1210,"Arts & Letters",0,0,NA
14633,7,7,"F",1,0,3.58,1280,"Arts & Letters",0,0,NA
14634,6,3,"M",0,1,3.32,1260,"Math & Science",0,0,NA
14635,7,6,"M",0,1,3.46,1420,"Arts & Letters",0,0,NA
14636,7,7,"F",0,1,4.08,1380,"Math & Science",1,0,NA
14637,5,5,"F",0,1,3.3,970,"Math & Science",0,0,NA
14638,7,5,"M",1,0,3.35,1370,"Math & Science",1,0,NA
14639,7,7,"M",0,0,3.64,1100,"Arts & Letters",0,0,NA
14640,3,2,"F",0,0,2.95,870,"Arts & Letters",0,0,NA
14641,3,3,"F",0,1,3.5,1280,"Math & Science",0,0,NA
14642,7,7,"F",0,1,3.48,1480,"Arts & Letters",1,0,NA
14643,6,2,"F",0,1,3.5,850,"Business & Economics",0,0,NA
14644,3,2,"F",0,0,3.04,1000,"Math & Science",0,0,NA
14645,2,2,"M",0,1,3.75,1120,"Business & Economics",1,0,NA
14646,5,6,"F",0,0,2.7,810,"Arts & Letters",0,0,NA
14647,3,4,"F",0,0,3.44,890,"Business & Economics",0,0,NA
14648,3,5,"F",1,0,3.9,1190,"Math & Science",0,0,NA
14649,6,6,"M",1,0,3.21,1270,"Business & Economics",0,0,NA
14650,7,7,"M",0,1,3.44,1150,"Math & Science",0,0,NA
14651,6,5,"F",0,1,3.65,1200,"Math & Science",0,0,NA
14652,7,4,"F",1,0,4.08,1300,"Arts & Letters",1,0,NA
14653,7,5,"F",0,0,3.86,1330,"Arts & Letters",1,0,NA
14654,6,4,"F",0,1,3.17,1040,"Business & Economics",0,0,NA
14655,7,7,"M",0,0,2.24,1110,"Arts & Letters",0,0,NA
14656,7,7,"F",1,0,3.6,1090,"Math & Science",0,0,NA
14657,6,4,"F",0,1,4.31,1280,"Math & Science",1,1,3.021
14658,7,7,"F",1,0,3.23,1160,"Business & Economics",0,0,NA
14659,1,2,"F",0,0,2.35,990,"Arts & Letters",0,0,NA
14660,6,6,"M",0,0,3.75,1250,"Business & Economics",1,0,NA
14661,3,4,"F",1,0,4.09,1200,"Arts & Letters",1,0,NA
14662,5,4,"M",0,1,2.76,1110,"Business & Economics",0,0,NA
14663,3,4,"F",0,1,4.08,1440,"Math & Science",1,0,NA
14664,1,1,"F",0,0,3.9,1070,"Arts & Letters",1,0,NA
14665,6,6,"F",0,1,3.25,1250,"Arts & Letters",0,0,NA
14666,6,3,"F",0,1,3.91,1250,"Math & Science",0,0,NA
14667,6,6,"F",0,1,4,1180,"Math & Science",1,0,NA
14668,4,6,"M",0,0,3.68,1140,"Business & Economics",1,0,NA
14669,6,7,"F",0,0,4.05,1210,"Arts & Letters",1,0,NA
14670,6,6,"M",1,0,4.11,1410,"Business & Economics",1,0,NA
14671,7,3,"F",0,1,3.35,1140,"Math & Science",0,0,NA
14672,4,5,"F",0,1,3.33,1080,"Arts & Letters",0,0,NA
14673,3,3,"F",0,1,3.73,1270,"Math & Science",0,0,NA
14674,4,6,"F",0,0,2.92,1140,"Math & Science",0,0,NA
14675,6,5,"F",1,0,2.96,1060,"Arts & Letters",0,0,NA
14676,7,7,"F",0,1,3.57,1250,"Math & Science",0,0,NA
14677,6,6,"M",0,1,3.91,1370,"Business & Economics",1,0,NA
14678,7,6,"F",0,1,3.92,1350,"Arts & Letters",0,0,NA
14679,4,4,"M",0,1,3.44,1040,"Business & Economics",0,0,NA
14680,6,6,"M",0,1,3.86,1280,"Business & Economics",1,0,NA
14681,6,6,"M",0,1,3.88,1310,"Business & Economics",1,0,NA
14682,7,6,"M",0,1,3.5,1240,"Business & Economics",0,0,NA
14683,6,6,"F",1,0,3.96,1170,"Math & Science",0,0,NA
14684,3,2,"M",0,1,3.12,1230,"Business & Economics",0,0,NA
14685,4,7,"M",0,1,4.09,990,"Arts & Letters",0,0,NA
14686,7,7,"F",0,1,3.38,1170,"Math & Science",0,0,NA
14687,5,6,"F",0,1,3.95,1230,"Math & Science",0,0,NA
14688,1,1,"F",0,0,4.05,1300,"Business & Economics",1,0,NA
14689,7,3,"F",1,0,3.36,920,"Arts & Letters",0,0,NA
14690,7,6,"M",0,0,3.52,1220,"Arts & Letters",1,0,NA
14691,3,4,"M",0,1,2.44,1090,"Business & Economics",0,0,NA
14692,6,7,"F",0,0,3.45,910,"Math & Science",0,0,NA
14693,6,4,"M",1,0,3,1160,"Math & Science",0,0,NA
14694,3,6,"F",0,0,2.83,1120,"Arts & Letters",0,0,NA
14695,6,6,"M",1,0,2.52,1070,"Business & Economics",0,0,NA
14696,4,4,"F",1,0,2.54,920,"Arts & Letters",0,0,NA
14697,7,4,"F",0,0,2.81,1060,"Business & Economics",0,0,NA
14698,5,6,"M",1,0,2.05,1040,"Math & Science",0,0,NA
14699,1,3,"M",0,1,3.3,1080,"Business & Economics",0,0,NA
14700,6,7,"M",1,0,3.12,940,"Arts & Letters",0,0,NA
14701,3,3,"F",0,0,3.12,750,"Arts & Letters",0,0,NA
14702,6,6,"M",0,0,3.5,1240,"Arts & Letters",1,0,NA
14703,4,4,"M",0,1,2.95,1380,"Business & Economics",0,0,NA
14704,2,3,"F",1,0,3.68,1460,"Math & Science",1,0,NA
14705,6,6,"M",1,0,3.09,1150,"Business & Economics",0,0,NA
14706,7,7,"F",0,0,3.75,1310,"Math & Science",1,0,NA
14707,4,5,"F",1,0,3.58,1320,"Arts & Letters",0,0,NA
14708,3,1,"M",0,0,3,920,"Arts & Letters",0,0,NA
14709,7,7,"F",1,0,3.65,1440,"Math & Science",0,0,NA
14710,7,6,"M",0,0,3.46,1040,"Business & Economics",0,0,NA
14711,6,6,"M",0,1,3.68,1300,"Business & Economics",1,1,2.957
14712,7,6,"F",1,0,3.5,1010,"Math & Science",0,0,NA
14713,4,4,"F",0,0,3.11,810,"Arts & Letters",0,0,NA
14714,4,4,"F",1,0,3.15,1120,"Arts & Letters",0,0,NA
14715,6,4,"M",0,0,2.79,770,"Arts & Letters",0,0,NA
14716,1,3,"F",0,0,3.54,1080,"Arts & Letters",0,0,NA
14717,3,3,"M",0,0,2.7,990,"Math & Science",0,0,NA
14718,6,7,"F",1,0,3.69,1080,"Math & Science",0,0,NA
14719,6,6,"M",1,0,2.86,1370,"Business & Economics",0,0,NA
14720,3,2,"M",0,0,2.65,700,"Math & Science",0,0,NA
14721,7,7,"F",0,0,4.23,1160,"Math & Science",1,0,NA
14722,3,3,"M",0,0,2.95,820,"Arts & Letters",0,0,NA
14723,4,7,"F",1,0,3.45,1150,"Arts & Letters",0,0,NA
14724,1,1,"M",0,0,3.4,930,"Math & Science",0,0,NA
14725,7,3,"M",0,1,4.17,1260,"Math & Science",0,0,NA
14726,4,4,"F",1,0,2.76,960,"Arts & Letters",0,0,NA
14727,4,3,"F",0,0,3.75,1250,"Arts & Letters",0,0,NA
14728,5,5,"F",0,0,3.23,840,"Business & Economics",0,0,NA
14729,3,3,"M",0,1,3.29,900,"Math & Science",0,0,NA
14730,4,3,"M",1,0,3.45,1120,"Business & Economics",0,0,NA
14731,6,5,"F",0,1,3.8,1090,"Arts & Letters",0,0,NA
14732,4,3,"F",0,0,3.45,1230,"Math & Science",0,0,NA
14733,7,6,"M",1,0,3.82,1350,"Math & Science",1,0,NA
14734,6,6,"M",0,1,3.67,1410,"Math & Science",1,0,NA
14735,5,7,"M",0,0,3.45,1170,"Business & Economics",1,0,NA
14736,6,4,"M",0,1,2.95,1140,"Math & Science",0,0,NA
14737,6,7,"M",0,0,4.3,1320,"Business & Economics",1,0,NA
14738,6,6,"F",0,0,3.88,1310,"Arts & Letters",1,0,NA
14739,2,2,"M",0,1,1.48,1010,"Arts & Letters",0,0,NA
14740,6,6,"M",1,0,3.23,850,"Math & Science",0,0,NA
14741,5,4,"F",1,0,2.74,1260,"Math & Science",0,0,NA
14742,2,3,"M",0,0,4.17,1280,"Business & Economics",1,0,NA
14743,5,6,"F",1,0,4,960,"Math & Science",0,0,NA
14744,4,4,"F",0,0,3.06,670,"Arts & Letters",0,0,NA
14745,4,6,"F",1,0,4.1,1210,"Business & Economics",1,0,NA
14746,6,6,"F",1,0,3.32,1220,"Arts & Letters",0,0,NA
14747,1,1,"M",0,0,3.44,1010,"Math & Science",0,0,NA
14748,7,7,"F",1,0,3.71,1060,"Arts & Letters",0,0,NA
14749,6,4,"F",0,0,3.73,1140,"Arts & Letters",0,0,NA
14750,2,3,"F",0,0,3.32,820,"Arts & Letters",0,0,NA
14751,2,5,"F",1,0,3.75,940,"Arts & Letters",0,0,NA
14752,7,7,"M",1,0,3.27,1170,"Math & Science",0,0,NA
14753,6,7,"F",0,0,4.15,1310,"Arts & Letters",0,0,NA
14754,6,4,"M",1,0,3.58,1120,"Math & Science",0,0,NA
14755,6,4,"M",1,0,3.78,1500,"Arts & Letters",1,0,NA
14756,7,6,"F",0,0,4,1430,"Math & Science",1,0,NA
14757,1,4,"F",0,0,2.73,910,"Arts & Letters",0,0,NA
14758,7,4,"F",1,0,4.05,1280,"Arts & Letters",0,0,NA
14759,6,7,"F",1,0,3.2,990,"Business & Economics",0,0,NA
14760,7,7,"M",0,1,3.36,1420,"Business & Economics",0,0,NA
14761,3,3,"F",1,0,2.96,970,"Arts & Letters",0,0,NA
14762,6,6,"M",1,0,3.21,1120,"Arts & Letters",0,0,NA
14763,7,6,"M",1,0,4.05,1410,"Arts & Letters",1,0,NA
14764,3,4,"F",0,1,3.3,1100,"Math & Science",1,1,3.149
14765,5,6,"M",0,0,2.72,860,"Business & Economics",0,0,NA
14766,1,1,"F",0,1,2.56,520,"Business & Economics",0,0,NA
14767,2,2,"M",0,1,3.46,1410,"Math & Science",1,0,NA
14768,4,3,"F",0,1,2.96,1030,"Arts & Letters",0,0,NA
14769,2,1,"F",0,0,4.27,1460,"Arts & Letters",1,0,NA
14770,7,3,"F",0,0,3,990,"Arts & Letters",0,0,NA
14771,7,7,"F",0,1,3.91,1440,"Arts & Letters",0,0,NA
14772,4,4,"F",0,1,3.09,840,"Business & Economics",0,0,NA
14773,7,6,"M",1,0,3.55,1260,"Business & Economics",0,0,NA
14774,1,1,"M",0,0,3.75,1210,"Math & Science",1,0,NA
14775,3,6,"F",1,0,3.36,1120,"Arts & Letters",0,0,NA
14776,7,5,"M",0,0,2.8,1040,"Arts & Letters",0,0,NA
14777,3,4,"M",0,0,3.35,950,"Arts & Letters",0,0,NA
14778,6,7,"M",1,0,3.56,1150,"Math & Science",0,0,NA
14779,6,4,"F",1,0,3.75,1060,"Arts & Letters",1,1,2.679
14780,7,3,"M",1,0,3.05,1170,"Arts & Letters",0,0,NA
14781,6,5,"F",0,1,4.25,1230,"Business & Economics",1,0,NA
14782,7,6,"F",1,0,3.64,1320,"Math & Science",0,0,NA
14783,3,3,"M",0,1,3.47,1120,"Business & Economics",0,0,NA
14784,7,7,"F",1,0,4.04,1350,"Arts & Letters",1,0,NA
14785,4,2,"M",0,0,3.23,930,"Arts & Letters",0,0,NA
14786,2,2,"F",0,0,2.58,740,"Arts & Letters",0,0,NA
14787,6,6,"M",1,0,4.44,1570,"Math & Science",1,0,NA
14788,2,1,"F",0,1,3.19,1100,"Math & Science",1,0,NA
14789,3,3,"M",1,0,2.86,990,"Math & Science",0,0,NA
14790,4,3,"M",1,0,3.54,1290,"Arts & Letters",0,0,NA
14791,6,6,"F",1,0,3.95,1290,"Arts & Letters",1,1,3.472
14792,3,6,"M",1,0,3.18,730,"Math & Science",0,0,NA
14793,7,6,"M",0,0,3.18,1090,"Math & Science",0,0,NA
14794,6,6,"F",0,0,3.35,1100,"Business & Economics",0,0,NA
14795,7,7,"F",1,0,3.36,1020,"Arts & Letters",0,0,NA
14796,6,6,"F",1,0,3.54,1240,"Arts & Letters",0,0,NA
14797,4,7,"M",1,0,2.5,930,"Math & Science",0,0,NA
14798,3,6,"M",1,0,2.39,950,"Math & Science",0,0,NA
14799,3,3,"F",0,0,2.68,920,"Arts & Letters",0,0,NA
14800,6,5,"F",1,0,4,990,"Math & Science",0,0,NA
14801,7,7,"F",1,0,4.05,1260,"Math & Science",0,0,NA
14802,7,4,"M",0,0,2.31,820,"Math & Science",0,0,NA
14803,3,3,"M",0,0,3.33,950,"Business & Economics",0,0,NA
14804,4,4,"M",0,0,2.7,1220,"Math & Science",0,0,NA
14805,7,6,"M",0,0,3.78,1240,"Arts & Letters",0,0,NA
14806,5,4,"F",0,0,2.9,1080,"Arts & Letters",0,0,NA
14807,3,6,"F",0,0,3.85,1360,"Arts & Letters",0,0,NA
14808,7,7,"M",1,0,3.17,1020,"Arts & Letters",0,0,NA
14809,4,5,"M",1,0,4.29,1390,"Math & Science",1,0,NA
14810,3,6,"F",0,1,3.55,1300,"Arts & Letters",0,0,NA
14811,6,3,"F",1,0,3.32,1100,"Math & Science",0,0,NA
14812,6,6,"M",0,1,3.32,1390,"Business & Economics",0,0,NA
14813,7,4,"F",1,0,3.61,1220,"Math & Science",1,0,NA
14814,6,7,"F",0,0,3.58,960,"Arts & Letters",0,0,NA
14815,4,6,"F",1,0,4.32,1280,"Arts & Letters",0,0,NA
14816,7,6,"M",0,0,4.05,1240,"Arts & Letters",0,0,NA
14817,4,2,"M",0,0,3.04,960,"Arts & Letters",0,0,NA
14818,1,3,"M",0,0,2.5,830,"Arts & Letters",0,0,NA
14819,6,4,"M",0,1,3.21,1280,"Arts & Letters",0,0,NA
14820,4,3,"M",0,0,3.86,1370,"Math & Science",1,0,NA
14821,2,4,"F",0,0,3.95,1240,"Arts & Letters",1,0,NA
14822,6,7,"F",0,1,3.36,960,"Business & Economics",0,0,NA
14823,6,6,"M",1,0,3.82,1120,"Arts & Letters",1,0,NA
14824,6,3,"M",0,0,3.05,980,"Business & Economics",0,0,NA
14825,6,6,"F",0,1,4,1090,"Math & Science",0,0,NA
14826,7,6,"F",1,0,3.31,1110,"Math & Science",0,0,NA
14827,6,6,"M",1,0,3.35,1110,"Math & Science",0,0,NA
14828,6,6,"F",1,0,4.14,1220,"Arts & Letters",1,0,NA
14829,6,6,"M",1,0,3.8,1230,"Business & Economics",1,1,3.22
14830,6,6,"F",0,1,4.25,1270,"Arts & Letters",0,1,3.855
14831,3,3,"M",1,0,4.22,1250,"Arts & Letters",0,0,NA
14832,6,4,"M",0,1,2.79,860,"Arts & Letters",0,0,NA
14833,6,6,"F",1,0,3.26,1130,"Arts & Letters",0,0,NA
14834,6,7,"M",1,0,3.67,1150,"Arts & Letters",0,0,NA
14835,6,5,"F",0,0,4.35,1310,"Business & Economics",1,0,NA
14836,7,6,"F",0,0,4.32,1390,"Arts & Letters",0,0,NA
14837,3,5,"M",1,0,3.91,1240,"Arts & Letters",0,0,NA
14838,6,3,"M",1,0,3.12,920,"Math & Science",0,0,NA
14839,6,6,"M",0,0,3.42,1330,"Business & Economics",0,0,NA
14840,7,6,"F",1,0,3.82,1060,"Arts & Letters",0,0,NA
14841,7,6,"F",0,0,3.06,1140,"Arts & Letters",0,0,NA
14842,7,7,"F",1,0,4.11,1330,"Business & Economics",1,0,NA
14843,2,2,"F",0,0,3.55,1210,"Business & Economics",1,0,NA
14844,6,5,"F",0,0,3.9,920,"Arts & Letters",0,0,NA
14845,2,2,"F",0,1,3.64,1210,"Math & Science",0,0,NA
14846,6,3,"F",0,0,4.1,1080,"Business & Economics",1,0,NA
14847,7,3,"M",0,0,3.39,1200,"Business & Economics",1,1,1.844
14848,1,1,"M",0,1,4.17,1190,"Business & Economics",1,0,NA
14849,4,6,"F",1,0,2.91,880,"Math & Science",0,0,NA
14850,3,1,"F",0,1,3.37,890,"Arts & Letters",0,0,NA
14851,4,4,"F",1,0,3.95,990,"Math & Science",0,0,NA
14852,6,7,"F",0,0,3.65,990,"Arts & Letters",0,0,NA
14853,6,6,"M",1,0,2.81,1140,"Math & Science",0,0,NA
14854,7,7,"F",0,0,3.62,1220,"Arts & Letters",0,0,NA
14855,3,3,"F",0,1,4.04,1260,"Math & Science",1,0,NA
14856,6,6,"M",0,0,3.48,1080,"Business & Economics",0,0,NA
14857,7,7,"F",1,0,4.08,1150,"Arts & Letters",1,0,NA
14858,7,4,"F",1,0,3.62,1250,"Arts & Letters",1,0,NA
14859,7,7,"F",0,1,3.83,1190,"Business & Economics",1,0,NA
14860,7,7,"M",0,1,3.95,1430,"Business & Economics",1,0,NA
14861,5,6,"F",1,0,3.71,1250,"Arts & Letters",0,0,NA
14862,4,6,"F",0,0,3.91,1170,"Math & Science",0,0,NA
14863,6,7,"F",0,1,3.25,950,"Arts & Letters",0,0,NA
14864,6,4,"F",1,0,3.18,860,"Arts & Letters",0,0,NA
14865,7,7,"M",1,0,3.36,1150,"Arts & Letters",0,0,NA
14866,4,3,"M",0,0,3.36,980,"Arts & Letters",0,0,NA
14867,6,6,"F",0,1,3.75,1180,"Arts & Letters",0,0,NA
14868,4,4,"F",0,0,4.22,1150,"Arts & Letters",0,0,NA
14869,7,6,"F",1,0,3.88,1380,"Business & Economics",1,0,NA
14870,4,4,"M",0,0,3.91,1300,"Math & Science",0,0,NA
14871,6,6,"F",1,0,2.94,1040,"Arts & Letters",0,0,NA
14872,3,4,"F",0,0,2.95,1090,"Math & Science",0,0,NA
14873,4,3,"M",1,0,3,1210,"Arts & Letters",0,0,NA
14874,3,4,"F",0,0,2.93,960,"Arts & Letters",0,0,NA
14875,4,3,"F",0,0,3.71,1140,"Arts & Letters",1,0,NA
14876,5,6,"F",1,0,3.64,1080,"Arts & Letters",1,1,3.584
14877,7,7,"F",0,0,3.77,1190,"Arts & Letters",0,0,NA
14878,7,6,"F",1,0,3.86,1340,"Arts & Letters",0,0,NA
14879,1,1,"F",0,1,4.04,1110,"Math & Science",1,0,NA
14880,6,7,"M",1,0,2.79,980,"Arts & Letters",0,0,NA
14881,5,5,"F",1,0,3.27,1090,"Arts & Letters",0,0,NA
14882,3,3,"F",0,0,3.16,900,"Arts & Letters",0,0,NA
14883,5,7,"F",1,0,3.21,1130,"Arts & Letters",0,0,NA
14884,7,4,"M",0,0,2.75,1170,"Math & Science",0,0,NA
14885,6,4,"F",1,0,3.45,900,"Math & Science",0,0,NA
14886,3,3,"M",0,0,2.17,1080,"Business & Economics",0,0,NA
14887,7,7,"F",0,1,3.94,1280,"Arts & Letters",1,0,NA
14888,2,3,"F",0,0,3.25,930,"Arts & Letters",0,0,NA
14889,6,6,"F",1,0,3.58,1200,"Arts & Letters",0,0,NA
14890,7,5,"F",1,0,3.55,1070,"Business & Economics",0,0,NA
14891,6,5,"M",1,0,3.2,1310,"Math & Science",0,0,NA
14892,3,4,"M",0,0,3.62,1320,"Math & Science",1,0,NA
14893,6,6,"M",0,1,3.15,1060,"Business & Economics",0,0,NA
14894,7,7,"M",1,0,3.5,1120,"Business & Economics",1,0,NA
14895,2,5,"F",0,0,2.9,790,"Arts & Letters",0,0,NA
14896,6,6,"F",1,0,4.05,1240,"Arts & Letters",1,1,3.473
14897,1,3,"F",0,0,4.06,860,"Arts & Letters",0,0,NA
14898,6,6,"M",0,0,3.45,1080,"Math & Science",0,0,NA
14899,6,3,"F",1,0,3.64,980,"Arts & Letters",0,0,NA
14900,7,6,"M",0,1,3.86,1200,"Math & Science",0,0,NA
14901,4,6,"F",1,0,3.71,1190,"Arts & Letters",0,0,NA
14902,7,6,"M",1,0,3.5,1330,"Math & Science",0,0,NA
14903,6,3,"M",0,1,3.04,1370,"Arts & Letters",1,0,NA
14904,3,6,"M",0,0,2.96,870,"Math & Science",0,0,NA
14905,3,4,"M",0,1,3.86,1360,"Arts & Letters",0,0,NA
14906,1,1,"F",0,0,4.36,1070,"Business & Economics",1,0,NA
14907,1,1,"F",0,0,3.54,890,"Math & Science",0,0,NA
14908,7,6,"F",1,0,3.62,920,"Math & Science",1,0,NA
14909,6,6,"M",0,1,3,1180,"Math & Science",0,0,NA
14910,6,6,"F",1,0,3.68,1210,"Arts & Letters",1,0,NA
14911,6,6,"M",1,0,3.42,1110,"Math & Science",0,0,NA
14912,6,6,"M",1,0,3.31,1080,"Business & Economics",0,0,NA
14913,4,3,"M",0,0,2.93,790,"Business & Economics",0,0,NA
14914,7,7,"F",1,0,4.12,1290,"Arts & Letters",1,0,NA
14915,6,4,"F",1,0,3.44,1230,"Math & Science",0,1,3.306
14916,6,7,"F",1,0,3.6,1180,"Math & Science",1,0,NA
14917,6,5,"M",0,1,2.72,860,"Math & Science",0,0,NA
14918,6,6,"F",0,0,3.42,1280,"Arts & Letters",0,0,NA
14919,7,6,"F",1,0,3.79,1280,"Arts & Letters",1,0,NA
14920,6,4,"M",1,0,4.15,1160,"Business & Economics",0,0,NA
14921,6,6,"M",1,0,4.06,1250,"Business & Economics",0,0,NA
14922,6,6,"F",0,0,3.17,950,"Arts & Letters",0,0,NA
14923,4,4,"F",0,1,3.75,1050,"Arts & Letters",0,0,NA
14924,7,6,"M",0,0,3.95,1300,"Business & Economics",0,0,NA
14925,6,6,"M",1,0,3.6,1380,"Arts & Letters",0,0,NA
14926,3,4,"F",1,0,3.91,1300,"Math & Science",1,0,NA
14927,4,4,"M",0,1,3.27,920,"Arts & Letters",0,0,NA
14928,7,7,"F",1,0,4.29,1360,"Math & Science",1,0,NA
14929,3,4,"M",1,0,3.55,1070,"Arts & Letters",0,0,NA
14930,5,5,"F",0,0,3.48,1230,"Arts & Letters",0,0,NA
14931,7,4,"M",0,0,3,1000,"Arts & Letters",0,0,NA
14932,7,6,"F",0,0,4.05,1260,"Arts & Letters",1,0,NA
14933,6,4,"F",1,0,3.59,930,"Arts & Letters",0,0,NA
14934,6,3,"F",0,0,3.78,1120,"Arts & Letters",0,0,NA
14935,3,3,"M",0,1,3.05,1350,"Business & Economics",0,0,NA
14936,4,6,"F",0,1,4.12,1360,"Math & Science",1,0,NA
14937,7,6,"F",0,0,2.68,1130,"Arts & Letters",0,0,NA
14938,2,3,"F",0,1,2.86,1320,"Arts & Letters",0,0,NA
14939,6,4,"F",1,0,4.36,1300,"Arts & Letters",1,0,NA
14940,4,4,"F",0,1,3.45,1010,"Math & Science",0,0,NA
14941,6,7,"F",1,0,3.29,870,"Arts & Letters",0,0,NA
14942,6,6,"F",1,0,3.32,1320,"Arts & Letters",1,0,NA
14943,6,4,"F",1,0,3.81,1070,"Arts & Letters",1,1,2.327
14944,2,2,"F",0,0,3.58,860,"Math & Science",0,0,NA
14945,6,6,"M",0,1,2.95,1240,"Math & Science",0,0,NA
14946,6,7,"F",1,0,4.33,1280,"Arts & Letters",1,0,NA
14947,3,7,"F",1,0,2.91,980,"Arts & Letters",0,0,NA
14948,6,6,"M",0,1,3.7,1550,"Math & Science",1,0,NA
14949,3,3,"F",0,1,4.1,1280,"Math & Science",0,0,NA
14950,6,6,"F",0,0,3.64,1170,"Arts & Letters",0,0,NA
14951,4,4,"M",0,0,3.25,1090,"Arts & Letters",0,0,NA
14952,3,3,"M",0,0,3.86,1320,"Math & Science",1,0,NA
14953,3,4,"F",0,0,2.83,1030,"Arts & Letters",0,0,NA
14954,4,6,"M",1,0,3.9,1270,"Business & Economics",1,0,NA
14955,3,3,"M",1,0,3.79,1210,"Math & Science",0,0,NA
14956,7,7,"M",1,0,3.04,1050,"Arts & Letters",0,1,3.006
14957,3,3,"M",0,1,3.62,980,"Math & Science",1,0,NA
14958,7,6,"F",0,1,3.83,1370,"Arts & Letters",0,0,NA
14959,7,6,"M",1,0,3.82,1200,"Math & Science",1,0,NA
14960,3,3,"M",0,0,3.2,980,"Business & Economics",0,0,NA
14961,4,3,"M",0,0,2.96,1220,"Math & Science",0,0,NA
14962,6,7,"F",0,0,3.33,1220,"Arts & Letters",0,0,NA
14963,3,4,"F",1,0,3.2,1220,"Arts & Letters",0,0,NA
14964,6,6,"F",1,0,3.22,1150,"Arts & Letters",0,0,NA
14965,7,7,"M",0,1,3.75,1500,"Business & Economics",1,0,NA
14966,4,4,"F",1,0,3.59,1150,"Business & Economics",0,0,NA
14967,6,6,"F",1,0,4,1260,"Math & Science",1,1,1.9
14968,7,6,"F",1,0,4.05,1390,"Arts & Letters",1,0,NA
14969,6,4,"F",1,0,3.32,1070,"Arts & Letters",0,0,NA
14970,7,7,"F",0,0,3.57,1340,"Math & Science",0,0,NA
14971,5,6,"M",1,0,4.32,1450,"Business & Economics",1,0,NA
14972,3,3,"M",0,1,3.91,1170,"Math & Science",1,0,NA
14973,7,7,"F",0,0,3.33,1060,"Arts & Letters",0,0,NA
14974,6,6,"M",0,1,4.04,1440,"Math & Science",1,0,NA
14975,6,3,"F",1,0,3.05,940,"Arts & Letters",0,0,NA
14976,7,5,"F",0,0,2.55,980,"Arts & Letters",0,0,NA
14977,7,7,"M",1,0,3.9,1180,"Math & Science",1,0,NA
14978,7,7,"F",1,0,3.55,1190,"Arts & Letters",0,0,NA
14979,4,4,"F",1,0,3.45,1010,"Arts & Letters",0,0,NA
14980,4,6,"F",1,0,3.17,1050,"Arts & Letters",0,0,NA
14981,7,5,"M",1,0,3.05,930,"Arts & Letters",0,0,NA
14982,6,6,"M",1,0,3.6,1020,"Business & Economics",1,1,1.678
14983,6,3,"M",1,0,3.41,1400,"Business & Economics",0,0,NA
14984,5,7,"F",0,0,3.35,1120,"Math & Science",0,0,NA
14985,6,4,"F",0,0,4.05,1050,"Business & Economics",0,0,NA
14986,6,7,"F",1,0,3.5,1210,"Arts & Letters",0,0,NA
14987,7,5,"M",0,1,3.25,1270,"Business & Economics",0,0,NA
14988,7,6,"M",0,1,3.7,1320,"Arts & Letters",0,0,NA
14989,3,3,"F",0,1,3.95,1080,"Math & Science",1,0,NA
14990,6,7,"M",1,0,3.2,1090,"Arts & Letters",0,0,NA
14991,7,7,"M",1,0,3.82,1210,"Arts & Letters",0,0,NA
14992,4,4,"M",0,0,3.73,960,"Business & Economics",0,0,NA
14993,6,6,"M",1,0,3.04,1220,"Business & Economics",0,0,NA
14994,3,5,"F",0,0,4.09,1250,"Math & Science",1,0,NA
14995,4,7,"F",0,0,3.79,1310,"Arts & Letters",1,0,NA
14996,2,2,"F",0,1,3.79,1110,"Arts & Letters",1,0,NA
14997,4,4,"F",0,1,3.6,1290,"Business & Economics",0,0,NA
14998,4,5,"M",0,0,3.3,1070,"Math & Science",0,0,NA
14999,3,3,"M",1,0,3.6,1030,"Math & Science",0,0,NA
15000,1,2,"M",0,0,3.81,1000,"Arts & Letters",0,0,NA
15001,3,3,"M",1,0,3.77,1310,"Arts & Letters",0,0,NA
15002,7,6,"M",1,0,3,990,"Arts & Letters",0,0,NA
15003,1,1,"F",0,0,3.45,810,"Arts & Letters",0,0,NA
15004,3,1,"M",0,1,4.23,1270,"Math & Science",1,0,NA
15005,7,7,"M",1,0,3.29,1260,"Business & Economics",0,0,NA
15006,3,3,"F",0,0,3.95,1200,"Arts & Letters",1,0,NA
15007,7,4,"M",0,0,3.42,1210,"Business & Economics",0,0,NA
15008,3,4,"F",1,0,3.91,1130,"Business & Economics",1,0,NA
15009,6,6,"F",0,1,3.7,1130,"Business & Economics",0,0,NA
15010,6,4,"F",1,0,4.29,1050,"Arts & Letters",1,0,NA
15011,4,4,"F",1,0,3.32,1200,"Arts & Letters",0,0,NA
15012,4,7,"M",0,0,3,1130,"Math & Science",0,0,NA
15013,6,6,"F",0,1,3.53,1280,"Arts & Letters",0,0,NA
15014,6,6,"F",0,0,3.09,1010,"Arts & Letters",0,0,NA
15015,4,5,"F",0,0,2.96,1050,"Arts & Letters",0,0,NA
15016,4,4,"F",0,0,3.52,1120,"Arts & Letters",0,0,NA
15017,3,6,"F",1,0,3.78,1290,"Math & Science",1,0,NA
15018,7,6,"M",1,0,4.15,1340,"Business & Economics",1,0,NA
15019,6,7,"M",1,0,3.75,1140,"Business & Economics",0,0,NA
15020,5,7,"M",0,1,3.08,1130,"Math & Science",0,0,NA
15021,4,4,"M",0,0,3.05,1200,"Math & Science",0,0,NA
15022,6,6,"M",1,0,3.17,1170,"Arts & Letters",0,0,NA
15023,7,3,"F",0,0,3.68,1340,"Arts & Letters",0,0,NA
15024,4,3,"F",1,0,4.09,1220,"Arts & Letters",0,0,NA
15025,7,7,"M",0,1,4.08,1390,"Arts & Letters",1,0,NA
15026,7,7,"M",1,0,0,1140,"Math & Science",0,0,NA
15027,7,6,"F",0,0,3.38,1070,"Business & Economics",0,0,NA
15028,4,4,"F",0,0,2.67,740,"Arts & Letters",0,0,NA
15029,7,7,"F",0,1,3.33,1340,"Arts & Letters",0,0,NA
15030,7,7,"M",1,0,3.18,1500,"Arts & Letters",0,0,NA
15031,4,3,"F",0,0,3.04,1040,"Arts & Letters",0,0,NA
15032,5,6,"F",0,0,3.91,1100,"Math & Science",0,0,NA
15033,3,5,"F",0,0,3.45,1090,"Business & Economics",1,0,NA
15034,5,6,"M",1,0,3.56,1170,"Business & Economics",0,0,NA
15035,7,3,"M",1,0,4,1220,"Business & Economics",1,0,NA
15036,3,4,"F",0,0,3.58,1110,"Arts & Letters",1,1,2.784
15037,6,6,"M",0,1,3.35,1190,"Arts & Letters",0,0,NA
15038,3,6,"F",0,0,3.41,1310,"Math & Science",0,0,NA
15039,7,6,"M",0,0,3.48,1330,"Arts & Letters",0,0,NA
15040,6,7,"F",1,0,3.35,1220,"Math & Science",0,0,NA
15041,7,6,"F",1,0,3.85,1240,"Math & Science",0,0,NA
15042,7,6,"M",1,0,3.77,1120,"Business & Economics",1,0,NA
15043,7,6,"F",1,0,2.96,980,"Arts & Letters",0,0,NA
15044,2,1,"M",0,1,3.91,960,"Math & Science",1,0,NA
15045,4,6,"M",0,0,3.04,970,"Business & Economics",0,0,NA
15046,7,4,"M",0,1,3.15,1410,"Math & Science",0,0,NA
15047,6,6,"F",0,1,3.55,1180,"Arts & Letters",0,1,3.328
15048,6,6,"M",0,1,3.07,1290,"Arts & Letters",0,0,NA
15049,7,7,"M",1,0,3.32,1220,"Math & Science",0,0,NA
15050,6,6,"M",0,0,1.94,690,"Arts & Letters",0,0,NA
15051,3,3,"M",0,0,4.04,1240,"Arts & Letters",1,0,NA
15052,1,1,"F",0,0,4.5,1460,"Math & Science",1,0,NA
15053,7,4,"M",0,1,3.75,1150,"Business & Economics",0,0,NA
15054,1,1,"F",0,0,3.3,1100,"Math & Science",0,0,NA
15055,4,2,"M",0,1,3.45,1290,"Business & Economics",1,0,NA
15056,3,2,"M",0,0,3.39,1070,"Arts & Letters",0,0,NA
15057,2,1,"M",0,1,2.64,1070,"Math & Science",0,0,NA
15058,2,2,"M",0,1,3.27,1040,"Business & Economics",0,0,NA
15059,6,6,"F",1,0,3.71,1270,"Business & Economics",1,1,3.476
15060,7,6,"M",1,0,3,1170,"Arts & Letters",0,0,NA
15061,6,6,"F",1,0,2.93,880,"Arts & Letters",0,0,NA
15062,7,6,"M",0,1,3.71,1310,"Arts & Letters",0,0,NA
15063,7,3,"F",1,0,3.96,1350,"Arts & Letters",1,1,3.626
15064,5,5,"M",0,0,4.15,1300,"Math & Science",1,0,NA
15065,6,5,"F",0,1,2.77,1250,"Business & Economics",0,0,NA
15066,3,3,"F",1,0,4.1,1070,"Arts & Letters",0,0,NA
15067,3,3,"F",0,0,2.89,1020,"Math & Science",0,0,NA
15068,6,6,"F",0,0,3.6,1070,"Arts & Letters",0,0,NA
15069,6,6,"F",0,0,3.12,980,"Math & Science",0,0,NA
15070,3,3,"F",0,1,3.62,1250,"Business & Economics",0,0,NA
15071,1,1,"F",0,0,4.15,790,"Business & Economics",1,0,NA
15072,4,6,"F",1,0,3.18,960,"Arts & Letters",0,0,NA
15073,5,4,"F",0,0,3.04,960,"Math & Science",0,0,NA
15074,1,1,"F",0,1,3.36,910,"Math & Science",0,0,NA
15075,7,6,"M",0,0,3.95,1230,"Business & Economics",0,0,NA
15076,7,6,"F",1,0,3.86,1350,"Math & Science",1,0,NA
15077,6,6,"M",1,0,2.58,1110,"Arts & Letters",0,0,NA
15078,3,6,"F",1,0,3.86,1170,"Arts & Letters",0,0,NA
15079,6,6,"M",1,0,3.32,1310,"Business & Economics",0,0,NA
15080,4,4,"M",0,1,3,1240,"Arts & Letters",0,0,NA
15081,5,5,"F",0,0,3.5,1180,"Arts & Letters",0,0,NA
15082,3,4,"M",1,0,4,1440,"Arts & Letters",1,1,3.689
15083,7,7,"M",1,0,4.18,1330,"Math & Science",1,0,NA
15084,4,5,"F",1,0,3.57,1150,"Business & Economics",1,0,NA
15085,3,3,"F",0,1,3.65,1060,"Math & Science",1,0,NA
15086,7,6,"F",0,0,3.95,1320,"Arts & Letters",1,0,NA
15087,4,6,"M",1,0,4.1,1420,"Math & Science",1,0,NA
15088,7,6,"F",1,0,3.77,1270,"Arts & Letters",0,0,NA
15089,3,3,"F",1,0,3.73,1100,"Math & Science",0,0,NA
15090,7,7,"M",1,0,3.8,1140,"Arts & Letters",0,0,NA
15091,2,1,"F",0,0,3.46,1130,"Arts & Letters",0,0,NA
15092,6,6,"M",1,0,3.5,1260,"Business & Economics",0,0,NA
15093,4,4,"F",1,0,3.8,1000,"Arts & Letters",0,0,NA
15094,6,4,"F",0,0,3.83,1090,"Math & Science",0,0,NA
15095,6,6,"M",0,1,3.43,1080,"Math & Science",0,0,NA
15096,3,3,"F",1,0,3.76,910,"Math & Science",0,0,NA
15097,7,4,"M",1,0,3.59,1360,"Math & Science",1,0,NA
15098,2,7,"M",1,0,3.77,1130,"Arts & Letters",0,0,NA
15099,2,2,"F",0,1,3.11,800,"Arts & Letters",0,0,NA
15100,2,2,"M",0,0,2.72,740,"Arts & Letters",0,0,NA
15101,3,4,"F",0,0,3.5,1200,"Arts & Letters",0,0,NA
15102,6,7,"M",1,0,3.27,1320,"Business & Economics",0,0,NA
15103,7,3,"M",1,0,3.6,1400,"Math & Science",0,0,NA
15104,6,6,"F",0,0,4,1170,"Math & Science",0,0,NA
15105,6,6,"F",1,0,3.68,1340,"Math & Science",1,0,NA
15106,4,3,"M",1,0,4.27,1330,"Math & Science",1,0,NA
15107,7,7,"F",0,0,3.69,1230,"Arts & Letters",0,0,NA
15108,4,4,"F",0,0,3.3,1120,"Arts & Letters",0,0,NA
15109,6,6,"F",0,0,2.83,1270,"Math & Science",0,0,NA
15110,1,1,"F",0,0,3.45,1040,"Business & Economics",0,0,NA
15111,7,5,"F",1,0,3.95,1000,"Math & Science",0,0,NA
15112,7,7,"F",1,0,3.79,1260,"Arts & Letters",1,0,NA
15113,7,6,"M",1,0,3.05,1290,"Math & Science",0,0,NA
15114,7,6,"M",0,1,3.59,1440,"Arts & Letters",0,0,NA
15115,1,1,"F",0,0,3.59,1150,"Arts & Letters",1,0,NA
15116,3,3,"F",1,0,2.86,1000,"Arts & Letters",0,0,NA
15117,3,4,"M",0,0,2.93,960,"Math & Science",0,0,NA
15118,1,1,"M",0,1,3.79,1140,"Math & Science",1,0,NA
15119,6,6,"M",1,0,3.05,1330,"Business & Economics",0,0,NA
15120,7,6,"M",0,0,3.18,1010,"Math & Science",0,0,NA
15121,6,4,"M",1,0,3.83,1220,"Business & Economics",1,1,1.182
15122,7,4,"M",1,0,3.25,1200,"Business & Economics",0,0,NA
15123,3,4,"M",1,0,3.68,1170,"Business & Economics",0,0,NA
15124,4,4,"F",0,0,3.23,1120,"Math & Science",0,0,NA
15125,6,7,"M",1,0,3.32,1010,"Business & Economics",0,0,NA
15126,4,4,"F",0,1,3.15,1160,"Math & Science",0,0,NA
15127,4,6,"F",0,0,3.33,1280,"Math & Science",0,0,NA
15128,5,5,"M",1,0,4.1,1220,"Business & Economics",0,0,NA
15129,3,3,"F",0,0,3.91,1060,"Arts & Letters",1,0,NA
15130,7,7,"M",1,0,3.62,1370,"Business & Economics",0,0,NA
15131,3,4,"M",0,1,3.05,1160,"Business & Economics",0,0,NA
15132,3,3,"F",0,0,3.86,940,"Business & Economics",0,0,NA
15133,7,7,"F",1,0,3.82,1250,"Arts & Letters",1,0,NA
15134,6,7,"F",1,0,3.78,930,"Arts & Letters",0,0,NA
15135,7,5,"F",0,1,4.23,1180,"Math & Science",1,0,NA
15136,3,7,"M",0,0,3.22,1170,"Math & Science",0,0,NA
15137,4,6,"F",1,0,4.19,1340,"Math & Science",1,0,NA
15138,3,5,"M",1,0,3.8,980,"Math & Science",0,0,NA
15139,4,4,"M",0,0,3.36,1280,"Math & Science",0,0,NA
15140,5,4,"F",1,0,4.05,1410,"Arts & Letters",1,0,NA
15141,1,2,"F",0,0,3.27,870,"Arts & Letters",0,0,NA
15142,7,6,"F",0,0,3.85,1410,"Arts & Letters",0,0,NA
15143,6,5,"M",1,0,3.68,1300,"Arts & Letters",0,0,NA
15144,6,4,"M",0,0,2.19,900,"Business & Economics",0,0,NA
15145,4,6,"F",1,0,3.55,1020,"Math & Science",0,0,NA
15146,3,3,"M",0,1,3.97,980,"Arts & Letters",0,0,NA
15147,6,3,"F",0,1,4.06,1050,"Math & Science",0,0,NA
15148,4,7,"M",0,1,3.57,1130,"Arts & Letters",0,0,NA
15149,6,6,"M",0,0,2.93,1220,"Business & Economics",0,0,NA
15150,7,6,"M",0,1,3.55,1340,"Business & Economics",0,0,NA
15151,6,6,"M",0,1,3.83,1170,"Math & Science",0,0,NA
15152,1,2,"M",0,0,3.38,960,"Arts & Letters",0,0,NA
15153,6,4,"M",1,0,3.43,1140,"Business & Economics",0,0,NA
15154,7,7,"M",1,0,3.04,1460,"Math & Science",0,0,NA
15155,7,7,"F",0,0,4.12,1230,"Arts & Letters",1,0,NA
15156,4,4,"F",0,0,3.42,1080,"Arts & Letters",0,0,NA
15157,2,1,"F",0,0,3.7,930,"Math & Science",0,0,NA
15158,7,7,"F",0,1,3.45,890,"Arts & Letters",0,0,NA
15159,6,3,"M",1,0,4,1350,"Math & Science",1,0,NA
15160,1,1,"F",0,0,3.68,1030,"Arts & Letters",0,0,NA
15161,7,6,"M",1,0,3.5,1200,"Math & Science",0,0,NA
15162,6,6,"M",0,0,3.63,1310,"Math & Science",0,0,NA
15163,3,3,"M",0,0,3.41,800,"Math & Science",0,0,NA
15164,6,3,"F",0,0,2.73,640,"Arts & Letters",0,0,NA
15165,2,3,"M",0,0,4.21,1120,"Math & Science",1,0,NA
15166,3,3,"M",1,0,3.5,1070,"Math & Science",0,0,NA
15167,6,6,"M",1,0,3.45,920,"Math & Science",0,0,NA
15168,6,6,"M",1,0,4,1380,"Business & Economics",1,0,NA
15169,6,3,"F",1,0,3.12,1360,"Arts & Letters",0,0,NA
15170,3,3,"M",1,0,4.12,1390,"Math & Science",1,0,NA
15171,5,4,"M",0,0,3.14,1110,"Business & Economics",0,0,NA
15172,6,5,"M",1,0,4.09,1470,"Math & Science",1,1,3.204
15173,1,2,"M",0,0,3.5,950,"Math & Science",0,0,NA
15174,6,5,"F",0,1,3.32,960,"Math & Science",1,0,NA
15175,1,1,"F",0,1,3.54,1000,"Business & Economics",1,0,NA
15176,6,7,"M",1,0,3.83,1230,"Arts & Letters",0,0,NA
15177,7,6,"F",0,1,3.79,1410,"Business & Economics",0,0,NA
15178,5,2,"M",0,1,3.18,1190,"Business & Economics",0,0,NA
15179,6,3,"F",1,0,3.57,1150,"Math & Science",0,0,NA
15180,4,4,"M",0,0,3.28,880,"Arts & Letters",0,0,NA
15181,6,6,"F",1,0,3.59,1450,"Business & Economics",1,0,NA
15182,7,7,"F",1,0,3.95,1270,"Arts & Letters",0,0,NA
15183,4,7,"M",1,0,3.79,1480,"Arts & Letters",1,0,NA
15184,4,7,"F",0,1,3.44,1370,"Arts & Letters",0,0,NA
15185,4,4,"F",0,0,3.46,1110,"Math & Science",0,0,NA
15186,7,5,"F",0,0,3.65,1150,"Arts & Letters",0,0,NA
15187,4,4,"M",0,0,3.71,890,"Math & Science",0,0,NA
15188,3,6,"F",1,0,4,1080,"Business & Economics",0,0,NA
15189,2,1,"F",0,0,3.5,900,"Math & Science",0,0,NA
15190,7,7,"F",1,0,4.27,1290,"Math & Science",1,0,NA
15191,4,4,"M",0,1,2.84,1050,"Math & Science",0,0,NA
15192,7,6,"F",0,1,2.81,840,"Arts & Letters",0,0,NA
15193,3,3,"F",0,0,3.5,1350,"Business & Economics",1,0,NA
15194,5,6,"M",0,0,2.35,1200,"Math & Science",0,0,NA
15195,5,7,"F",0,0,3.72,1170,"Arts & Letters",0,0,NA
15196,4,6,"M",1,0,3.21,1180,"Business & Economics",0,0,NA
15197,6,7,"M",0,0,4.06,1220,"Math & Science",1,0,NA
15198,6,7,"M",0,1,3.69,1110,"Math & Science",1,0,NA
15199,4,4,"F",0,0,2.8,1100,"Business & Economics",0,0,NA
15200,6,4,"M",1,0,3.91,1280,"Math & Science",1,0,NA
15201,3,5,"F",0,0,3.2,740,"Arts & Letters",0,0,NA
15202,4,4,"F",0,0,3.44,1130,"Arts & Letters",1,0,NA
15203,6,7,"M",0,1,4,1470,"Math & Science",1,0,NA
15204,6,7,"M",0,1,4,1540,"Math & Science",1,0,NA
15205,3,3,"F",0,0,2.89,1050,"Arts & Letters",0,0,NA
15206,3,3,"M",0,0,4.06,1090,"Math & Science",1,0,NA
15207,1,4,"F",0,0,2.95,720,"Business & Economics",0,0,NA
15208,7,7,"F",1,0,3.73,1320,"Math & Science",1,0,NA
15209,3,3,"F",0,0,4,1020,"Arts & Letters",0,0,NA
15210,7,7,"M",0,1,3.86,1230,"Arts & Letters",0,0,NA
15211,4,4,"F",1,0,3.73,1100,"Math & Science",0,0,NA
15212,3,3,"F",1,0,3.2,1040,"Math & Science",0,0,NA
15213,3,5,"M",0,1,3,820,"Business & Economics",0,0,NA
15214,3,3,"F",0,1,3.73,1270,"Math & Science",1,0,NA
15215,6,3,"F",0,0,3.5,1150,"Arts & Letters",0,0,NA
15216,5,4,"M",0,1,3.65,1220,"Math & Science",0,0,NA
15217,3,7,"M",1,0,3.15,1200,"Math & Science",0,0,NA
15218,3,6,"F",0,1,3.96,1380,"Math & Science",1,0,NA
15219,6,6,"F",1,0,4.3,1450,"Business & Economics",1,1,3.6
15220,7,7,"F",0,1,3.14,1470,"Math & Science",0,0,NA
15221,6,6,"F",0,1,3.41,1330,"Arts & Letters",0,0,NA
15222,3,3,"M",0,1,3.27,1110,"Arts & Letters",0,0,NA
15223,6,6,"F",0,1,3.45,1180,"Business & Economics",1,0,NA
15224,7,6,"F",0,1,3.81,1490,"Math & Science",1,0,NA
15225,7,5,"F",1,0,3.64,1310,"Math & Science",1,0,NA
15226,6,6,"F",0,0,4.05,1270,"Math & Science",1,0,NA
15227,7,6,"M",1,0,3.92,1270,"Arts & Letters",1,0,NA
15228,4,5,"F",0,0,4.07,1270,"Math & Science",1,1,3.685
15229,6,6,"M",0,0,2.75,1020,"Business & Economics",0,0,NA
15230,3,3,"M",0,0,3.59,1140,"Math & Science",0,0,NA
15231,6,4,"M",0,0,2.67,1050,"Arts & Letters",0,0,NA
15232,1,3,"F",0,1,3.54,860,"Arts & Letters",0,0,NA
15233,6,3,"M",0,1,3.77,1260,"Math & Science",0,0,NA
15234,7,7,"M",0,1,3.32,1150,"Math & Science",0,0,NA
15235,7,7,"M",1,0,4.08,1430,"Math & Science",1,0,NA
15236,3,3,"M",0,0,2.81,870,"Math & Science",0,0,NA
15237,3,3,"M",0,1,3.06,1430,"Math & Science",0,0,NA
15238,3,3,"M",1,0,4.09,880,"Business & Economics",0,0,NA
15239,6,3,"M",0,1,3.96,1220,"Math & Science",1,0,NA
15240,1,1,"F",0,0,3.12,1020,"Arts & Letters",0,0,NA
15241,7,5,"M",0,1,2.88,1230,"Business & Economics",1,0,NA
15242,4,4,"F",0,0,4,1360,"Arts & Letters",1,0,NA
15243,6,7,"M",0,0,3.13,1050,"Math & Science",0,0,NA
15244,7,3,"M",0,1,3.46,1420,"Math & Science",0,0,NA
15245,7,6,"M",0,1,3.11,1250,"Math & Science",0,0,NA
15246,3,6,"M",1,0,3.45,1050,"Business & Economics",0,0,NA
15247,6,6,"M",0,0,2.54,730,"Arts & Letters",0,0,NA
15248,4,4,"F",0,0,3.61,1100,"Arts & Letters",0,0,NA
15249,5,3,"M",0,1,4.23,1350,"Math & Science",1,0,NA
15250,1,1,"M",0,1,3.35,1100,"Math & Science",0,0,NA
15251,6,3,"M",0,0,3.21,980,"Business & Economics",0,0,NA
15252,3,3,"F",0,1,3.15,1010,"Arts & Letters",0,0,NA
15253,2,4,"M",0,1,3.65,1320,"Business & Economics",1,0,NA
15254,6,6,"F",0,1,3.75,1250,"Arts & Letters",0,0,NA
15255,4,3,"M",0,0,3.81,1130,"Math & Science",0,0,NA
15256,5,6,"M",0,1,3.82,1330,"Business & Economics",1,1,3.237
15257,7,5,"F",1,0,4,1540,"Arts & Letters",1,0,NA
15258,7,7,"F",1,0,3.07,1150,"Math & Science",1,1,3.161
15259,6,7,"F",0,1,4.25,1230,"Math & Science",1,1,3.305
15260,6,7,"F",1,0,4,1120,"Math & Science",1,1,2.97
15261,6,6,"F",1,0,3.15,1100,"Arts & Letters",0,0,NA
15262,6,4,"F",1,0,3.82,1120,"Arts & Letters",1,0,NA
15263,6,6,"M",1,0,3.77,1110,"Arts & Letters",0,0,NA
15264,4,3,"F",0,0,2.45,880,"Math & Science",0,0,NA
15265,6,5,"F",0,0,3.08,1000,"Arts & Letters",0,0,NA
15266,3,2,"F",0,0,3.5,1080,"Arts & Letters",0,0,NA
15267,6,4,"M",0,0,3.27,1090,"Business & Economics",0,0,NA
15268,6,6,"F",1,0,3.38,1030,"Math & Science",0,0,NA
15269,6,6,"F",1,0,4.28,1510,"Arts & Letters",1,0,NA
15270,2,6,"F",0,1,3.52,1190,"Business & Economics",0,0,NA
15271,4,3,"M",1,0,4.26,1300,"Business & Economics",1,1,3.912
15272,6,7,"F",0,1,3.27,1200,"Arts & Letters",0,0,NA
15273,7,7,"M",1,0,3.32,1490,"Business & Economics",1,0,NA
15274,2,6,"M",1,0,3.8,1070,"Math & Science",0,0,NA
15275,7,7,"M",1,0,4.14,1480,"Math & Science",1,0,NA
15276,6,6,"M",0,0,3.1,1110,"Math & Science",0,0,NA
15277,6,7,"M",1,0,3.27,1080,"Arts & Letters",0,0,NA
15278,3,2,"M",0,1,3.7,1290,"Arts & Letters",1,0,NA
15279,2,3,"F",1,0,3.59,1050,"Arts & Letters",0,0,NA
15280,7,6,"M",0,0,3.08,1050,"Business & Economics",0,0,NA
15281,5,3,"M",0,0,2.86,1110,"Business & Economics",0,0,NA
15282,3,3,"F",1,0,3.62,1170,"Math & Science",0,0,NA
15283,7,7,"F",1,0,3.14,1070,"Math & Science",0,0,NA
15284,3,5,"M",0,1,3.27,1150,"Math & Science",0,0,NA
15285,7,6,"F",1,0,3.52,990,"Arts & Letters",0,0,NA
15286,5,7,"M",1,0,2.85,1060,"Business & Economics",0,0,NA
15287,7,6,"F",0,1,3.61,1560,"Arts & Letters",1,0,NA
15288,7,5,"F",1,0,2.94,1220,"Business & Economics",0,0,NA
15289,6,6,"F",1,0,3.27,1030,"Math & Science",0,0,NA
15290,7,4,"M",0,0,3.5,1190,"Business & Economics",1,1,2.466
15291,3,1,"F",0,0,3.64,1000,"Business & Economics",0,0,NA
15292,3,4,"F",0,0,2.3,1080,"Arts & Letters",0,0,NA
15293,1,1,"F",0,0,4.36,1060,"Business & Economics",1,0,NA
15294,2,6,"M",0,0,3.73,990,"Arts & Letters",1,1,1.338
15295,1,1,"F",0,0,3.73,940,"Arts & Letters",0,0,NA
15296,6,5,"M",1,0,2.7,1100,"Arts & Letters",0,0,NA
15297,4,3,"F",1,0,3.77,1180,"Math & Science",0,0,NA
15298,3,1,"F",0,0,4.11,1060,"Math & Science",1,0,NA
15299,6,3,"M",0,1,3.67,1030,"Math & Science",0,0,NA
15300,3,5,"M",0,1,3.86,1290,"Business & Economics",1,0,NA
15301,5,5,"M",0,1,3.54,1100,"Business & Economics",0,0,NA
15302,1,1,"M",0,0,3.3,940,"Arts & Letters",0,0,NA
15303,2,7,"M",0,0,3.05,1180,"Business & Economics",0,0,NA
15304,3,3,"F",1,0,3.59,1200,"Arts & Letters",0,0,NA
15305,7,4,"F",1,0,3.3,1270,"Arts & Letters",1,0,NA
15306,7,7,"M",1,0,3.74,1270,"Business & Economics",1,1,2.72
15307,7,4,"F",1,0,4.12,1310,"Math & Science",1,0,NA
15308,7,7,"F",1,0,3.1,1110,"Arts & Letters",0,0,NA
15309,3,3,"F",0,0,2.83,690,"Arts & Letters",0,0,NA
15310,6,6,"F",1,0,3.81,1260,"Arts & Letters",1,0,NA
15311,6,6,"F",1,0,4.05,1210,"Math & Science",0,1,3.757
15312,7,7,"M",1,0,3.76,1380,"Arts & Letters",1,0,NA
15313,6,6,"F",1,0,3.1,890,"Math & Science",0,0,NA
15314,7,3,"M",0,1,3.35,1310,"Business & Economics",0,0,NA
15315,3,3,"F",0,0,3.59,990,"Arts & Letters",0,0,NA
15316,6,6,"M",1,0,3.22,1200,"Business & Economics",1,0,NA
15317,6,6,"M",0,1,3.5,1140,"Math & Science",0,0,NA
15318,6,3,"F",1,0,3.13,1130,"Business & Economics",0,0,NA
15319,4,4,"M",0,0,3.18,750,"Math & Science",0,0,NA
15320,6,6,"F",1,0,3.73,1030,"Math & Science",0,0,NA
15321,7,7,"F",0,0,3.58,1340,"Arts & Letters",1,0,NA
15322,3,7,"M",0,0,2.88,1200,"Math & Science",0,0,NA
15323,7,7,"M",1,0,2.94,1200,"Arts & Letters",0,0,NA
15324,4,5,"M",1,0,2.75,810,"Business & Economics",0,0,NA
15325,3,7,"F",1,0,3.25,1200,"Arts & Letters",0,0,NA
15326,3,5,"M",1,0,4.4,1250,"Business & Economics",1,0,NA
15327,7,7,"M",0,1,2.58,1130,"Arts & Letters",0,0,NA
15328,3,1,"F",0,0,3.9,1110,"Arts & Letters",0,0,NA
15329,7,6,"F",0,1,3.54,1120,"Math & Science",0,0,NA
15330,7,7,"F",0,0,3.96,990,"Arts & Letters",1,1,2.814
15331,7,7,"M",1,0,3.58,1390,"Math & Science",1,0,NA
15332,4,5,"F",1,0,3.27,1040,"Arts & Letters",0,0,NA
15333,4,4,"M",0,0,3.68,1090,"Math & Science",0,0,NA
15334,6,5,"F",0,0,2.68,720,"Arts & Letters",0,0,NA
15335,1,1,"F",0,1,3.69,1330,"Math & Science",1,0,NA
15336,6,6,"F",1,0,3.3,1050,"Arts & Letters",0,0,NA
15337,7,7,"M",1,0,3.62,1280,"Arts & Letters",0,0,NA
15338,6,3,"F",0,1,3.67,1150,"Math & Science",1,0,NA
15339,6,7,"F",1,0,3.05,1130,"Arts & Letters",0,0,NA
15340,6,5,"F",0,0,3.95,990,"Math & Science",0,0,NA
15341,6,5,"F",0,0,4.32,1330,"Arts & Letters",1,0,NA
15342,5,4,"M",0,1,2.55,1150,"Math & Science",0,0,NA
15343,3,3,"F",1,0,3.35,1180,"Arts & Letters",1,0,NA
15344,7,6,"F",1,0,4.05,1240,"Math & Science",0,0,NA
15345,4,4,"F",0,0,3.53,1110,"Arts & Letters",0,0,NA
15346,6,6,"M",1,0,2.74,1080,"Arts & Letters",0,0,NA
15347,3,3,"M",0,0,3.83,990,"Math & Science",0,0,NA
15348,3,3,"F",0,1,4.19,1080,"Business & Economics",0,0,NA
15349,6,6,"F",0,1,4.09,1370,"Math & Science",1,0,NA
15350,4,4,"M",0,1,2.5,1060,"Math & Science",0,0,NA
15351,3,3,"M",0,1,3.64,1330,"Math & Science",0,0,NA
15352,2,4,"M",0,0,3.76,1250,"Math & Science",0,0,NA
15353,2,1,"F",0,0,3.25,950,"Math & Science",0,0,NA
15354,6,3,"M",1,0,3.25,1110,"Business & Economics",0,0,NA
15355,4,6,"M",1,0,3.54,1330,"Math & Science",0,0,NA
15356,4,6,"F",0,0,3,890,"Math & Science",0,0,NA
15357,7,7,"F",1,0,3.79,1190,"Arts & Letters",0,0,NA
15358,4,4,"F",1,0,3.81,1020,"Arts & Letters",0,0,NA
15359,3,6,"M",0,1,3.35,1060,"Business & Economics",0,0,NA
15360,6,7,"F",0,1,3.42,1540,"Business & Economics",1,0,NA
15361,6,7,"F",1,0,3.33,1300,"Arts & Letters",0,0,NA
15362,7,7,"M",1,0,3.38,1130,"Arts & Letters",0,0,NA
15363,6,4,"M",0,1,3.65,1220,"Business & Economics",0,0,NA
15364,4,4,"F",1,0,3.47,1030,"Arts & Letters",0,0,NA
15365,3,4,"F",1,0,3.7,1000,"Math & Science",0,0,NA
15366,4,1,"M",0,0,3.74,1180,"Arts & Letters",1,0,NA
15367,7,7,"F",0,1,3.68,1170,"Business & Economics",1,0,NA
15368,6,6,"F",0,0,3.65,1190,"Math & Science",1,1,2.993
15369,4,3,"F",1,0,3.4,980,"Math & Science",0,0,NA
15370,7,7,"F",1,0,3.13,1270,"Arts & Letters",0,0,NA
15371,6,6,"F",1,0,4,1100,"Arts & Letters",1,0,NA
15372,4,4,"M",1,0,2.8,1200,"Arts & Letters",0,0,NA
15373,6,4,"M",0,0,2.75,1040,"Business & Economics",0,0,NA
15374,6,4,"F",1,0,4.29,1280,"Math & Science",0,0,NA
15375,3,6,"F",0,0,2.88,980,"Arts & Letters",0,0,NA
15376,6,7,"F",1,0,3.95,1100,"Math & Science",0,0,NA
15377,6,6,"M",1,0,2.22,1110,"Business & Economics",0,0,NA
15378,4,4,"M",1,0,2.3,920,"Business & Economics",0,0,NA
15379,5,3,"M",1,0,3.35,950,"Math & Science",0,0,NA
15380,6,6,"M",1,0,3.76,1190,"Math & Science",0,0,NA
15381,4,7,"M",0,0,3,1050,"Business & Economics",0,0,NA
15382,3,3,"M",0,0,3.91,1250,"Math & Science",1,0,NA
15383,6,6,"F",1,0,2.78,1080,"Arts & Letters",0,0,NA
15384,1,1,"M",0,1,3.45,1160,"Business & Economics",1,1,2.212
15385,7,6,"F",1,0,3.83,1130,"Arts & Letters",0,0,NA
15386,7,7,"F",0,1,4.14,1400,"Arts & Letters",1,0,NA
15387,6,4,"F",1,0,3.1,1140,"Business & Economics",0,0,NA
15388,6,6,"F",0,1,3.32,1070,"Business & Economics",0,0,NA
15389,3,3,"F",1,0,4.18,1370,"Arts & Letters",1,0,NA
15390,6,6,"M",0,1,3.36,1090,"Math & Science",0,0,NA
15391,5,6,"F",1,0,3.43,1080,"Math & Science",0,0,NA
15392,6,6,"M",0,1,2.9,1200,"Business & Economics",0,0,NA
15393,5,5,"F",1,0,3,1040,"Arts & Letters",0,0,NA
15394,7,7,"F",1,0,3.42,1080,"Business & Economics",0,0,NA
15395,7,6,"M",0,0,3.6,1380,"Math & Science",0,0,NA
15396,6,3,"M",1,0,3.88,1030,"Business & Economics",1,0,NA
15397,4,4,"F",0,0,3.3,930,"Arts & Letters",0,0,NA
15398,2,2,"M",0,1,3.38,1120,"Business & Economics",1,0,NA
15399,6,6,"F",1,0,3.5,1200,"Arts & Letters",0,0,NA
15400,2,3,"F",0,0,3.7,1010,"Math & Science",0,0,NA
15401,7,7,"F",0,0,4.11,1260,"Arts & Letters",1,0,NA
15402,7,6,"F",1,0,3.76,1370,"Arts & Letters",1,0,NA
15403,7,5,"M",1,0,2.96,1210,"Math & Science",0,0,NA
15404,7,7,"F",0,0,3.05,1320,"Arts & Letters",0,0,NA
15405,6,6,"F",1,0,3.24,1270,"Arts & Letters",0,0,NA
15406,7,6,"M",1,0,3.23,1140,"Math & Science",0,0,NA
15407,4,6,"F",0,0,2.73,830,"Arts & Letters",0,0,NA
15408,7,6,"F",0,1,3.88,1570,"Math & Science",1,0,NA
15409,7,6,"F",1,0,4.04,1270,"Arts & Letters",0,0,NA
15410,7,4,"F",0,0,3.55,730,"Math & Science",0,0,NA
15411,6,7,"F",1,0,3.76,1080,"Business & Economics",0,0,NA
15412,3,3,"M",0,1,3.64,1360,"Business & Economics",0,0,NA
15413,6,5,"M",1,0,3.5,1190,"Math & Science",0,0,NA
15414,5,3,"M",0,1,3.86,1210,"Math & Science",0,0,NA
15415,4,4,"F",1,0,3,1100,"Arts & Letters",0,0,NA
15416,6,6,"M",1,0,4.14,1490,"Math & Science",1,0,NA
15417,7,3,"F",1,0,3.2,960,"Arts & Letters",0,0,NA
15418,7,7,"M",1,0,3.54,1330,"Arts & Letters",0,0,NA
15419,7,7,"M",1,0,3.14,1340,"Business & Economics",0,0,NA
15420,7,6,"M",1,0,3.45,1260,"Arts & Letters",1,0,NA
15421,7,7,"M",1,0,3.41,1310,"Math & Science",0,0,NA
15422,4,6,"F",0,1,2.92,1120,"Arts & Letters",0,0,NA
15423,1,1,"F",0,1,3.87,1170,"Business & Economics",1,1,2.725
15424,4,6,"M",0,0,4.25,1300,"Business & Economics",1,0,NA
15425,4,4,"F",1,0,3.45,1020,"Arts & Letters",0,0,NA
15426,2,2,"F",0,0,3.17,870,"Arts & Letters",0,0,NA
15427,4,6,"M",1,0,3.33,1200,"Arts & Letters",0,0,NA
15428,7,7,"F",1,0,3.85,1220,"Math & Science",0,0,NA
15429,6,6,"M",0,0,3.18,870,"Arts & Letters",0,0,NA
15430,1,3,"F",0,0,3.45,970,"Arts & Letters",0,0,NA
15431,7,6,"M",0,0,3.39,1210,"Arts & Letters",0,0,NA
15432,2,5,"F",0,0,3.32,860,"Arts & Letters",0,0,NA
15433,6,3,"M",1,0,2.85,870,"Business & Economics",0,0,NA
15434,6,6,"F",1,0,4.32,1370,"Math & Science",1,1,3.859
15435,7,6,"F",0,1,2.95,1000,"Math & Science",0,0,NA
15436,3,7,"F",1,0,3.52,1080,"Arts & Letters",0,0,NA
15437,5,6,"F",1,0,3.55,760,"Arts & Letters",0,0,NA
15438,6,6,"M",0,0,3.35,1190,"Math & Science",0,0,NA
15439,3,3,"M",0,0,3.18,1520,"Math & Science",0,0,NA
15440,4,4,"M",1,0,3.06,1110,"Arts & Letters",0,0,NA
15441,4,4,"F",1,0,3.8,980,"Arts & Letters",0,0,NA
15442,3,3,"F",0,1,3.45,1090,"Math & Science",1,0,NA
15443,3,6,"M",0,1,3.5,1300,"Business & Economics",0,0,NA
15444,6,4,"M",1,0,3.25,1120,"Business & Economics",0,0,NA
15445,7,6,"F",1,0,3.5,1220,"Business & Economics",0,0,NA
15446,7,5,"M",1,0,3.48,1280,"Business & Economics",0,0,NA
15447,4,7,"M",0,1,3.1,1310,"Math & Science",0,0,NA
15448,4,4,"M",0,1,2.92,810,"Business & Economics",0,0,NA
15449,4,7,"F",1,0,4.25,1420,"Arts & Letters",1,0,NA
15450,4,4,"M",0,0,3.95,1190,"Math & Science",0,0,NA
15451,2,1,"F",0,1,3.4,1070,"Math & Science",0,0,NA
15452,6,6,"F",1,0,3.9,1180,"Business & Economics",0,0,NA
15453,7,6,"M",0,0,4.15,1360,"Math & Science",1,0,NA
15454,6,6,"M",1,0,3.26,1050,"Business & Economics",0,0,NA
15455,6,5,"F",0,0,3,1040,"Arts & Letters",0,0,NA
15456,4,4,"M",0,0,2.44,1070,"Arts & Letters",0,0,NA
15457,3,4,"M",1,0,3.89,1190,"Business & Economics",0,0,NA
15458,6,7,"M",1,0,2.71,990,"Arts & Letters",0,0,NA
15459,6,6,"F",0,1,3.86,1140,"Math & Science",1,1,3.75
15460,6,7,"F",1,0,3.39,1330,"Business & Economics",0,0,NA
15461,3,3,"F",1,0,3.24,920,"Arts & Letters",0,0,NA
15462,4,3,"F",0,0,3.27,850,"Arts & Letters",0,0,NA
15463,3,4,"F",1,0,3.62,980,"Business & Economics",1,1,1.941
15464,1,1,"F",0,0,3.17,810,"Arts & Letters",0,0,NA
15465,4,4,"F",0,1,3.36,1240,"Arts & Letters",0,0,NA
15466,6,3,"M",0,0,3.42,1040,"Business & Economics",0,0,NA
15467,5,6,"F",0,1,3.08,1040,"Math & Science",0,0,NA
15468,4,4,"F",0,0,2.85,1190,"Math & Science",0,0,NA
15469,7,7,"M",0,1,3.71,1480,"Arts & Letters",1,0,NA
15470,6,6,"F",1,0,2.5,940,"Arts & Letters",0,0,NA
15471,4,7,"M",1,0,2.95,770,"Business & Economics",0,0,NA
15472,4,6,"F",1,0,3.21,980,"Arts & Letters",0,0,NA
15473,2,6,"M",0,1,2.9,1200,"Business & Economics",0,0,NA
15474,7,6,"M",1,0,3,1340,"Math & Science",0,0,NA
15475,3,3,"F",0,1,3.77,1090,"Math & Science",0,0,NA
15476,6,6,"M",0,1,3.56,1350,"Business & Economics",1,1,2.784
15477,3,3,"F",1,0,4.17,1160,"Business & Economics",0,0,NA
15478,7,7,"M",1,0,2.67,1220,"Business & Economics",0,0,NA
15479,1,4,"F",0,0,2.73,910,"Arts & Letters",0,0,NA
15480,6,3,"M",1,0,3.65,1000,"Arts & Letters",0,0,NA
15481,6,5,"F",1,0,2.96,1040,"Business & Economics",0,0,NA
15482,3,2,"M",0,0,3.4,1210,"Business & Economics",1,0,NA
15483,6,4,"M",1,0,3.3,1210,"Math & Science",0,0,NA
15484,3,3,"M",1,0,4.05,1190,"Arts & Letters",1,0,NA
15485,2,1,"M",0,1,3.42,1420,"Math & Science",1,0,NA
15486,6,6,"F",1,0,3.75,1330,"Business & Economics",0,0,NA
15487,4,3,"F",1,0,3.22,930,"Math & Science",0,0,NA
15488,6,3,"F",1,0,4.31,1390,"Business & Economics",1,0,NA
15489,5,7,"M",0,0,2.41,820,"Arts & Letters",0,0,NA
15490,4,6,"F",0,0,2.9,1030,"Arts & Letters",0,0,NA
15491,2,3,"F",0,0,2.83,990,"Math & Science",0,0,NA
15492,7,6,"F",0,0,3.29,1260,"Arts & Letters",0,0,NA
15493,7,4,"M",1,0,3.46,1210,"Business & Economics",1,0,NA
15494,2,3,"M",0,0,2.65,780,"Math & Science",0,0,NA
15495,4,4,"F",0,1,3.58,1120,"Arts & Letters",1,1,3.028
15496,2,1,"F",0,0,2.9,1080,"Arts & Letters",0,0,NA
15497,4,4,"M",1,0,2.83,1010,"Math & Science",0,0,NA
15498,4,4,"F",0,1,3.56,1230,"Arts & Letters",0,0,NA
15499,5,4,"M",1,0,2.39,1030,"Arts & Letters",0,0,NA
15500,4,5,"F",1,0,3.62,1280,"Arts & Letters",0,0,NA
15501,7,6,"F",0,0,3.79,1210,"Arts & Letters",0,0,NA
15502,3,3,"F",1,0,3.19,780,"Arts & Letters",0,0,NA
15503,4,7,"M",0,0,4.15,1460,"Math & Science",1,0,NA
15504,6,6,"M",1,0,4.04,1290,"Business & Economics",0,0,NA
15505,4,4,"M",0,1,3.35,1340,"Business & Economics",0,0,NA
15506,1,1,"F",0,0,4.17,1050,"Arts & Letters",1,0,NA
15507,6,6,"F",0,0,3.37,1100,"Arts & Letters",1,1,2.734
15508,6,6,"M",0,1,3.15,1070,"Business & Economics",0,0,NA
15509,6,6,"F",0,1,3.5,1330,"Business & Economics",0,0,NA
15510,6,7,"F",1,0,3.2,1410,"Arts & Letters",0,0,NA
15511,7,4,"F",1,0,3.73,1140,"Arts & Letters",0,0,NA
15512,4,4,"M",0,1,3.45,1140,"Arts & Letters",0,0,NA
15513,6,7,"F",1,0,3.11,960,"Arts & Letters",0,0,NA
15514,6,6,"M",1,0,2.85,1000,"Arts & Letters",0,0,NA
15515,6,7,"M",1,0,3.27,1200,"Math & Science",0,0,NA
15516,7,6,"M",0,0,3.41,1390,"Math & Science",0,0,NA
15517,7,4,"F",0,1,3.45,1230,"Math & Science",0,0,NA
15518,6,5,"F",1,0,3.23,1090,"Math & Science",0,0,NA
15519,7,6,"M",1,0,3.86,1230,"Business & Economics",1,1,3.748
15520,4,4,"M",0,0,3.36,1200,"Math & Science",0,0,NA
15521,7,6,"M",0,1,3.6,1210,"Arts & Letters",0,0,NA
15522,6,6,"F",1,0,3.75,1170,"Arts & Letters",1,0,NA
15523,6,6,"F",0,0,3.09,1180,"Arts & Letters",0,0,NA
15524,3,4,"F",0,1,4.17,1330,"Business & Economics",1,0,NA
15525,7,7,"F",1,0,3.95,1510,"Math & Science",1,0,NA
15526,3,3,"F",0,0,3.41,1310,"Arts & Letters",1,0,NA
15527,6,6,"M",1,0,3.54,1070,"Arts & Letters",0,0,NA
15528,7,6,"M",1,0,2.8,1080,"Arts & Letters",0,0,NA
15529,6,6,"M",1,0,2.65,1090,"Arts & Letters",0,0,NA
15530,6,6,"M",0,1,2.91,1160,"Business & Economics",0,0,NA
15531,7,6,"M",1,0,3.89,1140,"Arts & Letters",0,0,NA
15532,7,7,"M",1,0,3.91,1550,"Math & Science",1,0,NA
15533,6,6,"M",0,1,3.35,1440,"Math & Science",1,0,NA
15534,3,4,"F",1,0,3.05,980,"Math & Science",0,0,NA
15535,5,4,"M",0,0,4.36,1370,"Math & Science",1,0,NA
15536,7,7,"F",0,0,2.36,740,"Math & Science",0,0,NA
15537,7,7,"F",1,0,3.96,1370,"Arts & Letters",1,0,NA
15538,7,5,"M",0,0,2.73,960,"Math & Science",0,0,NA
15539,7,6,"F",1,0,3.22,940,"Arts & Letters",0,0,NA
15540,4,4,"M",1,0,4,1250,"Arts & Letters",0,0,NA
15541,7,6,"M",0,1,3.75,1200,"Business & Economics",0,0,NA
15542,6,6,"F",1,0,3.4,1210,"Business & Economics",0,0,NA
15543,6,6,"M",0,0,3.48,1410,"Arts & Letters",1,0,NA
15544,6,3,"F",0,0,3.89,1010,"Arts & Letters",0,0,NA
15545,6,6,"F",1,0,3.21,1040,"Arts & Letters",0,0,NA
15546,6,5,"M",1,0,3.45,1010,"Arts & Letters",0,0,NA
15547,3,3,"F",0,1,2.83,1100,"Arts & Letters",0,0,NA
15548,2,2,"M",0,0,3.54,1080,"Arts & Letters",0,0,NA
15549,6,2,"M",0,1,3.54,1180,"Math & Science",0,0,NA
15550,4,3,"F",1,0,3.54,1120,"Arts & Letters",0,0,NA
15551,4,3,"F",0,0,3.72,1190,"Math & Science",0,0,NA
15552,3,4,"F",0,0,3.33,1050,"Business & Economics",0,0,NA
15553,7,6,"F",0,1,3.79,1360,"Math & Science",1,0,NA
15554,6,7,"M",1,0,3.74,1240,"Business & Economics",0,0,NA
15555,6,6,"F",1,0,3.42,1100,"Arts & Letters",0,0,NA
15556,2,6,"M",1,0,2.73,1160,"Arts & Letters",0,0,NA
15557,4,7,"M",0,0,3.08,1090,"Math & Science",0,0,NA
15558,6,6,"M",1,0,3.91,1410,"Math & Science",1,0,NA
15559,6,6,"M",0,1,3,1140,"Arts & Letters",0,0,NA
15560,7,4,"F",1,0,4.08,1350,"Arts & Letters",1,1,3.374
15561,3,3,"F",0,0,4.08,1100,"Business & Economics",1,1,2.977
15562,4,6,"M",1,0,3.1,1220,"Business & Economics",0,0,NA
15563,3,7,"M",1,0,2.94,1180,"Math & Science",0,0,NA
15564,7,6,"M",0,0,3.11,1340,"Arts & Letters",1,0,NA
15565,5,3,"F",0,1,3.29,1440,"Arts & Letters",0,0,NA
15566,7,7,"F",1,0,3.73,1200,"Arts & Letters",0,0,NA
15567,6,5,"F",0,0,3.52,1140,"Arts & Letters",0,0,NA
15568,2,3,"M",0,0,3.7,1350,"Arts & Letters",0,0,NA
15569,4,4,"F",0,1,3.62,990,"Math & Science",0,0,NA
15570,4,6,"F",0,0,3.83,1030,"Arts & Letters",0,0,NA
15571,4,3,"F",0,0,3.05,920,"Arts & Letters",0,0,NA
15572,6,5,"F",1,0,3,1090,"Arts & Letters",0,0,NA
15573,6,6,"F",1,0,3.24,1030,"Arts & Letters",0,0,NA
15574,4,4,"M",1,0,4.05,1250,"Math & Science",1,0,NA
15575,3,3,"M",1,0,4.05,1370,"Business & Economics",1,0,NA
15576,2,1,"F",0,1,4,1100,"Arts & Letters",1,0,NA
15577,7,6,"M",1,0,3.5,1240,"Arts & Letters",0,0,NA
15578,6,6,"M",1,0,3.86,1180,"Business & Economics",1,0,NA
15579,7,5,"F",0,0,3,900,"Arts & Letters",0,0,NA
15580,6,6,"F",1,0,3.55,1430,"Arts & Letters",1,0,NA
15581,6,6,"M",1,0,3.77,1200,"Business & Economics",1,1,2.806
15582,7,4,"M",1,0,3.61,1180,"Math & Science",0,0,NA
15583,1,1,"F",0,0,3.54,1220,"Arts & Letters",1,0,NA
15584,7,6,"F",1,0,3.3,1010,"Arts & Letters",0,0,NA
15585,6,6,"F",1,0,3.4,1060,"Business & Economics",0,0,NA
15586,7,6,"M",1,0,3.1,1300,"Business & Economics",0,0,NA
15587,7,6,"M",0,1,3.4,1320,"Business & Economics",0,0,NA
15588,1,4,"M",0,0,3.24,780,"Math & Science",0,0,NA
15589,2,2,"F",0,0,2.76,770,"Math & Science",0,0,NA
15590,6,4,"M",1,0,3.95,1370,"Business & Economics",1,1,2.472
15591,6,6,"M",1,0,3.85,1100,"Arts & Letters",0,0,NA
15592,2,2,"F",0,1,3.23,960,"Arts & Letters",0,0,NA
15593,7,7,"M",1,0,4,1240,"Math & Science",0,0,NA
15594,4,6,"M",1,0,3.05,1130,"Arts & Letters",0,0,NA
15595,3,3,"F",0,0,2.38,920,"Math & Science",0,0,NA
15596,4,4,"M",0,0,2.82,1450,"Arts & Letters",0,0,NA
15597,3,4,"M",1,0,3.88,1150,"Math & Science",1,0,NA
15598,2,1,"M",0,0,2.43,840,"Math & Science",0,0,NA
15599,7,6,"M",1,0,3.33,1270,"Math & Science",0,0,NA
15600,7,6,"M",0,0,2.58,1400,"Business & Economics",0,0,NA
15601,7,2,"F",0,1,3.91,1380,"Business & Economics",1,0,NA
15602,3,3,"F",1,0,4.05,1180,"Math & Science",0,0,NA
15603,3,3,"M",0,0,3.32,1270,"Math & Science",0,0,NA
15604,3,4,"F",0,0,3.55,1120,"Arts & Letters",0,0,NA
15605,7,7,"F",0,1,3.58,1170,"Business & Economics",0,0,NA
15606,5,6,"M",1,0,3.65,1330,"Math & Science",0,0,NA
15607,6,4,"F",1,0,3.64,1040,"Business & Economics",0,0,NA
15608,6,4,"M",1,0,3.57,1280,"Math & Science",1,1,3.25
15609,5,7,"M",0,0,2.76,810,"Arts & Letters",0,0,NA
15610,7,6,"F",1,0,3.12,1170,"Math & Science",0,0,NA
15611,3,4,"M",1,0,3.37,1060,"Math & Science",0,0,NA
15612,3,3,"M",1,0,4.05,1390,"Business & Economics",1,0,NA
15613,6,6,"M",1,0,4.04,1440,"Business & Economics",1,0,NA
15614,7,5,"F",0,0,4.25,1350,"Arts & Letters",0,1,3.783
15615,6,6,"F",1,0,2.95,1150,"Arts & Letters",0,0,NA
15616,5,6,"M",0,1,3.95,1300,"Math & Science",1,0,NA
15617,7,6,"F",0,0,2.58,950,"Business & Economics",0,0,NA
15618,7,4,"F",1,0,3.5,1210,"Arts & Letters",0,0,NA
15619,4,6,"F",1,0,4.32,1470,"Arts & Letters",1,0,NA
15620,4,5,"F",1,0,4.09,1230,"Arts & Letters",1,0,NA
15621,6,6,"M",1,0,3.22,1160,"Arts & Letters",0,0,NA
15622,7,4,"M",1,0,2.7,1110,"Arts & Letters",0,0,NA
15623,4,6,"F",1,0,3.29,1110,"Arts & Letters",0,0,NA
15624,7,6,"M",0,0,3.19,1220,"Arts & Letters",0,0,NA
15625,4,4,"M",0,0,2.33,1100,"Math & Science",0,0,NA
15626,4,5,"F",1,0,3.06,1270,"Math & Science",0,0,NA
15627,7,7,"M",1,0,2.79,1120,"Math & Science",0,0,NA
15628,4,6,"M",1,0,3.08,990,"Arts & Letters",0,0,NA
15629,7,7,"F",0,1,3.11,1480,"Arts & Letters",0,0,NA
15630,4,3,"F",1,0,4.23,1170,"Arts & Letters",0,0,NA
15631,3,3,"M",0,1,3.3,1240,"Arts & Letters",0,0,NA
15632,3,4,"M",1,0,2.61,1050,"Arts & Letters",0,0,NA
15633,6,6,"M",1,0,2.88,1020,"Business & Economics",0,0,NA
15634,6,6,"M",1,0,3.77,1060,"Arts & Letters",0,0,NA
15635,7,7,"M",1,0,4.15,1340,"Math & Science",1,0,NA
15636,7,7,"M",0,1,3.39,1040,"Math & Science",0,0,NA
15637,7,7,"M",1,0,3.25,1060,"Math & Science",0,0,NA
15638,5,6,"F",0,1,2.94,970,"Arts & Letters",0,0,NA
15639,7,7,"M",0,0,3.25,1280,"Business & Economics",0,0,NA
15640,4,4,"M",1,0,2.71,1100,"Arts & Letters",0,0,NA
15641,7,7,"F",1,0,4.36,1580,"Math & Science",1,0,NA
15642,7,6,"M",0,1,3.89,1280,"Business & Economics",0,0,NA
15643,6,5,"F",1,0,3.7,1230,"Math & Science",0,0,NA
15644,6,5,"F",1,0,3.04,1250,"Arts & Letters",0,0,NA
15645,7,6,"F",1,0,2.89,920,"Arts & Letters",0,0,NA
15646,6,5,"M",0,0,2.5,1070,"Arts & Letters",0,0,NA
15647,3,6,"M",1,0,3.21,990,"Business & Economics",0,0,NA
15648,2,3,"F",0,0,3.35,1040,"Math & Science",0,0,NA
15649,7,7,"M",0,0,2.85,1010,"Arts & Letters",0,0,NA
15650,5,5,"M",0,1,3.06,930,"Math & Science",0,0,NA
15651,3,4,"F",0,0,2.63,880,"Arts & Letters",0,0,NA
15652,6,6,"M",1,0,3.18,970,"Arts & Letters",0,0,NA
15653,7,6,"F",0,0,4,1210,"Arts & Letters",0,0,NA
15654,6,6,"M",1,0,3.32,1040,"Arts & Letters",0,0,NA
15655,6,6,"M",1,0,2.41,1120,"Arts & Letters",0,0,NA
15656,7,7,"M",0,0,2.55,1200,"Math & Science",0,0,NA
15657,3,4,"M",0,0,3.21,1170,"Business & Economics",0,0,NA
15658,4,4,"M",0,0,3.15,1220,"Arts & Letters",0,0,NA
15659,7,6,"M",0,1,3.31,1360,"Arts & Letters",1,0,NA
15660,7,7,"M",0,1,2.8,1010,"Business & Economics",0,0,NA
15661,4,4,"F",0,1,3.15,880,"Business & Economics",0,0,NA
15662,3,5,"M",0,1,3.18,1160,"Arts & Letters",0,0,NA
15663,7,3,"F",1,0,3.48,1010,"Arts & Letters",0,0,NA
15664,3,3,"F",0,0,2.96,820,"Arts & Letters",0,0,NA
15665,7,7,"F",0,0,3.67,1100,"Arts & Letters",0,0,NA
15666,6,3,"M",1,0,4.05,1410,"Business & Economics",1,0,NA
15667,3,3,"F",0,1,3.23,1150,"Math & Science",0,0,NA
15668,7,2,"F",1,0,4.23,1240,"Math & Science",0,0,NA
15669,1,1,"F",0,1,4.14,910,"Math & Science",1,1,2.681
15670,2,2,"M",0,1,4.14,1270,"Math & Science",1,0,NA
15671,6,6,"M",0,0,3.5,1120,"Business & Economics",1,1,2.108
15672,7,7,"F",1,0,4.17,1490,"Math & Science",1,0,NA
15673,6,3,"M",0,0,2.88,1350,"Math & Science",0,0,NA
15674,6,3,"M",1,0,3.1,1070,"Arts & Letters",0,0,NA
15675,7,3,"M",0,0,2.96,810,"Math & Science",0,0,NA
15676,7,6,"F",0,0,3.04,910,"Business & Economics",0,0,NA
15677,6,4,"M",0,0,3.55,1260,"Arts & Letters",1,0,NA
15678,4,5,"F",1,0,3.42,1160,"Math & Science",0,0,NA
15679,2,1,"F",0,0,3.35,1110,"Arts & Letters",0,0,NA
15680,2,3,"F",0,0,3.77,940,"Math & Science",1,0,NA
15681,3,6,"F",0,0,3.4,970,"Math & Science",0,0,NA
15682,6,7,"M",1,0,3.39,1250,"Business & Economics",0,0,NA
15683,7,6,"F",1,0,3.71,1150,"Arts & Letters",1,1,3.188
15684,6,5,"F",1,0,4.16,1040,"Arts & Letters",0,1,3.205
15685,5,5,"M",1,0,3.46,800,"Math & Science",0,0,NA
15686,6,5,"M",0,0,4.12,1070,"Business & Economics",1,0,NA
15687,7,7,"M",0,0,3.8,1340,"Business & Economics",1,0,NA
15688,7,7,"F",1,0,3.88,1220,"Math & Science",0,0,NA
15689,6,6,"M",0,1,3.77,1350,"Math & Science",0,0,NA
15690,7,6,"F",1,0,2.77,1250,"Arts & Letters",0,0,NA
15691,5,6,"M",0,0,4,1280,"Business & Economics",1,0,NA
15692,4,2,"F",0,0,3.54,1310,"Arts & Letters",1,0,NA
15693,6,6,"M",0,0,3.11,1210,"Arts & Letters",0,0,NA
15694,3,4,"F",0,1,3.4,1290,"Arts & Letters",0,0,NA
15695,6,6,"F",1,0,3.45,1040,"Arts & Letters",0,0,NA
15696,7,7,"F",0,0,3.44,1230,"Arts & Letters",0,0,NA
15697,7,6,"M",0,0,3.64,1350,"Arts & Letters",1,0,NA
15698,4,4,"F",1,0,3.73,1080,"Arts & Letters",0,0,NA
15699,7,4,"M",0,0,4.33,1440,"Arts & Letters",1,0,NA
15700,4,4,"M",1,0,3.59,1200,"Business & Economics",0,0,NA
15701,6,6,"M",0,1,3.5,1090,"Math & Science",0,0,NA
15702,6,7,"F",0,0,3.15,1000,"Arts & Letters",0,0,NA
15703,6,2,"M",1,0,3.25,1100,"Math & Science",0,0,NA
15704,4,4,"M",1,0,3.56,1310,"Business & Economics",1,0,NA
15705,7,6,"M",0,0,3.3,1160,"Business & Economics",0,0,NA
15706,6,4,"M",1,0,3.7,1200,"Arts & Letters",0,0,NA
15707,6,3,"M",0,1,4.05,1340,"Math & Science",0,0,NA
15708,4,4,"F",1,0,4,1090,"Math & Science",1,1,3.076
15709,7,5,"M",1,0,3,990,"Arts & Letters",0,0,NA
15710,7,7,"F",0,1,3.8,1320,"Math & Science",0,0,NA
15711,5,6,"M",1,0,4.05,1150,"Math & Science",1,1,3.22
15712,6,4,"F",1,0,3.86,1440,"Arts & Letters",1,0,NA
15713,1,1,"M",0,0,2.89,1000,"Arts & Letters",0,0,NA
15714,6,6,"M",0,1,2.65,970,"Arts & Letters",0,0,NA
15715,6,6,"M",0,1,3.23,1470,"Arts & Letters",0,0,NA
15716,3,3,"F",1,0,2.88,1150,"Math & Science",0,0,NA
15717,4,6,"M",0,1,3.2,1120,"Business & Economics",0,0,NA
15718,6,5,"M",0,0,3.26,1040,"Arts & Letters",0,0,NA
15719,7,6,"F",1,0,3.39,1380,"Math & Science",1,0,NA
15720,7,6,"F",0,0,3.45,1170,"Arts & Letters",0,0,NA
15721,5,6,"F",0,0,3.05,900,"Arts & Letters",0,0,NA
15722,3,3,"F",0,1,3.81,1230,"Business & Economics",1,0,NA
15723,5,3,"F",0,1,3.23,1160,"Arts & Letters",0,0,NA
15724,3,4,"M",1,0,3.39,940,"Arts & Letters",0,0,NA
15725,4,4,"M",0,0,3.38,1120,"Arts & Letters",0,0,NA
15726,2,5,"M",0,0,2.65,1040,"Arts & Letters",0,0,NA
15727,7,7,"F",1,0,2.57,1000,"Arts & Letters",0,0,NA
15728,6,6,"F",1,0,3.6,1280,"Arts & Letters",1,0,NA
15729,6,7,"M",0,0,3.36,1170,"Arts & Letters",0,0,NA
15730,4,4,"M",0,1,3.32,1220,"Business & Economics",0,0,NA
15731,1,4,"F",0,0,3.58,1310,"Arts & Letters",1,0,NA
15732,3,7,"F",0,0,3.43,1380,"Math & Science",0,0,NA
15733,3,4,"M",0,1,3.5,1030,"Math & Science",0,0,NA
15734,7,7,"M",0,0,3.91,1300,"Business & Economics",0,0,NA
15735,7,7,"M",0,0,3.13,1210,"Math & Science",1,1,3.522
15736,5,6,"M",0,0,3.27,910,"Arts & Letters",0,0,NA
15737,4,4,"M",0,0,4.09,1040,"Math & Science",1,1,2.352
15738,2,3,"M",0,0,3.43,1130,"Business & Economics",0,0,NA
15739,6,6,"M",1,0,3.15,1020,"Math & Science",0,0,NA
15740,6,4,"M",1,0,3,1130,"Arts & Letters",0,0,NA
15741,5,6,"F",1,0,3.38,990,"Arts & Letters",0,0,NA
15742,6,5,"F",0,1,3.08,1090,"Arts & Letters",0,0,NA
15743,1,1,"M",0,0,3.36,890,"Arts & Letters",0,0,NA
15744,1,3,"F",0,0,3.91,1170,"Arts & Letters",1,0,NA
15745,7,7,"F",0,0,3.64,1190,"Arts & Letters",0,0,NA
15746,6,6,"F",0,0,3,1030,"Arts & Letters",0,0,NA
15747,7,5,"F",1,0,4.21,1370,"Arts & Letters",1,1,3.719
15748,5,6,"F",0,1,4.4,1300,"Business & Economics",1,0,NA
15749,3,3,"M",0,1,3.09,1090,"Business & Economics",0,0,NA
15750,2,2,"M",0,1,3.96,1060,"Math & Science",1,0,NA
15751,3,3,"M",0,0,2.95,1020,"Arts & Letters",0,0,NA
15752,4,4,"F",1,0,3.12,1010,"Math & Science",0,0,NA
15753,2,1,"M",1,0,3.05,900,"Math & Science",0,0,NA
15754,3,1,"M",0,0,2.38,840,"Arts & Letters",0,0,NA
15755,7,6,"F",1,0,4.09,1070,"Arts & Letters",1,0,NA
15756,7,6,"F",1,0,4.25,1360,"Math & Science",1,0,NA
15757,4,4,"M",0,0,2.55,950,"Arts & Letters",0,0,NA
15758,7,3,"F",0,0,3.14,950,"Arts & Letters",0,0,NA
15759,4,5,"M",0,0,2.4,1100,"Arts & Letters",0,0,NA
15760,6,3,"M",1,0,3.46,1220,"Math & Science",0,0,NA
15761,6,6,"F",1,0,3.88,1190,"Business & Economics",1,1,3.094
15762,2,2,"F",1,0,3.15,1040,"Math & Science",0,0,NA
15763,7,5,"M",1,0,2.88,1070,"Arts & Letters",0,0,NA
15764,4,3,"F",1,0,3.9,1290,"Arts & Letters",0,0,NA
15765,7,6,"F",1,0,3.95,1340,"Arts & Letters",1,0,NA
15766,7,7,"M",1,0,3.75,970,"Arts & Letters",0,0,NA
15767,7,7,"M",1,0,4.25,1260,"Arts & Letters",1,0,NA
15768,7,6,"F",0,1,3.06,1060,"Math & Science",0,0,NA
15769,6,7,"F",1,0,4.17,1330,"Math & Science",0,0,NA
15770,6,4,"M",0,0,3.62,1240,"Business & Economics",0,0,NA
15771,7,6,"M",0,0,3.45,1270,"Business & Economics",1,1,2.649
15772,6,3,"F",0,1,3.2,1380,"Arts & Letters",0,0,NA
15773,5,2,"M",0,1,2.83,820,"Business & Economics",0,0,NA
15774,7,7,"M",0,0,3.41,1330,"Arts & Letters",0,0,NA
15775,1,1,"F",0,0,2.93,990,"Arts & Letters",0,0,NA
15776,4,4,"M",1,0,3.48,1050,"Math & Science",0,0,NA
15777,3,5,"F",1,0,4.1,980,"Math & Science",0,0,NA
15778,6,6,"F",0,1,3.95,1380,"Math & Science",1,0,NA
15779,4,6,"F",0,1,3.65,1120,"Business & Economics",0,0,NA
15780,6,5,"M",0,0,3.21,1110,"Business & Economics",0,0,NA
15781,7,7,"F",0,0,4,1390,"Math & Science",1,0,NA
15782,7,6,"F",1,0,3.12,1100,"Arts & Letters",0,0,NA
15783,6,7,"M",0,0,3.82,1250,"Math & Science",0,0,NA
15784,2,2,"F",0,0,3.08,770,"Arts & Letters",0,0,NA
15785,7,7,"M",1,0,3.7,1160,"Business & Economics",0,0,NA
15786,4,4,"M",1,0,3.17,1170,"Math & Science",0,0,NA
15787,3,3,"F",0,0,3.18,870,"Business & Economics",0,0,NA
15788,3,6,"F",1,0,3,1070,"Math & Science",0,0,NA
15789,7,5,"M",0,1,4.09,1420,"Business & Economics",1,0,NA
15790,4,7,"M",1,0,3.15,1030,"Math & Science",0,0,NA
15791,7,4,"F",1,0,4.15,1110,"Math & Science",1,1,1.72
15792,6,4,"F",1,0,4.4,1310,"Arts & Letters",0,0,NA
15793,4,6,"M",0,0,2.85,930,"Arts & Letters",0,0,NA
15794,2,5,"F",0,0,3.25,970,"Arts & Letters",0,0,NA
15795,3,2,"M",1,0,2.9,1080,"Math & Science",0,0,NA
15796,4,4,"F",0,0,4.35,1320,"Math & Science",1,0,NA
15797,3,3,"F",0,1,2.78,1040,"Business & Economics",0,0,NA
15798,3,3,"M",1,0,2.95,1170,"Business & Economics",0,0,NA
15799,4,4,"F",1,0,4.05,950,"Arts & Letters",0,0,NA
15800,3,3,"M",1,0,3.36,1190,"Business & Economics",0,0,NA
15801,7,6,"M",1,0,4.31,1550,"Math & Science",1,0,NA
15802,1,2,"M",0,0,3.35,1040,"Math & Science",0,0,NA
15803,6,4,"M",1,0,3.4,1470,"Arts & Letters",0,0,NA
15804,6,6,"F",0,0,4.05,1150,"Arts & Letters",0,0,NA
15805,3,4,"F",1,0,3.15,1050,"Arts & Letters",0,0,NA
15806,6,7,"F",1,0,3.16,1410,"Arts & Letters",0,0,NA
15807,7,6,"M",1,0,3.27,1250,"Arts & Letters",0,0,NA
15808,3,4,"F",1,0,4.35,1340,"Arts & Letters",1,1,3.361
15809,6,2,"M",1,0,3,1040,"Business & Economics",0,0,NA
15810,4,6,"M",1,0,3.5,1150,"Business & Economics",0,0,NA
15811,6,4,"M",0,0,2.06,560,"Business & Economics",0,0,NA
15812,6,2,"M",1,0,4,1330,"Math & Science",1,0,NA
15813,7,6,"F",1,0,4.36,1290,"Arts & Letters",1,0,NA
15814,6,7,"M",1,0,3.41,1280,"Math & Science",0,0,NA
15815,4,5,"F",0,0,3.86,1180,"Arts & Letters",0,0,NA
15816,6,6,"M",0,1,3.58,1350,"Business & Economics",0,0,NA
15817,6,6,"M",0,1,3.7,1240,"Arts & Letters",0,0,NA
15818,4,5,"M",1,0,3.17,1280,"Business & Economics",0,0,NA
15819,7,6,"F",1,0,3.26,1170,"Arts & Letters",0,0,NA
15820,7,6,"M",0,1,3.86,1320,"Math & Science",0,0,NA
15821,6,6,"M",1,0,3.04,1120,"Arts & Letters",0,0,NA
15822,4,4,"F",0,0,3.45,1140,"Math & Science",0,0,NA
15823,7,6,"F",1,0,3.95,1310,"Business & Economics",1,0,NA
15824,4,4,"M",0,0,3.15,1030,"Math & Science",0,0,NA
15825,2,4,"M",1,0,3.81,1340,"Business & Economics",1,1,3.074
15826,4,6,"F",1,0,3.38,1240,"Arts & Letters",1,0,NA
15827,3,3,"M",0,0,3.36,1160,"Business & Economics",0,0,NA
15828,3,6,"M",0,1,3.43,1280,"Math & Science",0,0,NA
15829,4,4,"M",0,1,3.41,880,"Arts & Letters",0,0,NA
15830,6,6,"F",1,0,3.05,1250,"Arts & Letters",0,0,NA
15831,7,6,"F",0,1,4,1230,"Arts & Letters",0,0,NA
15832,4,6,"F",0,1,3.5,1080,"Arts & Letters",0,0,NA
15833,4,3,"F",0,0,3.77,1190,"Math & Science",1,0,NA
15834,3,3,"M",0,1,3.33,1270,"Math & Science",0,0,NA
15835,4,6,"F",0,1,3.55,1050,"Arts & Letters",0,0,NA
15836,6,6,"F",1,0,2.5,900,"Arts & Letters",0,0,NA
15837,6,4,"M",0,0,4.04,1330,"Math & Science",1,1,3.38
15838,5,6,"F",0,1,3.59,1380,"Math & Science",0,0,NA
15839,4,4,"M",1,0,3.4,1300,"Arts & Letters",0,0,NA
15840,6,7,"F",1,0,3.75,1460,"Math & Science",1,0,NA
15841,7,5,"F",1,0,3.55,1000,"Arts & Letters",0,0,NA
15842,6,4,"F",0,1,3.23,1030,"Arts & Letters",0,0,NA
15843,3,4,"M",0,1,2.87,750,"Business & Economics",0,0,NA
15844,7,3,"M",0,1,3.5,1230,"Business & Economics",0,0,NA
15845,1,1,"M",0,0,3.67,1260,"Arts & Letters",0,0,NA
15846,3,3,"F",0,0,3.27,880,"Business & Economics",0,0,NA
15847,2,1,"M",0,1,3.38,1250,"Math & Science",1,0,NA
15848,7,6,"F",1,0,3.58,1190,"Business & Economics",0,0,NA
15849,7,7,"M",1,0,3.39,1280,"Arts & Letters",0,0,NA
15850,6,4,"F",0,0,3.05,850,"Math & Science",0,0,NA
15851,1,3,"F",0,1,3.96,1190,"Math & Science",1,0,NA
15852,3,4,"F",0,1,3.15,1050,"Arts & Letters",0,0,NA
15853,6,4,"F",0,0,3.17,1090,"Math & Science",0,0,NA
15854,7,6,"M",1,0,3.21,1180,"Arts & Letters",0,0,NA
15855,7,7,"M",1,0,3.68,1290,"Arts & Letters",1,0,NA
15856,4,3,"M",0,0,2.48,870,"Business & Economics",0,0,NA
15857,6,7,"M",1,0,3.68,1160,"Math & Science",0,0,NA
15858,4,3,"M",0,1,3.59,1260,"Arts & Letters",0,0,NA
15859,1,1,"M",0,1,3.25,920,"Business & Economics",0,0,NA
15860,2,2,"F",0,0,3.55,1120,"Arts & Letters",0,0,NA
15861,1,1,"F",0,0,2.04,1060,"Arts & Letters",0,0,NA
15862,6,6,"F",1,0,3.57,990,"Arts & Letters",0,0,NA
15863,6,7,"F",0,1,3.42,1110,"Math & Science",0,0,NA
15864,3,3,"F",0,0,3.41,990,"Arts & Letters",0,0,NA
15865,7,7,"F",1,0,4.24,1400,"Arts & Letters",1,0,NA
15866,6,3,"M",0,0,3.8,1100,"Arts & Letters",0,0,NA
15867,6,6,"F",1,0,3.1,1140,"Arts & Letters",0,0,NA
15868,6,7,"M",1,0,2.75,1240,"Business & Economics",0,0,NA
15869,6,6,"F",1,0,3.44,1290,"Math & Science",0,0,NA
15870,3,3,"F",0,0,3.96,1120,"Math & Science",0,0,NA
15871,4,7,"M",1,0,3.4,1210,"Business & Economics",0,0,NA
15872,4,4,"F",1,0,3.25,1040,"Arts & Letters",0,0,NA
15873,1,1,"M",0,0,3.12,830,"Business & Economics",0,0,NA
15874,7,6,"M",0,1,3.08,1330,"Business & Economics",0,0,NA
15875,3,7,"M",1,0,4.08,1160,"Arts & Letters",1,0,NA
15876,6,7,"M",0,0,3.95,1230,"Business & Economics",1,0,NA
15877,1,1,"F",0,0,3,1010,"Business & Economics",0,0,NA
15878,6,7,"F",1,0,3.05,1200,"Math & Science",0,0,NA
15879,1,1,"F",0,0,3.89,1130,"Math & Science",1,0,NA
15880,7,7,"F",1,0,3.23,1160,"Arts & Letters",0,0,NA
15881,3,3,"F",0,0,3.65,1320,"Business & Economics",1,0,NA
15882,7,7,"M",1,0,3.71,1340,"Arts & Letters",1,0,NA
15883,6,3,"F",1,0,4.18,1490,"Arts & Letters",1,0,NA
15884,4,4,"M",1,0,3.44,1010,"Math & Science",0,0,NA
15885,6,6,"F",0,1,3.64,1180,"Arts & Letters",0,1,2.474
15886,3,3,"F",0,0,3.28,960,"Arts & Letters",0,0,NA
15887,6,5,"F",0,0,3.88,1240,"Arts & Letters",1,0,NA
15888,4,6,"M",0,0,3.9,1060,"Math & Science",0,0,NA
15889,6,4,"M",1,0,2.81,1120,"Arts & Letters",0,0,NA
15890,6,3,"M",0,0,3.31,1100,"Math & Science",0,0,NA
15891,7,6,"M",1,0,3.95,1270,"Arts & Letters",0,0,NA
15892,7,7,"F",0,0,2.96,1100,"Arts & Letters",0,0,NA
15893,6,6,"M",0,0,2.55,1000,"Arts & Letters",0,0,NA
15894,4,6,"F",0,1,3.44,1010,"Math & Science",0,0,NA
15895,2,4,"F",0,0,2.74,790,"Arts & Letters",0,0,NA
15896,4,2,"F",1,0,4.25,1180,"Arts & Letters",0,0,NA
15897,7,7,"F",0,0,3.62,1310,"Math & Science",1,0,NA
15898,2,1,"M",0,1,4.08,1000,"Math & Science",1,0,NA
15899,6,7,"F",1,0,3.15,1290,"Arts & Letters",0,0,NA
15900,3,4,"F",0,0,3.09,920,"Business & Economics",0,0,NA
15901,6,5,"F",0,0,3.6,1060,"Arts & Letters",0,0,NA
15902,7,4,"M",1,0,3.79,1400,"Business & Economics",1,0,NA
15903,6,5,"F",0,1,3.96,1370,"Business & Economics",1,1,3.555
15904,4,4,"F",1,0,3.82,1250,"Arts & Letters",0,0,NA
15905,7,5,"M",0,1,3.45,1350,"Math & Science",0,0,NA
15906,4,5,"F",0,0,2.75,910,"Math & Science",0,0,NA
15907,6,6,"F",1,0,2.8,1170,"Math & Science",0,0,NA
15908,3,3,"M",0,1,3.1,1060,"Arts & Letters",0,0,NA
15909,3,5,"F",0,0,3.65,1000,"Business & Economics",0,0,NA
15910,7,6,"M",1,0,3.38,1070,"Arts & Letters",0,0,NA
15911,5,5,"F",0,1,3.33,790,"Arts & Letters",0,0,NA
15912,6,6,"F",1,0,3.25,1260,"Arts & Letters",0,0,NA
15913,3,3,"M",0,1,3.57,1160,"Math & Science",0,0,NA
15914,7,7,"M",1,0,4,1120,"Business & Economics",1,1,2.647
15915,6,6,"M",1,0,2.88,1080,"Business & Economics",0,0,NA
15916,3,3,"F",0,0,3.1,930,"Arts & Letters",0,0,NA
15917,6,6,"F",1,0,3.23,950,"Arts & Letters",0,0,NA
15918,5,7,"M",0,0,3.95,1320,"Math & Science",0,0,NA
15919,2,3,"F",0,0,3.3,890,"Arts & Letters",0,0,NA
15920,5,4,"F",0,0,3.72,900,"Arts & Letters",0,0,NA
15921,7,5,"F",0,0,3,1010,"Business & Economics",0,0,NA
15922,7,6,"M",1,0,3.67,1220,"Arts & Letters",0,0,NA
15923,2,1,"M",0,0,2.71,700,"Math & Science",0,0,NA
15924,6,7,"M",1,0,3.5,1320,"Business & Economics",0,0,NA
15925,2,6,"F",0,0,3.12,960,"Math & Science",0,0,NA
15926,2,4,"F",0,0,3.86,900,"Business & Economics",1,1,2.802
15927,1,1,"F",0,0,4.2,1200,"Business & Economics",1,0,NA
15928,4,3,"M",0,1,3.62,1320,"Arts & Letters",0,0,NA
15929,7,5,"F",1,0,4.04,1030,"Arts & Letters",1,0,NA
15930,3,3,"M",0,1,2.89,870,"Business & Economics",0,0,NA
15931,2,2,"M",1,0,3.32,1180,"Arts & Letters",1,0,NA
15932,6,4,"M",1,0,3.78,1240,"Business & Economics",1,1,2.981
15933,5,6,"M",0,1,2.6,1260,"Arts & Letters",0,0,NA
15934,6,6,"F",0,1,3.95,1530,"Arts & Letters",1,0,NA
15935,6,4,"M",0,0,2.84,750,"Arts & Letters",0,0,NA
15936,5,4,"F",0,0,4.33,1230,"Math & Science",1,0,NA
15937,6,6,"F",1,0,3.78,1230,"Arts & Letters",0,0,NA
15938,6,7,"M",1,0,2.89,1170,"Business & Economics",0,0,NA
15939,2,4,"F",0,1,3.55,1010,"Math & Science",0,0,NA
15940,3,3,"M",0,0,3.8,1270,"Business & Economics",0,0,NA
15941,7,7,"M",0,0,3.05,1200,"Arts & Letters",0,0,NA
15942,7,6,"M",0,1,2.54,1270,"Business & Economics",0,0,NA
15943,1,1,"M",0,1,3.9,1130,"Math & Science",1,0,NA
15944,6,6,"F",0,1,2.92,1120,"Math & Science",0,0,NA
15945,7,7,"F",1,0,3.21,1270,"Math & Science",0,0,NA
15946,7,4,"M",0,0,3.35,1310,"Math & Science",0,0,NA
15947,6,3,"M",1,0,3.9,1030,"Arts & Letters",0,0,NA
15948,7,4,"F",0,0,3.67,930,"Arts & Letters",0,0,NA
15949,6,5,"F",1,0,3.65,1110,"Arts & Letters",0,0,NA
15950,7,7,"M",1,0,3.54,1150,"Business & Economics",0,0,NA
15951,6,6,"M",1,0,3.17,1120,"Business & Economics",0,0,NA
15952,6,6,"M",0,1,3.18,1490,"Math & Science",0,0,NA
15953,2,2,"M",0,1,3.91,1120,"Math & Science",1,0,NA
15954,5,6,"M",1,0,3.22,920,"Business & Economics",0,0,NA
15955,6,6,"M",1,0,3.56,1370,"Business & Economics",0,0,NA
15956,3,3,"M",0,1,3.17,1330,"Arts & Letters",0,0,NA
15957,1,1,"M",0,0,3.79,1230,"Math & Science",1,0,NA
15958,6,5,"F",1,0,3.74,1090,"Arts & Letters",0,0,NA
15959,4,6,"M",1,0,3.26,1120,"Business & Economics",0,0,NA
15960,7,6,"M",1,0,3.45,1360,"Business & Economics",0,0,NA
15961,7,6,"M",1,0,4.2,1300,"Business & Economics",1,0,NA
15962,3,4,"M",0,0,3.68,1080,"Math & Science",0,0,NA
15963,7,6,"M",1,0,2.96,1000,"Arts & Letters",0,0,NA
15964,7,5,"M",0,1,3.26,1240,"Business & Economics",0,0,NA
15965,6,4,"F",1,0,3.29,1070,"Arts & Letters",0,0,NA
15966,3,3,"F",0,0,2.61,930,"Arts & Letters",0,0,NA
15967,6,7,"F",0,0,3.79,1370,"Arts & Letters",0,0,NA
15968,1,4,"M",0,0,3.15,1060,"Arts & Letters",0,0,NA
15969,1,2,"F",0,0,3.85,1070,"Arts & Letters",1,0,NA
15970,6,6,"M",0,1,3.29,1160,"Arts & Letters",0,0,NA
15971,4,6,"M",1,0,3.85,1340,"Math & Science",1,1,2.736
15972,4,4,"M",0,0,3.85,1110,"Business & Economics",1,0,NA
15973,6,3,"M",0,1,3.03,1340,"Math & Science",0,0,NA
15974,7,4,"M",1,0,4.25,1180,"Business & Economics",1,1,3.195
15975,4,4,"F",0,1,3.71,1260,"Arts & Letters",0,0,NA
15976,3,3,"F",0,1,3.33,930,"Math & Science",0,0,NA
15977,6,6,"M",1,0,4.08,1250,"Math & Science",1,0,NA
15978,6,6,"F",1,0,3.68,1190,"Math & Science",0,0,NA
15979,7,6,"F",0,1,3.36,1260,"Arts & Letters",0,0,NA
15980,1,1,"M",0,0,3.4,1140,"Math & Science",1,0,NA
15981,7,3,"M",1,0,3.9,1070,"Arts & Letters",1,0,NA
15982,6,6,"M",0,1,3.42,1300,"Math & Science",0,0,NA
15983,4,4,"M",1,0,3.44,1120,"Math & Science",0,0,NA
15984,1,2,"M",0,0,3.32,1080,"Arts & Letters",0,0,NA
15985,5,6,"M",0,1,3.87,1250,"Math & Science",0,0,NA
15986,6,4,"M",0,0,2.53,990,"Math & Science",0,0,NA
15987,3,3,"F",0,1,3.06,1100,"Math & Science",0,0,NA
15988,7,3,"M",1,0,3.45,1450,"Math & Science",1,0,NA
15989,2,7,"F",0,0,3.11,1210,"Arts & Letters",0,0,NA
15990,5,6,"F",0,1,3.23,1220,"Arts & Letters",0,0,NA
15991,7,7,"M",1,0,3.64,1170,"Business & Economics",0,0,NA
15992,4,5,"F",0,0,2.96,1100,"Arts & Letters",0,0,NA
15993,3,1,"F",0,0,4.14,1230,"Business & Economics",1,0,NA
15994,4,5,"F",1,0,3.35,820,"Arts & Letters",0,0,NA
15995,6,6,"M",1,0,3.3,960,"Arts & Letters",0,0,NA
15996,7,4,"M",0,0,3.6,1140,"Math & Science",1,0,NA
15997,5,5,"M",0,0,2.07,1010,"Arts & Letters",0,0,NA
15998,6,5,"F",0,1,3.45,1040,"Business & Economics",0,0,NA
15999,7,6,"M",0,1,3.58,1080,"Math & Science",0,0,NA
16000,2,1,"F",0,0,3.44,1000,"Math & Science",0,0,NA
16001,4,6,"F",0,0,3.96,1210,"Arts & Letters",0,0,NA
16002,2,1,"M",0,0,3.48,950,"Math & Science",0,0,NA
16003,6,5,"F",1,0,2.55,1170,"Arts & Letters",0,0,NA
16004,6,6,"M",1,0,4.23,1200,"Math & Science",1,0,NA
16005,6,4,"F",0,0,3.36,1020,"Math & Science",0,0,NA
16006,6,4,"F",0,0,2.35,960,"Arts & Letters",0,0,NA
16007,3,3,"F",0,0,3.93,1250,"Business & Economics",1,0,NA
16008,6,6,"M",0,0,4.05,1470,"Math & Science",1,0,NA
16009,6,6,"F",0,0,3.17,960,"Arts & Letters",0,0,NA
16010,7,7,"M",0,1,2.9,1200,"Arts & Letters",0,0,NA
16011,7,7,"M",1,0,3.75,1310,"Math & Science",0,0,NA
16012,6,6,"M",0,1,3.59,1460,"Math & Science",0,0,NA
16013,4,6,"M",0,0,3.04,1090,"Arts & Letters",0,0,NA
16014,6,6,"M",0,0,2.5,1150,"Math & Science",0,0,NA
16015,6,6,"M",1,0,3.05,1390,"Math & Science",0,0,NA
16016,3,1,"F",0,1,2.67,760,"Arts & Letters",0,0,NA
16017,6,4,"F",1,0,3.95,1320,"Math & Science",1,0,NA
16018,3,4,"F",1,0,3.58,1190,"Arts & Letters",0,0,NA
16019,3,3,"M",0,0,3,840,"Business & Economics",0,0,NA
16020,1,2,"M",0,0,3.96,1240,"Math & Science",1,0,NA
16021,7,7,"M",1,0,3.59,1200,"Math & Science",0,0,NA
16022,7,7,"F",0,1,0,950,"Business & Economics",0,0,NA
16023,7,7,"M",1,0,3.25,980,"Math & Science",0,0,NA
16024,7,6,"F",0,1,3.88,1370,"Business & Economics",1,0,NA
16025,5,4,"M",0,0,3.21,1290,"Math & Science",0,0,NA
16026,6,6,"M",0,1,2.95,1180,"Business & Economics",0,0,NA
16027,3,3,"M",1,0,3.75,980,"Arts & Letters",0,0,NA
16028,6,6,"F",0,1,3.82,1020,"Math & Science",0,0,NA
16029,6,6,"F",1,0,4.08,1060,"Arts & Letters",0,0,NA
16030,5,6,"F",0,0,3.14,950,"Math & Science",0,0,NA
16031,6,7,"F",0,0,3.5,1470,"Math & Science",0,0,NA
16032,6,7,"M",0,1,3.28,1220,"Math & Science",0,0,NA
16033,4,3,"F",1,0,2.85,920,"Arts & Letters",0,0,NA
16034,7,6,"F",1,0,3,810,"Arts & Letters",0,0,NA
16035,7,7,"M",0,0,3.7,1170,"Business & Economics",0,0,NA
16036,4,4,"M",0,0,3.97,1310,"Math & Science",1,0,NA
16037,6,6,"F",0,0,3.55,1150,"Math & Science",0,0,NA
16038,6,6,"F",1,0,3.83,1170,"Arts & Letters",1,1,3.338
16039,4,4,"F",0,0,2.7,1280,"Arts & Letters",0,0,NA
16040,3,3,"M",0,0,3.5,1090,"Business & Economics",0,0,NA
16041,7,6,"F",0,1,3.5,1060,"Arts & Letters",0,0,NA
16042,4,4,"F",0,0,3.86,980,"Math & Science",0,0,NA
16043,2,3,"M",0,0,3,1070,"Arts & Letters",0,0,NA
16044,4,4,"F",0,1,3.65,1100,"Math & Science",0,0,NA
16045,2,2,"F",0,1,3.5,1250,"Math & Science",1,0,NA
16046,6,4,"M",0,0,2.5,1000,"Arts & Letters",0,0,NA
16047,3,3,"F",1,0,3.14,800,"Arts & Letters",0,0,NA
16048,6,6,"F",0,1,4.22,1130,"Math & Science",0,0,NA
16049,3,7,"F",1,0,4.05,1320,"Math & Science",1,0,NA
16050,6,3,"F",0,1,3.45,1450,"Math & Science",0,0,NA
16051,7,7,"F",0,1,3.33,1270,"Arts & Letters",0,0,NA
16052,7,6,"F",1,0,3.5,1090,"Business & Economics",0,0,NA
16053,3,2,"M",0,0,3.25,1330,"Arts & Letters",1,0,NA
16054,6,5,"M",0,1,3.77,1110,"Math & Science",0,0,NA
16055,1,1,"M",0,0,3.85,1290,"Business & Economics",1,0,NA
16056,3,3,"M",0,0,4,1190,"Math & Science",0,0,NA
16057,6,7,"M",1,0,3.5,1330,"Math & Science",0,0,NA
16058,6,6,"F",1,0,4.25,1360,"Arts & Letters",1,0,NA
16059,1,5,"M",0,0,2.29,860,"Business & Economics",0,0,NA
16060,1,4,"F",0,0,3.37,1130,"Arts & Letters",1,0,NA
16061,2,1,"F",0,0,3.72,1160,"Arts & Letters",0,0,NA
16062,3,4,"F",0,1,4.05,1220,"Math & Science",1,0,NA
16063,6,6,"M",1,0,3.91,1010,"Business & Economics",0,0,NA
16064,4,7,"M",1,0,2.64,1090,"Math & Science",0,0,NA
16065,7,5,"F",0,1,3.91,1460,"Math & Science",1,0,NA
16066,4,4,"F",0,0,2.64,1010,"Arts & Letters",0,0,NA
16067,4,4,"M",0,1,4.05,1240,"Arts & Letters",1,0,NA
16068,3,3,"M",0,1,4.04,1500,"Math & Science",1,0,NA
16069,7,7,"M",1,0,2.9,980,"Business & Economics",0,0,NA
16070,7,6,"F",0,1,4.09,1190,"Arts & Letters",0,0,NA
16071,6,6,"M",1,0,3.62,1410,"Arts & Letters",1,0,NA
16072,3,6,"M",1,0,3.45,1260,"Arts & Letters",0,0,NA
16073,6,3,"F",0,0,2.95,1120,"Math & Science",0,0,NA
16074,1,1,"M",0,0,3.9,1200,"Business & Economics",1,0,NA
16075,7,6,"M",1,0,3.14,1200,"Math & Science",0,0,NA
16076,3,3,"F",1,0,3.15,1370,"Math & Science",0,0,NA
16077,6,4,"M",0,0,3.46,1140,"Math & Science",0,0,NA
16078,7,4,"M",1,0,3.29,1120,"Business & Economics",0,0,NA
16079,3,3,"F",1,0,3.3,990,"Math & Science",0,0,NA
16080,7,7,"F",0,0,3.61,1140,"Arts & Letters",0,0,NA
16081,4,6,"F",0,0,2.61,630,"Arts & Letters",0,0,NA
16082,6,6,"M",0,1,3.6,1060,"Business & Economics",1,0,NA
16083,7,7,"F",1,0,3.68,1310,"Math & Science",0,0,NA
16084,6,7,"F",1,0,3.06,1060,"Arts & Letters",0,0,NA
16085,7,7,"F",0,0,3.82,1170,"Math & Science",0,0,NA
16086,6,4,"M",0,1,3.85,1230,"Math & Science",0,0,NA
16087,6,6,"F",1,0,3.67,1400,"Business & Economics",1,0,NA
16088,7,6,"M",1,0,3.17,1190,"Math & Science",0,0,NA
16089,7,4,"F",0,0,3.4,1010,"Math & Science",0,0,NA
16090,1,1,"F",0,0,2.52,720,"Arts & Letters",0,0,NA
16091,3,3,"F",0,0,4.04,960,"Math & Science",1,0,NA
16092,4,4,"F",0,0,3.05,1060,"Business & Economics",0,0,NA
16093,4,7,"M",1,0,3.14,1290,"Arts & Letters",1,0,NA
16094,7,6,"M",1,0,3.77,1210,"Math & Science",1,1,2.836
16095,7,6,"M",1,0,3,1090,"Business & Economics",0,0,NA
16096,6,7,"M",1,0,3.96,1030,"Arts & Letters",1,0,NA
16097,4,7,"F",1,0,2.7,790,"Arts & Letters",0,0,NA
16098,1,3,"F",0,0,2.89,790,"Math & Science",0,0,NA
16099,6,6,"M",1,0,3.05,1170,"Arts & Letters",0,0,NA
16100,7,6,"M",0,0,3.1,1520,"Math & Science",1,0,NA
16101,4,5,"F",1,0,3.62,1180,"Arts & Letters",0,0,NA
16102,6,6,"F",0,1,3.54,1210,"Arts & Letters",0,0,NA
16103,6,6,"F",1,0,3.62,1200,"Arts & Letters",0,0,NA
16104,6,4,"F",0,1,4.27,1280,"Math & Science",1,0,NA
16105,6,6,"M",0,1,3.79,1320,"Math & Science",0,0,NA
16106,6,7,"F",0,0,3.86,1100,"Arts & Letters",0,0,NA
16107,4,4,"F",0,0,4,1280,"Math & Science",0,0,NA
16108,7,3,"M",1,0,3.7,1360,"Math & Science",1,0,NA
16109,7,7,"M",0,0,4.3,1310,"Business & Economics",1,0,NA
16110,7,4,"M",0,0,3.95,1500,"Business & Economics",1,0,NA
16111,2,3,"M",1,0,3.23,1090,"Math & Science",0,0,NA
16112,6,6,"F",1,0,3.83,1130,"Math & Science",0,0,NA
16113,2,2,"M",0,1,3.5,1240,"Math & Science",0,0,NA
16114,3,3,"F",0,1,3.42,910,"Math & Science",0,0,NA
16115,4,4,"F",0,1,2.85,1040,"Arts & Letters",0,0,NA
16116,3,6,"M",1,0,3.85,1350,"Arts & Letters",1,0,NA
16117,7,6,"M",1,0,3.82,1170,"Business & Economics",0,0,NA
16118,6,6,"F",0,0,4.12,1010,"Math & Science",1,0,NA
16119,7,7,"M",1,0,4,1290,"Arts & Letters",0,0,NA
16120,6,7,"M",0,1,2.93,1070,"Business & Economics",0,0,NA
16121,6,6,"M",1,0,2.62,1150,"Arts & Letters",0,0,NA
16122,6,6,"F",0,0,3.41,1270,"Arts & Letters",0,0,NA
16123,6,6,"F",1,0,4.1,1340,"Arts & Letters",1,0,NA
16124,7,7,"F",0,1,3.92,1400,"Math & Science",1,0,NA
16125,4,5,"F",1,0,3.32,1230,"Arts & Letters",0,0,NA
16126,3,4,"M",0,0,3.05,1080,"Math & Science",0,0,NA
16127,4,5,"M",0,0,3.57,1210,"Math & Science",0,0,NA
16128,3,3,"F",0,0,3.45,1030,"Math & Science",0,0,NA
16129,4,6,"M",1,0,4.09,1470,"Math & Science",1,0,NA
16130,3,3,"M",0,1,2.2,980,"Business & Economics",0,0,NA
16131,3,3,"M",0,1,3.09,810,"Business & Economics",0,0,NA
16132,7,6,"M",1,0,3.64,1160,"Math & Science",0,0,NA
16133,6,6,"M",0,1,3.82,1460,"Math & Science",0,0,NA
16134,4,7,"M",1,0,3.65,1230,"Arts & Letters",0,0,NA
16135,7,6,"F",0,1,3.78,1390,"Arts & Letters",0,0,NA
16136,7,6,"M",1,0,3.67,1220,"Business & Economics",0,0,NA
16137,6,6,"F",0,0,3.19,1200,"Arts & Letters",1,0,NA
16138,7,7,"F",0,0,3.4,950,"Arts & Letters",0,0,NA
16139,1,1,"M",0,1,3.55,1220,"Business & Economics",1,1,2.045
16140,6,6,"M",1,0,3.5,980,"Math & Science",1,0,NA
16141,2,7,"F",0,0,3.7,1180,"Arts & Letters",0,0,NA
16142,7,5,"F",0,0,3.4,1270,"Math & Science",0,0,NA
16143,4,7,"F",0,0,3.5,1070,"Arts & Letters",0,0,NA
16144,1,1,"M",0,0,3.59,980,"Math & Science",1,0,NA
16145,7,4,"F",0,0,3.73,1000,"Arts & Letters",0,0,NA
16146,7,7,"F",0,1,3.92,1450,"Math & Science",1,0,NA
16147,7,6,"M",1,0,3.85,1200,"Business & Economics",0,0,NA
16148,3,3,"M",0,0,3.68,1040,"Math & Science",0,0,NA
16149,6,6,"M",1,0,2.86,1310,"Arts & Letters",0,0,NA
16150,7,7,"F",1,0,3.26,1240,"Math & Science",0,0,NA
16151,6,6,"M",0,1,3.77,1180,"Arts & Letters",1,0,NA
16152,6,7,"F",0,0,3.15,1100,"Arts & Letters",0,0,NA
16153,6,2,"F",0,1,2.9,1140,"Math & Science",0,0,NA
16154,5,6,"F",0,1,4.11,1130,"Arts & Letters",0,0,NA
16155,7,6,"M",1,0,3.73,1380,"Business & Economics",1,0,NA
16156,2,6,"M",0,0,3.17,1010,"Arts & Letters",0,0,NA
16157,5,5,"M",1,0,3.12,1030,"Business & Economics",0,0,NA
16158,4,3,"M",0,0,3.91,1130,"Math & Science",0,0,NA
16159,7,7,"M",1,0,2.88,770,"Math & Science",0,0,NA
16160,7,7,"M",1,0,3.2,1180,"Business & Economics",0,0,NA
16161,7,6,"M",0,1,3.4,1280,"Math & Science",0,0,NA
16162,7,7,"F",0,1,3.8,1490,"Business & Economics",1,0,NA
16163,2,4,"F",1,0,4.14,1040,"Arts & Letters",0,0,NA
16164,2,1,"M",0,1,3.67,1130,"Business & Economics",1,0,NA
16165,2,1,"F",0,0,3.23,880,"Arts & Letters",0,0,NA
16166,3,3,"M",0,1,3.05,970,"Business & Economics",0,0,NA
16167,6,6,"F",1,0,4.3,1270,"Math & Science",1,0,NA
16168,7,6,"M",0,1,3.05,1290,"Arts & Letters",0,0,NA
16169,7,7,"M",1,0,3.38,1520,"Arts & Letters",0,0,NA
16170,3,7,"M",1,0,3.74,1420,"Business & Economics",1,0,NA
16171,3,3,"M",0,0,3.2,800,"Arts & Letters",0,0,NA
16172,5,5,"M",0,1,3.45,1150,"Business & Economics",0,0,NA
16173,6,3,"M",1,0,4,1550,"Business & Economics",1,1,3.46
16174,3,5,"F",1,0,3.25,1220,"Math & Science",0,0,NA
16175,5,5,"M",0,1,3.92,1340,"Math & Science",0,0,NA
16176,6,3,"F",1,0,3.71,1050,"Arts & Letters",0,0,NA
16177,7,6,"F",0,1,3.36,1160,"Arts & Letters",0,0,NA
16178,6,6,"F",1,0,3.08,1040,"Business & Economics",0,0,NA
16179,7,4,"F",0,0,3.68,1060,"Math & Science",0,0,NA
16180,1,1,"M",0,1,3.68,1230,"Business & Economics",1,0,NA
16181,5,7,"M",0,0,2.39,810,"Business & Economics",0,0,NA
16182,3,3,"F",0,1,3.92,1180,"Math & Science",0,0,NA
16183,6,6,"M",0,1,3.41,1420,"Business & Economics",0,0,NA
16184,4,4,"F",1,0,2.65,910,"Math & Science",0,0,NA
16185,4,4,"F",0,0,3.07,1120,"Math & Science",0,0,NA
16186,4,4,"M",0,0,2.95,1050,"Arts & Letters",0,0,NA
16187,7,6,"M",0,0,3.33,1220,"Arts & Letters",1,0,NA
16188,7,6,"M",1,0,3.95,1200,"Math & Science",0,0,NA
16189,7,6,"F",0,1,2.91,980,"Math & Science",0,0,NA
16190,6,5,"M",0,0,4.05,1040,"Business & Economics",0,0,NA
16191,6,5,"F",0,1,3.5,1410,"Math & Science",1,0,NA
16192,3,3,"M",0,1,3.07,990,"Arts & Letters",0,0,NA
16193,6,6,"M",0,1,3.45,1020,"Business & Economics",0,0,NA
16194,7,6,"F",1,0,3.64,1100,"Arts & Letters",1,0,NA
16195,7,6,"M",0,1,3.54,1360,"Arts & Letters",1,0,NA
16196,4,4,"M",0,1,4.18,1170,"Math & Science",1,0,NA
16197,5,3,"F",0,1,3.5,1200,"Math & Science",0,0,NA
16198,6,6,"F",0,0,3.73,830,"Math & Science",0,0,NA
16199,3,3,"M",0,0,3.65,1310,"Arts & Letters",1,0,NA
16200,7,5,"F",1,0,3.97,1400,"Business & Economics",1,1,3.704
16201,6,6,"F",0,1,3.18,1170,"Business & Economics",0,0,NA
16202,4,4,"M",0,1,3.71,1240,"Arts & Letters",0,0,NA
16203,2,4,"F",0,1,4,1100,"Math & Science",1,0,NA
16204,6,7,"F",1,0,3.22,1230,"Arts & Letters",0,0,NA
16205,6,7,"M",0,1,2.65,1280,"Business & Economics",0,0,NA
16206,6,6,"M",1,0,3.81,1400,"Business & Economics",0,0,NA
16207,6,6,"M",0,0,3.88,1290,"Math & Science",0,0,NA
16208,7,6,"M",0,1,3.88,1430,"Math & Science",0,0,NA
16209,6,6,"M",0,1,3.5,860,"Math & Science",0,0,NA
16210,2,5,"F",0,1,3.8,1230,"Math & Science",1,0,NA
16211,4,4,"F",0,1,3.64,1300,"Math & Science",0,0,NA
16212,6,7,"M",0,1,3.36,1110,"Math & Science",0,0,NA
16213,1,1,"M",0,0,2.31,900,"Business & Economics",0,0,NA
16214,3,3,"F",0,0,2.95,940,"Arts & Letters",0,0,NA
16215,3,3,"M",0,0,3.77,1140,"Business & Economics",0,0,NA
16216,3,6,"M",0,0,3.35,1230,"Math & Science",0,0,NA
16217,7,6,"M",1,0,3.09,1320,"Arts & Letters",0,0,NA
16218,7,6,"F",1,0,4.29,1300,"Math & Science",1,0,NA
16219,7,7,"M",0,0,3.75,1310,"Math & Science",1,0,NA
16220,6,7,"M",1,0,3,1290,"Arts & Letters",0,0,NA
16221,3,3,"M",1,0,3.15,1140,"Math & Science",0,0,NA
16222,7,5,"F",0,0,3.4,1070,"Business & Economics",1,0,NA
16223,3,3,"M",0,1,3.31,1290,"Math & Science",0,0,NA
16224,7,7,"M",1,0,3.36,1180,"Math & Science",0,0,NA
16225,7,3,"M",1,0,3.62,940,"Business & Economics",0,0,NA
16226,2,1,"M",0,1,3.64,1180,"Math & Science",1,0,NA
16227,3,3,"F",0,1,3.21,1020,"Math & Science",0,0,NA
16228,4,4,"M",1,0,3.04,1260,"Math & Science",0,0,NA
16229,7,7,"M",1,0,3.75,1150,"Arts & Letters",0,0,NA
16230,6,3,"M",1,0,2.89,970,"Arts & Letters",0,0,NA
16231,3,4,"M",0,0,3.38,1030,"Arts & Letters",0,0,NA
16232,7,7,"F",1,0,3.55,1180,"Arts & Letters",0,0,NA
16233,5,7,"M",1,0,3.26,1220,"Business & Economics",0,0,NA
16234,4,4,"F",0,0,3.25,790,"Arts & Letters",0,0,NA
16235,2,6,"M",0,0,2.64,1010,"Business & Economics",0,0,NA
16236,6,6,"F",1,0,3.5,1110,"Arts & Letters",0,0,NA
16237,6,6,"M",1,0,4.15,1460,"Arts & Letters",1,0,NA
16238,4,6,"F",1,0,3.41,1190,"Math & Science",0,0,NA
16239,4,3,"F",1,0,3.95,1170,"Arts & Letters",0,0,NA
16240,4,6,"F",0,0,3.23,980,"Business & Economics",0,0,NA
16241,4,7,"F",0,0,4.05,1150,"Arts & Letters",1,0,NA
16242,7,7,"M",0,1,2.59,1010,"Business & Economics",0,0,NA
16243,7,7,"M",0,0,3.07,1390,"Arts & Letters",0,0,NA
16244,7,7,"M",1,0,3.19,1200,"Math & Science",0,0,NA
16245,5,4,"M",0,0,3.95,1080,"Math & Science",0,0,NA
16246,1,3,"F",0,1,3.88,1000,"Arts & Letters",0,0,NA
16247,7,5,"M",0,0,3.43,1090,"Arts & Letters",0,0,NA
16248,7,4,"M",0,0,3.42,1180,"Business & Economics",0,0,NA
16249,7,7,"M",1,0,4.25,1280,"Math & Science",1,0,NA
16250,6,7,"M",1,0,3.56,1470,"Arts & Letters",0,0,NA
16251,2,1,"M",0,0,3.06,860,"Math & Science",0,0,NA
16252,4,6,"M",1,0,3.45,1330,"Math & Science",1,1,2.07
16253,7,4,"F",1,0,3.42,1150,"Math & Science",0,0,NA
16254,6,3,"F",0,0,2.82,760,"Math & Science",0,0,NA
16255,3,6,"F",0,0,4.04,1240,"Arts & Letters",1,0,NA
16256,5,6,"M",1,0,2.95,1220,"Arts & Letters",0,0,NA
16257,5,4,"F",0,0,3.17,960,"Arts & Letters",0,0,NA
16258,6,5,"M",1,0,2.5,1150,"Arts & Letters",0,0,NA
16259,6,6,"M",0,1,3.62,1100,"Arts & Letters",0,0,NA
16260,7,4,"F",1,0,3.82,1190,"Math & Science",0,0,NA
16261,7,6,"F",0,1,3.95,1390,"Business & Economics",1,0,NA
16262,6,6,"F",0,1,3.39,1440,"Arts & Letters",0,0,NA
16263,7,6,"F",1,0,4,1200,"Math & Science",0,0,NA
16264,4,4,"F",1,0,3.62,1320,"Business & Economics",0,0,NA
16265,6,7,"F",0,0,3.5,1290,"Arts & Letters",0,0,NA
16266,6,6,"M",1,0,3.32,1210,"Arts & Letters",0,0,NA
16267,2,3,"F",0,1,3.68,1060,"Business & Economics",0,0,NA
16268,6,6,"F",1,0,3.2,1120,"Math & Science",0,0,NA
16269,3,5,"M",1,0,3.46,1390,"Math & Science",0,0,NA
16270,6,6,"F",0,0,4.14,1360,"Math & Science",1,0,NA
16271,7,7,"F",1,0,3.55,1360,"Arts & Letters",0,0,NA
16272,7,4,"M",1,0,3.55,1340,"Math & Science",0,0,NA
16273,7,7,"M",1,0,3.92,1470,"Business & Economics",1,0,NA
16274,5,4,"M",0,0,2.45,940,"Business & Economics",0,0,NA
16275,4,3,"F",1,0,3.9,1380,"Arts & Letters",1,0,NA
16276,7,6,"M",1,0,3.31,1050,"Math & Science",0,0,NA
16277,7,6,"M",1,0,3.65,1190,"Arts & Letters",0,0,NA
16278,3,3,"F",0,1,3.42,1260,"Math & Science",0,0,NA
16279,4,4,"F",1,0,3.5,1360,"Math & Science",0,0,NA
16280,3,3,"M",0,0,3.97,1170,"Math & Science",0,0,NA
16281,6,7,"F",1,0,3.32,1170,"Arts & Letters",0,0,NA
16282,6,6,"M",1,0,4,1410,"Math & Science",1,0,NA
16283,6,6,"M",0,0,4.12,1470,"Math & Science",1,0,NA
16284,7,6,"F",0,1,3.15,1250,"Arts & Letters",0,0,NA
16285,3,3,"M",0,1,2.47,760,"Math & Science",0,0,NA
16286,4,3,"M",0,0,2.94,760,"Arts & Letters",0,0,NA
16287,3,3,"M",0,0,4.11,1020,"Math & Science",0,0,NA
16288,7,6,"F",1,0,3.94,1210,"Arts & Letters",0,0,NA
16289,6,6,"F",0,0,2.65,990,"Arts & Letters",0,0,NA
16290,6,7,"M",1,0,3.75,1450,"Arts & Letters",1,0,NA
16291,6,3,"M",0,0,2.68,920,"Arts & Letters",0,0,NA
16292,7,3,"M",1,0,3.45,1240,"Business & Economics",0,0,NA
16293,4,7,"F",1,0,3.5,1330,"Arts & Letters",0,0,NA
16294,1,2,"F",0,0,2.41,1030,"Business & Economics",0,0,NA
16295,7,7,"M",0,0,3.27,1110,"Arts & Letters",0,0,NA
16296,4,4,"M",0,0,3.23,880,"Arts & Letters",0,1,2.695
16297,3,3,"M",0,0,3.55,990,"Math & Science",0,0,NA
16298,2,5,"F",1,0,3.62,1060,"Business & Economics",0,0,NA
16299,4,4,"M",0,0,2.47,780,"Math & Science",0,0,NA
16300,4,4,"M",1,0,3.05,1250,"Math & Science",0,0,NA
16301,2,1,"F",0,0,3.1,990,"Business & Economics",0,0,NA
16302,6,6,"F",1,0,3.59,1000,"Business & Economics",0,0,NA
16303,6,6,"F",1,0,3.96,1110,"Arts & Letters",0,0,NA
16304,7,7,"M",1,0,3.45,1360,"Business & Economics",0,0,NA
16305,4,3,"F",0,0,3.1,1020,"Arts & Letters",0,0,NA
16306,7,3,"F",0,1,2.42,910,"Math & Science",0,0,NA
16307,3,4,"M",0,1,3.5,1200,"Math & Science",0,0,NA
16308,3,3,"M",0,0,2.13,590,"Math & Science",0,0,NA
16309,4,6,"F",0,0,4.17,1170,"Arts & Letters",1,0,NA
16310,7,6,"M",1,0,3.86,1320,"Arts & Letters",0,0,NA
16311,4,3,"F",1,0,2.43,940,"Arts & Letters",0,0,NA
16312,1,6,"M",1,0,3.15,1250,"Math & Science",0,0,NA
16313,3,6,"F",1,0,3.9,1250,"Math & Science",1,0,NA
16314,7,4,"F",0,0,3.55,1040,"Business & Economics",0,0,NA
16315,3,4,"M",1,0,3.05,1220,"Business & Economics",0,0,NA
16316,7,6,"M",0,0,2.65,900,"Arts & Letters",0,0,NA
16317,4,5,"M",0,0,2.67,780,"Math & Science",0,0,NA
16318,3,3,"M",0,0,2.32,810,"Arts & Letters",0,0,NA
16319,2,4,"F",0,0,2.08,790,"Arts & Letters",0,0,NA
16320,4,6,"M",1,0,2.8,830,"Math & Science",0,0,NA
16321,6,5,"M",1,0,3.92,1350,"Business & Economics",1,1,3.336
16322,2,1,"F",0,0,2.96,1000,"Arts & Letters",0,0,NA
16323,6,5,"M",1,0,3.39,970,"Business & Economics",0,0,NA
16324,3,3,"M",0,1,3.71,1110,"Math & Science",0,0,NA
16325,1,1,"F",0,0,2.53,850,"Arts & Letters",0,0,NA
16326,4,6,"M",1,0,3.7,1180,"Math & Science",0,0,NA
16327,5,3,"M",1,0,3.22,1030,"Business & Economics",0,0,NA
16328,1,1,"M",0,0,2,1260,"Math & Science",0,0,NA
16329,6,4,"F",1,0,3.7,1150,"Math & Science",0,0,NA
16330,3,3,"F",1,0,3.58,1030,"Math & Science",0,0,NA
16331,6,1,"M",0,0,2.35,1080,"Arts & Letters",0,0,NA
16332,5,3,"F",0,0,3.59,1220,"Math & Science",1,0,NA
16333,1,6,"M",0,1,2.79,960,"Business & Economics",0,0,NA
16334,6,6,"F",1,0,3.59,1170,"Arts & Letters",0,0,NA
16335,5,5,"M",1,0,3,930,"Math & Science",0,0,NA
16336,7,4,"F",1,0,3.55,1180,"Math & Science",0,0,NA
16337,1,1,"M",0,1,3.85,1070,"Arts & Letters",1,0,NA
16338,6,6,"F",0,1,3.64,1300,"Math & Science",0,0,NA
16339,1,1,"M",0,0,3.19,880,"Math & Science",0,0,NA
16340,7,7,"M",1,0,4.17,1260,"Arts & Letters",1,0,NA
16341,6,6,"M",1,0,2.9,990,"Arts & Letters",0,0,NA
16342,3,2,"M",0,0,3.69,980,"Business & Economics",0,0,NA
16343,3,3,"F",1,0,3.78,1010,"Math & Science",0,0,NA
16344,5,5,"M",1,0,2.75,990,"Math & Science",0,0,NA
16345,2,2,"F",0,1,3.18,1080,"Arts & Letters",0,0,NA
16346,7,7,"M",1,0,3.14,900,"Arts & Letters",0,0,NA
16347,4,7,"M",0,0,3.43,1070,"Business & Economics",0,0,NA
16348,6,5,"F",0,0,2.92,900,"Math & Science",0,0,NA
16349,6,5,"F",1,0,3.25,1060,"Math & Science",0,0,NA
16350,3,2,"F",0,0,3.5,930,"Math & Science",1,0,NA
16351,1,2,"F",0,0,3.23,840,"Business & Economics",0,0,NA
16352,7,6,"F",0,1,3.23,1100,"Math & Science",0,0,NA
16353,7,6,"M",0,1,2.85,1040,"Business & Economics",0,0,NA
16354,1,1,"M",0,1,2.86,730,"Business & Economics",0,0,NA
16355,7,4,"M",0,1,4.04,1410,"Math & Science",1,0,NA
16356,6,6,"F",1,0,3.23,1290,"Math & Science",0,0,NA
16357,7,7,"M",0,1,2.75,1110,"Business & Economics",0,0,NA
16358,6,6,"F",1,0,3.32,1370,"Arts & Letters",0,0,NA
16359,7,6,"M",0,1,3.23,1230,"Math & Science",0,0,NA
16360,1,4,"M",0,0,2.94,810,"Math & Science",0,0,NA
16361,6,6,"M",0,0,2.73,1200,"Math & Science",0,0,NA
16362,3,3,"F",1,0,3.27,1080,"Math & Science",0,0,NA
16363,7,7,"M",0,0,3.41,1300,"Arts & Letters",1,0,NA
16364,6,3,"F",0,0,4,1310,"Math & Science",1,0,NA
16365,1,1,"M",0,0,4.25,1050,"Math & Science",1,0,NA
16366,3,3,"F",1,0,3.2,980,"Math & Science",0,0,NA
16367,5,4,"F",1,0,2.89,970,"Arts & Letters",0,0,NA
16368,7,7,"F",1,0,3.71,1280,"Business & Economics",1,0,NA
16369,5,6,"F",0,0,3.18,950,"Arts & Letters",0,0,NA
16370,6,4,"F",0,0,2.68,940,"Arts & Letters",0,0,NA
16371,6,6,"M",1,0,3.95,1140,"Business & Economics",0,0,NA
16372,1,1,"F",0,0,2.92,870,"Business & Economics",0,0,NA
16373,4,6,"F",1,0,4,1320,"Arts & Letters",1,0,NA
16374,7,6,"M",0,1,3.88,1300,"Math & Science",1,0,NA
16375,3,3,"F",1,0,4.15,1390,"Math & Science",1,0,NA
16376,6,4,"M",1,0,2.86,800,"Business & Economics",0,0,NA
16377,3,3,"M",0,0,3.95,1220,"Business & Economics",0,0,NA
16378,5,3,"M",1,0,3.83,1430,"Business & Economics",1,1,3.096
16379,6,3,"F",1,0,3.73,930,"Arts & Letters",0,0,NA
16380,4,6,"M",1,0,3.38,1330,"Arts & Letters",0,0,NA
16381,2,4,"F",0,0,3.14,920,"Arts & Letters",0,0,NA
16382,2,4,"M",0,0,2.53,1040,"Business & Economics",0,0,NA
16383,3,3,"F",1,0,2.77,1010,"Arts & Letters",0,0,NA
16384,6,6,"F",0,1,4.23,1210,"Math & Science",0,0,NA
16385,4,4,"F",1,0,3.62,1320,"Math & Science",0,0,NA
16386,6,6,"M",1,0,3.45,1250,"Business & Economics",0,0,NA
16387,2,2,"F",0,0,2.71,760,"Math & Science",0,0,NA
16388,6,4,"F",1,0,4.36,1400,"Arts & Letters",1,1,3.806
16389,7,7,"M",0,0,2.65,1280,"Business & Economics",0,0,NA
16390,3,3,"F",0,0,3.6,1090,"Arts & Letters",0,0,NA
16391,1,3,"M",0,0,3.06,900,"Business & Economics",0,0,NA
16392,7,4,"M",1,0,3.18,1070,"Business & Economics",0,0,NA
16393,4,6,"M",1,0,2.43,1100,"Business & Economics",0,0,NA
16394,3,1,"F",0,0,2.71,840,"Math & Science",0,0,NA
16395,7,4,"F",0,0,3.79,1120,"Arts & Letters",0,0,NA
16396,1,1,"F",0,0,3.15,1000,"Math & Science",0,0,NA
16397,2,5,"M",0,0,3.46,810,"Arts & Letters",0,0,NA
16398,7,7,"M",1,0,3.36,1310,"Business & Economics",0,0,NA
16399,4,6,"F",1,0,3.3,1080,"Arts & Letters",0,0,NA
16400,1,1,"F",0,1,3.82,1080,"Math & Science",1,0,NA
16401,1,1,"F",0,1,4.21,1280,"Math & Science",1,0,NA
16402,7,6,"M",0,0,3.31,990,"Business & Economics",0,0,NA
16403,6,6,"M",0,0,3.8,1230,"Business & Economics",0,0,NA
16404,7,6,"M",1,0,3.67,1080,"Math & Science",0,0,NA
16405,4,4,"M",0,0,3.55,1230,"Math & Science",0,0,NA
16406,7,6,"F",1,0,3.45,1340,"Math & Science",0,0,NA
16407,4,3,"F",0,0,2.96,820,"Math & Science",0,0,NA
16408,6,2,"M",0,0,2.64,390,"Business & Economics",0,0,NA
16409,7,4,"F",0,1,3.32,950,"Arts & Letters",0,0,NA
16410,7,4,"M",1,0,2.58,1060,"Math & Science",0,0,NA
16411,2,6,"F",0,0,3.26,1090,"Business & Economics",0,0,NA
16412,4,6,"M",1,0,4,1410,"Arts & Letters",0,0,NA
16413,4,7,"M",0,0,3.55,1360,"Arts & Letters",1,0,NA
16414,4,6,"F",1,0,3.85,1400,"Math & Science",1,0,NA
16415,7,3,"F",1,0,3.16,940,"Arts & Letters",0,0,NA
16416,6,7,"F",1,0,3.29,1120,"Arts & Letters",0,0,NA
16417,3,3,"F",0,0,3.3,890,"Math & Science",0,0,NA
16418,7,5,"M",0,1,3.12,1240,"Math & Science",0,0,NA
16419,7,7,"M",1,0,3,960,"Business & Economics",0,0,NA
16420,6,5,"M",1,0,2.43,1070,"Math & Science",0,0,NA
16421,3,4,"F",1,0,3.67,1040,"Math & Science",0,0,NA
16422,3,4,"M",1,0,3.52,1110,"Business & Economics",0,0,NA
16423,7,7,"F",1,0,3.21,1210,"Arts & Letters",0,0,NA
16424,7,6,"M",1,0,3.5,860,"Business & Economics",0,0,NA
16425,3,4,"F",0,0,3.74,1210,"Business & Economics",1,0,NA
16426,4,6,"F",1,0,4.12,1290,"Arts & Letters",0,0,NA
16427,6,6,"M",0,1,3.19,1070,"Arts & Letters",0,0,NA
16428,6,6,"F",1,0,3.03,900,"Arts & Letters",0,0,NA
16429,2,2,"M",0,0,4.27,1080,"Business & Economics",1,0,NA
16430,7,7,"F",0,0,3.96,1010,"Business & Economics",0,0,NA
16431,3,3,"M",0,0,3.05,860,"Arts & Letters",0,0,NA
16432,4,3,"F",1,0,3.33,960,"Math & Science",0,0,NA
16433,4,4,"M",0,0,2.79,1200,"Arts & Letters",0,0,NA
16434,4,4,"F",1,0,2.86,980,"Arts & Letters",0,0,NA
16435,7,6,"M",1,0,2.75,870,"Arts & Letters",0,0,NA
16436,7,6,"F",1,0,2.63,880,"Math & Science",0,0,NA
16437,3,5,"F",0,0,3.7,1400,"Math & Science",1,0,NA
16438,6,4,"F",1,0,4.32,1480,"Math & Science",1,1,3.528
16439,4,4,"F",1,0,3.35,1150,"Math & Science",1,1,3.17
16440,6,6,"M",1,0,3.4,1360,"Math & Science",0,0,NA
16441,7,1,"F",0,0,3.69,970,"Arts & Letters",1,0,NA
16442,4,2,"M",1,0,3.12,1070,"Arts & Letters",0,0,NA
16443,6,4,"F",1,0,3.3,1140,"Arts & Letters",0,0,NA
16444,5,4,"F",0,1,3.45,1160,"Math & Science",0,0,NA
16445,2,1,"M",0,0,3.5,790,"Arts & Letters",0,0,NA
16446,6,6,"F",1,0,3.38,1200,"Business & Economics",0,0,NA
16447,3,3,"M",0,0,3.26,860,"Business & Economics",0,0,NA
16448,5,3,"F",0,1,3.77,1010,"Business & Economics",0,0,NA
16449,5,4,"F",1,0,3.43,1030,"Math & Science",0,0,NA
16450,3,3,"F",1,0,3.95,1300,"Arts & Letters",0,0,NA
16451,4,6,"F",0,1,3.9,1050,"Math & Science",1,0,NA
16452,4,5,"F",0,0,2.89,880,"Business & Economics",0,0,NA
16453,6,4,"M",1,0,3.08,1210,"Arts & Letters",0,0,NA
16454,3,3,"F",0,0,2.7,940,"Arts & Letters",0,0,NA
16455,7,7,"F",1,0,3.65,1330,"Arts & Letters",0,0,NA
16456,4,4,"M",0,0,3.14,1000,"Business & Economics",0,0,NA
16457,1,1,"F",0,0,2.87,970,"Arts & Letters",0,0,NA
16458,3,3,"F",1,0,3.38,940,"Arts & Letters",0,0,NA
16459,6,6,"M",1,0,2.7,1060,"Business & Economics",0,0,NA
16460,6,3,"F",0,0,3.35,1020,"Math & Science",0,0,NA
16461,1,1,"F",0,0,3.19,730,"Math & Science",0,0,NA
16462,4,1,"F",0,0,3.83,1060,"Business & Economics",1,1,2.728
16463,4,4,"M",1,0,3.36,1280,"Math & Science",0,0,NA
16464,6,6,"M",1,0,3.41,1150,"Business & Economics",0,0,NA
16465,7,6,"F",1,0,4.35,1140,"Math & Science",0,0,NA
16466,6,6,"F",1,0,4.19,1250,"Arts & Letters",1,0,NA
16467,4,4,"F",0,0,3.07,1060,"Arts & Letters",0,0,NA
16468,7,6,"M",1,0,2.95,1200,"Business & Economics",0,0,NA
16469,3,3,"F",0,0,3.67,1180,"Arts & Letters",0,0,NA
16470,7,7,"M",0,1,3.62,1290,"Math & Science",0,0,NA
16471,3,3,"F",0,1,3.83,1050,"Math & Science",1,0,NA
16472,6,5,"F",1,0,3.82,1170,"Math & Science",0,0,NA
16473,7,7,"F",0,0,3.54,990,"Math & Science",1,1,2.974
16474,2,4,"F",0,0,3.15,880,"Math & Science",0,0,NA
16475,7,6,"F",1,0,3.5,1260,"Math & Science",0,0,NA
16476,6,7,"F",0,0,3.73,1210,"Arts & Letters",1,0,NA
16477,7,6,"F",0,1,3.91,1350,"Arts & Letters",0,0,NA
16478,7,4,"M",1,0,3.42,1190,"Math & Science",0,0,NA
16479,2,2,"M",0,0,3.27,910,"Math & Science",0,0,NA
16480,6,6,"M",1,0,3.08,950,"Arts & Letters",0,0,NA
16481,4,5,"M",0,0,2.81,930,"Arts & Letters",0,0,NA
16482,2,2,"M",0,0,2.86,700,"Business & Economics",0,0,NA
16483,6,3,"M",0,1,3.9,1100,"Arts & Letters",1,0,NA
16484,7,3,"M",1,0,4.04,1200,"Math & Science",1,1,3.363
16485,4,4,"F",0,1,4.31,1370,"Math & Science",1,0,NA
16486,7,7,"M",1,0,3.05,1220,"Business & Economics",0,0,NA
16487,7,6,"F",0,0,3.65,1390,"Math & Science",0,0,NA
16488,4,2,"M",0,1,2.31,880,"Business & Economics",0,0,NA
16489,6,6,"F",0,1,3.31,1330,"Arts & Letters",0,0,NA
16490,2,7,"M",1,0,3.71,670,"Business & Economics",0,0,NA
16491,4,6,"F",1,0,3.32,990,"Arts & Letters",0,0,NA
16492,3,7,"M",1,0,3.82,1410,"Math & Science",0,0,NA
16493,7,7,"F",1,0,4.07,1420,"Math & Science",1,1,3.832
16494,6,6,"F",0,0,3.83,1420,"Arts & Letters",0,0,NA
16495,4,4,"M",0,0,2.83,800,"Math & Science",0,0,NA
16496,4,4,"M",0,0,3.06,910,"Arts & Letters",0,0,NA
16497,2,2,"F",0,0,3.27,950,"Business & Economics",0,0,NA
16498,3,6,"F",1,0,2.56,1120,"Business & Economics",0,0,NA
16499,1,1,"F",1,0,4.33,1280,"Business & Economics",1,0,NA
16500,4,3,"F",0,0,3.42,960,"Arts & Letters",0,0,NA
16501,6,6,"M",0,1,3.73,1310,"Math & Science",0,0,NA
16502,2,1,"F",0,0,3.17,1040,"Arts & Letters",0,0,NA
16503,7,7,"M",0,1,3.55,1260,"Arts & Letters",0,0,NA
16504,6,4,"F",1,0,2.53,1040,"Arts & Letters",0,0,NA
16505,3,1,"M",0,0,3.26,1080,"Business & Economics",0,0,NA
16506,6,5,"F",1,0,3.09,980,"Arts & Letters",0,0,NA
16507,7,4,"F",0,0,3.8,960,"Math & Science",1,1,0.94
16508,6,3,"F",0,1,3.57,1250,"Math & Science",0,0,NA
16509,4,4,"F",0,0,2.95,1100,"Arts & Letters",0,0,NA
16510,3,4,"F",1,0,3.77,1200,"Math & Science",1,0,NA
16511,3,3,"M",1,0,3.69,990,"Arts & Letters",0,0,NA
16512,7,4,"F",0,0,3.18,930,"Math & Science",0,0,NA
16513,4,4,"M",0,0,3,1040,"Arts & Letters",0,0,NA
16514,3,4,"M",0,0,3.42,950,"Arts & Letters",0,0,NA
16515,4,3,"M",0,0,2.95,820,"Business & Economics",0,0,NA
16516,1,1,"F",0,0,3.43,1050,"Math & Science",0,0,NA
16517,1,1,"F",0,0,3.5,970,"Arts & Letters",0,0,NA
16518,1,2,"F",0,0,2.76,870,"Arts & Letters",0,0,NA
16519,5,5,"M",0,1,3.3,1160,"Math & Science",0,0,NA
16520,3,7,"F",0,0,3.88,1150,"Business & Economics",0,0,NA
16521,6,5,"F",1,0,3.46,1080,"Math & Science",0,0,NA
16522,2,2,"F",0,1,3.71,1080,"Math & Science",1,0,NA
16523,6,7,"M",0,0,2.92,1100,"Arts & Letters",0,0,NA
16524,6,2,"F",1,0,3.76,1140,"Math & Science",0,0,NA
16525,6,6,"M",1,0,3.22,1200,"Arts & Letters",0,0,NA
16526,4,4,"F",0,0,3.64,1320,"Arts & Letters",0,0,NA
16527,1,1,"F",0,0,3.14,910,"Math & Science",0,0,NA
16528,4,4,"F",0,0,3.41,1340,"Arts & Letters",0,0,NA
16529,7,4,"F",1,0,3.88,1270,"Math & Science",1,0,NA
16530,7,5,"F",1,0,2.8,780,"Arts & Letters",0,0,NA
16531,1,1,"M",0,0,4.07,1260,"Math & Science",1,0,NA
16532,6,7,"F",1,0,3.52,1200,"Arts & Letters",0,0,NA
16533,7,6,"M",0,0,2.45,900,"Business & Economics",0,0,NA
16534,6,6,"M",0,1,4.05,1480,"Math & Science",1,0,NA
16535,3,6,"F",0,1,4.24,1190,"Arts & Letters",1,0,NA
16536,3,6,"F",1,0,4,1330,"Math & Science",0,0,NA
16537,7,7,"M",1,0,3.67,1050,"Arts & Letters",0,0,NA
16538,6,7,"F",1,0,3.02,1030,"Business & Economics",0,0,NA
16539,6,6,"F",0,0,2.9,970,"Math & Science",0,0,NA
16540,4,4,"M",0,1,4.04,1160,"Arts & Letters",0,0,NA
16541,4,6,"F",1,0,3.78,1190,"Math & Science",0,0,NA
16542,4,4,"M",0,0,3.15,1120,"Arts & Letters",0,0,NA
16543,7,7,"M",0,0,3.35,1400,"Arts & Letters",0,0,NA
16544,7,7,"M",1,0,3.72,1270,"Math & Science",1,1,3.445
16545,3,1,"F",0,0,3.61,910,"Math & Science",0,0,NA
16546,6,3,"M",1,0,3.23,900,"Math & Science",0,0,NA
16547,1,1,"F",0,0,3.05,890,"Business & Economics",0,0,NA
16548,6,4,"F",1,0,3.5,1130,"Arts & Letters",0,0,NA
16549,3,3,"F",0,0,3.75,1080,"Arts & Letters",0,0,NA
16550,6,5,"M",1,0,3.61,1190,"Arts & Letters",1,0,NA
16551,4,6,"M",1,0,4.3,1220,"Business & Economics",0,0,NA
16552,2,2,"F",0,0,3.27,890,"Arts & Letters",0,0,NA
16553,6,6,"F",0,1,3.45,1240,"Arts & Letters",0,0,NA
16554,4,4,"M",0,0,2.81,630,"Arts & Letters",0,0,NA
16555,1,1,"F",0,1,3.68,1260,"Arts & Letters",1,0,NA
16556,6,5,"F",0,1,3.41,1160,"Math & Science",0,0,NA
16557,4,5,"F",1,0,2.78,780,"Arts & Letters",0,0,NA
16558,4,4,"F",0,0,3.2,1000,"Math & Science",0,0,NA
16559,6,4,"F",1,0,3.54,1000,"Arts & Letters",0,0,NA
16560,6,6,"M",1,0,2.74,1230,"Business & Economics",0,0,NA
16561,7,6,"F",1,0,2.35,1110,"Arts & Letters",0,0,NA
16562,7,6,"M",0,1,3.19,1200,"Arts & Letters",0,0,NA
16563,4,4,"M",0,1,3.24,1130,"Math & Science",0,0,NA
16564,4,4,"M",0,0,2.44,870,"Business & Economics",0,0,NA
16565,6,4,"M",1,0,3.74,1450,"Math & Science",1,1,2.66
16566,4,4,"M",0,0,3.68,1080,"Math & Science",0,0,NA
16567,1,1,"F",0,0,2.82,860,"Arts & Letters",0,0,NA
16568,7,7,"M",1,0,2.93,1430,"Math & Science",0,0,NA
16569,4,6,"F",0,0,3.42,900,"Math & Science",0,0,NA
16570,4,4,"M",1,0,2.93,930,"Math & Science",0,0,NA
16571,6,4,"M",0,0,2.9,1190,"Math & Science",0,0,NA
16572,6,5,"F",0,0,4.22,1600,"Math & Science",1,0,NA
16573,2,2,"F",0,0,3.67,1070,"Business & Economics",1,1,2.699
16574,3,3,"M",0,0,3.4,1070,"Arts & Letters",0,0,NA
16575,7,7,"F",0,1,4.25,1260,"Arts & Letters",0,0,NA
16576,1,1,"F",0,1,4.25,1140,"Math & Science",1,0,NA
16577,7,7,"M",0,0,3.68,1470,"Math & Science",0,0,NA
16578,3,3,"F",1,0,3.92,1010,"Math & Science",0,0,NA
16579,3,3,"F",0,0,3.85,820,"Arts & Letters",0,0,NA
16580,3,1,"F",0,0,3.73,1080,"Math & Science",0,0,NA
16581,3,3,"M",0,0,3.55,1300,"Business & Economics",1,0,NA
16582,3,3,"F",1,0,3.2,1140,"Math & Science",1,1,2.755
16583,4,4,"M",0,0,3.18,870,"Math & Science",0,0,NA
16584,5,6,"M",0,0,2.59,1060,"Business & Economics",0,0,NA
16585,7,6,"F",0,1,3.78,980,"Math & Science",0,0,NA
16586,6,6,"F",1,0,3.64,1180,"Arts & Letters",1,0,NA
16587,7,6,"F",0,1,2.85,970,"Business & Economics",0,0,NA
16588,7,7,"M",0,0,4.04,1290,"Arts & Letters",1,0,NA
16589,3,6,"M",0,1,2.62,860,"Arts & Letters",0,0,NA
16590,3,6,"M",0,0,3.17,1030,"Math & Science",0,0,NA
16591,4,3,"F",0,0,3.95,910,"Arts & Letters",0,0,NA
16592,2,5,"M",0,0,3.67,790,"Arts & Letters",1,0,NA
16593,7,6,"M",1,0,2.85,1200,"Math & Science",0,0,NA
16594,4,4,"F",0,0,3.38,1040,"Arts & Letters",0,0,NA
16595,6,6,"M",1,0,3.7,1200,"Business & Economics",0,0,NA
16596,4,3,"M",0,1,2.44,1150,"Business & Economics",0,0,NA
16597,5,4,"F",1,0,3.41,990,"Math & Science",0,0,NA
16598,4,3,"F",0,1,3.75,1160,"Math & Science",0,0,NA
16599,4,2,"M",0,0,3.23,880,"Math & Science",0,0,NA
16600,4,3,"F",0,0,3.05,1010,"Arts & Letters",0,0,NA
16601,6,4,"F",0,0,2.96,1150,"Arts & Letters",0,0,NA
16602,4,4,"M",1,0,2.62,960,"Math & Science",0,0,NA
16603,3,4,"F",0,0,3.54,970,"Arts & Letters",0,0,NA
16604,1,1,"F",0,0,2.77,920,"Arts & Letters",0,0,NA
16605,6,6,"F",1,0,3.3,940,"Math & Science",0,0,NA
16606,7,6,"M",0,1,3.22,1300,"Business & Economics",0,0,NA
16607,7,7,"M",0,0,3.41,1160,"Math & Science",1,1,0.891
16608,6,3,"M",0,0,2.95,1060,"Business & Economics",0,0,NA
16609,6,4,"F",0,1,3.73,950,"Business & Economics",0,0,NA
16610,5,6,"F",0,0,4.04,1290,"Math & Science",1,0,NA
16611,6,7,"M",1,0,3.33,1430,"Math & Science",0,0,NA
16612,3,4,"M",1,0,3.03,1070,"Business & Economics",0,0,NA
16613,4,4,"M",0,0,1.61,570,"Arts & Letters",0,0,NA
16614,1,1,"F",0,1,4,930,"Math & Science",1,0,NA
16615,4,4,"F",0,0,2.55,690,"Math & Science",0,0,NA
16616,4,4,"F",1,0,3.23,1140,"Business & Economics",0,0,NA
16617,6,5,"M",1,0,3.6,980,"Math & Science",0,0,NA
16618,1,3,"F",0,0,3.58,1000,"Math & Science",0,0,NA
16619,7,7,"M",0,0,3.82,1400,"Math & Science",1,0,NA
16620,7,7,"M",1,0,2.9,1270,"Math & Science",0,0,NA
16621,1,1,"F",0,1,3.57,1170,"Business & Economics",1,1,1.515
16622,7,7,"F",1,0,4.15,1360,"Arts & Letters",1,0,NA
16623,1,2,"M",0,0,2.92,920,"Arts & Letters",0,0,NA
16624,7,7,"F",0,0,3.83,1260,"Arts & Letters",1,0,NA
16625,7,6,"M",0,1,3.49,1040,"Business & Economics",0,0,NA
16626,4,6,"F",1,0,3.21,1220,"Arts & Letters",0,0,NA
16627,4,4,"F",1,0,3.48,950,"Arts & Letters",0,0,NA
16628,2,2,"M",0,0,3.73,1070,"Arts & Letters",1,0,NA
16629,6,6,"M",1,0,3.23,1050,"Business & Economics",0,0,NA
16630,5,7,"M",0,0,3.71,1000,"Business & Economics",0,0,NA
16631,3,4,"M",0,0,4.12,1210,"Math & Science",1,0,NA
16632,6,5,"M",0,0,3.93,1290,"Math & Science",1,0,NA
16633,7,7,"M",0,0,3.28,990,"Arts & Letters",0,0,NA
16634,3,2,"F",0,0,4.04,1160,"Math & Science",1,0,NA
16635,6,6,"M",1,0,2.67,910,"Business & Economics",0,0,NA
16636,2,6,"F",0,0,3.25,1020,"Business & Economics",0,0,NA
16637,5,7,"F",1,0,3.15,890,"Arts & Letters",0,0,NA
16638,4,2,"M",1,0,2.98,1050,"Arts & Letters",0,0,NA
16639,6,3,"M",0,1,2.25,980,"Arts & Letters",0,0,NA
16640,4,4,"M",1,0,3.44,1040,"Arts & Letters",0,0,NA
16641,7,6,"F",0,1,4.17,1560,"Math & Science",1,0,NA
16642,3,5,"M",1,0,3.5,1250,"Math & Science",0,0,NA
16643,1,1,"F",0,1,4.18,1070,"Business & Economics",1,0,NA
16644,6,6,"F",0,0,2.79,1120,"Math & Science",0,0,NA
16645,6,7,"M",1,0,3.05,1340,"Business & Economics",0,0,NA
16646,7,7,"M",1,0,3.88,1420,"Arts & Letters",1,0,NA
16647,7,3,"M",0,0,3.33,1290,"Arts & Letters",0,0,NA
16648,6,5,"M",0,1,3.27,1080,"Business & Economics",0,0,NA
16649,3,7,"F",0,0,2.46,1040,"Arts & Letters",0,0,NA
16650,7,6,"M",1,0,3.6,1350,"Arts & Letters",1,0,NA
16651,1,1,"M",0,0,4.25,1190,"Math & Science",1,0,NA
16652,1,1,"M",0,1,3.2,1260,"Math & Science",1,0,NA
16653,3,3,"M",0,0,3,1090,"Arts & Letters",0,0,NA
16654,7,7,"F",0,0,2.89,900,"Arts & Letters",0,0,NA
16655,2,6,"M",0,0,3.48,1000,"Arts & Letters",0,0,NA
16656,1,1,"F",0,0,4.04,1470,"Math & Science",1,0,NA
16657,3,3,"M",0,0,3.82,990,"Math & Science",0,0,NA
16658,6,5,"M",0,1,3.53,850,"Arts & Letters",0,0,NA
16659,6,4,"M",0,0,3.15,1000,"Arts & Letters",0,0,NA
16660,4,3,"F",1,0,3.09,1020,"Math & Science",0,0,NA
16661,7,6,"M",0,0,2.96,1060,"Business & Economics",0,0,NA
16662,6,4,"M",1,0,3.95,1150,"Business & Economics",1,1,3.366
16663,7,7,"M",1,0,3.46,1500,"Math & Science",0,0,NA
16664,7,7,"F",0,1,3.32,1250,"Math & Science",1,0,NA
16665,6,4,"F",0,0,2.86,1120,"Arts & Letters",0,0,NA
16666,2,3,"M",0,0,3.33,880,"Business & Economics",0,0,NA
16667,7,7,"M",1,0,3.46,1280,"Business & Economics",0,0,NA
16668,6,4,"F",0,0,2.78,970,"Arts & Letters",0,0,NA
16669,7,6,"F",0,1,3.92,960,"Math & Science",0,0,NA
16670,4,4,"F",1,0,3.8,980,"Arts & Letters",0,0,NA
16671,3,4,"M",0,0,3.8,1180,"Business & Economics",1,0,NA
16672,3,1,"M",0,0,3.58,1040,"Math & Science",0,0,NA
16673,7,6,"M",0,1,3.04,1270,"Business & Economics",1,0,NA
16674,3,3,"F",1,0,4.23,1190,"Math & Science",1,0,NA
16675,1,3,"F",0,0,4,900,"Math & Science",1,0,NA
16676,4,3,"M",1,0,3.46,1260,"Arts & Letters",1,1,2.176
16677,7,6,"F",1,0,4,1380,"Arts & Letters",0,0,NA
16678,7,4,"F",1,0,3.36,1000,"Business & Economics",0,0,NA
16679,5,6,"M",1,0,3.56,1250,"Business & Economics",0,0,NA
16680,6,7,"M",0,0,3.05,1230,"Business & Economics",0,0,NA
16681,4,3,"F",0,0,4.04,1010,"Arts & Letters",0,0,NA
16682,3,4,"F",0,0,2.89,800,"Arts & Letters",0,0,NA
16683,6,7,"F",0,0,4.05,1410,"Arts & Letters",1,0,NA
16684,5,6,"F",1,0,2.35,1090,"Arts & Letters",0,0,NA
16685,3,5,"F",0,0,3.55,960,"Business & Economics",0,0,NA
16686,7,5,"M",0,0,3.58,1160,"Arts & Letters",0,0,NA
16687,4,6,"F",0,0,4,1270,"Math & Science",1,0,NA
16688,1,1,"F",0,0,3.59,1140,"Arts & Letters",1,0,NA
16689,5,7,"M",1,0,2.94,1090,"Arts & Letters",0,0,NA
16690,3,3,"F",0,0,4.12,1130,"Arts & Letters",0,0,NA
16691,6,6,"F",1,0,3.5,1130,"Arts & Letters",0,0,NA
16692,4,7,"F",0,0,2.73,1200,"Business & Economics",0,0,NA
16693,6,4,"F",1,0,2.75,1010,"Arts & Letters",0,0,NA
16694,4,6,"M",1,0,3.7,1200,"Arts & Letters",0,0,NA
16695,4,2,"M",0,0,3.48,940,"Business & Economics",0,0,NA
16696,6,6,"M",1,0,3.55,1340,"Math & Science",0,0,NA
16697,5,4,"M",1,0,3.5,1300,"Arts & Letters",0,0,NA
16698,6,6,"M",1,0,3.45,1220,"Math & Science",0,0,NA
16699,1,4,"F",0,0,3.77,980,"Business & Economics",0,0,NA
16700,1,3,"M",0,0,3.67,1320,"Math & Science",1,0,NA
16701,6,5,"F",1,0,3.55,1110,"Arts & Letters",0,0,NA
16702,7,6,"M",0,0,3.66,1370,"Business & Economics",1,0,NA
16703,4,4,"M",1,0,3.36,1140,"Math & Science",0,0,NA
16704,3,3,"F",1,0,3.65,1060,"Math & Science",0,0,NA
16705,3,3,"F",0,0,3.33,1170,"Math & Science",0,0,NA
16706,6,6,"F",1,0,3.15,1190,"Arts & Letters",0,0,NA
16707,4,6,"F",0,0,3.86,1250,"Business & Economics",0,0,NA
16708,6,6,"F",0,0,3.8,1180,"Arts & Letters",1,0,NA
16709,2,5,"F",0,1,4,1430,"Math & Science",1,0,NA
16710,3,6,"F",1,0,4,1180,"Business & Economics",1,0,NA
16711,3,4,"F",1,0,2.58,840,"Arts & Letters",0,0,NA
16712,3,6,"F",1,0,4,1240,"Arts & Letters",0,0,NA
16713,1,1,"F",0,0,3.5,1030,"Arts & Letters",1,1,0.889
16714,6,6,"F",0,0,3.82,1270,"Business & Economics",1,1,3.245
16715,4,3,"M",1,0,3.28,890,"Business & Economics",0,0,NA
16716,5,5,"M",0,0,3.32,1140,"Arts & Letters",0,0,NA
16717,3,3,"M",0,0,3.46,1120,"Math & Science",1,0,NA
16718,3,3,"M",1,0,4.09,1320,"Math & Science",1,0,NA
16719,7,2,"F",0,0,2.87,1260,"Math & Science",0,0,NA
16720,4,7,"M",1,0,2.8,1210,"Math & Science",0,0,NA
16721,6,6,"F",0,1,3.82,1440,"Arts & Letters",1,0,NA
16722,4,5,"F",0,0,2.73,910,"Business & Economics",0,0,NA
16723,6,4,"F",1,0,2.95,1240,"Math & Science",0,0,NA
16724,6,3,"F",0,0,3.5,1060,"Business & Economics",0,0,NA
16725,4,4,"F",0,1,3.67,1070,"Business & Economics",0,0,NA
16726,3,3,"F",0,0,3.9,1080,"Math & Science",0,0,NA
16727,4,7,"M",0,0,3.79,1270,"Business & Economics",0,0,NA
16728,7,6,"F",0,0,4.12,1170,"Arts & Letters",1,0,NA
16729,5,6,"M",0,0,3.78,1360,"Math & Science",0,0,NA
16730,3,3,"F",1,0,3.39,1130,"Business & Economics",0,0,NA
16731,4,4,"M",0,0,3.45,1250,"Business & Economics",0,0,NA
16732,7,7,"F",0,0,3.31,1080,"Arts & Letters",0,0,NA
16733,6,6,"F",1,0,3.76,1240,"Math & Science",0,0,NA
16734,6,6,"F",1,0,3.35,1060,"Arts & Letters",0,0,NA
16735,7,6,"M",0,1,3.77,1260,"Arts & Letters",0,0,NA
16736,6,5,"F",1,0,3.73,1140,"Arts & Letters",1,0,NA
16737,6,4,"M",1,0,3.42,1310,"Math & Science",0,0,NA
16738,1,1,"F",0,0,3.24,790,"Math & Science",0,0,NA
16739,5,6,"M",1,0,3.73,1290,"Business & Economics",1,1,2.872
16740,4,6,"F",1,0,2.8,870,"Math & Science",0,0,NA
16741,4,4,"M",1,0,3.45,880,"Arts & Letters",0,0,NA
16742,6,4,"F",0,1,3.46,1120,"Business & Economics",0,0,NA
16743,1,1,"M",0,0,3,780,"Math & Science",0,0,NA
16744,4,4,"M",0,0,2.37,910,"Business & Economics",0,0,NA
16745,3,3,"F",1,0,4.1,1250,"Business & Economics",1,0,NA
16746,3,1,"F",0,1,4.22,1240,"Business & Economics",1,0,NA
16747,3,3,"M",1,0,3.5,1110,"Business & Economics",0,0,NA
16748,7,7,"F",0,1,3.31,1320,"Business & Economics",0,0,NA
16749,7,6,"F",1,0,3.55,1120,"Arts & Letters",0,0,NA
16750,6,3,"M",0,0,3.3,1120,"Math & Science",0,0,NA
16751,7,6,"M",0,1,3,1350,"Math & Science",0,0,NA
16752,6,4,"F",1,0,3.92,1220,"Arts & Letters",1,1,3.574
16753,6,5,"F",1,0,3.5,1130,"Arts & Letters",0,0,NA
16754,6,5,"F",1,0,3.45,1220,"Arts & Letters",1,1,2.759
16755,3,3,"M",0,0,3.41,960,"Arts & Letters",0,0,NA
16756,4,7,"M",1,0,4.4,1320,"Math & Science",1,0,NA
16757,3,3,"M",1,0,3.22,900,"Math & Science",0,0,NA
16758,4,6,"F",1,0,3.05,900,"Arts & Letters",0,0,NA
16759,4,3,"M",0,1,3.5,1160,"Business & Economics",1,1,2.859
16760,6,6,"F",0,1,3.21,1130,"Arts & Letters",0,0,NA
16761,3,6,"F",0,0,3.27,1040,"Math & Science",0,0,NA
16762,6,6,"F",1,0,3.76,900,"Math & Science",0,0,NA
16763,7,6,"M",0,1,3.33,1030,"Math & Science",0,0,NA
16764,5,3,"F",0,0,3.41,960,"Business & Economics",0,0,NA
16765,3,3,"M",1,0,3.05,1080,"Business & Economics",0,0,NA
16766,4,7,"M",0,0,3.09,1510,"Math & Science",1,1,2.961
16767,4,1,"M",0,0,2.7,930,"Math & Science",0,0,NA
16768,3,3,"F",0,0,2.79,810,"Arts & Letters",0,0,NA
16769,4,6,"M",0,0,3.32,1500,"Math & Science",0,0,NA
16770,4,4,"M",0,1,2.91,820,"Arts & Letters",0,0,NA
16771,4,7,"F",1,0,2.65,740,"Arts & Letters",0,0,NA
16772,6,6,"M",1,0,3.3,990,"Arts & Letters",0,0,NA
16773,5,1,"F",0,0,3.28,760,"Arts & Letters",0,0,NA
16774,7,6,"M",1,0,3.91,1420,"Math & Science",1,0,NA
16775,7,6,"F",1,0,3.58,1210,"Math & Science",0,0,NA
16776,6,6,"M",0,0,3.94,1160,"Math & Science",0,0,NA
16777,7,4,"M",0,0,4,1410,"Math & Science",1,1,3.079
16778,6,6,"M",1,0,3,800,"Business & Economics",0,0,NA
16779,7,5,"M",1,0,2.05,1020,"Business & Economics",0,0,NA
16780,5,6,"F",0,1,3.15,980,"Math & Science",0,0,NA
16781,6,6,"F",0,1,3.59,1210,"Math & Science",0,0,NA
16782,7,7,"F",1,0,4,1190,"Arts & Letters",1,0,NA
16783,4,3,"M",0,0,3.88,1000,"Math & Science",0,0,NA
16784,4,6,"F",0,1,3.86,1110,"Math & Science",0,0,NA
16785,1,6,"F",0,0,4,1040,"Math & Science",1,1,2.33
16786,3,3,"M",1,0,4.11,1390,"Math & Science",1,1,3.523
16787,2,3,"F",0,0,3.75,1080,"Math & Science",0,0,NA
16788,6,6,"M",1,0,3.21,1150,"Math & Science",0,0,NA
16789,3,7,"F",1,0,3.55,1050,"Arts & Letters",0,0,NA
16790,1,1,"F",0,0,3.45,670,"Math & Science",0,0,NA
16791,2,3,"M",0,0,4.36,1250,"Math & Science",1,0,NA
16792,6,6,"M",1,0,2.64,1060,"Math & Science",0,0,NA
16793,6,6,"M",0,1,3.1,1110,"Business & Economics",0,0,NA
16794,4,4,"M",0,1,3.43,990,"Business & Economics",0,0,NA
16795,6,6,"M",1,0,3.36,1170,"Business & Economics",0,0,NA
16796,3,3,"M",0,0,2.7,1000,"Business & Economics",0,0,NA
16797,6,6,"M",0,1,2.82,1020,"Business & Economics",0,0,NA
16798,4,6,"F",1,0,3.83,1230,"Arts & Letters",0,0,NA
16799,3,1,"F",0,1,3.74,1280,"Arts & Letters",1,0,NA
16800,7,6,"F",0,1,4.05,1500,"Math & Science",0,0,NA
16801,6,6,"M",1,0,3.8,1470,"Math & Science",1,0,NA
16802,1,1,"F",0,1,3.25,970,"Arts & Letters",0,0,NA
16803,4,4,"F",0,1,2.25,790,"Arts & Letters",0,0,NA
16804,5,6,"F",0,1,3.68,1140,"Math & Science",0,0,NA
16805,4,4,"F",0,0,3.27,1060,"Arts & Letters",0,0,NA
16806,6,4,"M",1,0,3.2,890,"Math & Science",0,0,NA
16807,3,3,"M",0,0,3.4,1120,"Math & Science",0,0,NA
16808,4,2,"F",0,1,3.08,1130,"Math & Science",0,0,NA
16809,6,6,"M",0,1,3.92,1330,"Math & Science",1,0,NA
16810,4,3,"F",0,1,3.54,1340,"Business & Economics",1,1,3.172
16811,4,5,"M",0,0,2.29,890,"Math & Science",0,0,NA
16812,3,5,"M",0,0,3.03,1240,"Arts & Letters",0,0,NA
16813,3,3,"F",1,0,3.77,1220,"Arts & Letters",0,0,NA
16814,2,2,"F",0,1,3.5,1410,"Math & Science",1,1,2.733
16815,6,5,"F",0,1,3.77,1360,"Arts & Letters",0,0,NA
16816,3,6,"M",1,0,3.52,1100,"Math & Science",0,0,NA
16817,3,4,"F",1,0,3.6,1190,"Arts & Letters",0,0,NA
16818,6,6,"F",1,0,3.93,1300,"Arts & Letters",0,0,NA
16819,4,5,"M",0,0,3.38,880,"Math & Science",0,0,NA
16820,5,5,"M",1,0,3.15,1160,"Arts & Letters",0,0,NA
16821,1,4,"F",0,0,2.37,960,"Arts & Letters",0,0,NA
16822,6,4,"F",0,1,4.09,1300,"Math & Science",1,0,NA
16823,7,6,"M",1,0,3.5,1280,"Math & Science",0,0,NA
16824,1,1,"F",0,0,4.21,970,"Arts & Letters",0,0,NA
16825,3,3,"M",0,0,3.55,1130,"Math & Science",0,0,NA
16826,1,1,"M",0,0,3.94,1140,"Math & Science",1,0,NA
16827,4,2,"F",0,0,3.14,1200,"Arts & Letters",0,0,NA
16828,7,6,"F",1,0,3,1010,"Arts & Letters",0,0,NA
16829,3,3,"F",0,1,3.36,1230,"Math & Science",0,0,NA
16830,3,3,"F",0,1,3.33,1370,"Arts & Letters",1,0,NA
16831,7,7,"F",0,0,4.03,1320,"Math & Science",1,0,NA
16832,3,6,"M",0,0,3.17,1080,"Business & Economics",0,0,NA
16833,6,6,"M",0,1,2.95,1230,"Business & Economics",0,0,NA
16834,7,7,"F",0,0,2.54,1080,"Arts & Letters",0,0,NA
16835,7,7,"F",0,1,3.88,1350,"Business & Economics",1,0,NA
16836,3,6,"M",0,0,3.4,820,"Arts & Letters",0,0,NA
16837,2,2,"F",0,0,4.09,900,"Math & Science",1,0,NA
16838,5,6,"F",0,0,3.2,870,"Arts & Letters",0,0,NA
16839,3,3,"F",1,0,3.5,1010,"Arts & Letters",0,0,NA
16840,3,4,"M",0,1,3.5,1420,"Business & Economics",0,0,NA
16841,7,7,"F",1,0,4.22,1430,"Arts & Letters",1,0,NA
16842,2,2,"M",0,0,2.15,890,"Math & Science",0,0,NA
16843,6,3,"F",1,0,3.21,1150,"Math & Science",0,0,NA
16844,6,6,"M",1,0,3.5,1140,"Math & Science",0,0,NA
16845,7,4,"M",1,0,3.5,1430,"Arts & Letters",0,0,NA
16846,4,5,"F",1,0,4.32,1130,"Arts & Letters",0,0,NA
16847,2,3,"F",0,0,2.95,910,"Math & Science",0,0,NA
16848,6,3,"M",1,0,2.96,1240,"Business & Economics",0,0,NA
16849,7,6,"M",0,0,3.39,1270,"Business & Economics",0,0,NA
16850,4,6,"M",1,0,3.91,1190,"Math & Science",0,0,NA
16851,4,4,"M",1,0,3.55,1010,"Business & Economics",0,0,NA
16852,1,1,"F",0,0,2.85,710,"Math & Science",0,0,NA
16853,2,6,"F",0,0,3.27,810,"Business & Economics",0,0,NA
16854,3,5,"M",0,1,3.6,1060,"Business & Economics",0,0,NA
16855,6,3,"M",0,0,3.94,1210,"Business & Economics",1,1,3.568
16856,5,6,"F",1,0,3.81,1520,"Business & Economics",1,0,NA
16857,3,7,"F",1,0,4.22,1040,"Math & Science",0,0,NA
16858,1,4,"F",0,0,3.88,1200,"Math & Science",0,0,NA
16859,7,7,"F",1,0,2.89,1160,"Arts & Letters",0,0,NA
16860,4,4,"F",1,0,2.58,1020,"Arts & Letters",0,0,NA
16861,7,7,"M",1,0,4.24,1320,"Arts & Letters",1,0,NA
16862,2,3,"M",0,0,2.9,950,"Arts & Letters",0,0,NA
16863,2,3,"F",1,0,3.62,1090,"Arts & Letters",0,0,NA
16864,6,5,"M",1,0,3.91,1260,"Arts & Letters",1,1,3.207
16865,2,2,"M",0,1,2.82,900,"Business & Economics",0,0,NA
16866,7,7,"F",1,0,3.7,1000,"Math & Science",0,0,NA
16867,4,3,"F",0,0,2.95,1210,"Arts & Letters",0,0,NA
16868,5,4,"M",1,0,3.57,1160,"Math & Science",0,0,NA
16869,4,3,"F",1,0,3.96,1120,"Arts & Letters",0,0,NA
16870,6,5,"F",0,0,3.96,1400,"Arts & Letters",1,0,NA
16871,3,3,"M",0,0,2.88,910,"Arts & Letters",0,0,NA
16872,3,4,"F",0,0,2.92,1140,"Math & Science",0,0,NA
16873,5,5,"F",0,0,3,880,"Business & Economics",0,0,NA
16874,4,4,"M",0,0,3.29,790,"Math & Science",0,0,NA
16875,5,5,"M",1,0,3.45,1190,"Math & Science",0,0,NA
16876,6,6,"M",1,0,3.8,1130,"Arts & Letters",0,0,NA
16877,1,6,"M",1,0,3.85,1090,"Arts & Letters",0,0,NA
16878,5,7,"F",0,1,3.61,1240,"Math & Science",0,0,NA
16879,6,7,"F",0,0,4.3,1470,"Arts & Letters",1,0,NA
16880,7,7,"M",1,0,4.05,1420,"Arts & Letters",1,0,NA
16881,6,5,"M",0,0,2.81,980,"Math & Science",0,0,NA
16882,5,6,"F",1,0,0,1190,"Math & Science",0,0,NA
16883,6,5,"M",0,1,4,1310,"Business & Economics",1,0,NA
16884,7,6,"F",0,0,2.45,910,"Arts & Letters",0,0,NA
16885,3,1,"M",0,0,3.73,1020,"Math & Science",0,0,NA
16886,4,4,"F",0,0,2.58,780,"Arts & Letters",0,0,NA
16887,7,6,"F",1,0,4.28,1330,"Arts & Letters",1,0,NA
16888,1,1,"F",0,0,4.15,1000,"Math & Science",1,0,NA
16889,1,1,"F",0,1,3.85,1210,"Arts & Letters",0,0,NA
16890,7,7,"F",1,0,3,1150,"Math & Science",0,0,NA
16891,4,7,"M",1,0,3.11,1150,"Math & Science",0,0,NA
16892,6,4,"M",0,0,3.18,890,"Business & Economics",0,0,NA
16893,3,3,"F",1,0,4.16,1170,"Arts & Letters",0,0,NA
16894,3,6,"F",0,0,3.52,990,"Arts & Letters",1,0,NA
16895,3,3,"M",0,0,3,1010,"Math & Science",0,0,NA
16896,4,6,"F",0,0,3.52,1150,"Arts & Letters",0,0,NA
16897,7,7,"M",1,0,3.5,1350,"Math & Science",0,0,NA
16898,4,4,"F",0,0,3.23,1090,"Arts & Letters",0,0,NA
16899,4,6,"F",1,0,3,1030,"Business & Economics",0,0,NA
16900,7,6,"M",1,0,3.42,1060,"Arts & Letters",0,0,NA
16901,7,7,"F",1,0,4.18,1440,"Math & Science",1,0,NA
16902,4,4,"M",0,0,2.75,1090,"Math & Science",0,0,NA
16903,3,6,"F",0,0,3.36,1000,"Arts & Letters",0,0,NA
16904,5,4,"M",1,0,3.33,1130,"Arts & Letters",0,0,NA
16905,4,4,"F",0,0,3,840,"Arts & Letters",0,0,NA
16906,4,4,"F",0,0,3.8,900,"Math & Science",1,1,1.857
16907,3,4,"F",1,0,2.65,1130,"Math & Science",0,0,NA
16908,7,6,"F",1,0,3.25,1180,"Business & Economics",0,0,NA
16909,6,6,"M",1,0,2.93,1260,"Math & Science",0,0,NA
16910,3,3,"M",0,1,3,1030,"Math & Science",0,0,NA
16911,6,6,"F",0,0,3.12,1290,"Arts & Letters",0,0,NA
16912,6,5,"M",0,0,4.04,1420,"Math & Science",1,0,NA
16913,5,4,"M",1,0,3,1220,"Arts & Letters",0,0,NA
16914,7,4,"F",1,0,2.5,1130,"Arts & Letters",0,0,NA
16915,6,6,"M",1,0,3.5,1100,"Arts & Letters",0,0,NA
16916,3,5,"M",0,0,4.33,1260,"Math & Science",1,0,NA
16917,7,7,"F",1,0,3.9,1110,"Business & Economics",0,0,NA
16918,4,5,"F",0,1,3.67,1290,"Arts & Letters",0,0,NA
16919,3,4,"M",0,0,2.86,1110,"Business & Economics",0,0,NA
16920,7,5,"F",1,0,4.17,1150,"Math & Science",0,0,NA
16921,1,1,"F",0,0,3.46,1210,"Math & Science",1,0,NA
16922,1,1,"M",0,0,3.24,800,"Arts & Letters",0,0,NA
16923,3,3,"M",0,0,3.45,1280,"Math & Science",0,0,NA
16924,3,3,"F",0,0,3.38,990,"Arts & Letters",0,0,NA
16925,7,7,"M",0,1,3.3,1390,"Math & Science",1,0,NA
16926,4,4,"M",1,0,3.72,1200,"Business & Economics",0,0,NA
16927,6,7,"F",1,0,4,1180,"Arts & Letters",0,0,NA
16928,3,7,"F",1,0,3.88,1300,"Arts & Letters",1,0,NA
16929,6,6,"F",1,0,3.27,1160,"Math & Science",0,0,NA
16930,7,7,"M",1,0,3.64,1020,"Arts & Letters",0,0,NA
16931,7,7,"M",0,0,2.83,980,"Math & Science",0,0,NA
16932,3,3,"F",0,0,3.25,1180,"Math & Science",0,0,NA
16933,6,4,"M",1,0,3.5,1230,"Business & Economics",0,0,NA
16934,5,4,"F",1,0,3.85,1150,"Arts & Letters",0,0,NA
16935,3,3,"F",1,0,3.33,1060,"Arts & Letters",0,0,NA
16936,3,7,"F",0,0,3.27,1080,"Arts & Letters",1,0,NA
16937,4,1,"F",0,0,3.46,890,"Arts & Letters",0,0,NA
16938,7,7,"M",0,0,3.17,970,"Business & Economics",0,0,NA
16939,5,5,"F",0,0,3.05,970,"Arts & Letters",0,0,NA
16940,4,6,"F",0,0,4.04,1230,"Arts & Letters",0,0,NA
16941,4,4,"F",0,0,3.82,1020,"Arts & Letters",1,0,NA
16942,7,7,"F",1,0,3.77,1350,"Arts & Letters",1,0,NA
16943,6,6,"M",1,0,4,1200,"Business & Economics",0,0,NA
16944,7,2,"M",0,0,3.56,1030,"Math & Science",0,0,NA
16945,3,3,"F",0,0,3.45,980,"Arts & Letters",0,0,NA
16946,7,7,"F",0,0,2.38,1250,"Arts & Letters",0,0,NA
16947,6,6,"M",1,0,3.59,1060,"Math & Science",1,0,NA
16948,6,6,"F",1,0,4.41,1340,"Math & Science",1,0,NA
16949,3,3,"M",0,0,3.15,820,"Math & Science",0,0,NA
16950,6,6,"F",0,0,3.45,980,"Math & Science",0,0,NA
16951,3,6,"M",0,0,2.33,700,"Math & Science",0,0,NA
16952,6,4,"F",1,0,4.17,1210,"Math & Science",0,0,NA
16953,2,1,"F",0,0,3.89,710,"Math & Science",0,0,NA
16954,3,4,"M",0,0,3.7,900,"Arts & Letters",0,0,NA
16955,3,3,"M",1,0,3.83,1330,"Business & Economics",0,0,NA
16956,4,6,"F",0,0,3.96,1140,"Math & Science",1,0,NA
16957,6,6,"F",1,0,4,1040,"Business & Economics",0,0,NA
16958,5,5,"M",1,0,2.7,1080,"Arts & Letters",0,0,NA
16959,5,7,"F",1,0,3.62,1090,"Arts & Letters",1,0,NA
16960,7,6,"F",0,1,3.92,1250,"Arts & Letters",0,0,NA
16961,6,6,"F",0,0,3.84,960,"Math & Science",0,0,NA
16962,5,6,"M",0,1,3.91,1140,"Math & Science",0,0,NA
16963,3,1,"M",0,0,3.68,1370,"Math & Science",1,0,NA
16964,6,7,"F",0,1,4.04,1350,"Math & Science",1,0,NA
16965,7,6,"M",1,0,3.45,960,"Arts & Letters",0,0,NA
16966,6,6,"M",0,0,2.83,760,"Math & Science",0,0,NA
16967,7,6,"M",1,0,3.43,1220,"Business & Economics",0,0,NA
16968,7,5,"F",0,0,3.18,1240,"Arts & Letters",0,0,NA
16969,7,4,"F",0,0,3.31,1040,"Math & Science",0,0,NA
16970,7,6,"M",1,0,3.18,1230,"Business & Economics",1,0,NA
16971,5,7,"M",1,0,3.88,1190,"Business & Economics",0,0,NA
16972,6,4,"M",0,0,2.44,1080,"Business & Economics",0,0,NA
16973,4,4,"M",1,0,3.04,1140,"Business & Economics",0,0,NA
16974,3,3,"M",0,0,3.55,1050,"Arts & Letters",0,0,NA
16975,4,4,"M",1,0,4.18,1150,"Math & Science",1,0,NA
16976,6,6,"F",0,0,4.05,1160,"Math & Science",1,0,NA
16977,6,6,"M",0,1,2.44,1160,"Business & Economics",0,0,NA
16978,7,6,"F",1,0,4.05,1420,"Arts & Letters",1,0,NA
16979,6,6,"M",0,1,4.04,1340,"Business & Economics",1,0,NA
16980,7,3,"M",0,0,4.07,1320,"Arts & Letters",1,0,NA
16981,6,3,"M",0,0,2.29,1070,"Arts & Letters",0,0,NA
16982,6,6,"M",1,0,3,1340,"Arts & Letters",0,0,NA
16983,6,3,"M",1,0,3.28,1190,"Math & Science",0,0,NA
16984,7,6,"M",1,0,4.27,1500,"Business & Economics",1,0,NA
16985,1,1,"M",0,0,3,980,"Arts & Letters",0,0,NA
16986,3,4,"F",0,0,3.4,1160,"Business & Economics",0,0,NA
16987,7,3,"M",0,0,3.21,910,"Arts & Letters",0,0,NA
16988,7,6,"M",0,0,3.45,1160,"Math & Science",0,0,NA
16989,7,6,"F",0,0,3.35,1070,"Arts & Letters",0,0,NA
16990,3,5,"M",0,1,3.09,1030,"Business & Economics",0,0,NA
16991,5,4,"F",0,0,3.2,1060,"Business & Economics",0,0,NA
16992,1,2,"M",0,0,3.63,940,"Math & Science",1,0,NA
16993,6,6,"F",1,0,3.18,1050,"Business & Economics",0,0,NA
16994,7,6,"M",0,1,3.04,1340,"Business & Economics",0,0,NA
16995,6,7,"F",1,0,3.52,1280,"Arts & Letters",0,0,NA
16996,7,5,"M",1,0,3.75,1230,"Math & Science",0,0,NA
16997,5,7,"M",0,0,3.17,1140,"Arts & Letters",0,0,NA
16998,7,7,"F",1,0,3.08,1190,"Arts & Letters",0,0,NA
16999,3,4,"M",0,0,3.2,840,"Math & Science",0,0,NA
17000,6,6,"F",1,0,3.5,1170,"Arts & Letters",0,0,NA
17001,6,4,"F",0,0,2.52,960,"Business & Economics",0,0,NA
17002,6,3,"F",1,0,3.44,940,"Business & Economics",0,0,NA
17003,4,4,"F",1,0,3.56,1010,"Arts & Letters",0,0,NA
17004,5,3,"F",0,0,3.68,960,"Arts & Letters",0,0,NA
17005,1,1,"F",0,1,4.17,1390,"Math & Science",1,0,NA
17006,7,7,"F",1,0,3.75,1350,"Arts & Letters",0,0,NA
17007,2,3,"M",0,0,2.84,890,"Math & Science",0,0,NA
17008,7,4,"F",1,0,3.3,1190,"Arts & Letters",0,0,NA
17009,7,7,"M",1,0,3.25,950,"Arts & Letters",0,0,NA
17010,7,7,"F",0,1,4.15,1410,"Arts & Letters",0,0,NA
17011,6,7,"M",1,0,3.33,1260,"Math & Science",0,0,NA
17012,6,4,"F",1,0,3.7,1130,"Math & Science",1,0,NA
17013,7,3,"F",1,0,3.81,1070,"Math & Science",0,0,NA
17014,6,6,"F",1,0,3.96,1170,"Arts & Letters",1,0,NA
17015,4,4,"M",0,1,3.4,1340,"Math & Science",0,0,NA
17016,7,7,"F",1,0,3.66,1430,"Math & Science",1,0,NA
17017,1,3,"F",0,1,2.89,980,"Math & Science",0,0,NA
17018,4,4,"M",0,0,2.9,910,"Business & Economics",0,0,NA
17019,6,6,"M",0,1,2.65,1030,"Business & Economics",0,0,NA
17020,3,4,"M",0,0,3.77,1190,"Arts & Letters",1,0,NA
17021,1,1,"F",0,0,2.73,780,"Arts & Letters",0,0,NA
17022,3,3,"F",0,0,2.53,1000,"Arts & Letters",0,0,NA
17023,1,1,"M",0,1,3.05,1090,"Math & Science",0,0,NA
17024,6,6,"F",1,0,4.05,1270,"Arts & Letters",0,0,NA
17025,3,4,"F",0,0,3.7,940,"Arts & Letters",0,0,NA
17026,3,3,"F",0,0,3.03,830,"Arts & Letters",0,0,NA
17027,3,3,"M",0,0,3.6,980,"Arts & Letters",0,0,NA
17028,3,7,"M",0,0,3.29,1100,"Math & Science",0,0,NA
17029,5,3,"F",0,0,3.09,1090,"Arts & Letters",0,0,NA
17030,4,4,"M",0,0,2.72,980,"Arts & Letters",0,0,NA
17031,6,6,"M",0,0,4.09,1330,"Math & Science",0,0,NA
17032,1,5,"F",0,0,3.91,990,"Arts & Letters",0,0,NA
17033,7,6,"M",1,0,3.17,1210,"Business & Economics",0,0,NA
17034,3,3,"F",0,0,3.46,690,"Arts & Letters",0,0,NA
17035,7,7,"M",1,0,3.6,1070,"Math & Science",0,0,NA
17036,7,6,"M",1,0,2.71,1210,"Business & Economics",0,0,NA
17037,4,4,"M",1,0,3.71,1280,"Math & Science",0,0,NA
17038,4,4,"M",0,1,2.91,1160,"Business & Economics",0,0,NA
17039,4,5,"F",1,0,3.95,870,"Math & Science",0,0,NA
17040,6,6,"M",1,0,3.82,1410,"Math & Science",0,0,NA
17041,1,1,"M",0,0,3.75,1010,"Math & Science",1,0,NA
17042,6,4,"M",0,0,3.18,970,"Business & Economics",0,0,NA
17043,4,5,"M",1,0,3,830,"Arts & Letters",0,0,NA
17044,7,6,"M",1,0,3.86,1340,"Business & Economics",1,0,NA
17045,4,7,"M",0,0,4,1040,"Business & Economics",0,0,NA
17046,5,4,"F",0,0,3.36,1120,"Math & Science",0,0,NA
17047,7,6,"F",1,0,4.05,1060,"Math & Science",0,0,NA
17048,3,3,"F",0,1,3.96,1330,"Math & Science",0,0,NA
17049,4,2,"M",0,1,2.72,930,"Arts & Letters",0,0,NA
17050,6,6,"M",0,0,2.98,1110,"Arts & Letters",0,0,NA
17051,6,4,"M",0,1,3.65,1360,"Business & Economics",1,0,NA
17052,3,3,"F",1,0,3.7,1080,"Arts & Letters",0,0,NA
17053,3,3,"M",0,0,4.14,1200,"Math & Science",1,0,NA
17054,7,6,"F",0,0,3.1,1020,"Business & Economics",0,0,NA
17055,4,6,"F",1,0,3.73,1080,"Arts & Letters",0,0,NA
17056,7,6,"M",1,0,3.82,1390,"Arts & Letters",1,0,NA
17057,7,6,"M",0,1,3.78,1320,"Business & Economics",1,0,NA
17058,4,4,"M",1,0,2.95,1090,"Math & Science",0,0,NA
17059,6,7,"M",0,1,4.27,1340,"Math & Science",1,0,NA
17060,7,4,"F",1,0,4.18,1410,"Business & Economics",1,0,NA
17061,1,2,"F",0,0,3.7,890,"Math & Science",0,0,NA
17062,7,6,"F",0,1,3.45,1290,"Arts & Letters",0,0,NA
17063,6,7,"F",0,0,4.35,1240,"Arts & Letters",0,0,NA
17064,4,6,"M",1,0,2.92,1110,"Arts & Letters",0,0,NA
17065,6,5,"M",0,0,4.12,1010,"Arts & Letters",1,0,NA
17066,6,6,"M",0,1,3.8,920,"Business & Economics",0,0,NA
17067,6,7,"F",1,0,4,1210,"Arts & Letters",0,0,NA
17068,7,3,"M",1,0,4.12,1120,"Math & Science",1,1,2.557
17069,3,3,"M",1,0,2.95,1140,"Business & Economics",0,0,NA
17070,7,6,"M",0,1,2.71,1010,"Math & Science",0,0,NA
17071,7,3,"M",0,1,4.14,1440,"Math & Science",1,0,NA
17072,7,3,"F",0,0,3.71,1230,"Math & Science",0,0,NA
17073,7,6,"F",0,0,4.38,1510,"Math & Science",1,0,NA
17074,7,5,"M",0,1,4,1440,"Math & Science",1,0,NA
17075,5,6,"M",0,1,3.35,1240,"Math & Science",0,0,NA
17076,4,4,"M",0,0,3.15,1150,"Math & Science",0,0,NA
17077,6,4,"M",0,0,2.54,1160,"Business & Economics",0,0,NA
17078,7,6,"M",0,0,3.09,1210,"Math & Science",0,0,NA
17079,1,1,"F",0,1,3.54,1140,"Math & Science",1,0,NA
17080,3,3,"M",0,0,2.35,980,"Arts & Letters",0,0,NA
17081,3,4,"F",1,0,3.67,970,"Arts & Letters",0,0,NA
17082,5,6,"M",0,0,3.05,940,"Business & Economics",0,0,NA
17083,4,6,"M",1,0,2.9,890,"Math & Science",0,0,NA
17084,7,5,"M",0,0,3.05,900,"Arts & Letters",0,0,NA
17085,3,3,"M",0,0,2.97,900,"Math & Science",0,0,NA
17086,6,6,"M",1,0,3.12,1060,"Arts & Letters",0,0,NA
17087,4,4,"M",1,0,3.07,1100,"Business & Economics",0,0,NA
17088,1,3,"F",0,0,3.38,990,"Business & Economics",0,0,NA
17089,6,6,"F",0,0,3.79,1230,"Math & Science",1,0,NA
17090,7,7,"M",1,0,3.36,1170,"Business & Economics",0,0,NA
17091,5,7,"F",0,0,4.21,1140,"Math & Science",1,0,NA
17092,3,7,"M",0,0,3.22,880,"Arts & Letters",0,0,NA
17093,4,4,"F",1,0,3.3,1160,"Arts & Letters",0,0,NA
17094,7,7,"M",0,0,3.3,1130,"Arts & Letters",0,0,NA
17095,7,7,"M",1,0,3.15,1200,"Math & Science",0,0,NA
17096,6,5,"F",0,1,3.23,1230,"Business & Economics",0,0,NA
17097,5,3,"M",0,0,2.85,1000,"Arts & Letters",0,0,NA
17098,1,1,"F",0,0,3,700,"Business & Economics",0,0,NA
17099,7,7,"M",0,0,3.14,1310,"Arts & Letters",0,0,NA
17100,6,7,"M",0,0,4.23,1280,"Math & Science",1,0,NA
17101,6,3,"M",0,1,3.82,1390,"Business & Economics",1,0,NA
17102,6,6,"F",1,0,3.43,1210,"Arts & Letters",0,0,NA
17103,3,3,"F",0,1,2.95,720,"Math & Science",0,0,NA
17104,3,3,"M",0,0,3.1,1170,"Math & Science",0,0,NA
17105,7,7,"F",0,0,3.79,1020,"Math & Science",0,0,NA
17106,3,5,"M",1,0,3.12,1090,"Math & Science",0,0,NA
17107,7,6,"M",1,0,4.09,1290,"Math & Science",0,0,NA
17108,4,7,"F",0,0,4.25,1250,"Arts & Letters",1,0,NA
17109,4,4,"F",1,0,2.76,900,"Arts & Letters",0,0,NA
17110,7,6,"M",0,0,2.11,1190,"Math & Science",0,0,NA
17111,5,5,"F",0,1,3.67,1180,"Arts & Letters",0,0,NA
17112,7,5,"M",0,1,3.6,1360,"Arts & Letters",1,0,NA
17113,3,4,"F",0,0,2.83,840,"Math & Science",0,0,NA
17114,6,5,"M",0,0,2,690,"Business & Economics",0,0,NA
17115,7,7,"M",1,0,3.79,1420,"Arts & Letters",1,0,NA
17116,1,6,"M",0,1,3.32,1350,"Math & Science",1,0,NA
17117,5,3,"F",0,1,4.06,1150,"Arts & Letters",1,0,NA
17118,1,1,"M",0,0,3.48,1180,"Math & Science",1,0,NA
17119,3,4,"F",1,0,3.45,1120,"Math & Science",0,0,NA
17120,7,5,"F",1,0,3,1090,"Arts & Letters",0,0,NA
17121,3,3,"F",0,1,3.45,1210,"Arts & Letters",0,0,NA
17122,7,4,"M",1,0,3.8,1040,"Math & Science",1,0,NA
17123,7,6,"F",0,0,4,1250,"Math & Science",0,0,NA
17124,7,5,"M",0,0,2.67,1110,"Math & Science",0,0,NA
17125,7,6,"M",0,0,3.94,1190,"Arts & Letters",0,0,NA
17126,7,7,"F",0,1,3.91,1440,"Arts & Letters",1,0,NA
17127,7,6,"M",1,0,3.68,1290,"Math & Science",1,0,NA
17128,7,7,"F",1,0,3.59,1180,"Arts & Letters",0,0,NA
17129,4,3,"M",1,0,3.47,1110,"Math & Science",0,0,NA
17130,2,4,"F",0,0,2.55,930,"Arts & Letters",0,0,NA
17131,4,7,"F",1,0,3.5,1150,"Arts & Letters",0,0,NA
17132,6,6,"F",1,0,4.05,1160,"Math & Science",1,0,NA
17133,7,7,"F",1,0,3.88,1100,"Arts & Letters",0,0,NA
17134,7,4,"M",0,0,4,1440,"Math & Science",1,0,NA
17135,4,5,"F",0,1,4.32,1270,"Math & Science",1,0,NA
17136,6,6,"M",1,0,4.38,1240,"Arts & Letters",0,0,NA
17137,3,2,"F",0,1,4,1190,"Arts & Letters",1,0,NA
17138,4,6,"M",0,0,2.61,980,"Math & Science",0,0,NA
17139,6,4,"F",0,1,2.65,1330,"Arts & Letters",0,0,NA
17140,7,6,"F",1,0,3.38,970,"Arts & Letters",0,0,NA
17141,4,4,"M",0,0,3.65,1040,"Arts & Letters",1,0,NA
17142,7,3,"M",0,0,3.7,1250,"Math & Science",1,1,2.288
17143,3,3,"M",0,1,3.54,1320,"Arts & Letters",1,0,NA
17144,4,6,"M",0,1,3.95,1180,"Arts & Letters",0,0,NA
17145,7,6,"M",1,0,2.06,1160,"Math & Science",0,0,NA
17146,7,5,"M",0,1,3.18,1360,"Arts & Letters",0,0,NA
17147,3,7,"M",0,0,3.53,1070,"Arts & Letters",0,0,NA
17148,6,6,"M",1,0,3.21,1350,"Math & Science",0,0,NA
17149,6,6,"M",0,0,3.73,1080,"Business & Economics",0,0,NA
17150,4,5,"M",1,0,3.25,1390,"Business & Economics",1,0,NA
17151,3,3,"M",1,0,3.5,1140,"Arts & Letters",0,0,NA
17152,7,7,"F",0,1,3.86,1210,"Math & Science",0,0,NA
17153,3,4,"F",0,0,3.15,900,"Arts & Letters",0,0,NA
17154,5,5,"F",1,0,3.05,790,"Business & Economics",0,0,NA
17155,6,7,"M",1,0,3.54,1130,"Arts & Letters",0,0,NA
17156,5,6,"M",0,1,2.75,1070,"Arts & Letters",0,0,NA
17157,6,7,"F",1,0,3.69,1350,"Business & Economics",1,0,NA
17158,1,1,"F",0,0,3.27,820,"Arts & Letters",0,0,NA
17159,6,5,"M",0,0,3.85,1040,"Business & Economics",0,0,NA
17160,4,4,"F",1,0,2.89,980,"Arts & Letters",0,0,NA
17161,7,7,"F",1,0,4.11,1400,"Math & Science",1,0,NA
17162,6,5,"M",1,0,3.23,1400,"Arts & Letters",1,0,NA
17163,1,1,"M",0,0,3.15,930,"Arts & Letters",0,0,NA
17164,5,3,"M",0,1,3.73,1440,"Math & Science",0,0,NA
17165,4,1,"M",1,0,3.69,1120,"Math & Science",1,0,NA
17166,5,6,"M",0,1,3.23,1000,"Math & Science",0,0,NA
17167,4,4,"F",1,0,2.74,950,"Arts & Letters",0,0,NA
17168,7,7,"F",0,1,4.12,1390,"Math & Science",1,0,NA
17169,7,6,"M",0,1,2.7,1260,"Business & Economics",0,0,NA
17170,6,4,"M",1,0,3.3,1090,"Business & Economics",0,0,NA
17171,4,7,"M",1,0,3.07,1170,"Arts & Letters",0,0,NA
17172,6,6,"M",1,0,4.08,1400,"Business & Economics",1,0,NA
17173,4,4,"F",0,0,4.12,860,"Math & Science",0,0,NA
17174,7,7,"F",0,0,3.7,1250,"Arts & Letters",0,0,NA
17175,6,6,"M",0,0,3.75,1520,"Business & Economics",0,0,NA
17176,5,3,"F",1,0,3.5,1190,"Business & Economics",0,0,NA
17177,6,5,"M",1,0,2.77,1000,"Arts & Letters",0,0,NA
17178,6,6,"M",1,0,3.24,1140,"Business & Economics",0,0,NA
17179,3,4,"M",0,0,2.64,850,"Arts & Letters",0,0,NA
17180,7,3,"F",1,0,3.67,1140,"Arts & Letters",0,0,NA
17181,7,7,"F",0,0,3.1,1160,"Arts & Letters",0,0,NA
17182,3,3,"M",0,1,3.59,1200,"Arts & Letters",1,0,NA
17183,3,3,"F",0,0,4.31,1430,"Math & Science",1,0,NA
17184,4,6,"M",1,0,3.17,1080,"Arts & Letters",0,0,NA
17185,5,4,"M",0,0,4.2,1190,"Math & Science",1,0,NA
17186,6,5,"F",1,0,3.67,1220,"Arts & Letters",0,0,NA
17187,4,4,"M",0,0,2.55,900,"Math & Science",0,0,NA
17188,6,6,"M",1,0,2.5,1320,"Math & Science",0,0,NA
17189,5,5,"M",1,0,1.9,860,"Business & Economics",0,0,NA
17190,6,6,"M",0,0,3.33,1230,"Arts & Letters",0,0,NA
17191,7,6,"M",1,0,2.32,1410,"Business & Economics",0,0,NA
17192,4,6,"M",1,0,3.45,1160,"Business & Economics",0,0,NA
17193,5,4,"M",0,0,3.86,1240,"Business & Economics",0,0,NA
17194,6,6,"M",0,1,3.7,1210,"Business & Economics",0,0,NA
17195,6,3,"M",1,0,2.8,920,"Business & Economics",0,0,NA
17196,6,6,"M",0,1,3.5,1270,"Math & Science",0,0,NA
17197,7,6,"M",1,0,2.81,1250,"Business & Economics",0,0,NA
17198,6,6,"F",0,0,2.42,780,"Math & Science",0,0,NA
17199,6,6,"F",1,0,4.03,1360,"Math & Science",1,0,NA
17200,3,6,"F",1,0,2.95,1120,"Math & Science",0,0,NA
17201,6,6,"F",1,0,3.42,1300,"Arts & Letters",1,0,NA
17202,3,3,"M",1,0,2.6,1120,"Math & Science",0,0,NA
17203,6,3,"F",1,0,3.23,1020,"Business & Economics",0,0,NA
17204,4,5,"M",1,0,2.7,960,"Business & Economics",0,0,NA
17205,3,4,"F",1,0,3.45,1150,"Math & Science",0,0,NA
17206,6,3,"F",1,0,3.86,1190,"Math & Science",0,0,NA
17207,2,6,"F",0,0,3.62,870,"Math & Science",0,0,NA
17208,1,1,"F",0,0,4.1,980,"Arts & Letters",1,0,NA
17209,5,6,"F",1,0,2.8,1080,"Math & Science",0,0,NA
17210,6,6,"M",0,1,3.42,1150,"Math & Science",0,0,NA
17211,7,2,"F",0,0,3.3,910,"Business & Economics",0,0,NA
17212,3,6,"F",0,0,2.82,1150,"Arts & Letters",0,0,NA
17213,4,4,"F",1,0,3.09,1010,"Arts & Letters",0,0,NA
17214,1,1,"M",0,1,2.17,1100,"Arts & Letters",0,0,NA
17215,5,4,"M",0,1,3,1300,"Business & Economics",0,0,NA
17216,6,6,"F",0,1,3.77,1030,"Business & Economics",0,0,NA
17217,7,7,"F",0,1,3.68,1340,"Math & Science",1,0,NA
17218,7,5,"F",1,0,4.05,1160,"Business & Economics",1,0,NA
17219,6,4,"F",1,0,3.75,1280,"Arts & Letters",1,0,NA
17220,4,3,"F",0,1,2.3,830,"Arts & Letters",0,0,NA
17221,7,7,"M",1,0,3.41,1080,"Business & Economics",0,0,NA
17222,4,4,"M",0,1,3.56,1070,"Math & Science",0,0,NA
17223,7,6,"F",0,0,4.05,1420,"Math & Science",1,0,NA
17224,7,7,"M",1,0,3.32,1160,"Math & Science",0,0,NA
17225,7,7,"F",1,0,4.36,1430,"Math & Science",1,0,NA
17226,7,3,"M",0,1,3.65,1370,"Arts & Letters",1,0,NA
17227,1,1,"F",0,0,3.62,940,"Arts & Letters",0,0,NA
17228,3,2,"F",0,1,3.71,1150,"Math & Science",0,0,NA
17229,1,3,"M",1,0,3.32,1150,"Arts & Letters",0,0,NA
17230,6,3,"M",0,0,2.47,940,"Business & Economics",0,0,NA
17231,7,6,"M",0,1,3.75,1170,"Business & Economics",1,1,3.065
17232,3,2,"M",0,0,3.95,1180,"Math & Science",0,0,NA
17233,1,3,"F",0,1,3.08,1290,"Business & Economics",0,0,NA
17234,3,4,"F",0,1,3.24,1010,"Math & Science",1,0,NA
17235,6,2,"M",0,0,3.77,1330,"Business & Economics",1,0,NA
17236,2,1,"F",0,0,2.21,940,"Math & Science",0,0,NA
17237,3,3,"F",0,0,3.11,860,"Business & Economics",0,0,NA
17238,1,1,"F",0,0,3.88,870,"Business & Economics",1,0,NA
17239,3,6,"F",0,0,2.84,1110,"Arts & Letters",0,0,NA
17240,3,5,"F",0,0,2.96,1000,"Math & Science",0,0,NA
17241,1,1,"F",0,0,3.09,990,"Arts & Letters",0,0,NA
17242,7,6,"M",0,0,3.57,1080,"Business & Economics",0,0,NA
17243,6,7,"M",0,0,3.55,1240,"Arts & Letters",1,1,2.953
17244,4,3,"M",0,0,3.71,1380,"Business & Economics",0,0,NA
17245,3,4,"F",0,0,2.48,930,"Arts & Letters",0,0,NA
17246,6,6,"M",0,0,4,1160,"Business & Economics",0,0,NA
17247,7,7,"F",1,0,2.89,1230,"Business & Economics",0,0,NA
17248,7,6,"M",1,0,2.5,920,"Business & Economics",0,0,NA
17249,1,3,"F",0,0,3.79,1140,"Math & Science",0,0,NA
17250,4,2,"F",0,1,4.15,1120,"Math & Science",1,0,NA
17251,6,7,"M",1,0,3.3,1170,"Arts & Letters",1,0,NA
17252,3,6,"M",0,0,3,1050,"Business & Economics",0,0,NA
17253,6,6,"M",0,0,3.05,1250,"Business & Economics",0,0,NA
17254,7,6,"F",1,0,3.65,1090,"Arts & Letters",0,0,NA
17255,4,4,"F",0,0,2.81,1100,"Business & Economics",0,0,NA
17256,6,7,"M",1,0,3.45,1410,"Arts & Letters",0,0,NA
17257,2,3,"M",0,0,3.3,1110,"Business & Economics",0,0,NA
17258,4,6,"F",0,1,3.58,1140,"Arts & Letters",0,0,NA
17259,7,7,"F",0,1,3.46,1330,"Business & Economics",0,0,NA
17260,4,4,"F",1,0,3.86,1230,"Math & Science",1,0,NA
17261,7,7,"M",0,0,3.08,1340,"Arts & Letters",0,0,NA
17262,7,7,"F",0,1,3.73,1360,"Arts & Letters",1,0,NA
17263,6,3,"M",0,0,2.09,1270,"Math & Science",0,0,NA
17264,7,6,"M",0,1,3.21,1300,"Business & Economics",0,0,NA
17265,4,5,"M",0,0,3.08,950,"Business & Economics",0,1,2.09
17266,4,6,"F",0,0,3.36,1290,"Business & Economics",0,0,NA
17267,6,7,"F",1,0,3.8,1100,"Arts & Letters",0,0,NA
17268,6,5,"M",1,0,3.09,1210,"Math & Science",0,0,NA
17269,6,7,"M",0,1,3.55,1250,"Business & Economics",0,0,NA
17270,2,4,"M",1,0,4,1180,"Business & Economics",1,0,NA
17271,7,7,"M",1,0,3.82,1160,"Arts & Letters",0,0,NA
17272,7,6,"F",0,1,4.05,1430,"Business & Economics",1,0,NA
17273,4,4,"F",0,0,3.59,980,"Arts & Letters",0,0,NA
17274,7,7,"F",1,0,3.58,1040,"Arts & Letters",0,0,NA
17275,7,6,"M",1,0,3.3,1520,"Arts & Letters",1,0,NA
17276,6,6,"M",0,1,3.92,1340,"Math & Science",1,0,NA
17277,5,5,"F",0,1,3.88,1200,"Math & Science",1,0,NA
17278,2,4,"F",1,0,3.43,1090,"Arts & Letters",0,0,NA
17279,1,2,"F",0,0,4.36,1130,"Math & Science",1,0,NA
17280,5,6,"F",0,1,2.86,820,"Arts & Letters",0,0,NA
17281,4,4,"F",0,0,3.71,1200,"Arts & Letters",1,1,3.268
17282,4,3,"M",1,0,4.05,1480,"Math & Science",1,0,NA
17283,6,6,"F",0,0,3.6,1080,"Business & Economics",0,0,NA
17284,3,3,"F",0,0,3.62,1090,"Math & Science",0,0,NA
17285,3,3,"M",0,1,3.05,1300,"Business & Economics",0,0,NA
17286,4,4,"M",1,0,3.68,1410,"Business & Economics",1,0,NA
17287,3,3,"F",0,0,3.62,1110,"Arts & Letters",0,0,NA
17288,2,3,"M",0,0,2.96,1060,"Arts & Letters",0,0,NA
17289,1,1,"M",0,1,4.3,1110,"Math & Science",1,0,NA
17290,5,6,"M",1,0,3.65,1080,"Business & Economics",0,0,NA
17291,7,7,"M",1,0,3.27,1310,"Math & Science",0,0,NA
17292,4,6,"F",0,0,3.19,1050,"Arts & Letters",0,0,NA
17293,6,5,"M",1,0,3.29,1040,"Arts & Letters",1,0,NA
17294,3,6,"F",1,0,2.9,1020,"Arts & Letters",0,0,NA
17295,2,4,"F",0,0,3.29,1160,"Arts & Letters",0,0,NA
17296,7,7,"F",0,1,3.61,1210,"Arts & Letters",0,0,NA
17297,7,6,"F",0,0,4,1400,"Arts & Letters",1,0,NA
17298,2,3,"F",0,0,3.75,970,"Arts & Letters",1,0,NA
17299,2,4,"F",0,0,2.52,1000,"Arts & Letters",0,0,NA
17300,4,2,"M",0,1,3.3,1300,"Business & Economics",0,0,NA
17301,6,5,"M",0,1,3.9,1170,"Math & Science",1,0,NA
17302,7,6,"M",0,1,2.75,1200,"Math & Science",0,0,NA
17303,6,6,"M",1,0,2.85,1000,"Arts & Letters",0,0,NA
17304,3,3,"F",0,1,2.61,1190,"Math & Science",0,0,NA
17305,1,3,"M",0,0,4.3,1250,"Math & Science",0,0,NA
17306,4,6,"F",0,1,4.04,1270,"Math & Science",1,0,NA
17307,4,3,"F",0,0,3.55,1190,"Math & Science",0,0,NA
17308,3,4,"F",1,0,3.89,1110,"Math & Science",0,0,NA
17309,7,6,"F",1,0,3.75,1480,"Math & ScienceMath & Science&",1,0,NA
17310,1,1,"F",0,0,3.9,950,"Math & Science",0,0,NA
17311,3,3,"F",1,0,3.86,1340,"Math & Science",0,0,NA
17312,6,6,"F",0,0,4.18,1260,"Math & Science",1,0,NA
17313,1,1,"F",0,0,3.83,1250,"Math & Science",1,0,NA
17314,7,7,"F",0,0,3.27,1090,"Arts & Letters",0,0,NA
17315,6,3,"M",0,0,2.47,1050,"Arts & Letters",0,0,NA
17316,7,6,"M",0,1,3.86,1280,"Arts & Letters",0,0,NA
17317,3,3,"M",0,1,3.9,1560,"Math & Science",1,0,NA
17318,6,6,"F",0,0,3.91,1360,"Arts & Letters",1,1,3.854
17319,4,3,"M",0,1,2.68,1110,"Math & Science",0,0,NA
17320,2,2,"M",0,1,3,880,"Business & Economics",0,0,NA
17321,6,7,"F",0,1,3.65,1230,"Business & Economics",1,0,NA
17322,2,1,"M",0,0,3.75,780,"Math & Science",0,0,NA
17323,6,6,"M",1,0,4.23,1350,"Business & Economics",1,0,NA
17324,3,3,"F",0,0,3.9,1190,"Business & Economics",1,0,NA
17325,1,1,"M",0,0,4.04,910,"Business & Economics",1,0,NA
17326,3,4,"F",0,0,2.81,1110,"Arts & Letters",0,0,NA
17327,6,4,"M",1,0,3.38,1030,"Math & Science",0,0,NA
17328,3,3,"M",0,0,2.85,860,"Math & Science",0,0,NA
17329,7,7,"F",1,0,3.8,1120,"Math & Science",1,1,3.338
17330,4,4,"M",0,0,3.28,1090,"Business & Economics",1,1,2.552
17331,2,5,"M",0,0,2.8,1010,"Arts & Letters",1,1,2.555
17332,4,5,"M",0,0,2.88,860,"Business & Economics",0,0,NA
17333,7,4,"M",1,0,3.04,1130,"Business & Economics",1,1,3.296
17334,4,6,"M",1,0,2.8,1210,"Math & Science",1,1,1.578
17335,7,6,"M",0,0,3.42,1000,"Math & Science",1,1,1.947
17336,7,6,"F",0,0,3.52,1150,"Arts & Letters",0,0,NA
17337,6,6,"M",1,0,3.32,1240,"Business & Economics",1,0,NA
17338,7,6,"M",1,0,3.05,1130,"Business & Economics",1,1,2.939
17339,3,3,"M",1,0,3.34,880,"Arts & Letters",0,0,NA
